<?xml version="1.0" encoding="UTF-8"?>
<gpx xmlns="http://www.topografix.com/GPX/1/1" xmlns:gpxtpx="http://www.garmin.com/xmlschemas/TrackPointExtension/v1" xmlns:xsi="http://www.w3.org/2001/XMLSchema-instance" xsi:schemaLocation="http://www.topografix.com/GPX/1/1 http://www.topografix.com/GPX/1/1/gpx.xsd" version="1.1" creator="gpx.py -- https://github.com/tkrajina/gpxpy">
  <trk>
    <name>gpx from keep</name>
    <type>Run</type>
    <trkseg>
      <trkpt lat="37.84736291799373" lon="112.02902365401158">
        <time>2026-04-02T09:26:55.973000Z</time>
      </trkpt>
      <trkpt lat="37.84736465152884" lon="112.02899739857271">
        <time>2026-04-02T09:26:56.973000Z</time>
      </trkpt>
      <trkpt lat="37.847354069982046" lon="112.02896316838041">
        <time>2026-04-02T09:26:59.973000Z</time>
      </trkpt>
      <trkpt lat="37.847341851906315" lon="112.02891697405255">
        <time>2026-04-02T09:27:03.973000Z</time>
      </trkpt>
      <trkpt lat="37.847338315477565" lon="112.02886546126831">
        <time>2026-04-02T09:27:05.973000Z</time>
      </trkpt>
      <trkpt lat="37.84733910724808" lon="112.02881627445224">
        <time>2026-04-02T09:27:07.973000Z</time>
      </trkpt>
      <trkpt lat="37.84733924837036" lon="112.02876077330781">
        <time>2026-04-02T09:27:09.973000Z</time>
      </trkpt>
      <trkpt lat="37.847338741410965" lon="112.02869796084187">
        <time>2026-04-02T09:27:11.973000Z</time>
      </trkpt>
      <trkpt lat="37.8473412426674" lon="112.02863215709108">
        <time>2026-04-02T09:27:13.973000Z</time>
      </trkpt>
      <trkpt lat="37.84734341489072" lon="112.02856469183271">
        <time>2026-04-02T09:27:15.973000Z</time>
      </trkpt>
      <trkpt lat="37.8473379193237" lon="112.0284972276591">
        <time>2026-04-02T09:27:17.973000Z</time>
      </trkpt>
      <trkpt lat="37.847328091538664" lon="112.02842909948627">
        <time>2026-04-02T09:27:19.973000Z</time>
      </trkpt>
      <trkpt lat="37.8473199308194" lon="112.02836097127813">
        <time>2026-04-02T09:27:21.973000Z</time>
      </trkpt>
      <trkpt lat="37.84731744291418" lon="112.0282908485306">
        <time>2026-04-02T09:27:23.973000Z</time>
      </trkpt>
      <trkpt lat="37.847316291244454" lon="112.02821972878219">
        <time>2026-04-02T09:27:25.973000Z</time>
      </trkpt>
      <trkpt lat="37.847317472575135" lon="112.02814894126273">
        <time>2026-04-02T09:27:27.973000Z</time>
      </trkpt>
      <trkpt lat="37.84731731453114" lon="112.02808048041469">
        <time>2026-04-02T09:27:29.973000Z</time>
      </trkpt>
      <trkpt lat="37.84731680874141" lon="112.02801766943708">
        <time>2026-04-02T09:27:31.973000Z</time>
      </trkpt>
      <trkpt lat="37.84731861204725" lon="112.02796449595819">
        <time>2026-04-02T09:27:33.973000Z</time>
      </trkpt>
      <trkpt lat="37.84732772607389" lon="112.02792062699392">
        <time>2026-04-02T09:27:35.973000Z</time>
      </trkpt>
      <trkpt lat="37.84734681788998" lon="112.0278860621811">
        <time>2026-04-02T09:27:37.973000Z</time>
      </trkpt>
      <trkpt lat="37.84736325202674" lon="112.0278478420875">
        <time>2026-04-02T09:27:45.973000Z</time>
      </trkpt>
      <trkpt lat="37.84737702849538" lon="112.02780596672433">
        <time>2026-04-02T09:27:47.973000Z</time>
      </trkpt>
      <trkpt lat="37.84738516305309" lon="112.02775412219225">
        <time>2026-04-02T09:27:49.973000Z</time>
      </trkpt>
      <trkpt lat="37.84739530655846" lon="112.02769895421491">
        <time>2026-04-02T09:27:51.973000Z</time>
      </trkpt>
      <trkpt lat="37.847406458862615" lon="112.02764046292894">
        <time>2026-04-02T09:27:53.973000Z</time>
      </trkpt>
      <trkpt lat="37.847418614846276" lon="112.0275806423269">
        <time>2026-04-02T09:27:55.973000Z</time>
      </trkpt>
      <trkpt lat="37.84742910313085" lon="112.027521154375">
        <time>2026-04-02T09:27:57.973000Z</time>
      </trkpt>
      <trkpt lat="37.84743959236732" lon="112.02746133421991">
        <time>2026-04-02T09:27:59.973000Z</time>
      </trkpt>
      <trkpt lat="37.84744975431512" lon="112.02739918794022">
        <time>2026-04-02T09:28:01.973000Z</time>
      </trkpt>
      <trkpt lat="37.847462581751124" lon="112.0273377061227">
        <time>2026-04-02T09:28:03.973000Z</time>
      </trkpt>
      <trkpt lat="37.84748040151644" lon="112.0272795470789">
        <time>2026-04-02T09:28:05.973000Z</time>
      </trkpt>
      <trkpt lat="37.847503885524524" lon="112.02722271676471">
        <time>2026-04-02T09:28:07.973000Z</time>
      </trkpt>
      <trkpt lat="37.84753170280038" lon="112.02716621836524">
        <time>2026-04-02T09:28:09.973000Z</time>
      </trkpt>
      <trkpt lat="37.847560855431944" lon="112.02710905526845">
        <time>2026-04-02T09:28:11.973000Z</time>
      </trkpt>
      <trkpt lat="37.8475879992189" lon="112.02705521574202">
        <time>2026-04-02T09:28:13.973000Z</time>
      </trkpt>
      <trkpt lat="37.84761447200245" lon="112.02700303800326">
        <time>2026-04-02T09:28:15.973000Z</time>
      </trkpt>
      <trkpt lat="37.84763861200594" lon="112.02695052831841">
        <time>2026-04-02T09:28:17.973000Z</time>
      </trkpt>
      <trkpt lat="37.84766674842338" lon="112.02689967984766">
        <time>2026-04-02T09:28:19.973000Z</time>
      </trkpt>
      <trkpt lat="37.847696888686876" lon="112.026847501939">
        <time>2026-04-02T09:28:21.973000Z</time>
      </trkpt>
      <trkpt lat="37.84773002606031" lon="112.02679665304039">
        <time>2026-04-02T09:28:23.973000Z</time>
      </trkpt>
      <trkpt lat="37.847760502443016" lon="112.02674347831748">
        <time>2026-04-02T09:28:25.973000Z</time>
      </trkpt>
      <trkpt lat="37.847792976636796" lon="112.02669130040502">
        <time>2026-04-02T09:28:27.973000Z</time>
      </trkpt>
      <trkpt lat="37.84782645711432" lon="112.02663679623791">
        <time>2026-04-02T09:28:29.973000Z</time>
      </trkpt>
      <trkpt lat="37.847863598881844" lon="112.02658461794667">
        <time>2026-04-02T09:28:31.973000Z</time>
      </trkpt>
      <trkpt lat="37.84790138500462" lon="112.02654107989932">
        <time>2026-04-02T09:28:33.973000Z</time>
      </trkpt>
      <trkpt lat="37.84794312250047" lon="112.02651648346458">
        <time>2026-04-02T09:28:35.973000Z</time>
      </trkpt>
      <trkpt lat="37.84798915078182" lon="112.02650850234065">
        <time>2026-04-02T09:28:37.973000Z</time>
      </trkpt>
      <trkpt lat="37.84803981966704" lon="112.02651082246345">
        <time>2026-04-02T09:28:39.973000Z</time>
      </trkpt>
      <trkpt lat="37.84809215202979" lon="112.02651447165171">
        <time>2026-04-02T09:28:41.973000Z</time>
      </trkpt>
      <trkpt lat="37.848143487691864" lon="112.02651679169482">
        <time>2026-04-02T09:28:43.973000Z</time>
      </trkpt>
      <trkpt lat="37.84819449516105" lon="112.02651711787944">
        <time>2026-04-02T09:28:45.973000Z</time>
      </trkpt>
      <trkpt lat="37.848245170110594" lon="112.02651711178771">
        <time>2026-04-02T09:28:47.973000Z</time>
      </trkpt>
      <trkpt lat="37.84829584073514" lon="112.02651876727822">
        <time>2026-04-02T09:28:49.973000Z</time>
      </trkpt>
      <trkpt lat="37.84834583939205" lon="112.02652241674771">
        <time>2026-04-02T09:28:51.973000Z</time>
      </trkpt>
      <trkpt lat="37.848396502232724" lon="112.02652706308697">
        <time>2026-04-02T09:28:53.973000Z</time>
      </trkpt>
      <trkpt lat="37.848446834284545" lon="112.02653071251726">
        <time>2026-04-02T09:28:55.973000Z</time>
      </trkpt>
      <trkpt lat="37.848497162877614" lon="112.02653569121466">
        <time>2026-04-02T09:28:57.973000Z</time>
      </trkpt>
      <trkpt lat="37.84855249229031" lon="112.02654066931137">
        <time>2026-04-02T09:28:59.973000Z</time>
      </trkpt>
      <trkpt lat="37.84861181976355" lon="112.02654664387843">
        <time>2026-04-02T09:29:01.973000Z</time>
      </trkpt>
      <trkpt lat="37.84867181488266" lon="112.0265522860494">
        <time>2026-04-02T09:29:03.973000Z</time>
      </trkpt>
      <trkpt lat="37.84872579864297" lon="112.02656191674534">
        <time>2026-04-02T09:29:05.973000Z</time>
      </trkpt>
      <trkpt lat="37.84877644074378" lon="112.02657453869902">
        <time>2026-04-02T09:29:07.973000Z</time>
      </trkpt>
      <trkpt lat="37.84882646363666" lon="112.02656888329787">
        <time>2026-04-02T09:29:09.973000Z</time>
      </trkpt>
      <trkpt lat="37.84886956237464" lon="112.0265336525486">
        <time>2026-04-02T09:29:11.973000Z</time>
      </trkpt>
      <trkpt lat="37.848904736010574" lon="112.02646917899071">
        <time>2026-04-02T09:29:13.973000Z</time>
      </trkpt>
      <trkpt lat="37.848928922681466" lon="112.02639905753209">
        <time>2026-04-02T09:29:15.973000Z</time>
      </trkpt>
      <trkpt lat="37.84894910188889" lon="112.02633159523413">
        <time>2026-04-02T09:29:17.973000Z</time>
      </trkpt>
      <trkpt lat="37.8489616046162" lon="112.02626745714235">
        <time>2026-04-02T09:29:19.973000Z</time>
      </trkpt>
      <trkpt lat="37.84896910055428" lon="112.02620564598223">
        <time>2026-04-02T09:29:21.973000Z</time>
      </trkpt>
      <trkpt lat="37.84897192742226" lon="112.0261445001339">
        <time>2026-04-02T09:29:23.973000Z</time>
      </trkpt>
      <trkpt lat="37.8489734243113" lon="112.02608202531731">
        <time>2026-04-02T09:29:25.973000Z</time>
      </trkpt>
      <trkpt lat="37.84897525729791" lon="112.02601855365812">
        <time>2026-04-02T09:29:27.973000Z</time>
      </trkpt>
      <trkpt lat="37.84897809925407" lon="112.02595175890569">
        <time>2026-04-02T09:29:29.973000Z</time>
      </trkpt>
      <trkpt lat="37.848983954878456" lon="112.02587997930034">
        <time>2026-04-02T09:29:31.973000Z</time>
      </trkpt>
      <trkpt lat="37.84898949031892" lon="112.02580321526858">
        <time>2026-04-02T09:29:33.973000Z</time>
      </trkpt>
      <trkpt lat="37.848995361914525" lon="112.02572545446833">
        <time>2026-04-02T09:29:35.973000Z</time>
      </trkpt>
      <trkpt lat="37.84900021517329" lon="112.02565467242952">
        <time>2026-04-02T09:29:37.973000Z</time>
      </trkpt>
      <trkpt lat="37.84900506157335" lon="112.0255865490047">
        <time>2026-04-02T09:29:39.973000Z</time>
      </trkpt>
      <trkpt lat="37.849008907927505" lon="112.02551842585127">
        <time>2026-04-02T09:29:41.973000Z</time>
      </trkpt>
      <trkpt lat="37.84901309128529" lon="112.02544897358729">
        <time>2026-04-02T09:29:43.973000Z</time>
      </trkpt>
      <trkpt lat="37.84901728001581" lon="112.02537752765129">
        <time>2026-04-02T09:29:45.973000Z</time>
      </trkpt>
      <trkpt lat="37.84902013357228" lon="112.02530674664946">
        <time>2026-04-02T09:29:47.973000Z</time>
      </trkpt>
      <trkpt lat="37.84902099043247" lon="112.02523463683826">
        <time>2026-04-02T09:29:49.973000Z</time>
      </trkpt>
      <trkpt lat="37.84902184479318" lon="112.02516352410076">
        <time>2026-04-02T09:29:51.973000Z</time>
      </trkpt>
      <trkpt lat="37.849024032833114" lon="112.0250924113641">
        <time>2026-04-02T09:29:53.973000Z</time>
      </trkpt>
      <trkpt lat="37.84902689041021" lon="112.02502030180891">
        <time>2026-04-02T09:29:55.973000Z</time>
      </trkpt>
      <trkpt lat="37.84902974811765" lon="112.02494819241673">
        <time>2026-04-02T09:29:57.973000Z</time>
      </trkpt>
      <trkpt lat="37.849032269050326" lon="112.02487741242567">
        <time>2026-04-02T09:29:59.973000Z</time>
      </trkpt>
      <trkpt lat="37.84903511557757" lon="112.02480962323578">
        <time>2026-04-02T09:30:01.973000Z</time>
      </trkpt>
      <trkpt lat="37.849038623713156" lon="112.02474382789269">
        <time>2026-04-02T09:30:03.973000Z</time>
      </trkpt>
      <trkpt lat="37.8490437988965" lon="112.02467803248862">
        <time>2026-04-02T09:30:05.973000Z</time>
      </trkpt>
      <trkpt lat="37.8490509798037" lon="112.024610243206">
        <time>2026-04-02T09:30:07.973000Z</time>
      </trkpt>
      <trkpt lat="37.84905582975531" lon="112.02454145745892">
        <time>2026-04-02T09:30:09.973000Z</time>
      </trkpt>
      <trkpt lat="37.849053014547444" lon="112.02447167590178">
        <time>2026-04-02T09:30:11.973000Z</time>
      </trkpt>
      <trkpt lat="37.849042865807135" lon="112.02440156308111">
        <time>2026-04-02T09:30:13.973000Z</time>
      </trkpt>
      <trkpt lat="37.849030720394765" lon="112.02433012148325">
        <time>2026-04-02T09:30:15.973000Z</time>
      </trkpt>
      <trkpt lat="37.84902457520765" lon="112.0242590116182">
        <time>2026-04-02T09:30:17.973000Z</time>
      </trkpt>
      <trkpt lat="37.84902309403693" lon="112.02418923051492">
        <time>2026-04-02T09:30:19.973000Z</time>
      </trkpt>
      <trkpt lat="37.84902461170637" lon="112.02412011378765">
        <time>2026-04-02T09:30:21.973000Z</time>
      </trkpt>
      <trkpt lat="37.84902579167448" lon="112.02405265869695">
        <time>2026-04-02T09:30:23.973000Z</time>
      </trkpt>
      <trkpt lat="37.8490286386935" lon="112.02398520354616">
        <time>2026-04-02T09:30:25.973000Z</time>
      </trkpt>
      <trkpt lat="37.84903215082504" lon="112.02391841303283">
        <time>2026-04-02T09:30:27.973000Z</time>
      </trkpt>
      <trkpt lat="37.849035334115285" lon="112.02384996126044">
        <time>2026-04-02T09:30:29.973000Z</time>
      </trkpt>
      <trkpt lat="37.849036188244085" lon="112.02377984847419">
        <time>2026-04-02T09:30:31.973000Z</time>
      </trkpt>
      <trkpt lat="37.84903704426936" lon="112.02370907126888">
        <time>2026-04-02T09:30:33.973000Z</time>
      </trkpt>
      <trkpt lat="37.84903889702219" lon="112.02363962323831">
        <time>2026-04-02T09:30:35.973000Z</time>
      </trkpt>
      <trkpt lat="37.8490414095483" lon="112.0235728335573">
        <time>2026-04-02T09:30:37.973000Z</time>
      </trkpt>
      <trkpt lat="37.84904325807678" lon="112.02350504723967">
        <time>2026-04-02T09:30:39.973000Z</time>
      </trkpt>
      <trkpt lat="37.84904343977558" lon="112.02343726126084">
        <time>2026-04-02T09:30:41.973000Z</time>
      </trkpt>
      <trkpt lat="37.84904262498642" lon="112.02336814641113">
        <time>2026-04-02T09:30:43.973000Z</time>
      </trkpt>
      <trkpt lat="37.8490428060152" lon="112.02330069299886">
        <time>2026-04-02T09:30:45.973000Z</time>
      </trkpt>
      <trkpt lat="37.84904465587759" lon="112.02323257495901">
        <time>2026-04-02T09:30:47.973000Z</time>
      </trkpt>
      <trkpt lat="37.84904750333508" lon="112.02316545378402">
        <time>2026-04-02T09:30:49.973000Z</time>
      </trkpt>
      <trkpt lat="37.849050017511736" lon="112.02309833278272">
        <time>2026-04-02T09:30:51.973000Z</time>
      </trkpt>
      <trkpt lat="37.849052197512904" lon="112.02303154424126">
        <time>2026-04-02T09:30:53.973000Z</time>
      </trkpt>
      <trkpt lat="37.849053711738314" lon="112.02296442363217">
        <time>2026-04-02T09:30:55.973000Z</time>
      </trkpt>
      <trkpt lat="37.849055559458094" lon="112.0228973031171">
        <time>2026-04-02T09:30:57.973000Z</time>
      </trkpt>
      <trkpt lat="37.849057403701096" lon="112.02283151185046">
        <time>2026-04-02T09:30:59.973000Z</time>
      </trkpt>
      <trkpt lat="37.849060250002346" lon="112.02276505604091">
        <time>2026-04-02T09:31:01.973000Z</time>
      </trkpt>
      <trkpt lat="37.849062094449735" lon="112.02269926503571">
        <time>2026-04-02T09:31:03.973000Z</time>
      </trkpt>
      <trkpt lat="37.849063274914336" lon="112.0226324774076">
        <time>2026-04-02T09:31:05.973000Z</time>
      </trkpt>
      <trkpt lat="37.84906478976898" lon="112.0225653576004">
        <time>2026-04-02T09:31:07.973000Z</time>
      </trkpt>
      <trkpt lat="37.84906763828069" lon="112.02249823776552">
        <time>2026-04-02T09:31:09.973000Z</time>
      </trkpt>
      <trkpt lat="37.84907082208305" lon="112.02243045347731">
        <time>2026-04-02T09:31:11.973000Z</time>
      </trkpt>
      <trkpt lat="37.84907400419341" lon="112.02236333387046">
        <time>2026-04-02T09:31:13.973000Z</time>
      </trkpt>
      <trkpt lat="37.84907618804383" lon="112.02229554997207">
        <time>2026-04-02T09:31:15.973000Z</time>
      </trkpt>
      <trkpt lat="37.84907837200053" lon="112.02222776620702">
        <time>2026-04-02T09:31:17.973000Z</time>
      </trkpt>
      <trkpt lat="37.84907955770112" lon="112.02215931815601">
        <time>2026-04-02T09:31:19.973000Z</time>
      </trkpt>
      <trkpt lat="37.84908041192452" lon="112.02209020573822">
        <time>2026-04-02T09:31:21.973000Z</time>
      </trkpt>
      <trkpt lat="37.84908093196771" lon="112.02202142577032">
        <time>2026-04-02T09:31:23.973000Z</time>
      </trkpt>
      <trkpt lat="37.84908111782889" lon="112.02195297825034">
        <time>2026-04-02T09:31:25.973000Z</time>
      </trkpt>
      <trkpt lat="37.849081300185205" lon="112.02188585993963">
        <time>2026-04-02T09:31:27.973000Z</time>
      </trkpt>
      <trkpt lat="37.84908181241831" lon="112.02182007079553">
        <time>2026-04-02T09:31:29.973000Z</time>
      </trkpt>
      <trkpt lat="37.84908398897803" lon="112.02175527837609">
        <time>2026-04-02T09:31:31.973000Z</time>
      </trkpt>
      <trkpt lat="37.84908649178552" lon="112.02169314417274">
        <time>2026-04-02T09:31:33.973000Z</time>
      </trkpt>
      <trkpt lat="37.84908866038756" lon="112.02163134238607">
        <time>2026-04-02T09:31:35.973000Z</time>
      </trkpt>
      <trkpt lat="37.84908916304149" lon="112.02156920864664">
        <time>2026-04-02T09:31:37.973000Z</time>
      </trkpt>
      <trkpt lat="37.849090009135345" lon="112.02150342006314">
        <time>2026-04-02T09:31:39.973000Z</time>
      </trkpt>
      <trkpt lat="37.84909119234038" lon="112.02143630250737">
        <time>2026-04-02T09:31:41.973000Z</time>
      </trkpt>
      <trkpt lat="37.84909171159149" lon="112.02136818837108">
        <time>2026-04-02T09:31:43.973000Z</time>
      </trkpt>
      <trkpt lat="37.84909123078279" lon="112.02130007448706">
        <time>2026-04-02T09:31:45.973000Z</time>
      </trkpt>
      <trkpt lat="37.84909008420995" lon="112.02123162855254">
        <time>2026-04-02T09:31:47.973000Z</time>
      </trkpt>
      <trkpt lat="37.84908993790586" lon="112.0211631826271">
        <time>2026-04-02T09:31:49.973000Z</time>
      </trkpt>
      <trkpt lat="37.849089791706255" lon="112.02109473683494">
        <time>2026-04-02T09:31:51.973000Z</time>
      </trkpt>
      <trkpt lat="37.84908897974436" lon="112.02102595899974">
        <time>2026-04-02T09:31:53.973000Z</time>
      </trkpt>
      <trkpt lat="37.8490878363194" lon="112.02095651681759">
        <time>2026-04-02T09:31:55.973000Z</time>
      </trkpt>
      <trkpt lat="37.849086025314826" lon="112.02088740710734">
        <time>2026-04-02T09:31:57.973000Z</time>
      </trkpt>
      <trkpt lat="37.84908621292187" lon="112.02081896181225">
        <time>2026-04-02T09:31:59.973000Z</time>
      </trkpt>
      <trkpt lat="37.84908739806183" lon="112.02075151329979">
        <time>2026-04-02T09:32:01.973000Z</time>
      </trkpt>
      <trkpt lat="37.84908858147799" lon="112.02068472943026">
        <time>2026-04-02T09:32:03.973000Z</time>
      </trkpt>
      <trkpt lat="37.84908843144009" lon="112.02061794584442">
        <time>2026-04-02T09:32:05.973000Z</time>
      </trkpt>
      <trkpt lat="37.84908794811188" lon="112.02055116242323">
        <time>2026-04-02T09:32:07.973000Z</time>
      </trkpt>
      <trkpt lat="37.84908879934654" lon="112.02048404671038">
        <time>2026-04-02T09:32:09.973000Z</time>
      </trkpt>
      <trkpt lat="37.849089317291444" lon="112.02041693116196">
        <time>2026-04-02T09:32:11.973000Z</time>
      </trkpt>
      <trkpt lat="37.84908783500635" lon="112.02034981597791">
        <time>2026-04-02T09:32:13.973000Z</time>
      </trkpt>
      <trkpt lat="37.84908435432065" lon="112.02028203665074">
        <time>2026-04-02T09:32:15.973000Z</time>
      </trkpt>
      <trkpt lat="37.84908287131652" lon="112.02021525396988">
        <time>2026-04-02T09:32:17.973000Z</time>
      </trkpt>
      <trkpt lat="37.84908538723323" lon="112.02014913543451">
        <time>2026-04-02T09:32:19.973000Z</time>
      </trkpt>
      <trkpt lat="37.849089569267754" lon="112.02008334907522">
        <time>2026-04-02T09:32:21.973000Z</time>
      </trkpt>
      <trkpt lat="37.849090419348904" lon="112.02001689873194">
        <time>2026-04-02T09:32:23.973000Z</time>
      </trkpt>
      <trkpt lat="37.849087604091196" lon="112.01994978444554">
        <time>2026-04-02T09:32:25.973000Z</time>
      </trkpt>
      <trkpt lat="37.849084787094505" lon="112.019883334781">
        <time>2026-04-02T09:32:27.973000Z</time>
      </trkpt>
      <trkpt lat="37.84908497711161" lon="112.01981455913305">
        <time>2026-04-02T09:32:29.973000Z</time>
      </trkpt>
      <trkpt lat="37.84908683233213" lon="112.01974644791282">
        <time>2026-04-02T09:32:31.973000Z</time>
      </trkpt>
      <trkpt lat="37.84909001844593" lon="112.01967933339841">
        <time>2026-04-02T09:32:33.973000Z</time>
      </trkpt>
      <trkpt lat="37.849092531441926" lon="112.01961454482209">
        <time>2026-04-02T09:32:35.973000Z</time>
      </trkpt>
      <trkpt lat="37.849095378834704" lon="112.01954942406898">
        <time>2026-04-02T09:32:37.973000Z</time>
      </trkpt>
      <trkpt lat="37.84909789569075" lon="112.01948330673098">
        <time>2026-04-02T09:32:39.973000Z</time>
      </trkpt>
      <trkpt lat="37.84910141280273" lon="112.01941718939366">
        <time>2026-04-02T09:32:41.973000Z</time>
      </trkpt>
      <trkpt lat="37.84910492816369" lon="112.0193517366627">
        <time>2026-04-02T09:32:43.973000Z</time>
      </trkpt>
      <trkpt lat="37.84910744252871" lon="112.01928661640872">
        <time>2026-04-02T09:32:45.973000Z</time>
      </trkpt>
      <trkpt lat="37.84910995698244" lon="112.01922149626569">
        <time>2026-04-02T09:32:47.973000Z</time>
      </trkpt>
      <trkpt lat="37.84911280583535" lon="112.01915604395428">
        <time>2026-04-02T09:32:49.973000Z</time>
      </trkpt>
      <trkpt lat="37.84911799034014" lon="112.01908992699194">
        <time>2026-04-02T09:32:51.973000Z</time>
      </trkpt>
      <trkpt lat="37.84912317308831" lon="112.0190244746275">
        <time>2026-04-02T09:32:53.973000Z</time>
      </trkpt>
      <trkpt lat="37.84913001639606" lon="112.0189613478662">
        <time>2026-04-02T09:32:55.973000Z</time>
      </trkpt>
      <trkpt lat="37.84913485853386" lon="112.01889855369167">
        <time>2026-04-02T09:32:57.973000Z</time>
      </trkpt>
      <trkpt lat="37.84913937384" lon="112.01883343398063">
        <time>2026-04-02T09:32:59.973000Z</time>
      </trkpt>
      <trkpt lat="37.84914156292109" lon="112.01876565673793">
        <time>2026-04-02T09:33:01.973000Z</time>
      </trkpt>
      <trkpt lat="37.84914541903667" lon="112.01869787941914">
        <time>2026-04-02T09:33:03.973000Z</time>
      </trkpt>
      <trkpt lat="37.84914993646389" lon="112.01863209557179">
        <time>2026-04-02T09:33:05.973000Z</time>
      </trkpt>
      <trkpt lat="37.84915378627667" lon="112.01856664415268">
        <time>2026-04-02T09:33:07.973000Z</time>
      </trkpt>
      <trkpt lat="37.8491563044793" lon="112.0185005285289">
        <time>2026-04-02T09:33:09.973000Z</time>
      </trkpt>
      <trkpt lat="37.849157822606614" lon="112.01843441314155">
        <time>2026-04-02T09:33:11.973000Z</time>
      </trkpt>
      <trkpt lat="37.84916200699849" lon="112.01836862978415">
        <time>2026-04-02T09:33:13.973000Z</time>
      </trkpt>
      <trkpt lat="37.84916652208022" lon="112.0183038432067">
        <time>2026-04-02T09:33:15.973000Z</time>
      </trkpt>
      <trkpt lat="37.84916837107147" lon="112.0182387248217">
        <time>2026-04-02T09:33:17.973000Z</time>
      </trkpt>
      <trkpt lat="37.849167553043976" lon="112.0181736068637">
        <time>2026-04-02T09:33:19.973000Z</time>
      </trkpt>
      <trkpt lat="37.84916640543332" lon="112.01810716011782">
        <time>2026-04-02T09:33:21.973000Z</time>
      </trkpt>
      <trkpt lat="37.849168927040154" lon="112.01804004857621">
        <time>2026-04-02T09:33:23.973000Z</time>
      </trkpt>
      <trkpt lat="37.84917344906509" lon="112.01797293690748">
        <time>2026-04-02T09:33:25.973000Z</time>
      </trkpt>
      <trkpt lat="37.849178970412446" lon="112.01790615746877">
        <time>2026-04-02T09:33:27.973000Z</time>
      </trkpt>
      <trkpt lat="37.84918515769308" lon="112.01783971029721">
        <time>2026-04-02T09:33:29.973000Z</time>
      </trkpt>
      <trkpt lat="37.84919167658491" lon="112.01777392765779">
        <time>2026-04-02T09:33:31.973000Z</time>
      </trkpt>
      <trkpt lat="37.8491988567428" lon="112.01771013843097">
        <time>2026-04-02T09:33:33.973000Z</time>
      </trkpt>
      <trkpt lat="37.84920536740634" lon="112.01764734608156">
        <time>2026-04-02T09:33:35.973000Z</time>
      </trkpt>
      <trkpt lat="37.84921154662638" lon="112.01758388940823">
        <time>2026-04-02T09:33:37.973000Z</time>
      </trkpt>
      <trkpt lat="37.84921772872689" lon="112.01751943614865">
        <time>2026-04-02T09:33:39.973000Z</time>
      </trkpt>
      <trkpt lat="37.84922457768459" lon="112.01745498291312">
        <time>2026-04-02T09:33:41.973000Z</time>
      </trkpt>
      <trkpt lat="37.849231426723485" lon="112.0173905297807">
        <time>2026-04-02T09:33:43.973000Z</time>
      </trkpt>
      <trkpt lat="37.849238272103186" lon="112.01732740566334">
        <time>2026-04-02T09:33:45.973000Z</time>
      </trkpt>
      <trkpt lat="37.84924444984914" lon="112.01726461395332">
        <time>2026-04-02T09:33:47.973000Z</time>
      </trkpt>
      <trkpt lat="37.84925096105948" lon="112.01720182230119">
        <time>2026-04-02T09:33:49.973000Z</time>
      </trkpt>
      <trkpt lat="37.84925681118736" lon="112.01713703746941">
        <time>2026-04-02T09:33:51.973000Z</time>
      </trkpt>
      <trkpt lat="37.84926432740015" lon="112.01707258476371">
        <time>2026-04-02T09:33:53.973000Z</time>
      </trkpt>
      <trkpt lat="37.84927284385664" lon="112.01700813203921">
        <time>2026-04-02T09:33:55.973000Z</time>
      </trkpt>
      <trkpt lat="37.84928269207061" lon="112.01694434370775">
        <time>2026-04-02T09:33:57.973000Z</time>
      </trkpt>
      <trkpt lat="37.84929154301202" lon="112.01687955892545">
        <time>2026-04-02T09:33:59.973000Z</time>
      </trkpt>
      <trkpt lat="37.849299063296456" lon="112.01681377773191">
        <time>2026-04-02T09:34:01.973000Z</time>
      </trkpt>
      <trkpt lat="37.84930591876449" lon="112.01674733227773">
        <time>2026-04-02T09:34:03.973000Z</time>
      </trkpt>
      <trkpt lat="37.84931277619478" lon="112.01668022248644">
        <time>2026-04-02T09:34:05.973000Z</time>
      </trkpt>
      <trkpt lat="37.849319631831264" lon="112.01661377724592">
        <time>2026-04-02T09:34:07.973000Z</time>
      </trkpt>
      <trkpt lat="37.849325820775384" lon="112.01654733219114">
        <time>2026-04-02T09:34:09.973000Z</time>
      </trkpt>
      <trkpt lat="37.84933200980274" lon="112.01648088724255">
        <time>2026-04-02T09:34:11.973000Z</time>
      </trkpt>
      <trkpt lat="37.84933786740631" lon="112.01641377800026">
        <time>2026-04-02T09:34:13.973000Z</time>
      </trkpt>
      <trkpt lat="37.84934372509433" lon="112.01634666886598">
        <time>2026-04-02T09:34:15.973000Z</time>
      </trkpt>
      <trkpt lat="37.849349249478635" lon="112.0162795598793">
        <time>2026-04-02T09:34:17.973000Z</time>
      </trkpt>
      <trkpt lat="37.84935510733483" lon="112.01621245096041">
        <time>2026-04-02T09:34:19.973000Z</time>
      </trkpt>
      <trkpt lat="37.84936196543907" lon="112.01614534202885">
        <time>2026-04-02T09:34:21.973000Z</time>
      </trkpt>
      <trkpt lat="37.84936915701475" lon="112.0160782331633">
        <time>2026-04-02T09:34:23.973000Z</time>
      </trkpt>
      <trkpt lat="37.84937634867373" lon="112.01601112440306">
        <time>2026-04-02T09:34:25.973000Z</time>
      </trkpt>
      <trkpt lat="37.849383540415765" lon="112.01594401574788">
        <time>2026-04-02T09:34:27.973000Z</time>
      </trkpt>
      <trkpt lat="37.8493907294082" lon="112.01587790384743">
        <time>2026-04-02T09:34:29.973000Z</time>
      </trkpt>
      <trkpt lat="37.849398581479036" lon="112.01581312083513">
        <time>2026-04-02T09:34:31.973000Z</time>
      </trkpt>
      <trkpt lat="37.84940776528852" lon="112.0157490021895">
        <time>2026-04-02T09:34:33.973000Z</time>
      </trkpt>
      <trkpt lat="37.84941728539795" lon="112.01568388695684">
        <time>2026-04-02T09:34:35.973000Z</time>
      </trkpt>
      <trkpt lat="37.84942747519753" lon="112.01561777510095">
        <time>2026-04-02T09:34:37.973000Z</time>
      </trkpt>
      <trkpt lat="37.849437002085025" lon="112.0155503345688">
        <time>2026-04-02T09:34:39.973000Z</time>
      </trkpt>
      <trkpt lat="37.849446863389275" lon="112.01548256188839">
        <time>2026-04-02T09:34:41.973000Z</time>
      </trkpt>
      <trkpt lat="37.84945605799943" lon="112.01541478939552">
        <time>2026-04-02T09:34:43.973000Z</time>
      </trkpt>
      <trkpt lat="37.849463577226565" lon="112.01535000711566">
        <time>2026-04-02T09:34:45.973000Z</time>
      </trkpt>
      <trkpt lat="37.84947242913356" lon="112.01528555698549">
        <time>2026-04-02T09:34:47.973000Z</time>
      </trkpt>
      <trkpt lat="37.84948161639846" lon="112.01522044248587">
        <time>2026-04-02T09:34:49.973000Z</time>
      </trkpt>
      <trkpt lat="37.84949147715528" lon="112.01515300252854">
        <time>2026-04-02T09:34:51.973000Z</time>
      </trkpt>
      <trkpt lat="37.849499339562016" lon="112.01508489849554">
        <time>2026-04-02T09:34:53.973000Z</time>
      </trkpt>
      <trkpt lat="37.84950653717313" lon="112.0150161302263">
        <time>2026-04-02T09:34:55.973000Z</time>
      </trkpt>
      <trkpt lat="37.849514069205995" lon="112.01494702981626">
        <time>2026-04-02T09:34:57.973000Z</time>
      </trkpt>
      <trkpt lat="37.849521601323005" lon="112.01487792951221">
        <time>2026-04-02T09:34:59.973000Z</time>
      </trkpt>
      <trkpt lat="37.8495291316229" lon="112.01480949373034">
        <time>2026-04-02T09:35:01.973000Z</time>
      </trkpt>
      <trkpt lat="37.84953699444188" lon="112.01474139022243">
        <time>2026-04-02T09:35:03.973000Z</time>
      </trkpt>
      <trkpt lat="37.849545517458786" lon="112.01467561219043">
        <time>2026-04-02T09:35:05.973000Z</time>
      </trkpt>
      <trkpt lat="37.84955469971379" lon="112.01461249182256">
        <time>2026-04-02T09:35:07.973000Z</time>
      </trkpt>
      <trkpt lat="37.84956321050207" lon="112.01455103265569">
        <time>2026-04-02T09:35:09.973000Z</time>
      </trkpt>
      <trkpt lat="37.849570393517475" lon="112.01448758049943">
        <time>2026-04-02T09:35:11.973000Z</time>
      </trkpt>
      <trkpt lat="37.849577912849064" lon="112.0144231317773">
        <time>2026-04-02T09:35:13.973000Z</time>
      </trkpt>
      <trkpt lat="37.84958410537146" lon="112.01435635787158">
        <time>2026-04-02T09:35:15.973000Z</time>
      </trkpt>
      <trkpt lat="37.84958863198323" lon="112.01428925206108">
        <time>2026-04-02T09:35:17.973000Z</time>
      </trkpt>
      <trkpt lat="37.84959082877068" lon="112.0142208178128">
        <time>2026-04-02T09:35:19.973000Z</time>
      </trkpt>
      <trkpt lat="37.849594024848166" lon="112.01415271574608">
        <time>2026-04-02T09:35:21.973000Z</time>
      </trkpt>
      <trkpt lat="37.84959988715438" lon="112.01408494566415">
        <time>2026-04-02T09:35:23.973000Z</time>
      </trkpt>
      <trkpt lat="37.84960574858341" lon="112.01401750788744">
        <time>2026-04-02T09:35:25.973000Z</time>
      </trkpt>
      <trkpt lat="37.84961094140253" lon="112.01395073468825">
        <time>2026-04-02T09:35:27.973000Z</time>
      </trkpt>
      <trkpt lat="37.849614465444546" lon="112.0138846261892">
        <time>2026-04-02T09:35:29.973000Z</time>
      </trkpt>
      <trkpt lat="37.849618656336126" lon="112.01381851770657">
        <time>2026-04-02T09:35:31.973000Z</time>
      </trkpt>
      <trkpt lat="37.849623515033855" lon="112.0137520770358">
        <time>2026-04-02T09:35:33.973000Z</time>
      </trkpt>
      <trkpt lat="37.849629040581185" lon="112.01368563638063">
        <time>2026-04-02T09:35:35.973000Z</time>
      </trkpt>
      <trkpt lat="37.84963423377121" lon="112.01361886365703">
        <time>2026-04-02T09:35:37.973000Z</time>
      </trkpt>
      <trkpt lat="37.8496390936472" lon="112.01355209106872">
        <time>2026-04-02T09:35:39.973000Z</time>
      </trkpt>
      <trkpt lat="37.849644286984855" lon="112.01348531853594">
        <time>2026-04-02T09:35:41.973000Z</time>
      </trkpt>
      <trkpt lat="37.84965081107342" lon="112.01341954253208">
        <time>2026-04-02T09:35:43.973000Z</time>
      </trkpt>
      <trkpt lat="37.8496569999277" lon="112.01335443105002">
        <time>2026-04-02T09:35:45.973000Z</time>
      </trkpt>
      <trkpt lat="37.849662854503855" lon="112.01328965189738">
        <time>2026-04-02T09:35:47.973000Z</time>
      </trkpt>
      <trkpt lat="37.849669044455815" lon="112.01322420839792">
        <time>2026-04-02T09:35:49.973000Z</time>
      </trkpt>
      <trkpt lat="37.84967590125345" lon="112.01315876490791">
        <time>2026-04-02T09:35:51.973000Z</time>
      </trkpt>
      <trkpt lat="37.849684082072145" lon="112.0130966433026">
        <time>2026-04-02T09:35:53.973000Z</time>
      </trkpt>
      <trkpt lat="37.849691260867964" lon="112.01303518628802">
        <time>2026-04-02T09:35:55.973000Z</time>
      </trkpt>
      <trkpt lat="37.849698108258174" lon="112.01297306500442">
        <time>2026-04-02T09:35:57.973000Z</time>
      </trkpt>
      <trkpt lat="37.84970396611785" lon="112.0129072897773">
        <time>2026-04-02T09:35:59.973000Z</time>
      </trkpt>
      <trkpt lat="37.84970916015521" lon="112.01284051813653">
        <time>2026-04-02T09:36:01.973000Z</time>
      </trkpt>
      <trkpt lat="37.84971502200155" lon="112.01277341431609">
        <time>2026-04-02T09:36:03.973000Z</time>
      </trkpt>
      <trkpt lat="37.84972155165824" lon="112.01270597831638">
        <time>2026-04-02T09:36:05.973000Z</time>
      </trkpt>
      <trkpt lat="37.84972974640259" lon="112.01263920659137">
        <time>2026-04-02T09:36:07.973000Z</time>
      </trkpt>
      <trkpt lat="37.849738275568306" lon="112.01257210272425">
        <time>2026-04-02T09:36:09.973000Z</time>
      </trkpt>
      <trkpt lat="37.84974513979092" lon="112.01250433476467">
        <time>2026-04-02T09:36:11.973000Z</time>
      </trkpt>
      <trkpt lat="37.84975033810869" lon="112.01243623490622">
        <time>2026-04-02T09:36:13.973000Z</time>
      </trkpt>
      <trkpt lat="37.84975486490319" lon="112.01236979617353">
        <time>2026-04-02T09:36:15.973000Z</time>
      </trkpt>
      <trkpt lat="37.849760387109534" lon="112.01230501836118">
        <time>2026-04-02T09:36:17.973000Z</time>
      </trkpt>
      <trkpt lat="37.849766241804545" lon="112.01224057278179">
        <time>2026-04-02T09:36:19.973000Z</time>
      </trkpt>
      <trkpt lat="37.849771763175916" lon="112.01217612732512">
        <time>2026-04-02T09:36:21.973000Z</time>
      </trkpt>
      <trkpt lat="37.84977761799944" lon="112.01211168191146">
        <time>2026-04-02T09:36:23.973000Z</time>
      </trkpt>
      <trkpt lat="37.849782803214175" lon="112.01204823322745">
        <time>2026-04-02T09:36:25.973000Z</time>
      </trkpt>
      <trkpt lat="37.8497886552667" lon="112.01198478454391">
        <time>2026-04-02T09:36:27.973000Z</time>
      </trkpt>
      <trkpt lat="37.84979450738081" lon="112.01192133593435">
        <time>2026-04-02T09:36:29.973000Z</time>
      </trkpt>
      <trkpt lat="37.84980136068738" lon="112.0118575550981">
        <time>2026-04-02T09:36:31.973000Z</time>
      </trkpt>
      <trkpt lat="37.8498075482466" lon="112.01179344223453">
        <time>2026-04-02T09:36:33.973000Z</time>
      </trkpt>
      <trkpt lat="37.8498134034467" lon="112.01172899730528">
        <time>2026-04-02T09:36:35.973000Z</time>
      </trkpt>
      <trkpt lat="37.84981692692761" lon="112.01166388836022">
        <time>2026-04-02T09:36:37.973000Z</time>
      </trkpt>
      <trkpt lat="37.84981945127579" lon="112.01159844742875">
        <time>2026-04-02T09:36:39.973000Z</time>
      </trkpt>
      <trkpt lat="37.8498216413317" lon="112.01153333880696">
        <time>2026-04-02T09:36:41.973000Z</time>
      </trkpt>
      <trkpt lat="37.849824830647" lon="112.0114685623342">
        <time>2026-04-02T09:36:43.973000Z</time>
      </trkpt>
      <trkpt lat="37.84982868873865" lon="112.0114031214922">
        <time>2026-04-02T09:36:45.973000Z</time>
      </trkpt>
      <trkpt lat="37.84983221350552" lon="112.01133768076818">
        <time>2026-04-02T09:36:47.973000Z</time>
      </trkpt>
      <trkpt lat="37.84983607269341" lon="112.0112719079052">
        <time>2026-04-02T09:36:49.973000Z</time>
      </trkpt>
      <trkpt lat="37.84984092823054" lon="112.01120746373554">
        <time>2026-04-02T09:36:51.973000Z</time>
      </trkpt>
      <trkpt lat="37.84984578188848" lon="112.01114368400913">
        <time>2026-04-02T09:36:53.973000Z</time>
      </trkpt>
      <trkpt lat="37.84985030027687" lon="112.01108056876325">
        <time>2026-04-02T09:36:55.973000Z</time>
      </trkpt>
      <trkpt lat="37.84985381855872" lon="112.01101745371301">
        <time>2026-04-02T09:36:57.973000Z</time>
      </trkpt>
      <trkpt lat="37.84985834191795" lon="112.01095267771066">
        <time>2026-04-02T09:36:59.973000Z</time>
      </trkpt>
      <trkpt lat="37.84986419889027" lon="112.010887901623">
        <time>2026-04-02T09:37:01.973000Z</time>
      </trkpt>
      <trkpt lat="37.84987071201204" lon="112.01082677952483">
        <time>2026-04-02T09:37:03.973000Z</time>
      </trkpt>
      <trkpt lat="37.84987655452339" lon="112.0107669862996">
        <time>2026-04-02T09:37:05.973000Z</time>
      </trkpt>
      <trkpt lat="37.849882392225155" lon="112.01070885404312">
        <time>2026-04-02T09:37:07.973000Z</time>
      </trkpt>
      <trkpt lat="37.84988690031255" lon="112.01064939328724">
        <time>2026-04-02T09:37:09.973000Z</time>
      </trkpt>
      <trkpt lat="37.84988974053659" lon="112.01059026497568">
        <time>2026-04-02T09:37:11.973000Z</time>
      </trkpt>
      <trkpt lat="37.84989091678841" lon="112.01053014038426">
        <time>2026-04-02T09:37:13.973000Z</time>
      </trkpt>
      <trkpt lat="37.84989243231918" lon="112.01046802274978">
        <time>2026-04-02T09:37:15.973000Z</time>
      </trkpt>
      <trkpt lat="37.849895284377695" lon="112.01040490848628">
        <time>2026-04-02T09:37:17.973000Z</time>
      </trkpt>
      <trkpt lat="37.84989947296639" lon="112.0103407976011">
        <time>2026-04-02T09:37:19.973000Z</time>
      </trkpt>
      <trkpt lat="37.849903663560916" lon="112.01027602243785">
        <time>2026-04-02T09:37:21.973000Z</time>
      </trkpt>
      <trkpt lat="37.849906855024024" lon="112.01021091528906">
        <time>2026-04-02T09:37:23.973000Z</time>
      </trkpt>
      <trkpt lat="37.84990837863021" lon="112.0101461405938">
        <time>2026-04-02T09:37:25.973000Z</time>
      </trkpt>
      <trkpt lat="37.84990923649314" lon="112.0100810338757">
        <time>2026-04-02T09:37:27.973000Z</time>
      </trkpt>
      <trkpt lat="37.849909090348454" lon="112.01001725605836">
        <time>2026-04-02T09:37:29.973000Z</time>
      </trkpt>
      <trkpt lat="37.84990961201158" lon="112.00995314605287">
        <time>2026-04-02T09:37:31.973000Z</time>
      </trkpt>
      <trkpt lat="37.849909799366756" lon="112.00988936833906">
        <time>2026-04-02T09:37:33.973000Z</time>
      </trkpt>
      <trkpt lat="37.84990765403629" lon="112.00982525879544">
        <time>2026-04-02T09:37:35.973000Z</time>
      </trkpt>
      <trkpt lat="37.849897838880636" lon="112.00976181458918">
        <time>2026-04-02T09:37:37.973000Z</time>
      </trkpt>
      <trkpt lat="37.84988335829858" lon="112.00969770666106">
        <time>2026-04-02T09:37:39.973000Z</time>
      </trkpt>
      <trkpt lat="37.84986988282264" lon="112.00963193781573">
        <time>2026-04-02T09:37:41.973000Z</time>
      </trkpt>
      <trkpt lat="37.84986174552491" lon="112.0095648397132">
        <time>2026-04-02T09:37:43.973000Z</time>
      </trkpt>
      <trkpt lat="37.84985560959371" lon="112.00949740927891">
        <time>2026-04-02T09:37:45.973000Z</time>
      </trkpt>
      <trkpt lat="37.849847801892395" lon="112.00943163998599">
        <time>2026-04-02T09:37:47.973000Z</time>
      </trkpt>
      <trkpt lat="37.84983599163353" lon="112.00936653558895">
        <time>2026-04-02T09:37:49.973000Z</time>
      </trkpt>
      <trkpt lat="37.84982084167814" lon="112.00930342469279">
        <time>2026-04-02T09:37:51.973000Z</time>
      </trkpt>
      <trkpt lat="37.849801686222854" lon="112.00924197520206">
        <time>2026-04-02T09:37:53.973000Z</time>
      </trkpt>
      <trkpt lat="37.8497805109077" lon="112.00918716943796">
        <time>2026-04-02T09:37:55.973000Z</time>
      </trkpt>
      <trkpt lat="37.849754661342836" lon="112.00913468948035">
        <time>2026-04-02T09:37:57.973000Z</time>
      </trkpt>
      <trkpt lat="37.84972680756821" lon="112.00908353849267">
        <time>2026-04-02T09:37:59.973000Z</time>
      </trkpt>
      <trkpt lat="37.8496972966844" lon="112.00902906603959">
        <time>2026-04-02T09:38:01.973000Z</time>
      </trkpt>
      <trkpt lat="37.84966778485949" lon="112.00897492580984">
        <time>2026-04-02T09:38:03.973000Z</time>
      </trkpt>
      <trkpt lat="37.84963726996729" lon="112.00892178225772">
        <time>2026-04-02T09:38:05.973000Z</time>
      </trkpt>
      <trkpt lat="37.84960541763836" lon="112.00886996758781">
        <time>2026-04-02T09:38:07.973000Z</time>
      </trkpt>
      <trkpt lat="37.84957389578939" lon="112.0088191494301">
        <time>2026-04-02T09:38:09.973000Z</time>
      </trkpt>
      <trkpt lat="37.84954170229382" lon="112.00876999223938">
        <time>2026-04-02T09:38:11.973000Z</time>
      </trkpt>
      <trkpt lat="37.84951050801349" lon="112.00872116714035">
        <time>2026-04-02T09:38:13.973000Z</time>
      </trkpt>
      <trkpt lat="37.84947930885772" lon="112.00867400292009">
        <time>2026-04-02T09:38:15.973000Z</time>
      </trkpt>
      <trkpt lat="37.84944844704549" lon="112.0086255100211">
        <time>2026-04-02T09:38:17.973000Z</time>
      </trkpt>
      <trkpt lat="37.8494165860803" lon="112.00857668511301">
        <time>2026-04-02T09:38:19.973000Z</time>
      </trkpt>
      <trkpt lat="37.84938539781274" lon="112.00852586715811">
        <time>2026-04-02T09:38:21.973000Z</time>
      </trkpt>
      <trkpt lat="37.84935554509394" lon="112.00847438475118">
        <time>2026-04-02T09:38:23.973000Z</time>
      </trkpt>
      <trkpt lat="37.849325356075056" lon="112.00842389892854">
        <time>2026-04-02T09:38:25.973000Z</time>
      </trkpt>
      <trkpt lat="37.849293830587186" lon="112.00837440980646">
        <time>2026-04-02T09:38:27.973000Z</time>
      </trkpt>
      <trkpt lat="37.84926063426113" lon="112.00832624958551">
        <time>2026-04-02T09:38:29.973000Z</time>
      </trkpt>
      <trkpt lat="37.849227776265714" lon="112.00827642853145">
        <time>2026-04-02T09:38:31.973000Z</time>
      </trkpt>
      <trkpt lat="37.849194583931656" lon="112.00822693971939">
        <time>2026-04-02T09:38:33.973000Z</time>
      </trkpt>
      <trkpt lat="37.84916239572413" lon="112.00817612216316">
        <time>2026-04-02T09:38:35.973000Z</time>
      </trkpt>
      <trkpt lat="37.84913020558182" lon="112.00812596898199">
        <time>2026-04-02T09:38:37.973000Z</time>
      </trkpt>
      <trkpt lat="37.84909768405149" lon="112.00807515154717">
        <time>2026-04-02T09:38:39.973000Z</time>
      </trkpt>
      <trkpt lat="37.84906382801573" lon="112.00802466647882">
        <time>2026-04-02T09:38:41.973000Z</time>
      </trkpt>
      <trkpt lat="37.84902930622" lon="112.00797384936554">
        <time>2026-04-02T09:38:43.973000Z</time>
      </trkpt>
      <trkpt lat="37.848995453200544" lon="112.00792236787886">
        <time>2026-04-02T09:38:45.973000Z</time>
      </trkpt>
      <trkpt lat="37.848962268960584" lon="112.00787022202583">
        <time>2026-04-02T09:38:47.973000Z</time>
      </trkpt>
      <trkpt lat="37.84892874742602" lon="112.0078194049142">
        <time>2026-04-02T09:38:49.973000Z</time>
      </trkpt>
      <trkpt lat="37.84889422083381" lon="112.00777024877803">
        <time>2026-04-02T09:38:51.973000Z</time>
      </trkpt>
      <trkpt lat="37.84885935694387" lon="112.0077224213747">
        <time>2026-04-02T09:38:53.973000Z</time>
      </trkpt>
      <trkpt lat="37.84882582958899" lon="112.00767359735825">
        <time>2026-04-02T09:38:55.973000Z</time>
      </trkpt>
      <trkpt lat="37.8487939711741" lon="112.00762410884853">
        <time>2026-04-02T09:38:57.973000Z</time>
      </trkpt>
      <trkpt lat="37.84876311393887" lon="112.00757428809383">
        <time>2026-04-02T09:38:59.973000Z</time>
      </trkpt>
      <trkpt lat="37.848730922194214" lon="112.00752479970251">
        <time>2026-04-02T09:39:01.973000Z</time>
      </trkpt>
      <trkpt lat="37.84869740087216" lon="112.007473982855">
        <time>2026-04-02T09:39:03.973000Z</time>
      </trkpt>
      <trkpt lat="37.84866188024061" lon="112.00742283412514">
        <time>2026-04-02T09:39:05.973000Z</time>
      </trkpt>
      <trkpt lat="37.848627023456324" lon="112.00737268184044">
        <time>2026-04-02T09:39:07.973000Z</time>
      </trkpt>
      <trkpt lat="37.8485931639041" lon="112.00732352595733">
        <time>2026-04-02T09:39:09.973000Z</time>
      </trkpt>
      <trkpt lat="37.848561299774815" lon="112.00727603067817">
        <time>2026-04-02T09:39:11.973000Z</time>
      </trkpt>
      <trkpt lat="37.8485301044217" lon="112.00722787102691">
        <time>2026-04-02T09:39:13.973000Z</time>
      </trkpt>
      <trkpt lat="37.84849924149736" lon="112.00718004353357">
        <time>2026-04-02T09:39:15.973000Z</time>
      </trkpt>
      <trkpt lat="37.84846838156198" lon="112.00713121958997">
        <time>2026-04-02T09:39:17.973000Z</time>
      </trkpt>
      <trkpt lat="37.848437184315195" lon="112.00708372436502">
        <time>2026-04-02T09:39:19.973000Z</time>
      </trkpt>
      <trkpt lat="37.848404649592695" lon="112.00703755797426">
        <time>2026-04-02T09:39:21.973000Z</time>
      </trkpt>
      <trkpt lat="37.848370101723546" lon="112.00699570993112">
        <time>2026-04-02T09:39:23.973000Z</time>
      </trkpt>
      <trkpt lat="37.848333543668005" lon="112.00695718375226">
        <time>2026-04-02T09:39:25.973000Z</time>
      </trkpt>
      <trkpt lat="37.84829630798228" lon="112.00692231143066">
        <time>2026-04-02T09:39:27.973000Z</time>
      </trkpt>
      <trkpt lat="37.84825772788887" lon="112.00689109303966">
        <time>2026-04-02T09:39:29.973000Z</time>
      </trkpt>
      <trkpt lat="37.84821713364557" lon="112.00686452513389">
        <time>2026-04-02T09:39:31.973000Z</time>
      </trkpt>
      <trkpt lat="37.84817252491595" lon="112.00684260794507">
        <time>2026-04-02T09:39:33.973000Z</time>
      </trkpt>
      <trkpt lat="37.848124907796596" lon="112.0068233483944">
        <time>2026-04-02T09:39:35.973000Z</time>
      </trkpt>
      <trkpt lat="37.84807595218908" lon="112.0068057498044">
        <time>2026-04-02T09:39:37.973000Z</time>
      </trkpt>
      <trkpt lat="37.84802698867704" lon="112.00679080849126">
        <time>2026-04-02T09:39:39.973000Z</time>
      </trkpt>
      <trkpt lat="37.84797934092247" lon="112.00678184588459">
        <time>2026-04-02T09:39:41.973000Z</time>
      </trkpt>
      <trkpt lat="37.84793267949181" lon="112.00677753338549">
        <time>2026-04-02T09:39:43.973000Z</time>
      </trkpt>
      <trkpt lat="37.84788567577327" lon="112.00677621035739">
        <time>2026-04-02T09:39:45.973000Z</time>
      </trkpt>
      <trkpt lat="37.84783767386976" lon="112.00677422313063">
        <time>2026-04-02T09:39:47.973000Z</time>
      </trkpt>
      <trkpt lat="37.847788340394914" lon="112.00677157174499">
        <time>2026-04-02T09:39:49.973000Z</time>
      </trkpt>
      <trkpt lat="37.84773967963155" lon="112.00676692732601">
        <time>2026-04-02T09:39:51.973000Z</time>
      </trkpt>
      <trkpt lat="37.847690690427385" lon="112.00676062215229">
        <time>2026-04-02T09:39:53.973000Z</time>
      </trkpt>
      <trkpt lat="37.84764136981203" lon="112.00675365270116">
        <time>2026-04-02T09:39:55.973000Z</time>
      </trkpt>
      <trkpt lat="37.84759171185693" lon="112.00674801192606">
        <time>2026-04-02T09:39:57.973000Z</time>
      </trkpt>
      <trkpt lat="37.84754172150614" lon="112.00674203903213">
        <time>2026-04-02T09:39:59.973000Z</time>
      </trkpt>
      <trkpt lat="37.84749139479995" lon="112.00673706265495">
        <time>2026-04-02T09:40:01.973000Z</time>
      </trkpt>
      <trkpt lat="37.847440399344976" lon="112.00673275067552">
        <time>2026-04-02T09:40:03.973000Z</time>
      </trkpt>
      <trkpt lat="37.84738973332265" lon="112.00672976729156">
        <time>2026-04-02T09:40:05.973000Z</time>
      </trkpt>
      <trkpt lat="37.84733940563306" lon="112.00672512307406">
        <time>2026-04-02T09:40:07.973000Z</time>
      </trkpt>
      <trkpt lat="37.84728908091214" lon="112.00671948238073">
        <time>2026-04-02T09:40:09.973000Z</time>
      </trkpt>
      <trkpt lat="37.84723875817111" lon="112.00671317737005">
        <time>2026-04-02T09:40:11.973000Z</time>
      </trkpt>
      <trkpt lat="37.847188765855826" lon="112.00670786879644">
        <time>2026-04-02T09:40:13.973000Z</time>
      </trkpt>
      <trkpt lat="37.847139438337194" lon="112.00670322446076">
        <time>2026-04-02T09:40:15.973000Z</time>
      </trkpt>
      <trkpt lat="37.84709111296177" lon="112.00669791568906">
        <time>2026-04-02T09:40:17.973000Z</time>
      </trkpt>
      <trkpt lat="37.84704312394163" lon="112.00669161040182">
        <time>2026-04-02T09:40:19.973000Z</time>
      </trkpt>
      <trkpt lat="37.84699513591246" lon="112.00668497295678">
        <time>2026-04-02T09:40:21.973000Z</time>
      </trkpt>
      <trkpt lat="37.84694614871532" lon="112.0066780034731">
        <time>2026-04-02T09:40:23.973000Z</time>
      </trkpt>
      <trkpt lat="37.84689682911874" lon="112.00667070187119">
        <time>2026-04-02T09:40:25.973000Z</time>
      </trkpt>
      <trkpt lat="37.846847507546016" lon="112.00666406458673">
        <time>2026-04-02T09:40:27.973000Z</time>
      </trkpt>
      <trkpt lat="37.84679918514935" lon="112.00665775934199">
        <time>2026-04-02T09:40:29.973000Z</time>
      </trkpt>
      <trkpt lat="37.84675052640074" lon="112.00665245061306">
        <time>2026-04-02T09:40:31.973000Z</time>
      </trkpt>
      <trkpt lat="37.846700870458434" lon="112.00664614552855">
        <time>2026-04-02T09:40:33.973000Z</time>
      </trkpt>
      <trkpt lat="37.84665021534427" lon="112.00663950840541">
        <time>2026-04-02T09:40:35.973000Z</time>
      </trkpt>
      <trkpt lat="37.846600561384555" lon="112.00663253900498">
        <time>2026-04-02T09:40:37.973000Z</time>
      </trkpt>
      <trkpt lat="37.84655157321444" lon="112.00662590168444">
        <time>2026-04-02T09:40:39.973000Z</time>
      </trkpt>
      <trkpt lat="37.84650291645397" lon="112.00661992864086">
        <time>2026-04-02T09:40:41.973000Z</time>
      </trkpt>
      <trkpt lat="37.84645325755377" lon="112.00661462003391">
        <time>2026-04-02T09:40:43.973000Z</time>
      </trkpt>
      <trkpt lat="37.84640459881839" lon="112.0066093113079">
        <time>2026-04-02T09:40:45.973000Z</time>
      </trkpt>
      <trkpt lat="37.84635594008483" lon="112.00660400258238">
        <time>2026-04-02T09:40:47.973000Z</time>
      </trkpt>
      <trkpt lat="37.84630761374991" lon="112.0065990259755">
        <time>2026-04-02T09:40:49.973000Z</time>
      </trkpt>
      <trkpt lat="37.846258621633766" lon="112.00659371729033">
        <time>2026-04-02T09:40:51.973000Z</time>
      </trkpt>
      <trkpt lat="37.846209632487735" lon="112.00658741213132">
        <time>2026-04-02T09:40:53.973000Z</time>
      </trkpt>
      <trkpt lat="37.84616065026984" lon="112.00657878186561">
        <time>2026-04-02T09:40:55.973000Z</time>
      </trkpt>
      <trkpt lat="37.84611267711821" lon="112.00656716205992">
        <time>2026-04-02T09:40:57.973000Z</time>
      </trkpt>
      <trkpt lat="37.84606504230767" lon="112.0065538814262">
        <time>2026-04-02T09:40:59.973000Z</time>
      </trkpt>
      <trkpt lat="37.846017409479714" lon="112.00653993647794">
        <time>2026-04-02T09:41:01.973000Z</time>
      </trkpt>
      <trkpt lat="37.845968775503" lon="112.00652632380964">
        <time>2026-04-02T09:41:03.973000Z</time>
      </trkpt>
      <trkpt lat="37.84592147705798" lon="112.00651204666937">
        <time>2026-04-02T09:41:05.973000Z</time>
      </trkpt>
      <trkpt lat="37.84587685264233" lon="112.00649544410977">
        <time>2026-04-02T09:41:07.973000Z</time>
      </trkpt>
      <trkpt lat="37.84583689664329" lon="112.00647850884027">
        <time>2026-04-02T09:41:09.973000Z</time>
      </trkpt>
      <trkpt lat="37.84579760742488" lon="112.00646157349493">
        <time>2026-04-02T09:41:11.973000Z</time>
      </trkpt>
      <trkpt lat="37.84575664731181" lon="112.00644596698154">
        <time>2026-04-02T09:41:13.973000Z</time>
      </trkpt>
      <trkpt lat="37.84571169249669" lon="112.00642836800431">
        <time>2026-04-02T09:41:15.973000Z</time>
      </trkpt>
      <trkpt lat="37.845665076692" lon="112.00640877628688">
        <time>2026-04-02T09:41:17.973000Z</time>
      </trkpt>
      <trkpt lat="37.84561813245323" lon="112.00638752382825">
        <time>2026-04-02T09:41:19.973000Z</time>
      </trkpt>
      <trkpt lat="37.845570847903176" lon="112.00636859651503">
        <time>2026-04-02T09:41:21.973000Z</time>
      </trkpt>
      <trkpt lat="37.84552322403071" lon="112.00635166218959">
        <time>2026-04-02T09:41:23.973000Z</time>
      </trkpt>
      <trkpt lat="37.845476261983166" lon="112.00633638857339">
        <time>2026-04-02T09:41:25.973000Z</time>
      </trkpt>
      <trkpt lat="37.84542930092992" lon="112.00632078280287">
        <time>2026-04-02T09:41:27.973000Z</time>
      </trkpt>
      <trkpt lat="37.84538200253295" lon="112.0063065057031">
        <time>2026-04-02T09:41:29.973000Z</time>
      </trkpt>
      <trkpt lat="37.84533303324341" lon="112.00629355743202">
        <time>2026-04-02T09:41:31.973000Z</time>
      </trkpt>
      <trkpt lat="37.845283060823405" lon="112.0062816057524">
        <time>2026-04-02T09:41:33.973000Z</time>
      </trkpt>
      <trkpt lat="37.8452327540257" lon="112.00626998627112">
        <time>2026-04-02T09:41:35.973000Z</time>
      </trkpt>
      <trkpt lat="37.845182446240464" lon="112.0062586989485">
        <time>2026-04-02T09:41:37.973000Z</time>
      </trkpt>
      <trkpt lat="37.84513213944886" lon="112.00624707947038">
        <time>2026-04-02T09:41:39.973000Z</time>
      </trkpt>
      <trkpt lat="37.845082169022604" lon="112.00623446348533">
        <time>2026-04-02T09:41:41.973000Z</time>
      </trkpt>
      <trkpt lat="37.84503319876172" lon="112.00622184738357">
        <time>2026-04-02T09:41:43.973000Z</time>
      </trkpt>
      <trkpt lat="37.844985228661834" lon="112.00620923116358">
        <time>2026-04-02T09:41:45.973000Z</time>
      </trkpt>
      <trkpt lat="37.84493759294614" lon="112.00619628274973">
        <time>2026-04-02T09:41:47.973000Z</time>
      </trkpt>
      <trkpt lat="37.84489029359221" lon="112.00618233782909">
        <time>2026-04-02T09:41:49.973000Z</time>
      </trkpt>
      <trkpt lat="37.844843658045065" lon="112.00616938930106">
        <time>2026-04-02T09:41:51.973000Z</time>
      </trkpt>
      <trkpt lat="37.84479735093216" lon="112.00615810151656">
        <time>2026-04-02T09:41:53.973000Z</time>
      </trkpt>
      <trkpt lat="37.84475037308197" lon="112.00614814243734">
        <time>2026-04-02T09:41:55.973000Z</time>
      </trkpt>
      <trkpt lat="37.84470339919839" lon="112.00613685473493">
        <time>2026-04-02T09:41:57.973000Z</time>
      </trkpt>
      <trkpt lat="37.84465575557266" lon="112.00612656358177">
        <time>2026-04-02T09:41:59.973000Z</time>
      </trkpt>
      <trkpt lat="37.84460776567509" lon="112.00612059049837">
        <time>2026-04-02T09:42:01.973000Z</time>
      </trkpt>
      <trkpt lat="37.844558755799866" lon="112.00612126065465">
        <time>2026-04-02T09:42:03.973000Z</time>
      </trkpt>
      <trkpt lat="37.844510395849504" lon="112.00612757738419">
        <time>2026-04-02T09:42:05.973000Z</time>
      </trkpt>
      <trkpt lat="37.84446268582935" lon="112.00613954068862">
        <time>2026-04-02T09:42:07.973000Z</time>
      </trkpt>
      <trkpt lat="37.84441662589889" lon="112.00615715045029">
        <time>2026-04-02T09:42:09.973000Z</time>
      </trkpt>
      <trkpt lat="37.84437221705629" lon="112.00618007451963">
        <time>2026-04-02T09:42:11.973000Z</time>
      </trkpt>
      <trkpt lat="37.844328469047284" lon="112.00620499145438">
        <time>2026-04-02T09:42:13.973000Z</time>
      </trkpt>
      <trkpt lat="37.84428405328387" lon="112.0062302406336">
        <time>2026-04-02T09:42:15.973000Z</time>
      </trkpt>
      <trkpt lat="37.844238306948746" lon="112.00625449351195">
        <time>2026-04-02T09:42:17.973000Z</time>
      </trkpt>
      <trkpt lat="37.84419289401128" lon="112.00627874635722">
        <time>2026-04-02T09:42:19.973000Z</time>
      </trkpt>
      <trkpt lat="37.84414681529611" lon="112.00630266713422">
        <time>2026-04-02T09:42:21.973000Z</time>
      </trkpt>
      <trkpt lat="37.844100071797705" lon="112.0063259236829">
        <time>2026-04-02T09:42:23.973000Z</time>
      </trkpt>
      <trkpt lat="37.84405200168708" lon="112.00634685529994">
        <time>2026-04-02T09:42:25.973000Z</time>
      </trkpt>
      <trkpt lat="37.844004600338785" lon="112.00636712252954">
        <time>2026-04-02T09:42:27.973000Z</time>
      </trkpt>
      <trkpt lat="37.84395853353357" lon="112.00638705744818">
        <time>2026-04-02T09:42:29.973000Z</time>
      </trkpt>
      <trkpt lat="37.8439144601262" lon="112.00640931723491">
        <time>2026-04-02T09:42:31.973000Z</time>
      </trkpt>
      <trkpt lat="37.84387171136258" lon="112.0064345662866">
        <time>2026-04-02T09:42:33.973000Z</time>
      </trkpt>
      <trkpt lat="37.84382994989989" lon="112.00646413327635">
        <time>2026-04-02T09:42:35.973000Z</time>
      </trkpt>
      <trkpt lat="37.84378784911928" lon="112.00649569326531">
        <time>2026-04-02T09:42:37.973000Z</time>
      </trkpt>
      <trkpt lat="37.84374574835062" lon="112.00652725326928">
        <time>2026-04-02T09:42:39.973000Z</time>
      </trkpt>
      <trkpt lat="37.84370166013979" lon="112.00655449547091">
        <time>2026-04-02T09:42:41.973000Z</time>
      </trkpt>
      <trkpt lat="37.84365657870328" lon="112.00657941269671">
        <time>2026-04-02T09:42:43.973000Z</time>
      </trkpt>
      <trkpt lat="37.84361116388924" lon="112.00660432996943">
        <time>2026-04-02T09:42:45.973000Z</time>
      </trkpt>
      <trkpt lat="37.84356740117671" lon="112.00663422942912">
        <time>2026-04-02T09:42:47.973000Z</time>
      </trkpt>
      <trkpt lat="37.84352562989517" lon="112.00666711808896">
        <time>2026-04-02T09:42:49.973000Z</time>
      </trkpt>
      <trkpt lat="37.84348485878771" lon="112.0067000066453">
        <time>2026-04-02T09:42:51.973000Z</time>
      </trkpt>
      <trkpt lat="37.84344509180561" lon="112.00673156646326">
        <time>2026-04-02T09:42:53.973000Z</time>
      </trkpt>
      <trkpt lat="37.84340632697413" lon="112.00676246185785">
        <time>2026-04-02T09:42:55.973000Z</time>
      </trkpt>
      <trkpt lat="37.843366893405715" lon="112.00679402166331">
        <time>2026-04-02T09:42:57.973000Z</time>
      </trkpt>
      <trkpt lat="37.84332512515331" lon="112.00682591392237">
        <time>2026-04-02T09:42:59.973000Z</time>
      </trkpt>
      <trkpt lat="37.843281688988576" lon="112.00685813855192">
        <time>2026-04-02T09:43:01.973000Z</time>
      </trkpt>
      <trkpt lat="37.843237920439414" lon="112.00689003107759">
        <time>2026-04-02T09:43:03.973000Z</time>
      </trkpt>
      <trkpt lat="37.84319581883482" lon="112.00692192341927">
        <time>2026-04-02T09:43:05.973000Z</time>
      </trkpt>
      <trkpt lat="37.84315338682149" lon="112.00695281933504">
        <time>2026-04-02T09:43:07.973000Z</time>
      </trkpt>
      <trkpt lat="37.84311128820556" lon="112.00698371522618">
        <time>2026-04-02T09:43:09.973000Z</time>
      </trkpt>
      <trkpt lat="37.84307051524936" lon="112.00701726825534">
        <time>2026-04-02T09:43:11.973000Z</time>
      </trkpt>
      <trkpt lat="37.843030406114806" lon="112.00705181770016">
        <time>2026-04-02T09:43:13.973000Z</time>
      </trkpt>
      <trkpt lat="37.84299062741756" lon="112.00708736360657">
        <time>2026-04-02T09:43:15.973000Z</time>
      </trkpt>
      <trkpt lat="37.842949186741194" lon="112.0071212489269">
        <time>2026-04-02T09:43:17.973000Z</time>
      </trkpt>
      <trkpt lat="37.84290741368085" lon="112.00715480214268">
        <time>2026-04-02T09:43:19.973000Z</time>
      </trkpt>
      <trkpt lat="37.84286530625752" lon="112.00718868757605">
        <time>2026-04-02T09:43:21.973000Z</time>
      </trkpt>
      <trkpt lat="37.84282386858485" lon="112.0072215764631">
        <time>2026-04-02T09:43:23.973000Z</time>
      </trkpt>
      <trkpt lat="37.842782764311124" lon="112.00725446532697">
        <time>2026-04-02T09:43:25.973000Z</time>
      </trkpt>
      <trkpt lat="37.84274233077334" lon="112.007286025481">
        <time>2026-04-02T09:43:27.973000Z</time>
      </trkpt>
      <trkpt lat="37.842701232446345" lon="112.00731692140629">
        <time>2026-04-02T09:43:29.973000Z</time>
      </trkpt>
      <trkpt lat="37.84266046949433" lon="112.00734715298039">
        <time>2026-04-02T09:43:31.973000Z</time>
      </trkpt>
      <trkpt lat="37.84262003993936" lon="112.007377384528">
        <time>2026-04-02T09:43:33.973000Z</time>
      </trkpt>
      <trkpt lat="37.84257861516734" lon="112.00740595539818">
        <time>2026-04-02T09:43:35.973000Z</time>
      </trkpt>
      <trkpt lat="37.842536196162975" lon="112.00743253342668">
        <time>2026-04-02T09:43:37.973000Z</time>
      </trkpt>
      <trkpt lat="37.84249244658064" lon="112.00745811513802">
        <time>2026-04-02T09:43:39.973000Z</time>
      </trkpt>
      <trkpt lat="37.84245068943954" lon="112.00748635392138">
        <time>2026-04-02T09:43:41.973000Z</time>
      </trkpt>
      <trkpt lat="37.84240892639325" lon="112.00751658569233">
        <time>2026-04-02T09:43:43.973000Z</time>
      </trkpt>
      <trkpt lat="37.842367491815075" lon="112.00754847825088">
        <time>2026-04-02T09:43:45.973000Z</time>
      </trkpt>
      <trkpt lat="37.84232472370425" lon="112.00758037098505">
        <time>2026-04-02T09:43:47.973000Z</time>
      </trkpt>
      <trkpt lat="37.84228195166433" lon="112.00761359238867">
        <time>2026-04-02T09:43:49.973000Z</time>
      </trkpt>
      <trkpt lat="37.842238843297004" lon="112.00764781033865">
        <time>2026-04-02T09:43:51.973000Z</time>
      </trkpt>
      <trkpt lat="37.84219640073005" lon="112.00768236038932">
        <time>2026-04-02T09:43:53.973000Z</time>
      </trkpt>
      <trkpt lat="37.842154626923595" lon="112.0077162460512">
        <time>2026-04-02T09:43:55.973000Z</time>
      </trkpt>
      <trkpt lat="37.84211252762249" lon="112.00774747446127">
        <time>2026-04-02T09:43:57.973000Z</time>
      </trkpt>
      <trkpt lat="37.84206976747299" lon="112.00777670997947">
        <time>2026-04-02T09:43:59.973000Z</time>
      </trkpt>
      <trkpt lat="37.842026673949576" lon="112.00780594555266">
        <time>2026-04-02T09:44:01.973000Z</time>
      </trkpt>
      <trkpt lat="37.84198457665467" lon="112.00783650967699">
        <time>2026-04-02T09:44:03.973000Z</time>
      </trkpt>
      <trkpt lat="37.84194247937208" lon="112.00786707381461">
        <time>2026-04-02T09:44:05.973000Z</time>
      </trkpt>
      <trkpt lat="37.84190005166989" lon="112.00789664151334">
        <time>2026-04-02T09:44:07.973000Z</time>
      </trkpt>
      <trkpt lat="37.84185763283829" lon="112.00792321974127">
        <time>2026-04-02T09:44:09.973000Z</time>
      </trkpt>
      <trkpt lat="37.84181588571225" lon="112.0079481370759">
        <time>2026-04-02T09:44:11.973000Z</time>
      </trkpt>
      <trkpt lat="37.841773480677325" lon="112.00797006501546">
        <time>2026-04-02T09:44:13.973000Z</time>
      </trkpt>
      <trkpt lat="37.84173041183111" lon="112.00799099654645">
        <time>2026-04-02T09:44:15.973000Z</time>
      </trkpt>
      <trkpt lat="37.841686345783415" lon="112.00801093170868">
        <time>2026-04-02T09:44:17.973000Z</time>
      </trkpt>
      <trkpt lat="37.841642611159195" lon="112.00803153116836">
        <time>2026-04-02T09:44:19.973000Z</time>
      </trkpt>
      <trkpt lat="37.84159854512381" lon="112.0080514663426">
        <time>2026-04-02T09:44:21.973000Z</time>
      </trkpt>
      <trkpt lat="37.84155415161177" lon="112.00806940857089">
        <time>2026-04-02T09:44:23.973000Z</time>
      </trkpt>
      <trkpt lat="37.84150943356857" lon="112.00808436135335">
        <time>2026-04-02T09:44:25.973000Z</time>
      </trkpt>
      <trkpt lat="37.8414647194639" lon="112.00809798547614">
        <time>2026-04-02T09:44:27.973000Z</time>
      </trkpt>
      <trkpt lat="37.841419010120944" lon="112.00810994889184">
        <time>2026-04-02T09:44:29.973000Z</time>
      </trkpt>
      <trkpt lat="37.841372642862666" lon="112.0081189228978">
        <time>2026-04-02T09:44:31.973000Z</time>
      </trkpt>
      <trkpt lat="37.84132595107327" lon="112.00812490745187">
        <time>2026-04-02T09:44:33.973000Z</time>
      </trkpt>
      <trkpt lat="37.84127926518674" lon="112.00812889901154">
        <time>2026-04-02T09:44:35.973000Z</time>
      </trkpt>
      <trkpt lat="37.84123225082989" lon="112.00813122978208">
        <time>2026-04-02T09:44:37.973000Z</time>
      </trkpt>
      <trkpt lat="37.84118357642921" lon="112.00813123559047">
        <time>2026-04-02T09:44:39.973000Z</time>
      </trkpt>
      <trkpt lat="37.8411345774965" lon="112.00812825194595">
        <time>2026-04-02T09:44:41.973000Z</time>
      </trkpt>
      <trkpt lat="37.84108591490111" lon="112.00812427176422">
        <time>2026-04-02T09:44:43.973000Z</time>
      </trkpt>
      <trkpt lat="37.841037588643154" lon="112.0081192950454">
        <time>2026-04-02T09:44:45.973000Z</time>
      </trkpt>
      <trkpt lat="37.840989596755655" lon="112.00811398612147">
        <time>2026-04-02T09:44:47.973000Z</time>
      </trkpt>
      <trkpt lat="37.840941274435735" lon="112.0081076807405">
        <time>2026-04-02T09:44:49.973000Z</time>
      </trkpt>
      <trkpt lat="37.840893293371835" lon="112.00809871799449">
        <time>2026-04-02T09:44:51.973000Z</time>
      </trkpt>
      <trkpt lat="37.84084598597042" lon="112.00808743001097">
        <time>2026-04-02T09:44:53.973000Z</time>
      </trkpt>
      <trkpt lat="37.84079901687565" lon="112.00807448116149">
        <time>2026-04-02T09:44:55.973000Z</time>
      </trkpt>
      <trkpt lat="37.84075171046427" lon="112.00806286101678">
        <time>2026-04-02T09:44:57.973000Z</time>
      </trkpt>
      <trkpt lat="37.840704066735746" lon="112.0080525695752">
        <time>2026-04-02T09:44:59.973000Z</time>
      </trkpt>
      <trkpt lat="37.840656424977716" lon="112.00804161380434">
        <time>2026-04-02T09:45:01.973000Z</time>
      </trkpt>
      <trkpt lat="37.840608783222635" lon="112.00803065803561">
        <time>2026-04-02T09:45:03.973000Z</time>
      </trkpt>
      <trkpt lat="37.8405604746963" lon="112.00801970234791">
        <time>2026-04-02T09:45:05.973000Z</time>
      </trkpt>
      <trkpt lat="37.84051182786807" lon="112.00801040752813">
        <time>2026-04-02T09:45:07.973000Z</time>
      </trkpt>
      <trkpt lat="37.84046318005843" lon="112.00800144487502">
        <time>2026-04-02T09:45:09.973000Z</time>
      </trkpt>
      <trkpt lat="37.840414198866384" lon="112.00799248226271">
        <time>2026-04-02T09:45:11.973000Z</time>
      </trkpt>
      <trkpt lat="37.84036521374055" lon="112.00798484831203">
        <time>2026-04-02T09:45:13.973000Z</time>
      </trkpt>
      <trkpt lat="37.84031655708134" lon="112.00797887514821">
        <time>2026-04-02T09:45:15.973000Z</time>
      </trkpt>
      <trkpt lat="37.84026955849575" lon="112.00797589127144">
        <time>2026-04-02T09:45:17.973000Z</time>
      </trkpt>
      <trkpt lat="37.840223554165895" lon="112.00797490026572">
        <time>2026-04-02T09:45:19.973000Z</time>
      </trkpt>
      <trkpt lat="37.840177543932704" lon="112.0079759022505">
        <time>2026-04-02T09:45:21.973000Z</time>
      </trkpt>
      <trkpt lat="37.84013119342726" lon="112.00797922943065">
        <time>2026-04-02T09:45:23.973000Z</time>
      </trkpt>
      <trkpt lat="37.84008417122892" lon="112.00798421751622">
        <time>2026-04-02T09:45:25.973000Z</time>
      </trkpt>
      <trkpt lat="37.840038144270835" lon="112.00799086630823">
        <time>2026-04-02T09:45:27.973000Z</time>
      </trkpt>
      <trkpt lat="37.839992786056705" lon="112.00799685069157">
        <time>2026-04-02T09:45:29.973000Z</time>
      </trkpt>
      <trkpt lat="37.8399474298124" lon="112.00800217074479">
        <time>2026-04-02T09:45:31.973000Z</time>
      </trkpt>
      <trkpt lat="37.839901744116666" lon="112.00800616217727">
        <time>2026-04-02T09:45:33.973000Z</time>
      </trkpt>
      <trkpt lat="37.83985571913382" lon="112.00801214664138">
        <time>2026-04-02T09:45:35.973000Z</time>
      </trkpt>
      <trkpt lat="37.83981035994274" lon="112.008018463192">
        <time>2026-04-02T09:45:37.973000Z</time>
      </trkpt>
      <trkpt lat="37.83976466342874" lon="112.0080261084439">
        <time>2026-04-02T09:45:39.973000Z</time>
      </trkpt>
      <trkpt lat="37.83971863254815" lon="112.00803408590204">
        <time>2026-04-02T09:45:41.973000Z</time>
      </trkpt>
      <trkpt lat="37.83967226533341" lon="112.00804305989747">
        <time>2026-04-02T09:45:43.973000Z</time>
      </trkpt>
      <trkpt lat="37.8396262295382" lon="112.00805269818527">
        <time>2026-04-02T09:45:45.973000Z</time>
      </trkpt>
      <trkpt lat="37.8395795318949" lon="112.00806067572626">
        <time>2026-04-02T09:45:47.973000Z</time>
      </trkpt>
      <trkpt lat="37.839532503816045" lon="112.00806765681179">
        <time>2026-04-02T09:45:49.973000Z</time>
      </trkpt>
      <trkpt lat="37.839485148256884" lon="112.00807264494398">
        <time>2026-04-02T09:45:51.973000Z</time>
      </trkpt>
      <trkpt lat="37.83943912427523" lon="112.00807829724897">
        <time>2026-04-02T09:45:53.973000Z</time>
      </trkpt>
      <trkpt lat="37.839393433680065" lon="112.00808394951456">
        <time>2026-04-02T09:45:55.973000Z</time>
      </trkpt>
      <trkpt lat="37.83934741068564" lon="112.00808926965483">
        <time>2026-04-02T09:45:57.973000Z</time>
      </trkpt>
      <trkpt lat="37.839301057259206" lon="112.00809359333812">
        <time>2026-04-02T09:45:59.973000Z</time>
      </trkpt>
      <trkpt lat="37.83925570104185" lon="112.00809891339942">
        <time>2026-04-02T09:46:01.973000Z</time>
      </trkpt>
      <trkpt lat="37.839211005693926" lon="112.0081062263762">
        <time>2026-04-02T09:46:03.973000Z</time>
      </trkpt>
      <trkpt lat="37.83916597302907" lon="112.0081148680572">
        <time>2026-04-02T09:46:05.973000Z</time>
      </trkpt>
      <trkpt lat="37.839119937257664" lon="112.00812450635621">
        <time>2026-04-02T09:46:07.973000Z</time>
      </trkpt>
      <trkpt lat="37.839074902630465" lon="112.00813381237158">
        <time>2026-04-02T09:46:09.973000Z</time>
      </trkpt>
      <trkpt lat="37.83903087013072" lon="112.00814245393667">
        <time>2026-04-02T09:46:11.973000Z</time>
      </trkpt>
      <trkpt lat="37.838988841878816" lon="112.00814976660037">
        <time>2026-04-02T09:46:13.973000Z</time>
      </trkpt>
      <trkpt lat="37.83894648122752" lon="112.00815674713853">
        <time>2026-04-02T09:46:15.973000Z</time>
      </trkpt>
      <trkpt lat="37.83890345282545" lon="112.00816405992299">
        <time>2026-04-02T09:46:17.973000Z</time>
      </trkpt>
      <trkpt lat="37.83886009103638" lon="112.00817137274856">
        <time>2026-04-02T09:46:19.973000Z</time>
      </trkpt>
      <trkpt lat="37.83881739995588" lon="112.00817735683081">
        <time>2026-04-02T09:46:21.973000Z</time>
      </trkpt>
      <trkpt lat="37.83877703962772" lon="112.00818433713341">
        <time>2026-04-02T09:46:23.973000Z</time>
      </trkpt>
      <trkpt lat="37.83873600859484" lon="112.00819264618113">
        <time>2026-04-02T09:46:25.973000Z</time>
      </trkpt>
      <trkpt lat="37.838694636313726" lon="112.0082036126006">
        <time>2026-04-02T09:46:27.973000Z</time>
      </trkpt>
      <trkpt lat="37.838651933442236" lon="112.00821358268189">
        <time>2026-04-02T09:46:29.973000Z</time>
      </trkpt>
      <trkpt lat="37.838609573788986" lon="112.00822023106092">
        <time>2026-04-02T09:46:31.973000Z</time>
      </trkpt>
      <trkpt lat="37.83856722101925" lon="112.00822455427607">
        <time>2026-04-02T09:46:33.973000Z</time>
      </trkpt>
      <trkpt lat="37.83852420738051" lon="112.0082268845726">
        <time>2026-04-02T09:46:35.973000Z</time>
      </trkpt>
      <trkpt lat="37.83848019358528" lon="112.00822921498853">
        <time>2026-04-02T09:46:37.973000Z</time>
      </trkpt>
      <trkpt lat="37.83843552481529" lon="112.00822755948703">
        <time>2026-04-02T09:46:39.973000Z</time>
      </trkpt>
      <trkpt lat="37.83839053839212" lon="112.00822058936286">
        <time>2026-04-02T09:46:41.973000Z</time>
      </trkpt>
      <trkpt lat="37.838346232508506" lon="112.00820896883171">
        <time>2026-04-02T09:46:43.973000Z</time>
      </trkpt>
      <trkpt lat="37.83830259929617" lon="112.00819535522544">
        <time>2026-04-02T09:46:45.973000Z</time>
      </trkpt>
      <trkpt lat="37.83825896903725" lon="112.00818074512321">
        <time>2026-04-02T09:46:47.973000Z</time>
      </trkpt>
      <trkpt lat="37.838214676930114" lon="112.00816447427404">
        <time>2026-04-02T09:46:49.973000Z</time>
      </trkpt>
      <trkpt lat="37.838169718054374" lon="112.00814820350747">
        <time>2026-04-02T09:46:51.973000Z</time>
      </trkpt>
      <trkpt lat="37.83812542693985" lon="112.0081316004996">
        <time>2026-04-02T09:46:53.973000Z</time>
      </trkpt>
      <trkpt lat="37.83808280275634" lon="112.0081149972976">
        <time>2026-04-02T09:46:55.973000Z</time>
      </trkpt>
      <trkpt lat="37.838042184794205" lon="112.00809640086693">
        <time>2026-04-02T09:46:57.973000Z</time>
      </trkpt>
      <trkpt lat="37.838002567974286" lon="112.00807747215626">
        <time>2026-04-02T09:46:59.973000Z</time>
      </trkpt>
      <trkpt lat="37.837962287342364" lon="112.00805754703453">
        <time>2026-04-02T09:47:01.973000Z</time>
      </trkpt>
      <trkpt lat="37.837921012462196" lon="112.00803562904501">
        <time>2026-04-02T09:47:03.973000Z</time>
      </trkpt>
      <trkpt lat="37.83787974054091" lon="112.0080127145666">
        <time>2026-04-02T09:47:05.973000Z</time>
      </trkpt>
      <trkpt lat="37.837838797091166" lon="112.00799146088258">
        <time>2026-04-02T09:47:07.973000Z</time>
      </trkpt>
      <trkpt lat="37.83779784380662" lon="112.00797352885718">
        <time>2026-04-02T09:47:09.973000Z</time>
      </trkpt>
      <trkpt lat="37.83775688757448" lon="112.00795659333109">
        <time>2026-04-02T09:47:11.973000Z</time>
      </trkpt>
      <trkpt lat="37.837715595994055" lon="112.00794032218005">
        <time>2026-04-02T09:47:13.973000Z</time>
      </trkpt>
      <trkpt lat="37.83767396906499" lon="112.00792471540157">
        <time>2026-04-02T09:47:15.973000Z</time>
      </trkpt>
      <trkpt lat="37.83763133902961" lon="112.00791010524102">
        <time>2026-04-02T09:47:17.973000Z</time>
      </trkpt>
      <trkpt lat="37.83758804025624" lon="112.00789615949297">
        <time>2026-04-02T09:47:19.973000Z</time>
      </trkpt>
      <trkpt lat="37.837544409086675" lon="112.00788188162262">
        <time>2026-04-02T09:47:21.973000Z</time>
      </trkpt>
      <trkpt lat="37.83750044453654" lon="112.00786760379548">
        <time>2026-04-02T09:47:23.973000Z</time>
      </trkpt>
      <trkpt lat="37.83745615054432" lon="112.00785199735336">
        <time>2026-04-02T09:47:25.973000Z</time>
      </trkpt>
      <trkpt lat="37.837411188798846" lon="112.00783672315865">
        <time>2026-04-02T09:47:27.973000Z</time>
      </trkpt>
      <trkpt lat="37.83736522394626" lon="112.00782244557999">
        <time>2026-04-02T09:47:29.973000Z</time>
      </trkpt>
      <trkpt lat="37.83731926402149" lon="112.00780650718255">
        <time>2026-04-02T09:47:31.973000Z</time>
      </trkpt>
      <trkpt lat="37.83727297268666" lon="112.00778990449963">
        <time>2026-04-02T09:47:33.973000Z</time>
      </trkpt>
      <trkpt lat="37.83722701769557" lon="112.00777230528999">
        <time>2026-04-02T09:47:35.973000Z</time>
      </trkpt>
      <trkpt lat="37.83718072538537" lon="112.00775603478033">
        <time>2026-04-02T09:47:37.973000Z</time>
      </trkpt>
      <trkpt lat="37.837134096740385" lon="112.00774076080552">
        <time>2026-04-02T09:47:39.973000Z</time>
      </trkpt>
      <trkpt lat="37.83708712978559" lon="112.00772714769361">
        <time>2026-04-02T09:47:41.973000Z</time>
      </trkpt>
      <trkpt lat="37.83703916464797" lon="112.00771287037632">
        <time>2026-04-02T09:47:43.973000Z</time>
      </trkpt>
      <trkpt lat="37.83699220459724" lon="112.00769693212466">
        <time>2026-04-02T09:47:45.973000Z</time>
      </trkpt>
      <trkpt lat="37.836945915264785" lon="112.00767966514289">
        <time>2026-04-02T09:47:47.973000Z</time>
      </trkpt>
      <trkpt lat="37.83689995439464" lon="112.00766405894352">
        <time>2026-04-02T09:47:49.973000Z</time>
      </trkpt>
      <trkpt lat="37.836853325775095" lon="112.00764878498977">
        <time>2026-04-02T09:47:51.973000Z</time>
      </trkpt>
      <trkpt lat="37.83680603334366" lon="112.00763251462952">
        <time>2026-04-02T09:47:53.973000Z</time>
      </trkpt>
      <trkpt lat="37.83675874485906" lon="112.00761491561973">
        <time>2026-04-02T09:47:55.973000Z</time>
      </trkpt>
      <trkpt lat="37.836711454408366" lon="112.00759798094165">
        <time>2026-04-02T09:47:57.973000Z</time>
      </trkpt>
      <trkpt lat="37.83666349521871" lon="112.00758171067348">
        <time>2026-04-02T09:47:59.973000Z</time>
      </trkpt>
      <trkpt lat="37.83661519870665" lon="112.00756676910102">
        <time>2026-04-02T09:48:01.973000Z</time>
      </trkpt>
      <trkpt lat="37.83656657078631" lon="112.00755116324571">
        <time>2026-04-02T09:48:03.973000Z</time>
      </trkpt>
      <trkpt lat="37.836518277240344" lon="112.00753522519094">
        <time>2026-04-02T09:48:05.973000Z</time>
      </trkpt>
      <trkpt lat="37.836469651300796" lon="112.00751895501679">
        <time>2026-04-02T09:48:07.973000Z</time>
      </trkpt>
      <trkpt lat="37.83642068606598" lon="112.00750467786224">
        <time>2026-04-02T09:48:09.973000Z</time>
      </trkpt>
      <trkpt lat="37.836371384488736" lon="112.00749139723898">
        <time>2026-04-02T09:48:11.973000Z</time>
      </trkpt>
      <trkpt lat="37.83632241827568" lon="112.00747745225331">
        <time>2026-04-02T09:48:13.973000Z</time>
      </trkpt>
      <trkpt lat="37.83627379235352" lon="112.00746118209298">
        <time>2026-04-02T09:48:15.973000Z</time>
      </trkpt>
      <trkpt lat="37.836223832895776" lon="112.00744491209552">
        <time>2026-04-02T09:48:17.973000Z</time>
      </trkpt>
      <trkpt lat="37.83617353709569" lon="112.00742963862955">
        <time>2026-04-02T09:48:19.973000Z</time>
      </trkpt>
      <trkpt lat="37.83612290890239" lon="112.00741403304457">
        <time>2026-04-02T09:48:21.973000Z</time>
      </trkpt>
      <trkpt lat="37.836073618199364" lon="112.00739709865404">
        <time>2026-04-02T09:48:23.973000Z</time>
      </trkpt>
      <trkpt lat="37.83602566104142" lon="112.00738016410916">
        <time>2026-04-02T09:48:25.973000Z</time>
      </trkpt>
      <trkpt lat="37.83597868924668" lon="112.00736821188028">
        <time>2026-04-02T09:48:27.973000Z</time>
      </trkpt>
      <trkpt lat="37.835932040977816" lon="112.00735958123379">
        <time>2026-04-02T09:48:29.973000Z</time>
      </trkpt>
      <trkpt lat="37.83588438860895" lon="112.00735227935537">
        <time>2026-04-02T09:48:31.973000Z</time>
      </trkpt>
      <trkpt lat="37.8358350742471" lon="112.00734331686698">
        <time>2026-04-02T09:48:33.973000Z</time>
      </trkpt>
      <trkpt lat="37.83578509213339" lon="112.00733468662108">
        <time>2026-04-02T09:48:35.973000Z</time>
      </trkpt>
      <trkpt lat="37.83573510410223" lon="112.00732804934722">
        <time>2026-04-02T09:48:37.973000Z</time>
      </trkpt>
      <trkpt lat="37.835685443537024" lon="112.00732340500541">
        <time>2026-04-02T09:48:39.973000Z</time>
      </trkpt>
      <trkpt lat="37.83563578198704" lon="112.0073190928258">
        <time>2026-04-02T09:48:41.973000Z</time>
      </trkpt>
      <trkpt lat="37.835586131292864" lon="112.00731112686655">
        <time>2026-04-02T09:48:43.973000Z</time>
      </trkpt>
      <trkpt lat="37.835538502621716" lon="112.00729585311177">
        <time>2026-04-02T09:48:45.973000Z</time>
      </trkpt>
      <trkpt lat="37.835495579833534" lon="112.00726762450005">
        <time>2026-04-02T09:48:47.973000Z</time>
      </trkpt>
      <trkpt lat="37.83546036537763" lon="112.00722577636796">
        <time>2026-04-02T09:48:49.973000Z</time>
      </trkpt>
      <trkpt lat="37.83543218460728" lon="112.00717296610839">
        <time>2026-04-02T09:48:51.973000Z</time>
      </trkpt>
      <trkpt lat="37.83540768492863" lon="112.00711550519891">
        <time>2026-04-02T09:48:53.973000Z</time>
      </trkpt>
      <trkpt lat="37.83538352064926" lon="112.00705737997693">
        <time>2026-04-02T09:48:55.973000Z</time>
      </trkpt>
      <trkpt lat="37.83535835526494" lon="112.00699958708526">
        <time>2026-04-02T09:48:57.973000Z</time>
      </trkpt>
      <trkpt lat="37.83533017858453" lon="112.00694544835805">
        <time>2026-04-02T09:48:59.973000Z</time>
      </trkpt>
      <trkpt lat="37.835294635843134" lon="112.00690193966261">
        <time>2026-04-02T09:49:01.973000Z</time>
      </trkpt>
      <trkpt lat="37.835252044595265" lon="112.00687437549296">
        <time>2026-04-02T09:49:03.973000Z</time>
      </trkpt>
      <trkpt lat="37.8352054023283" lon="112.00686375194928">
        <time>2026-04-02T09:49:05.973000Z</time>
      </trkpt>
      <trkpt lat="37.83516006395033" lon="112.00686309303634">
        <time>2026-04-02T09:49:07.973000Z</time>
      </trkpt>
      <trkpt lat="37.83511638458949" lon="112.00686509120163">
        <time>2026-04-02T09:49:09.973000Z</time>
      </trkpt>
      <trkpt lat="37.83507270621838" lon="112.00686675720736">
        <time>2026-04-02T09:49:11.973000Z</time>
      </trkpt>
      <trkpt lat="37.835028029669914" lon="112.00686775901308">
        <time>2026-04-02T09:49:13.973000Z</time>
      </trkpt>
      <trkpt lat="37.83498334818085" lon="112.00687042161702">
        <time>2026-04-02T09:49:15.973000Z</time>
      </trkpt>
      <trkpt lat="37.83493899217421" lon="112.00687574145886">
        <time>2026-04-02T09:49:17.973000Z</time>
      </trkpt>
      <trkpt lat="37.83489562050687" lon="112.00688637573717">
        <time>2026-04-02T09:49:19.973000Z</time>
      </trkpt>
      <trkpt lat="37.834851903598974" lon="112.00690099597486">
        <time>2026-04-02T09:49:21.973000Z</time>
      </trkpt>
      <trkpt lat="37.83480852106666" lon="112.00691528401656">
        <time>2026-04-02T09:49:23.973000Z</time>
      </trkpt>
      <trkpt lat="37.834764486593265" lon="112.00692458974126">
        <time>2026-04-02T09:49:25.973000Z</time>
      </trkpt>
      <trkpt lat="37.8347201444309" lon="112.00692525934822">
        <time>2026-04-02T09:49:27.973000Z</time>
      </trkpt>
      <trkpt lat="37.83467581610456" lon="112.00692127871613">
        <time>2026-04-02T09:49:29.973000Z</time>
      </trkpt>
      <trkpt lat="37.834631499638405" lon="112.00691331216557">
        <time>2026-04-02T09:49:31.973000Z</time>
      </trkpt>
      <trkpt lat="37.83458751359315" lon="112.00690634205564">
        <time>2026-04-02T09:49:33.973000Z</time>
      </trkpt>
      <trkpt lat="37.83454354138583" lon="112.0068947217097">
        <time>2026-04-02T09:49:35.973000Z</time>
      </trkpt>
      <trkpt lat="37.83449990651832" lon="112.00688177268614">
        <time>2026-04-02T09:49:37.973000Z</time>
      </trkpt>
      <trkpt lat="37.834455943212376" lon="112.006867162907">
        <time>2026-04-02T09:49:39.973000Z</time>
      </trkpt>
      <trkpt lat="37.834411642572725" lon="112.00685388180904">
        <time>2026-04-02T09:49:41.973000Z</time>
      </trkpt>
      <trkpt lat="37.8343673458904" lon="112.0068392720753">
        <time>2026-04-02T09:49:43.973000Z</time>
      </trkpt>
      <trkpt lat="37.83432305514316" lon="112.0068226693877">
        <time>2026-04-02T09:49:45.973000Z</time>
      </trkpt>
      <trkpt lat="37.834278432001106" lon="112.00680573458428">
        <time>2026-04-02T09:49:47.973000Z</time>
      </trkpt>
      <trkpt lat="37.83423314308519" lon="112.00678846770548">
        <time>2026-04-02T09:49:49.973000Z</time>
      </trkpt>
      <trkpt lat="37.834187185425115" lon="112.006771865229">
        <time>2026-04-02T09:49:51.973000Z</time>
      </trkpt>
      <trkpt lat="37.83414156016424" lon="112.00675559487532">
        <time>2026-04-02T09:49:53.973000Z</time>
      </trkpt>
      <trkpt lat="37.83409626236231" lon="112.00674131744066">
        <time>2026-04-02T09:49:55.973000Z</time>
      </trkpt>
      <trkpt lat="37.83405096258619" lon="112.00672770432669">
        <time>2026-04-02T09:49:57.973000Z</time>
      </trkpt>
      <trkpt lat="37.83400466364771" lon="112.00671375917513">
        <time>2026-04-02T09:49:59.973000Z</time>
      </trkpt>
      <trkpt lat="37.833958375592125" lon="112.00669616027905">
        <time>2026-04-02T09:50:01.973000Z</time>
      </trkpt>
      <trkpt lat="37.833915440182096" lon="112.00667224997437">
        <time>2026-04-02T09:50:03.973000Z</time>
      </trkpt>
      <trkpt lat="37.83387950289057" lon="112.00664933531704">
        <time>2026-04-02T09:50:05.973000Z</time>
      </trkpt>
      <trkpt lat="37.83384320946467" lon="112.0066340603542">
        <time>2026-04-02T09:50:07.973000Z</time>
      </trkpt>
      <trkpt lat="37.83380588620867" lon="112.00662875026914">
        <time>2026-04-02T09:50:11.973000Z</time>
      </trkpt>
      <trkpt lat="37.83376255708405" lon="112.0066251016923">
        <time>2026-04-02T09:50:15.973000Z</time>
      </trkpt>
      <trkpt lat="37.83372389732469" lon="112.00662078824207">
        <time>2026-04-02T09:50:19.973000Z</time>
      </trkpt>
      <trkpt lat="37.833684249283955" lon="112.00661248900994">
        <time>2026-04-02T09:50:21.973000Z</time>
      </trkpt>
      <trkpt lat="37.83364394832948" lon="112.00659953964083">
        <time>2026-04-02T09:50:23.973000Z</time>
      </trkpt>
      <trkpt lat="37.83359866244079" lon="112.00658127633723">
        <time>2026-04-02T09:50:25.973000Z</time>
      </trkpt>
      <trkpt lat="37.83355171062113" lon="112.00656268107775">
        <time>2026-04-02T09:50:27.973000Z</time>
      </trkpt>
      <trkpt lat="37.833505079329896" lon="112.00654840383963">
        <time>2026-04-02T09:50:29.973000Z</time>
      </trkpt>
      <trkpt lat="37.833458452000876" lon="112.00653279797162">
        <time>2026-04-02T09:50:31.973000Z</time>
      </trkpt>
      <trkpt lat="37.833411824676" lon="112.00651719210738">
        <time>2026-04-02T09:50:33.973000Z</time>
      </trkpt>
      <trkpt lat="37.833365202303966" lon="112.00649992545708">
        <time>2026-04-02T09:50:35.973000Z</time>
      </trkpt>
      <trkpt lat="37.833319573158064" lon="112.00648498379655">
        <time>2026-04-02T09:50:37.973000Z</time>
      </trkpt>
      <trkpt lat="37.833274276413775" lon="112.00647037425709">
        <time>2026-04-02T09:50:39.973000Z</time>
      </trkpt>
      <trkpt lat="37.833229649409574" lon="112.00645476816754">
        <time>2026-04-02T09:50:41.973000Z</time>
      </trkpt>
      <trkpt lat="37.833185361736774" lon="112.00643716909586">
        <time>2026-04-02T09:50:43.973000Z</time>
      </trkpt>
      <trkpt lat="37.83314074167113" lon="112.00641923791082">
        <time>2026-04-02T09:50:45.973000Z</time>
      </trkpt>
      <trkpt lat="37.83309545682393" lon="112.0064006424947">
        <time>2026-04-02T09:50:47.973000Z</time>
      </trkpt>
      <trkpt lat="37.83304949827987" lon="112.00638437226459">
        <time>2026-04-02T09:50:49.973000Z</time>
      </trkpt>
      <trkpt lat="37.83300420056964" lon="112.0063700949023">
        <time>2026-04-02T09:50:51.973000Z</time>
      </trkpt>
      <trkpt lat="37.832959567649006" lon="112.0063564817773">
        <time>2026-04-02T09:50:53.973000Z</time>
      </trkpt>
      <trkpt lat="37.83291527208052" lon="112.00634153998686">
        <time>2026-04-02T09:50:55.973000Z</time>
      </trkpt>
      <trkpt lat="37.832870982458" lon="112.00632460525671">
        <time>2026-04-02T09:50:57.973000Z</time>
      </trkpt>
      <trkpt lat="37.83282602408829" lon="112.00630833492372">
        <time>2026-04-02T09:50:59.973000Z</time>
      </trkpt>
      <trkpt lat="37.832780734320565" lon="112.00629140032065">
        <time>2026-04-02T09:51:01.973000Z</time>
      </trkpt>
      <trkpt lat="37.832734446384514" lon="112.00627380152697">
        <time>2026-04-02T09:51:03.973000Z</time>
      </trkpt>
      <trkpt lat="37.832687825070046" lon="112.0062562027761">
        <time>2026-04-02T09:51:05.973000Z</time>
      </trkpt>
      <trkpt lat="37.83264153813425" lon="112.00623827183325">
        <time>2026-04-02T09:51:07.973000Z</time>
      </trkpt>
      <trkpt lat="37.832596586721834" lon="112.006219676422">
        <time>2026-04-02T09:51:09.973000Z</time>
      </trkpt>
      <trkpt lat="37.83255230406674" lon="112.00620041662279">
        <time>2026-04-02T09:51:11.973000Z</time>
      </trkpt>
      <trkpt lat="37.83250801844428" lon="112.00618215329831">
        <time>2026-04-02T09:51:13.973000Z</time>
      </trkpt>
      <trkpt lat="37.83246373282671" lon="112.0061638899785">
        <time>2026-04-02T09:51:15.973000Z</time>
      </trkpt>
      <trkpt lat="37.83241944523201" lon="112.00614629097666">
        <time>2026-04-02T09:51:17.973000Z</time>
      </trkpt>
      <trkpt lat="37.832374821281334" lon="112.00612968848631">
        <time>2026-04-02T09:51:19.973000Z</time>
      </trkpt>
      <trkpt lat="37.832329191234585" lon="112.00611507905619">
        <time>2026-04-02T09:51:21.973000Z</time>
      </trkpt>
      <trkpt lat="37.83228289145182" lon="112.0061014661769">
        <time>2026-04-02T09:51:23.973000Z</time>
      </trkpt>
      <trkpt lat="37.83223592093718" lon="112.00608918200372">
        <time>2026-04-02T09:51:25.973000Z</time>
      </trkpt>
      <trkpt lat="37.832188274738286" lon="112.00607988731653">
        <time>2026-04-02T09:51:27.973000Z</time>
      </trkpt>
      <trkpt lat="37.83214061466418" lon="112.00607524281432">
        <time>2026-04-02T09:51:29.973000Z</time>
      </trkpt>
      <trkpt lat="37.83209260732685" lon="112.00607524853605">
        <time>2026-04-02T09:51:31.973000Z</time>
      </trkpt>
      <trkpt lat="37.832044925448436" lon="112.00607791146618">
        <time>2026-04-02T09:51:33.973000Z</time>
      </trkpt>
      <trkpt lat="37.831996908201866" lon="112.00608123874832">
        <time>2026-04-02T09:51:35.973000Z</time>
      </trkpt>
      <trkpt lat="37.83194989309281" lon="112.00608390159913">
        <time>2026-04-02T09:51:37.973000Z</time>
      </trkpt>
      <trkpt lat="37.8319028740205" lon="112.00608789307437">
        <time>2026-04-02T09:51:39.973000Z</time>
      </trkpt>
      <trkpt lat="37.83185585594107" lon="112.00609155239371">
        <time>2026-04-02T09:51:41.973000Z</time>
      </trkpt>
      <trkpt lat="37.8318075003623" lon="112.00609654049656">
        <time>2026-04-02T09:51:43.973000Z</time>
      </trkpt>
      <trkpt lat="37.831758481984096" lon="112.00610020005476">
        <time>2026-04-02T09:51:45.973000Z</time>
      </trkpt>
      <trkpt lat="37.83170912823812" lon="112.00610452396519">
        <time>2026-04-02T09:51:47.973000Z</time>
      </trkpt>
      <trkpt lat="37.831659442102186" lon="112.00610851575928">
        <time>2026-04-02T09:51:49.973000Z</time>
      </trkpt>
      <trkpt lat="37.831610089351074" lon="112.00611250751389">
        <time>2026-04-02T09:51:51.973000Z</time>
      </trkpt>
      <trkpt lat="37.83156007280927" lon="112.00611550287964">
        <time>2026-04-02T09:51:53.973000Z</time>
      </trkpt>
      <trkpt lat="37.83151005825148" lon="112.00611783393309">
        <time>2026-04-02T09:51:55.973000Z</time>
      </trkpt>
      <trkpt lat="37.83146004468658" lon="112.00611983283042">
        <time>2026-04-02T09:51:57.973000Z</time>
      </trkpt>
      <trkpt lat="37.83141136565044" lon="112.00612149941274">
        <time>2026-04-02T09:51:59.973000Z</time>
      </trkpt>
      <trkpt lat="37.831363350408495" lon="112.00612416238425">
        <time>2026-04-02T09:52:01.973000Z</time>
      </trkpt>
      <trkpt lat="37.83131566954646" lon="112.00612649315991">
        <time>2026-04-02T09:52:03.973000Z</time>
      </trkpt>
      <trkpt lat="37.83126832008679" lon="112.00612948820859">
        <time>2026-04-02T09:52:05.973000Z</time>
      </trkpt>
      <trkpt lat="37.8312209795483" lon="112.00612949385074">
        <time>2026-04-02T09:52:07.973000Z</time>
      </trkpt>
      <trkpt lat="37.831172971250304" lon="112.00612983172863">
        <time>2026-04-02T09:52:09.973000Z</time>
      </trkpt>
      <trkpt lat="37.83112396082326" lon="112.00613083403833">
        <time>2026-04-02T09:52:11.973000Z</time>
      </trkpt>
      <trkpt lat="37.83107527585229" lon="112.00613449355848">
        <time>2026-04-02T09:52:13.973000Z</time>
      </trkpt>
      <trkpt lat="37.83102725665771" lon="112.00613848515579">
        <time>2026-04-02T09:52:15.973000Z</time>
      </trkpt>
      <trkpt lat="37.83098090736055" lon="112.00614148008556">
        <time>2026-04-02T09:52:17.973000Z</time>
      </trkpt>
      <trkpt lat="37.83093522582156" lon="112.0061441427797">
        <time>2026-04-02T09:52:19.973000Z</time>
      </trkpt>
      <trkpt lat="37.83089020907195" lon="112.00614746970734">
        <time>2026-04-02T09:52:21.973000Z</time>
      </trkpt>
      <trkpt lat="37.83084485398614" lon="112.00615245745648">
        <time>2026-04-02T09:52:23.973000Z</time>
      </trkpt>
      <trkpt lat="37.83079916353304" lon="112.00615810955846">
        <time>2026-04-02T09:52:25.973000Z</time>
      </trkpt>
      <trkpt lat="37.83075380845064" lon="112.00616309730827">
        <time>2026-04-02T09:52:27.973000Z</time>
      </trkpt>
      <trkpt lat="37.83070845733366" lon="112.00616675643266">
        <time>2026-04-02T09:52:29.973000Z</time>
      </trkpt>
      <trkpt lat="37.83066344158282" lon="112.00616975120461">
        <time>2026-04-02T09:52:31.973000Z</time>
      </trkpt>
      <trkpt lat="37.830618095423496" lon="112.00617174954716">
        <time>2026-04-02T09:52:33.973000Z</time>
      </trkpt>
      <trkpt lat="37.830572743320204" lon="112.00617574082867">
        <time>2026-04-02T09:52:35.973000Z</time>
      </trkpt>
      <trkpt lat="37.830526729403275" lon="112.0061780714072">
        <time>2026-04-02T09:52:37.973000Z</time>
      </trkpt>
      <trkpt lat="37.8304807224241" lon="112.00617807689036">
        <time>2026-04-02T09:52:39.973000Z</time>
      </trkpt>
      <trkpt lat="37.830433730157615" lon="112.0061731001454">
        <time>2026-04-02T09:52:41.973000Z</time>
      </trkpt>
      <trkpt lat="37.83038640748305" lon="112.00616712697126">
        <time>2026-04-02T09:52:43.973000Z</time>
      </trkpt>
      <trkpt lat="37.830339082828516" lon="112.0061618181101">
        <time>2026-04-02T09:52:45.973000Z</time>
      </trkpt>
      <trkpt lat="37.83029375748931" lon="112.00615684116758">
        <time>2026-04-02T09:52:47.973000Z</time>
      </trkpt>
      <trkpt lat="37.83025043443388" lon="112.00615119967415">
        <time>2026-04-02T09:52:49.973000Z</time>
      </trkpt>
      <trkpt lat="37.83020944704907" lon="112.00614489358988">
        <time>2026-04-02T09:52:51.973000Z</time>
      </trkpt>
      <trkpt lat="37.830168123310145" lon="112.00613958401529">
        <time>2026-04-02T09:52:53.973000Z</time>
      </trkpt>
      <trkpt lat="37.83012645826174" lon="112.00613693173119">
        <time>2026-04-02T09:52:55.973000Z</time>
      </trkpt>
      <trkpt lat="37.83008411554367" lon="112.00613793324612">
        <time>2026-04-02T09:52:57.973000Z</time>
      </trkpt>
      <trkpt lat="37.83004176588966" lon="112.0061412598554">
        <time>2026-04-02T09:52:59.973000Z</time>
      </trkpt>
      <trkpt lat="37.83000008102443" lon="112.00614525069801">
        <time>2026-04-02T09:53:01.973000Z</time>
      </trkpt>
      <trkpt lat="37.829957727409166" lon="112.006149905933">
        <time>2026-04-02T09:53:03.973000Z</time>
      </trkpt>
      <trkpt lat="37.82991637295636" lon="112.00615489320573">
        <time>2026-04-02T09:53:05.973000Z</time>
      </trkpt>
      <trkpt lat="37.8298746841315" lon="112.00616021267491">
        <time>2026-04-02T09:53:07.973000Z</time>
      </trkpt>
      <trkpt lat="37.82983299828096" lon="112.006164535675">
        <time>2026-04-02T09:53:09.973000Z</time>
      </trkpt>
      <trkpt lat="37.82979231060185" lon="112.00616952286933">
        <time>2026-04-02T09:53:11.973000Z</time>
      </trkpt>
      <trkpt lat="37.82975162490598" lon="112.00617384575102">
        <time>2026-04-02T09:53:13.973000Z</time>
      </trkpt>
      <trkpt lat="37.82971027541483" lon="112.00617717224267">
        <time>2026-04-02T09:53:15.973000Z</time>
      </trkpt>
      <trkpt lat="37.82966893682481" lon="112.00617684501289">
        <time>2026-04-02T09:53:17.973000Z</time>
      </trkpt>
      <trkpt lat="37.829628597396834" lon="112.0061768498204">
        <time>2026-04-02T09:53:19.973000Z</time>
      </trkpt>
      <trkpt lat="37.829589591504224" lon="112.00617685446899">
        <time>2026-04-02T09:53:21.973000Z</time>
      </trkpt>
      <trkpt lat="37.82954991487985" lon="112.00617818782304">
        <time>2026-04-02T09:53:23.973000Z</time>
      </trkpt>
      <trkpt lat="37.829512246487106" lon="112.00617686368663">
        <time>2026-04-02T09:53:25.973000Z</time>
      </trkpt>
      <trkpt lat="37.829474911477824" lon="112.00617553951051">
        <time>2026-04-02T09:53:27.973000Z</time>
      </trkpt>
      <trkpt lat="37.829436244917275" lon="112.00617355118027">
        <time>2026-04-02T09:53:29.973000Z</time>
      </trkpt>
      <trkpt lat="37.82939390420173" lon="112.0061738883826">
        <time>2026-04-02T09:53:31.973000Z</time>
      </trkpt>
      <trkpt lat="37.82934989458918" lon="112.00617489009663">
        <time>2026-04-02T09:53:33.973000Z</time>
      </trkpt>
      <trkpt lat="37.82930454946223" lon="112.00617655628263">
        <time>2026-04-02T09:53:35.973000Z</time>
      </trkpt>
      <trkpt lat="37.82925853756765" lon="112.00617822254812">
        <time>2026-04-02T09:53:37.973000Z</time>
      </trkpt>
      <trkpt lat="37.829211857918885" lon="112.00618022104953">
        <time>2026-04-02T09:53:39.973000Z</time>
      </trkpt>
      <trkpt lat="37.82916518124433" lon="112.00618122308147">
        <time>2026-04-02T09:53:41.973000Z</time>
      </trkpt>
      <trkpt lat="37.82911783978403" lon="112.00618156087977">
        <time>2026-04-02T09:53:43.973000Z</time>
      </trkpt>
      <trkpt lat="37.829070834680316" lon="112.00618090216872">
        <time>2026-04-02T09:53:45.973000Z</time>
      </trkpt>
      <trkpt lat="37.829023823632845" lon="112.00618223639687">
        <time>2026-04-02T09:53:47.973000Z</time>
      </trkpt>
      <trkpt lat="37.828977143000934" lon="112.0061845670549">
        <time>2026-04-02T09:53:49.973000Z</time>
      </trkpt>
      <trkpt lat="37.82893012303883" lon="112.00618889069231">
        <time>2026-04-02T09:53:51.973000Z</time>
      </trkpt>
      <trkpt lat="37.82888343448339" lon="112.00619387860337">
        <time>2026-04-02T09:53:53.973000Z</time>
      </trkpt>
      <trkpt lat="37.828836747911375" lon="112.00619820220155">
        <time>2026-04-02T09:53:55.973000Z</time>
      </trkpt>
      <trkpt lat="37.82879006728596" lon="112.00620053286012">
        <time>2026-04-02T09:53:57.973000Z</time>
      </trkpt>
      <trkpt lat="37.82874339161617" lon="112.00620120273564">
        <time>2026-04-02T09:53:59.973000Z</time>
      </trkpt>
      <trkpt lat="37.82869704933019" lon="112.00620187257142">
        <time>2026-04-02T09:54:01.973000Z</time>
      </trkpt>
      <trkpt lat="37.82865070704571" lon="112.00620254240722">
        <time>2026-04-02T09:54:03.973000Z</time>
      </trkpt>
      <trkpt lat="37.82860369799395" lon="112.00620321232248">
        <time>2026-04-02T09:54:05.973000Z</time>
      </trkpt>
      <trkpt lat="37.828556362497146" lon="112.00620155718099">
        <time>2026-04-02T09:54:07.973000Z</time>
      </trkpt>
      <trkpt lat="37.82850969575233" lon="112.0061992376467">
        <time>2026-04-02T09:54:09.973000Z</time>
      </trkpt>
      <trkpt lat="37.82846502930671" lon="112.0061969178742">
        <time>2026-04-02T09:54:11.973000Z</time>
      </trkpt>
      <trkpt lat="37.82842135805931" lon="112.0061962587656">
        <time>2026-04-02T09:54:13.973000Z</time>
      </trkpt>
      <trkpt lat="37.82837702203051" lon="112.00619493542315">
        <time>2026-04-02T09:54:15.973000Z</time>
      </trkpt>
      <trkpt lat="37.82833134652074" lon="112.00619560517937">
        <time>2026-04-02T09:54:17.973000Z</time>
      </trkpt>
      <trkpt lat="37.82828532871282" lon="112.00619926438506">
        <time>2026-04-02T09:54:19.973000Z</time>
      </trkpt>
      <trkpt lat="37.82823996677635" lon="112.00620657723438">
        <time>2026-04-02T09:54:21.973000Z</time>
      </trkpt>
      <trkpt lat="37.82819494119636" lon="112.0062128935748">
        <time>2026-04-02T09:54:23.973000Z</time>
      </trkpt>
      <trkpt lat="37.828150246028116" lon="112.00622020634657">
        <time>2026-04-02T09:54:25.973000Z</time>
      </trkpt>
      <trkpt lat="37.82810521252612" lon="112.00622917994218">
        <time>2026-04-02T09:54:27.973000Z</time>
      </trkpt>
      <trkpt lat="37.828060173082314" lon="112.00624014648031">
        <time>2026-04-02T09:54:29.973000Z</time>
      </trkpt>
      <trkpt lat="37.828014804221645" lon="112.006249784432">
        <time>2026-04-02T09:54:31.973000Z</time>
      </trkpt>
      <trkpt lat="37.82796943833524" lon="112.00625842591403">
        <time>2026-04-02T09:54:33.973000Z</time>
      </trkpt>
      <trkpt lat="37.827923412616684" lon="112.00626474237811">
        <time>2026-04-02T09:54:35.973000Z</time>
      </trkpt>
      <trkpt lat="37.82787705153683" lon="112.00627172319689">
        <time>2026-04-02T09:54:37.973000Z</time>
      </trkpt>
      <trkpt lat="37.82783069244008" lon="112.00627803970208">
        <time>2026-04-02T09:54:39.973000Z</time>
      </trkpt>
      <trkpt lat="37.82778466474629" lon="112.00628502048247">
        <time>2026-04-02T09:54:41.973000Z</time>
      </trkpt>
      <trkpt lat="37.82773864497848" lon="112.00628934400667">
        <time>2026-04-02T09:54:43.973000Z</time>
      </trkpt>
      <trkpt lat="37.82769263709828" lon="112.00628968164646">
        <time>2026-04-02T09:54:45.973000Z</time>
      </trkpt>
      <trkpt lat="37.827647297968916" lon="112.00628935489269">
        <time>2026-04-02T09:54:47.973000Z</time>
      </trkpt>
      <trkpt lat="37.82760496027827" lon="112.00628869562426">
        <time>2026-04-02T09:54:49.973000Z</time>
      </trkpt>
      <trkpt lat="37.827564281583506" lon="112.00629069341369">
        <time>2026-04-02T09:54:51.973000Z</time>
      </trkpt>
      <trkpt lat="37.827524265692" lon="112.00629401975205">
        <time>2026-04-02T09:54:53.973000Z</time>
      </trkpt>
      <trkpt lat="37.82748323974679" lon="112.00630066778066">
        <time>2026-04-02T09:54:55.973000Z</time>
      </trkpt>
      <trkpt lat="37.82744154307754" lon="112.00630864451784">
        <time>2026-04-02T09:54:57.973000Z</time>
      </trkpt>
      <trkpt lat="37.82739918063236" lon="112.00631628917837">
        <time>2026-04-02T09:54:59.973000Z</time>
      </trkpt>
      <trkpt lat="37.82735515226535" lon="112.00632360188101">
        <time>2026-04-02T09:55:01.973000Z</time>
      </trkpt>
      <trkpt lat="37.827310456141724" lon="112.00633124682112">
        <time>2026-04-02T09:55:03.973000Z</time>
      </trkpt>
      <trkpt lat="37.82726542960918" lon="112.00633789532968">
        <time>2026-04-02T09:55:05.973000Z</time>
      </trkpt>
      <trkpt lat="37.82722040604945" lon="112.0063435473672">
        <time>2026-04-02T09:55:07.973000Z</time>
      </trkpt>
      <trkpt lat="37.82717604628875" lon="112.00635019579747">
        <time>2026-04-02T09:55:09.973000Z</time>
      </trkpt>
      <trkpt lat="37.82713168454939" lon="112.00635750854357">
        <time>2026-04-02T09:55:11.973000Z</time>
      </trkpt>
      <trkpt lat="37.82708765520366" lon="112.00636515340776">
        <time>2026-04-02T09:55:13.973000Z</time>
      </trkpt>
      <trkpt lat="37.82704329742907" lon="112.00637113752585">
        <time>2026-04-02T09:55:15.973000Z</time>
      </trkpt>
      <trkpt lat="37.82699993782151" lon="112.00637778583982">
        <time>2026-04-02T09:55:17.973000Z</time>
      </trkpt>
      <trkpt lat="37.82695691358223" lon="112.00638376979971">
        <time>2026-04-02T09:55:19.973000Z</time>
      </trkpt>
      <trkpt lat="37.8269135559585" lon="112.00638975379974">
        <time>2026-04-02T09:55:21.973000Z</time>
      </trkpt>
      <trkpt lat="37.826868868765295" lon="112.0063944093291">
        <time>2026-04-02T09:55:23.973000Z</time>
      </trkpt>
      <trkpt lat="37.82682318142393" lon="112.00639906497786">
        <time>2026-04-02T09:55:25.973000Z</time>
      </trkpt>
      <trkpt lat="37.82677716169254" lon="112.00640338850927">
        <time>2026-04-02T09:55:27.973000Z</time>
      </trkpt>
      <trkpt lat="37.826730477179375" lon="112.00640704780501">
        <time>2026-04-02T09:55:29.973000Z</time>
      </trkpt>
      <trkpt lat="37.82668379068775" lon="112.00641137141636">
        <time>2026-04-02T09:55:31.973000Z</time>
      </trkpt>
      <trkpt lat="37.82663743757966" lon="112.00641569498822">
        <time>2026-04-02T09:55:33.973000Z</time>
      </trkpt>
      <trkpt lat="37.82659274742637" lon="112.00642134699257">
        <time>2026-04-02T09:55:35.973000Z</time>
      </trkpt>
      <trkpt lat="37.8265490623745" lon="112.00642533808931">
        <time>2026-04-02T09:55:37.973000Z</time>
      </trkpt>
      <trkpt lat="37.82650771496508" lon="112.00642800027755">
        <time>2026-04-02T09:55:39.973000Z</time>
      </trkpt>
      <trkpt lat="37.82646702838478" lon="112.00643265533282">
        <time>2026-04-02T09:55:41.973000Z</time>
      </trkpt>
      <trkpt lat="37.82642732809161" lon="112.0064419604776">
        <time>2026-04-02T09:55:43.973000Z</time>
      </trkpt>
      <trkpt lat="37.82638728352966" lon="112.00645491939935">
        <time>2026-04-02T09:55:45.973000Z</time>
      </trkpt>
      <trkpt lat="37.82634790276882" lon="112.00646887471751">
        <time>2026-04-02T09:55:47.973000Z</time>
      </trkpt>
      <trkpt lat="37.826307525820994" lon="112.00648150152574">
        <time>2026-04-02T09:55:49.973000Z</time>
      </trkpt>
      <trkpt lat="37.82626515055678" lon="112.00649346425911">
        <time>2026-04-02T09:55:51.973000Z</time>
      </trkpt>
      <trkpt lat="37.82622145166165" lon="112.00650210557258">
        <time>2026-04-02T09:55:53.973000Z</time>
      </trkpt>
      <trkpt lat="37.82617776464527" lon="112.00650676099025">
        <time>2026-04-02T09:55:55.973000Z</time>
      </trkpt>
      <trkpt lat="37.8261340865379" lon="112.00650842698536">
        <time>2026-04-02T09:55:57.973000Z</time>
      </trkpt>
      <trkpt lat="37.82608907490095" lon="112.00651009313947">
        <time>2026-04-02T09:55:59.973000Z</time>
      </trkpt>
      <trkpt lat="37.82604206197727" lon="112.00651209169013">
        <time>2026-04-02T09:56:01.973000Z</time>
      </trkpt>
      <trkpt lat="37.82599438823011" lon="112.00651209737161">
        <time>2026-04-02T09:56:03.973000Z</time>
      </trkpt>
      <trkpt lat="37.825947055783864" lon="112.0065094457485">
        <time>2026-04-02T09:56:05.973000Z</time>
      </trkpt>
      <trkpt lat="37.82590039307599" lon="112.00650579757175">
        <time>2026-04-02T09:56:07.973000Z</time>
      </trkpt>
      <trkpt lat="37.82585305667414" lon="112.00650447458113">
        <time>2026-04-02T09:56:09.973000Z</time>
      </trkpt>
      <trkpt lat="37.82580438674322" lon="112.00650315174946">
        <time>2026-04-02T09:56:11.973000Z</time>
      </trkpt>
      <trkpt lat="37.8257547176547" lon="112.00650149687893">
        <time>2026-04-02T09:56:13.973000Z</time>
      </trkpt>
      <trkpt lat="37.82570704985573" lon="112.00649950961203">
        <time>2026-04-02T09:56:15.973000Z</time>
      </trkpt>
      <trkpt lat="37.82566105095003" lon="112.00649685783038">
        <time>2026-04-02T09:56:17.973000Z</time>
      </trkpt>
      <trkpt lat="37.82561672391112" lon="112.00649254506003">
        <time>2026-04-02T09:56:19.973000Z</time>
      </trkpt>
      <trkpt lat="37.825572068436934" lon="112.00648657153953">
        <time>2026-04-02T09:56:21.973000Z</time>
      </trkpt>
      <trkpt lat="37.82552874550515" lon="112.00648093001851">
        <time>2026-04-02T09:56:23.973000Z</time>
      </trkpt>
      <trkpt lat="37.825486750166434" lon="112.00647728128689">
        <time>2026-04-02T09:56:25.973000Z</time>
      </trkpt>
      <trkpt lat="37.82544575497793" lon="112.00647363243628">
        <time>2026-04-02T09:56:27.973000Z</time>
      </trkpt>
      <trkpt lat="37.82540376261154" lon="112.0064689872311">
        <time>2026-04-02T09:56:29.973000Z</time>
      </trkpt>
      <trkpt lat="37.82536044463544" lon="112.0064616849217">
        <time>2026-04-02T09:56:31.973000Z</time>
      </trkpt>
      <trkpt lat="37.825315797090695" lon="112.00645305414095">
        <time>2026-04-02T09:56:33.973000Z</time>
      </trkpt>
      <trkpt lat="37.82527015335927" lon="112.0064430948493">
        <time>2026-04-02T09:56:35.973000Z</time>
      </trkpt>
      <trkpt lat="37.825224174268975" lon="112.00643379991374">
        <time>2026-04-02T09:56:37.973000Z</time>
      </trkpt>
      <trkpt lat="37.82517753039826" lon="112.00642384074337">
        <time>2026-04-02T09:56:39.973000Z</time>
      </trkpt>
      <trkpt lat="37.825132552451585" lon="112.00641421353356">
        <time>2026-04-02T09:56:41.973000Z</time>
      </trkpt>
      <trkpt lat="37.82508858158659" lon="112.0064022611025">
        <time>2026-04-02T09:56:43.973000Z</time>
      </trkpt>
      <trkpt lat="37.825045610873055" lon="112.00639030855454">
        <time>2026-04-02T09:56:45.973000Z</time>
      </trkpt>
      <trkpt lat="37.82500197240509" lon="112.00637868824508">
        <time>2026-04-02T09:56:47.973000Z</time>
      </trkpt>
      <trkpt lat="37.82495832997905" lon="112.00636839656751">
        <time>2026-04-02T09:56:49.973000Z</time>
      </trkpt>
      <trkpt lat="37.824915352342046" lon="112.00635876912676">
        <time>2026-04-02T09:56:51.973000Z</time>
      </trkpt>
      <trkpt lat="37.824872705117876" lon="112.00635013811961">
        <time>2026-04-02T09:56:53.973000Z</time>
      </trkpt>
      <trkpt lat="37.82483071772635" lon="112.00634383213537">
        <time>2026-04-02T09:56:55.973000Z</time>
      </trkpt>
      <trkpt lat="37.824788398935816" lon="112.00633686187673">
        <time>2026-04-02T09:56:57.973000Z</time>
      </trkpt>
      <trkpt lat="37.82474574478502" lon="112.00633055597281">
        <time>2026-04-02T09:56:59.973000Z</time>
      </trkpt>
      <trkpt lat="37.824702759235365" lon="112.00632358579476">
        <time>2026-04-02T09:57:01.973000Z</time>
      </trkpt>
      <trkpt lat="37.82465977269715" lon="112.00631694777445">
        <time>2026-04-02T09:57:03.973000Z</time>
      </trkpt>
      <trkpt lat="37.82461679210331" lon="112.00630831681131">
        <time>2026-04-02T09:57:05.973000Z</time>
      </trkpt>
      <trkpt lat="37.82457247600116" lon="112.00630035032229">
        <time>2026-04-02T09:57:07.973000Z</time>
      </trkpt>
      <trkpt lat="37.82452682735783" lon="112.006292051836">
        <time>2026-04-02T09:57:09.973000Z</time>
      </trkpt>
      <trkpt lat="37.824480843354394" lon="112.00628441770439">
        <time>2026-04-02T09:57:11.973000Z</time>
      </trkpt>
      <trkpt lat="37.82443452993402" lon="112.00627545498563">
        <time>2026-04-02T09:57:13.973000Z</time>
      </trkpt>
      <trkpt lat="37.82438821453486" lon="112.00626715658147">
        <time>2026-04-02T09:57:15.973000Z</time>
      </trkpt>
      <trkpt lat="37.82434189715677" lon="112.00625952249226">
        <time>2026-04-02T09:57:17.973000Z</time>
      </trkpt>
      <trkpt lat="37.82429591613398" lon="112.00625089189322">
        <time>2026-04-02T09:57:19.973000Z</time>
      </trkpt>
      <trkpt lat="37.82425093823348" lon="112.00624126470578">
        <time>2026-04-02T09:57:21.973000Z</time>
      </trkpt>
      <trkpt lat="37.824206295698055" lon="112.00623097316556">
        <time>2026-04-02T09:57:23.973000Z</time>
      </trkpt>
      <trkpt lat="37.82416164424852" lon="112.0062236710384">
        <time>2026-04-02T09:57:25.973000Z</time>
      </trkpt>
      <trkpt lat="37.824116328020104" lon="112.00621570467793">
        <time>2026-04-02T09:57:27.973000Z</time>
      </trkpt>
      <trkpt lat="37.82406968420957" lon="112.00620574553672">
        <time>2026-04-02T09:57:29.973000Z</time>
      </trkpt>
      <trkpt lat="37.82402238651596" lon="112.00619146843867">
        <time>2026-04-02T09:57:31.973000Z</time>
      </trkpt>
      <trkpt lat="37.82397475643585" lon="112.00617685922734">
        <time>2026-04-02T09:57:33.973000Z</time>
      </trkpt>
      <trkpt lat="37.82392711843206" lon="112.00616490727086">
        <time>2026-04-02T09:57:35.973000Z</time>
      </trkpt>
      <trkpt lat="37.823879144073025" lon="112.00615395182568">
        <time>2026-04-02T09:57:37.973000Z</time>
      </trkpt>
      <trkpt lat="37.82383016560946" lon="112.00614432512691">
        <time>2026-04-02T09:57:39.973000Z</time>
      </trkpt>
      <trkpt lat="37.82378118615753" lon="112.00613503058607">
        <time>2026-04-02T09:57:41.973000Z</time>
      </trkpt>
      <trkpt lat="37.8237318673764" lon="112.0061277290237">
        <time>2026-04-02T09:57:43.973000Z</time>
      </trkpt>
      <trkpt lat="37.82368287405419" lon="112.00612308467336">
        <time>2026-04-02T09:57:45.973000Z</time>
      </trkpt>
      <trkpt lat="37.823633543384155" lon="112.00611976898841">
        <time>2026-04-02T09:57:47.973000Z</time>
      </trkpt>
      <trkpt lat="37.82358520889904" lon="112.00611778180976">
        <time>2026-04-02T09:57:49.973000Z</time>
      </trkpt>
      <trkpt lat="37.82353720581447" lon="112.00611645890407">
        <time>2026-04-02T09:57:51.973000Z</time>
      </trkpt>
      <trkpt lat="37.823490198914534" lon="112.00611646450459">
        <time>2026-04-02T09:57:53.973000Z</time>
      </trkpt>
      <trkpt lat="37.8234428546707" lon="112.00611779877013">
        <time>2026-04-02T09:57:55.973000Z</time>
      </trkpt>
      <trkpt lat="37.82339584281842" lon="112.00611946515234">
        <time>2026-04-02T09:57:57.973000Z</time>
      </trkpt>
      <trkpt lat="37.82334816618793" lon="112.00612046730132">
        <time>2026-04-02T09:57:59.973000Z</time>
      </trkpt>
      <trkpt lat="37.82329982279278" lon="112.00612146952969">
        <time>2026-04-02T09:58:01.973000Z</time>
      </trkpt>
      <trkpt lat="37.8232508066908" lon="112.00612446477578">
        <time>2026-04-02T09:58:03.973000Z</time>
      </trkpt>
      <trkpt lat="37.82320212000734" lon="112.00612878860787">
        <time>2026-04-02T09:58:05.973000Z</time>
      </trkpt>
      <trkpt lat="37.82315442752665" lon="112.00613510525963">
        <time>2026-04-02T09:58:07.973000Z</time>
      </trkpt>
      <trkpt lat="37.82310806857613" lon="112.00614142175304">
        <time>2026-04-02T09:58:09.973000Z</time>
      </trkpt>
      <trkpt lat="37.82306237539846" lon="112.00614807032427">
        <time>2026-04-02T09:58:11.973000Z</time>
      </trkpt>
      <trkpt lat="37.82301735295283" lon="112.00615339019026">
        <time>2026-04-02T09:58:13.973000Z</time>
      </trkpt>
      <trkpt lat="37.822976658532355" lon="112.00616070247926">
        <time>2026-04-02T09:58:15.973000Z</time>
      </trkpt>
      <trkpt lat="37.82294028618729" lon="112.00617200013205">
        <time>2026-04-02T09:58:17.973000Z</time>
      </trkpt>
      <trkpt lat="37.82290857524913" lon="112.00618529017054">
        <time>2026-04-02T09:58:21.973000Z</time>
      </trkpt>
      <trkpt lat="37.82287521226727" lon="112.00619359805943">
        <time>2026-04-02T09:58:23.973000Z</time>
      </trkpt>
      <trkpt lat="37.82284857241572" lon="112.00618330438009">
        <time>2026-04-02T09:58:27.973000Z</time>
      </trkpt>
      <trkpt lat="37.822813948240245" lon="112.00616736499411">
        <time>2026-04-02T09:58:31.973000Z</time>
      </trkpt>
      <trkpt lat="37.82277831797762" lon="112.00615341867">
        <time>2026-04-02T09:58:35.973000Z</time>
      </trkpt>
      <trkpt lat="37.822732661477936" lon="112.00614777745098">
        <time>2026-04-02T09:58:37.973000Z</time>
      </trkpt>
      <trkpt lat="37.822692352969646" lon="112.00613748540673">
        <time>2026-04-02T09:58:39.973000Z</time>
      </trkpt>
      <trkpt lat="37.8226527350115" lon="112.00611922153186">
        <time>2026-04-02T09:58:41.973000Z</time>
      </trkpt>
      <trkpt lat="37.82261378481513" lon="112.00610062542535">
        <time>2026-04-02T09:58:43.973000Z</time>
      </trkpt>
      <trkpt lat="37.82257550039821" lon="112.00608236139983">
        <time>2026-04-02T09:58:45.973000Z</time>
      </trkpt>
      <trkpt lat="37.82253688557465" lon="112.00606310095029">
        <time>2026-04-02T09:58:47.973000Z</time>
      </trkpt>
      <trkpt lat="37.822497277548955" lon="112.00604151553301">
        <time>2026-04-02T09:58:49.973000Z</time>
      </trkpt>
      <trkpt lat="37.822456003612444" lon="112.006019598164">
        <time>2026-04-02T09:58:51.973000Z</time>
      </trkpt>
      <trkpt lat="37.822413062773954" lon="112.0059976810001">
        <time>2026-04-02T09:58:53.973000Z</time>
      </trkpt>
      <trkpt lat="37.8223691227868" lon="112.00597543180692">
        <time>2026-04-02T09:58:55.973000Z</time>
      </trkpt>
      <trkpt lat="37.82232451901545" lon="112.00595218623285">
        <time>2026-04-02T09:58:57.973000Z</time>
      </trkpt>
      <trkpt lat="37.82228025061974" lon="112.00592827631448">
        <time>2026-04-02T09:58:59.973000Z</time>
      </trkpt>
      <trkpt lat="37.82223698534919" lon="112.00590336981924">
        <time>2026-04-02T09:59:01.973000Z</time>
      </trkpt>
      <trkpt lat="37.82219306026856" lon="112.00587613832539">
        <time>2026-04-02T09:59:03.973000Z</time>
      </trkpt>
      <trkpt lat="37.82214847041536" lon="112.0058482426104">
        <time>2026-04-02T09:59:05.973000Z</time>
      </trkpt>
      <trkpt lat="37.82210321480235" lon="112.00582001482954">
        <time>2026-04-02T09:59:07.973000Z</time>
      </trkpt>
      <trkpt lat="37.82205562850226" lon="112.00579079087059">
        <time>2026-04-02T09:59:09.973000Z</time>
      </trkpt>
      <trkpt lat="37.82201204477845" lon="112.00576090213788">
        <time>2026-04-02T09:59:11.973000Z</time>
      </trkpt>
      <trkpt lat="37.82197848237121" lon="112.00572436913372">
        <time>2026-04-02T09:59:13.973000Z</time>
      </trkpt>
      <trkpt lat="37.82195323566637" lon="112.00569414608967">
        <time>2026-04-02T09:59:17.973000Z</time>
      </trkpt>
      <trkpt lat="37.821929316542295" lon="112.0056659158236">
        <time>2026-04-02T09:59:19.973000Z</time>
      </trkpt>
      <trkpt lat="37.82190170640064" lon="112.00564565770603">
        <time>2026-04-02T09:59:21.973000Z</time>
      </trkpt>
      <trkpt lat="37.82187576615185" lon="112.00562440293334">
        <time>2026-04-02T09:59:23.973000Z</time>
      </trkpt>
      <trkpt lat="37.821846169629794" lon="112.00559949490822">
        <time>2026-04-02T09:59:25.973000Z</time>
      </trkpt>
      <trkpt lat="37.821815218735615" lon="112.0055815622832">
        <time>2026-04-02T09:59:29.973000Z</time>
      </trkpt>
      <trkpt lat="37.82178260292179" lon="112.00556296555307">
        <time>2026-04-02T09:59:31.973000Z</time>
      </trkpt>
      <trkpt lat="37.82175164111194" lon="112.00554868662975">
        <time>2026-04-02T09:59:33.973000Z</time>
      </trkpt>
      <trkpt lat="37.821716721427016" lon="112.00552012557313">
        <time>2026-04-02T09:59:37.973000Z</time>
      </trkpt>
      <trkpt lat="37.8216838060143" lon="112.00549023567471">
        <time>2026-04-02T09:59:41.973000Z</time>
      </trkpt>
      <trkpt lat="37.82164755778579" lon="112.00546001403217">
        <time>2026-04-02T09:59:43.973000Z</time>
      </trkpt>
      <trkpt lat="37.821612297792065" lon="112.00543377812178">
        <time>2026-04-02T09:59:47.973000Z</time>
      </trkpt>
      <trkpt lat="37.821577041780245" lon="112.00540621360847">
        <time>2026-04-02T09:59:51.973000Z</time>
      </trkpt>
      <trkpt lat="37.821547128828136" lon="112.00537565909019">
        <time>2026-04-02T09:59:53.973000Z</time>
      </trkpt>
      <trkpt lat="37.821517554237374" lon="112.00534344378033">
        <time>2026-04-02T09:59:55.973000Z</time>
      </trkpt>
      <trkpt lat="37.82148099951098" lon="112.00530425410724">
        <time>2026-04-02T09:59:57.973000Z</time>
      </trkpt>
      <trkpt lat="37.82144377306537" lon="112.00526672529584">
        <time>2026-04-02T09:59:59.973000Z</time>
      </trkpt>
      <trkpt lat="37.821409200766325" lon="112.00523351416842">
        <time>2026-04-02T10:00:01.973000Z</time>
      </trkpt>
      <trkpt lat="37.82137861215906" lon="112.00520594916705">
        <time>2026-04-02T10:00:03.973000Z</time>
      </trkpt>
      <trkpt lat="37.82134503306728" lon="112.00517506301168">
        <time>2026-04-02T10:00:05.973000Z</time>
      </trkpt>
      <trkpt lat="37.82130512768732" lon="112.00514152040395">
        <time>2026-04-02T10:00:07.973000Z</time>
      </trkpt>
      <trkpt lat="37.8212595588074" lon="112.00510664987888">
        <time>2026-04-02T10:00:09.973000Z</time>
      </trkpt>
      <trkpt lat="37.821213649597965" lon="112.00507410447068">
        <time>2026-04-02T10:00:11.973000Z</time>
      </trkpt>
      <trkpt lat="37.82116840318672" lon="112.00504288760312">
        <time>2026-04-02T10:00:13.973000Z</time>
      </trkpt>
      <trkpt lat="37.82112281743272" lon="112.00501366369667">
        <time>2026-04-02T10:00:15.973000Z</time>
      </trkpt>
      <trkpt lat="37.821076901292734" lon="112.00498344338739">
        <time>2026-04-02T10:00:17.973000Z</time>
      </trkpt>
      <trkpt lat="37.8210306448176" lon="112.00495554818724">
        <time>2026-04-02T10:00:19.973000Z</time>
      </trkpt>
      <trkpt lat="37.820985045161564" lon="112.00493097443034">
        <time>2026-04-02T10:00:21.973000Z</time>
      </trkpt>
      <trkpt lat="37.820937440250184" lon="112.0049080616751">
        <time>2026-04-02T10:00:23.973000Z</time>
      </trkpt>
      <trkpt lat="37.820889507932115" lon="112.00488315605944">
        <time>2026-04-02T10:00:25.973000Z</time>
      </trkpt>
      <trkpt lat="37.8208422583118" lon="112.0048529359556">
        <time>2026-04-02T10:00:27.973000Z</time>
      </trkpt>
      <trkpt lat="37.82079802506509" lon="112.0048174010928">
        <time>2026-04-02T10:00:29.973000Z</time>
      </trkpt>
      <trkpt lat="37.82075780435594" lon="112.00477787996314">
        <time>2026-04-02T10:00:31.973000Z</time>
      </trkpt>
      <trkpt lat="37.82071858181682" lon="112.00473902303224">
        <time>2026-04-02T10:00:33.973000Z</time>
      </trkpt>
      <trkpt lat="37.82067968968601" lon="112.00470116253041">
        <time>2026-04-02T10:00:35.973000Z</time>
      </trkpt>
      <trkpt lat="37.82064146931437" lon="112.00466164121688">
        <time>2026-04-02T10:00:37.973000Z</time>
      </trkpt>
      <trkpt lat="37.8206052572132" lon="112.00461946248454">
        <time>2026-04-02T10:00:39.973000Z</time>
      </trkpt>
      <trkpt lat="37.820569711894564" lon="112.0045772836933">
        <time>2026-04-02T10:00:41.973000Z</time>
      </trkpt>
      <trkpt lat="37.82053249669418" lon="112.00453610157064">
        <time>2026-04-02T10:00:43.973000Z</time>
      </trkpt>
      <trkpt lat="37.820496951410014" lon="112.00449392282253">
        <time>2026-04-02T10:00:45.973000Z</time>
      </trkpt>
      <trkpt lat="37.82045974122615" lon="112.0044510799958">
        <time>2026-04-02T10:00:47.973000Z</time>
      </trkpt>
      <trkpt lat="37.82043154631672" lon="112.00440358603203">
        <time>2026-04-02T10:00:51.973000Z</time>
      </trkpt>
      <trkpt lat="37.820402353277025" lon="112.0043554279149">
        <time>2026-04-02T10:00:55.973000Z</time>
      </trkpt>
      <trkpt lat="37.82037481221197" lon="112.00431225185811">
        <time>2026-04-02T10:00:59.973000Z</time>
      </trkpt>
      <trkpt lat="37.82034223853551" lon="112.00427970517285">
        <time>2026-04-02T10:01:03.973000Z</time>
      </trkpt>
      <trkpt lat="37.820314308278256" lon="112.00425512951084">
        <time>2026-04-02T10:01:05.973000Z</time>
      </trkpt>
      <trkpt lat="37.82028772451658" lon="112.00422623576591">
        <time>2026-04-02T10:01:07.973000Z</time>
      </trkpt>
      <trkpt lat="37.82025874924862" lon="112.00421660691406">
        <time>2026-04-02T10:01:11.973000Z</time>
      </trkpt>
      <trkpt lat="37.820244396892136" lon="112.00422225514356">
        <time>2026-04-02T10:01:15.973000Z</time>
      </trkpt>
      <trkpt lat="37.820253306447526" lon="112.00425281173365">
        <time>2026-04-02T10:01:17.973000Z</time>
      </trkpt>
      <trkpt lat="37.82028256524507" lon="112.00427904798069">
        <time>2026-04-02T10:01:21.973000Z</time>
      </trkpt>
      <trkpt lat="37.82031848669148" lon="112.00430694418446">
        <time>2026-04-02T10:01:23.973000Z</time>
      </trkpt>
      <trkpt lat="37.82035440116743" lon="112.00433716544137">
        <time>2026-04-02T10:01:27.973000Z</time>
      </trkpt>
      <trkpt lat="37.820386974861165" lon="112.00436971214766">
        <time>2026-04-02T10:01:31.973000Z</time>
      </trkpt>
      <trkpt lat="37.8204168635735" lon="112.00440823786937">
        <time>2026-04-02T10:01:33.973000Z</time>
      </trkpt>
      <trkpt lat="37.820446761269366" lon="112.00444377426443">
        <time>2026-04-02T10:01:37.973000Z</time>
      </trkpt>
      <trkpt lat="37.8204846392071" lon="112.0044862848602">
        <time>2026-04-02T10:01:41.973000Z</time>
      </trkpt>
      <trkpt lat="37.820523189905494" lon="112.00452680250059">
        <time>2026-04-02T10:01:45.973000Z</time>
      </trkpt>
      <trkpt lat="37.82055739669648" lon="112.00457064217474">
        <time>2026-04-02T10:01:49.973000Z</time>
      </trkpt>
      <trkpt lat="37.82059327838078" lon="112.00461182447168">
        <time>2026-04-02T10:01:53.973000Z</time>
      </trkpt>
      <trkpt lat="37.82062250540068" lon="112.00464868963242">
        <time>2026-04-02T10:01:57.973000Z</time>
      </trkpt>
      <trkpt lat="37.82064874693777" lon="112.00468057291305">
        <time>2026-04-02T10:01:59.973000Z</time>
      </trkpt>
      <trkpt lat="37.82066866817514" lon="112.00470780685531">
        <time>2026-04-02T10:02:01.973000Z</time>
      </trkpt>
      <trkpt lat="37.820694581326705" lon="112.00473802944482">
        <time>2026-04-02T10:02:03.973000Z</time>
      </trkpt>
      <trkpt lat="37.82072882703573" lon="112.00476891535419">
        <time>2026-04-02T10:02:05.973000Z</time>
      </trkpt>
      <trkpt lat="37.82076974437013" lon="112.00479847187846">
        <time>2026-04-02T10:02:07.973000Z</time>
      </trkpt>
      <trkpt lat="37.82081501060329" lon="112.00482304563488">
        <time>2026-04-02T10:02:09.973000Z</time>
      </trkpt>
      <trkpt lat="37.820862282111435" lon="112.00484595840727">
        <time>2026-04-02T10:02:11.973000Z</time>
      </trkpt>
      <trkpt lat="37.820908879894176" lon="112.00487119632109">
        <time>2026-04-02T10:02:13.973000Z</time>
      </trkpt>
      <trkpt lat="37.82095380480699" lon="112.00489842734818">
        <time>2026-04-02T10:02:15.973000Z</time>
      </trkpt>
      <trkpt lat="37.820997727592555" lon="112.00492632280599">
        <time>2026-04-02T10:02:17.973000Z</time>
      </trkpt>
      <trkpt lat="37.82104231914218" lon="112.00495355389153">
        <time>2026-04-02T10:02:19.973000Z</time>
      </trkpt>
      <trkpt lat="37.821087242091" lon="112.00498144925017">
        <time>2026-04-02T10:02:21.973000Z</time>
      </trkpt>
      <trkpt lat="37.82113149032496" lon="112.00501200190945">
        <time>2026-04-02T10:02:23.973000Z</time>
      </trkpt>
      <trkpt lat="37.82117606896996" lon="112.00504355099578">
        <time>2026-04-02T10:02:25.973000Z</time>
      </trkpt>
      <trkpt lat="37.82122164777184" lon="112.00507509997551">
        <time>2026-04-02T10:02:27.973000Z</time>
      </trkpt>
      <trkpt lat="37.821268224737395" lon="112.00510731315248">
        <time>2026-04-02T10:02:29.973000Z</time>
      </trkpt>
      <trkpt lat="37.82131446535087" lon="112.00514052283962">
        <time>2026-04-02T10:02:31.973000Z</time>
      </trkpt>
      <trkpt lat="37.82135936549018" lon="112.00517605776534">
        <time>2026-04-02T10:02:33.973000Z</time>
      </trkpt>
      <trkpt lat="37.82140493340287" lon="112.00521126047475">
        <time>2026-04-02T10:02:35.973000Z</time>
      </trkpt>
      <trkpt lat="37.82144949720703" lon="112.00524779192874">
        <time>2026-04-02T10:02:37.973000Z</time>
      </trkpt>
      <trkpt lat="37.82149406102577" lon="112.00528432340003">
        <time>2026-04-02T10:02:39.973000Z</time>
      </trkpt>
      <trkpt lat="37.82153796206895" lon="112.00531952635555">
        <time>2026-04-02T10:02:41.973000Z</time>
      </trkpt>
      <trkpt lat="37.821582532872384" lon="112.00535373278697">
        <time>2026-04-02T10:02:43.973000Z</time>
      </trkpt>
      <trkpt lat="37.82162911391276" lon="112.00538461746538">
        <time>2026-04-02T10:02:45.973000Z</time>
      </trkpt>
      <trkpt lat="37.82167367977383" lon="112.00542048469305">
        <time>2026-04-02T10:02:47.973000Z</time>
      </trkpt>
      <trkpt lat="37.8217199065964" lon="112.00545834465919">
        <time>2026-04-02T10:02:49.973000Z</time>
      </trkpt>
      <trkpt lat="37.82176645390354" lon="112.00550052260185">
        <time>2026-04-02T10:02:51.973000Z</time>
      </trkpt>
      <trkpt lat="37.821817349098886" lon="112.00553804989681">
        <time>2026-04-02T10:02:53.973000Z</time>
      </trkpt>
      <trkpt lat="37.82186791291559" lon="112.00557491294123">
        <time>2026-04-02T10:02:55.973000Z</time>
      </trkpt>
      <trkpt lat="37.82191914748063" lon="112.0056104473086">
        <time>2026-04-02T10:02:57.973000Z</time>
      </trkpt>
      <trkpt lat="37.82197138816312" lon="112.00564398864707">
        <time>2026-04-02T10:02:59.973000Z</time>
      </trkpt>
      <trkpt lat="37.82202429463207" lon="112.00567786207498">
        <time>2026-04-02T10:03:01.973000Z</time>
      </trkpt>
      <trkpt lat="37.82207653434905" lon="112.00571173559726">
        <time>2026-04-02T10:03:03.973000Z</time>
      </trkpt>
      <trkpt lat="37.822129109449534" lon="112.00574494478606">
        <time>2026-04-02T10:03:05.973000Z</time>
      </trkpt>
      <trkpt lat="37.82218102573587" lon="112.00577549682865">
        <time>2026-04-02T10:03:07.973000Z</time>
      </trkpt>
      <trkpt lat="37.82223295096349" lon="112.00580305949018">
        <time>2026-04-02T10:03:09.973000Z</time>
      </trkpt>
      <trkpt lat="37.822282538558596" lon="112.00583195105867">
        <time>2026-04-02T10:03:11.973000Z</time>
      </trkpt>
      <trkpt lat="37.82233313226271" lon="112.00585884958832">
        <time>2026-04-02T10:03:13.973000Z</time>
      </trkpt>
      <trkpt lat="37.82238439174582" lon="112.00588608020227">
        <time>2026-04-02T10:03:15.973000Z</time>
      </trkpt>
      <trkpt lat="37.82243564627943" lon="112.00591497160373">
        <time>2026-04-02T10:03:17.973000Z</time>
      </trkpt>
      <trkpt lat="37.822486899831894" lon="112.00594419517279">
        <time>2026-04-02T10:03:19.973000Z</time>
      </trkpt>
      <trkpt lat="37.82253815339516" lon="112.00597341875188">
        <time>2026-04-02T10:03:21.973000Z</time>
      </trkpt>
      <trkpt lat="37.8225894119268" lon="112.00600098156333">
        <time>2026-04-02T10:03:23.973000Z</time>
      </trkpt>
      <trkpt lat="37.82264066253695" lon="112.00603120163396">
        <time>2026-04-02T10:03:25.973000Z</time>
      </trkpt>
      <trkpt lat="37.8226925828985" lon="112.00606042516905">
        <time>2026-04-02T10:03:27.973000Z</time>
      </trkpt>
      <trkpt lat="37.82274718321227" lon="112.00608533036721">
        <time>2026-04-02T10:03:29.973000Z</time>
      </trkpt>
      <trkpt lat="37.822803812572005" lon="112.00610060280155">
        <time>2026-04-02T10:03:31.973000Z</time>
      </trkpt>
      <trkpt lat="37.822861799251484" lon="112.00610790332898">
        <time>2026-04-02T10:03:33.973000Z</time>
      </trkpt>
      <trkpt lat="37.822923476923975" lon="112.0061072316684">
        <time>2026-04-02T10:03:35.973000Z</time>
      </trkpt>
      <trkpt lat="37.822985838215025" lon="112.00610091327165">
        <time>2026-04-02T10:03:37.973000Z</time>
      </trkpt>
      <trkpt lat="37.823047874053614" lon="112.00609193766549">
        <time>2026-04-02T10:03:39.973000Z</time>
      </trkpt>
      <trkpt lat="37.823105915258886" lon="112.00608096959945">
        <time>2026-04-02T10:03:41.973000Z</time>
      </trkpt>
      <trkpt lat="37.823160617688934" lon="112.00607166271297">
        <time>2026-04-02T10:03:43.973000Z</time>
      </trkpt>
      <trkpt lat="37.82321365123023" lon="112.00606302033901">
        <time>2026-04-02T10:03:45.973000Z</time>
      </trkpt>
      <trkpt lat="37.823268679120915" lon="112.00605637066421">
        <time>2026-04-02T10:03:47.973000Z</time>
      </trkpt>
      <trkpt lat="37.8233267034865" lon="112.00605104925646">
        <time>2026-04-02T10:03:49.973000Z</time>
      </trkpt>
      <trkpt lat="37.82338570916652" lon="112.0060520386944">
        <time>2026-04-02T10:03:51.973000Z</time>
      </trkpt>
      <trkpt lat="37.8234396348133" lon="112.00607960121646">
        <time>2026-04-02T10:03:53.973000Z</time>
      </trkpt>
      <trkpt lat="37.82349354956764" lon="112.00611081746797">
        <time>2026-04-02T10:03:55.973000Z</time>
      </trkpt>
      <trkpt lat="37.82354813307852" lon="112.00614136934048">
        <time>2026-04-02T10:03:57.973000Z</time>
      </trkpt>
      <trkpt lat="37.82360645515523" lon="112.00614800551864">
        <time>2026-04-02T10:03:59.973000Z</time>
      </trkpt>
      <trkpt lat="37.823664444844724" lon="112.00615430958075">
        <time>2026-04-02T10:04:01.973000Z</time>
      </trkpt>
      <trkpt lat="37.82372277287296" lon="112.00615895282064">
        <time>2026-04-02T10:04:03.973000Z</time>
      </trkpt>
      <trkpt lat="37.82378042522316" lon="112.0061665855494">
        <time>2026-04-02T10:04:05.973000Z</time>
      </trkpt>
      <trkpt lat="37.82383907871494" lon="112.00617388600325">
        <time>2026-04-02T10:04:07.973000Z</time>
      </trkpt>
      <trkpt lat="37.823897392879026" lon="112.00618317943714">
        <time>2026-04-02T10:04:09.973000Z</time>
      </trkpt>
      <trkpt lat="37.8239557030831" lon="112.0061938014986">
        <time>2026-04-02T10:04:11.973000Z</time>
      </trkpt>
      <trkpt lat="37.824011343260445" lon="112.0062054203494">
        <time>2026-04-02T10:04:13.973000Z</time>
      </trkpt>
      <trkpt lat="37.82406464976457" lon="112.0062170394807">
        <time>2026-04-02T10:04:15.973000Z</time>
      </trkpt>
      <trkpt lat="37.824115951022854" lon="112.00623031963575">
        <time>2026-04-02T10:04:17.973000Z</time>
      </trkpt>
      <trkpt lat="37.82416757972642" lon="112.0062455926955">
        <time>2026-04-02T10:04:19.973000Z</time>
      </trkpt>
      <trkpt lat="37.82421986925322" lon="112.00626285862033">
        <time>2026-04-02T10:04:21.973000Z</time>
      </trkpt>
      <trkpt lat="37.82427316487638" lon="112.00627813148806">
        <time>2026-04-02T10:04:23.973000Z</time>
      </trkpt>
      <trkpt lat="37.82432579473207" lon="112.00629307228016">
        <time>2026-04-02T10:04:25.973000Z</time>
      </trkpt>
      <trkpt lat="37.824378434496545" lon="112.00630469150403">
        <time>2026-04-02T10:04:27.973000Z</time>
      </trkpt>
      <trkpt lat="37.824431415569016" lon="112.0063136534323">
        <time>2026-04-02T10:04:29.973000Z</time>
      </trkpt>
      <trkpt lat="37.82448573809689" lon="112.00631995794444">
        <time>2026-04-02T10:04:31.973000Z</time>
      </trkpt>
      <trkpt lat="37.82454038806639" lon="112.00632825536103">
        <time>2026-04-02T10:04:33.973000Z</time>
      </trkpt>
      <trkpt lat="37.8245950390291" lon="112.00633622062146">
        <time>2026-04-02T10:04:35.973000Z</time>
      </trkpt>
      <trkpt lat="37.82464869182697" lon="112.00634352168689">
        <time>2026-04-02T10:04:37.973000Z</time>
      </trkpt>
      <trkpt lat="37.82470168380653" lon="112.00634882988834">
        <time>2026-04-02T10:04:39.973000Z</time>
      </trkpt>
      <trkpt lat="37.82475433547516" lon="112.00635646323182">
        <time>2026-04-02T10:04:41.973000Z</time>
      </trkpt>
      <trkpt lat="37.82480698219524" lon="112.00636575736317">
        <time>2026-04-02T10:04:43.973000Z</time>
      </trkpt>
      <trkpt lat="37.82486062906234" lon="112.00637505137635">
        <time>2026-04-02T10:04:45.973000Z</time>
      </trkpt>
      <trkpt lat="37.824913945521544" lon="112.00638334895811">
        <time>2026-04-02T10:04:47.973000Z</time>
      </trkpt>
      <trkpt lat="37.824967597345186" lon="112.00639098218555">
        <time>2026-04-02T10:04:49.973000Z</time>
      </trkpt>
      <trkpt lat="37.82502125115173" lon="112.0063979510986">
        <time>2026-04-02T10:04:51.973000Z</time>
      </trkpt>
      <trkpt lat="37.82507656989638" lon="112.00640558412915">
        <time>2026-04-02T10:04:53.973000Z</time>
      </trkpt>
      <trkpt lat="37.825132887802376" lon="112.0064135491988">
        <time>2026-04-02T10:04:55.973000Z</time>
      </trkpt>
      <trkpt lat="37.825190201895566" lon="112.00642284278068">
        <time>2026-04-02T10:04:57.973000Z</time>
      </trkpt>
      <trkpt lat="37.825247510052094" lon="112.00643412931022">
        <time>2026-04-02T10:04:59.973000Z</time>
      </trkpt>
      <trkpt lat="37.825304147489604" lon="112.00644674455266">
        <time>2026-04-02T10:05:01.973000Z</time>
      </trkpt>
      <trkpt lat="37.82536011519417" lon="112.00646035634949">
        <time>2026-04-02T10:05:03.973000Z</time>
      </trkpt>
      <trkpt lat="37.82541575546055" lon="112.00647197524108">
        <time>2026-04-02T10:05:05.973000Z</time>
      </trkpt>
      <trkpt lat="37.82547073886568" lon="112.00648027263445">
        <time>2026-04-02T10:05:07.973000Z</time>
      </trkpt>
      <trkpt lat="37.82552540373487" lon="112.00648358769877">
        <time>2026-04-02T10:05:09.973000Z</time>
      </trkpt>
      <trkpt lat="37.825580079494124" lon="112.00648324902515">
        <time>2026-04-02T10:05:11.973000Z</time>
      </trkpt>
      <trkpt lat="37.82563675951266" lon="112.00648158148125">
        <time>2026-04-02T10:05:13.973000Z</time>
      </trkpt>
      <trkpt lat="37.82569376994562" lon="112.00648091037156">
        <time>2026-04-02T10:05:15.973000Z</time>
      </trkpt>
      <trkpt lat="37.82575110881341" lon="112.00648190001195">
        <time>2026-04-02T10:05:17.973000Z</time>
      </trkpt>
      <trkpt lat="37.825806770873214" lon="112.00648621143067">
        <time>2026-04-02T10:05:19.973000Z</time>
      </trkpt>
      <trkpt lat="37.82586275839881" lon="112.00649318007444">
        <time>2026-04-02T10:05:21.973000Z</time>
      </trkpt>
      <trkpt lat="37.82591841056605" lon="112.00650081307461">
        <time>2026-04-02T10:05:23.973000Z</time>
      </trkpt>
      <trkpt lat="37.82597607293175" lon="112.00650512425595">
        <time>2026-04-02T10:05:25.973000Z</time>
      </trkpt>
      <trkpt lat="37.82603407857886" lon="112.00650611381707">
        <time>2026-04-02T10:05:27.973000Z</time>
      </trkpt>
      <trkpt lat="37.82609276287273" lon="112.00650311740176">
        <time>2026-04-02T10:05:29.973000Z</time>
      </trkpt>
      <trkpt lat="37.82615045295832" lon="112.00649812815755">
        <time>2026-04-02T10:05:31.973000Z</time>
      </trkpt>
      <trkpt lat="37.826208147995416" lon="112.0064914781236">
        <time>2026-04-02T10:05:33.973000Z</time>
      </trkpt>
      <trkpt lat="37.82626451445326" lon="112.00648316745945">
        <time>2026-04-02T10:05:35.973000Z</time>
      </trkpt>
      <trkpt lat="37.82631856010148" lon="112.00647053902136">
        <time>2026-04-02T10:05:37.973000Z</time>
      </trkpt>
      <trkpt lat="37.82637028197186" lon="112.00645458928565">
        <time>2026-04-02T10:05:39.973000Z</time>
      </trkpt>
      <trkpt lat="37.82642233821859" lon="112.00643830735577">
        <time>2026-04-02T10:05:41.973000Z</time>
      </trkpt>
      <trkpt lat="37.82647672023079" lon="112.00642468241246">
        <time>2026-04-02T10:05:43.973000Z</time>
      </trkpt>
      <trkpt lat="37.82653342899757" lon="112.0064133822975">
        <time>2026-04-02T10:05:45.973000Z</time>
      </trkpt>
      <trkpt lat="37.82659046223895" lon="112.00640507156308">
        <time>2026-04-02T10:05:47.973000Z</time>
      </trkpt>
      <trkpt lat="37.82664782193435" lon="112.00639908589304">
        <time>2026-04-02T10:05:49.973000Z</time>
      </trkpt>
      <trkpt lat="37.826704508928074" lon="112.00639509324806">
        <time>2026-04-02T10:05:51.973000Z</time>
      </trkpt>
      <trkpt lat="37.826761865658305" lon="112.00639010405128">
        <time>2026-04-02T10:05:53.973000Z</time>
      </trkpt>
      <trkpt lat="37.826818220265295" lon="112.00638577928926">
        <time>2026-04-02T10:05:55.973000Z</time>
      </trkpt>
      <trkpt lat="37.82687490825658" lon="112.00638145448754">
        <time>2026-04-02T10:05:57.973000Z</time>
      </trkpt>
      <trkpt lat="37.82693059312989" lon="112.00637812627797">
        <time>2026-04-02T10:05:59.973000Z</time>
      </trkpt>
      <trkpt lat="37.82698794788977" lon="112.00637380139743">
        <time>2026-04-02T10:06:01.973000Z</time>
      </trkpt>
      <trkpt lat="37.827044638859036" lon="112.00636848012431">
        <time>2026-04-02T10:06:03.973000Z</time>
      </trkpt>
      <trkpt lat="37.827102001545896" lon="112.00636149798544">
        <time>2026-04-02T10:06:05.973000Z</time>
      </trkpt>
      <trkpt lat="37.827158365080116" lon="112.00635418380854">
        <time>2026-04-02T10:06:07.973000Z</time>
      </trkpt>
      <trkpt lat="37.827215063979665" lon="112.0063462052783">
        <time>2026-04-02T10:06:09.973000Z</time>
      </trkpt>
      <trkpt lat="37.82727042935011" lon="112.00633822690787">
        <time>2026-04-02T10:06:11.973000Z</time>
      </trkpt>
      <trkpt lat="37.82732512597448" lon="112.00633091293226">
        <time>2026-04-02T10:06:13.973000Z</time>
      </trkpt>
      <trkpt lat="37.82737948921956" lon="112.00632359899714">
        <time>2026-04-02T10:06:15.973000Z</time>
      </trkpt>
      <trkpt lat="37.82743585573897" lon="112.00631528835297">
        <time>2026-04-02T10:06:17.973000Z</time>
      </trkpt>
      <trkpt lat="37.82749289199667" lon="112.00630598115862">
        <time>2026-04-02T10:06:19.973000Z</time>
      </trkpt>
      <trkpt lat="37.82754992528616" lon="112.00629767043714">
        <time>2026-04-02T10:06:21.973000Z</time>
      </trkpt>
      <trkpt lat="37.827606617272664" lon="112.00629201701263">
        <time>2026-04-02T10:06:23.973000Z</time>
      </trkpt>
      <trkpt lat="37.82766397503534" lon="112.0062866956663">
        <time>2026-04-02T10:06:25.973000Z</time>
      </trkpt>
      <trkpt lat="37.827722002540604" lon="112.00628037776974">
        <time>2026-04-02T10:06:27.973000Z</time>
      </trkpt>
      <trkpt lat="37.82777970360052" lon="112.0062717348148">
        <time>2026-04-02T10:06:29.973000Z</time>
      </trkpt>
      <trkpt lat="37.82783640649424" lon="112.00626242766587">
        <time>2026-04-02T10:06:31.973000Z</time>
      </trkpt>
      <trkpt lat="37.82789277600905" lon="112.00625312055817">
        <time>2026-04-02T10:06:33.973000Z</time>
      </trkpt>
      <trkpt lat="37.827950808479166" lon="112.00624514188023">
        <time>2026-04-02T10:06:35.973000Z</time>
      </trkpt>
      <trkpt lat="37.82801283857852" lon="112.0062381591969">
        <time>2026-04-02T10:06:37.973000Z</time>
      </trkpt>
      <trkpt lat="37.828077529806784" lon="112.00623316913743">
        <time>2026-04-02T10:06:39.973000Z</time>
      </trkpt>
      <trkpt lat="37.828142557392546" lon="112.00622718256808">
        <time>2026-04-02T10:06:41.973000Z</time>
      </trkpt>
      <trkpt lat="37.82820558468011" lon="112.00622119623776">
        <time>2026-04-02T10:06:43.973000Z</time>
      </trkpt>
      <trkpt lat="37.82826695199105" lon="112.00621288500933">
        <time>2026-04-02T10:06:45.973000Z</time>
      </trkpt>
      <trkpt lat="37.82832664743183" lon="112.00620623476418">
        <time>2026-04-02T10:06:47.973000Z</time>
      </trkpt>
      <trkpt lat="37.82838433960562" lon="112.00620058122786">
        <time>2026-04-02T10:06:49.973000Z</time>
      </trkpt>
      <trkpt lat="37.82844102568614" lon="112.00619692075082">
        <time>2026-04-02T10:06:51.973000Z</time>
      </trkpt>
      <trkpt lat="37.828496712608924" lon="112.00619292823666">
        <time>2026-04-02T10:06:53.973000Z</time>
      </trkpt>
      <trkpt lat="37.82855239755233" lon="112.006189600036">
        <time>2026-04-02T10:06:55.973000Z</time>
      </trkpt>
      <trkpt lat="37.828608415880275" lon="112.00618627179563">
        <time>2026-04-02T10:06:57.973000Z</time>
      </trkpt>
      <trkpt lat="37.82866576576215" lon="112.00618360770954">
        <time>2026-04-02T10:06:59.973000Z</time>
      </trkpt>
      <trkpt lat="37.82872411976108" lon="112.00617961487829">
        <time>2026-04-02T10:07:01.973000Z</time>
      </trkpt>
      <trkpt lat="37.82878214434388" lon="112.00617429346092">
        <time>2026-04-02T10:07:03.973000Z</time>
      </trkpt>
      <trkpt lat="37.82883950612415" lon="112.00616764349773">
        <time>2026-04-02T10:07:05.973000Z</time>
      </trkpt>
      <trkpt lat="37.82889553140074" lon="112.00616199016308">
        <time>2026-04-02T10:07:07.973000Z</time>
      </trkpt>
      <trkpt lat="37.828951552715985" lon="112.00615766545465">
        <time>2026-04-02T10:07:09.973000Z</time>
      </trkpt>
      <trkpt lat="37.82900790147438" lon="112.0061553336453">
        <time>2026-04-02T10:07:11.973000Z</time>
      </trkpt>
      <trkpt lat="37.82906558475977" lon="112.00615266952059">
        <time>2026-04-02T10:07:13.973000Z</time>
      </trkpt>
      <trkpt lat="37.829124269189954" lon="112.0061496731206">
        <time>2026-04-02T10:07:15.973000Z</time>
      </trkpt>
      <trkpt lat="37.82918295263164" lon="112.00614700887695">
        <time>2026-04-02T10:07:17.973000Z</time>
      </trkpt>
      <trkpt lat="37.82924129674305" lon="112.00614633761141">
        <time>2026-04-02T10:07:19.973000Z</time>
      </trkpt>
      <trkpt lat="37.82929896913698" lon="112.00614732720719">
        <time>2026-04-02T10:07:21.973000Z</time>
      </trkpt>
      <trkpt lat="37.82935664252424" lon="112.00614798464655">
        <time>2026-04-02T10:07:23.973000Z</time>
      </trkpt>
      <trkpt lat="37.8294133207172" lon="112.00614698142319">
        <time>2026-04-02T10:07:25.973000Z</time>
      </trkpt>
      <trkpt lat="37.82946966751197" lon="112.0061453139269">
        <time>2026-04-02T10:07:27.973000Z</time>
      </trkpt>
      <trkpt lat="37.82952567695818" lon="112.00614497509575">
        <time>2026-04-02T10:07:29.973000Z</time>
      </trkpt>
      <trkpt lat="37.82958201880233" lon="112.00614496838124">
        <time>2026-04-02T10:07:31.973000Z</time>
      </trkpt>
      <trkpt lat="37.82963869502219" lon="112.00614462947061">
        <time>2026-04-02T10:07:33.973000Z</time>
      </trkpt>
      <trkpt lat="37.82969703915214" lon="112.00614395820496">
        <time>2026-04-02T10:07:35.973000Z</time>
      </trkpt>
      <trkpt lat="37.82975605005378" lon="112.00614328685982">
        <time>2026-04-02T10:07:37.973000Z</time>
      </trkpt>
      <trkpt lat="37.82981472361125" lon="112.00614394417983">
        <time>2026-04-02T10:07:39.973000Z</time>
      </trkpt>
      <trkpt lat="37.82987173223182" lon="112.00614393738576">
        <time>2026-04-02T10:07:41.973000Z</time>
      </trkpt>
      <trkpt lat="37.829928407472096" lon="112.00614393063142">
        <time>2026-04-02T10:07:43.973000Z</time>
      </trkpt>
      <trkpt lat="37.829985751461784" lon="112.0061432594849">
        <time>2026-04-02T10:07:45.973000Z</time>
      </trkpt>
      <trkpt lat="37.83004276008913" lon="112.00614325269079">
        <time>2026-04-02T10:07:47.973000Z</time>
      </trkpt>
      <trkpt lat="37.8301014346493" lon="112.00614357785435">
        <time>2026-04-02T10:07:49.973000Z</time>
      </trkpt>
      <trkpt lat="37.83016076804902" lon="112.00614656018924">
        <time>2026-04-02T10:07:51.973000Z</time>
      </trkpt>
      <trkpt lat="37.83022042987894" lon="112.00615120326628">
        <time>2026-04-02T10:07:53.973000Z</time>
      </trkpt>
      <trkpt lat="37.830278087447546" lon="112.00615717520782">
        <time>2026-04-02T10:07:55.973000Z</time>
      </trkpt>
      <trkpt lat="37.83033441941152" lon="112.00616049005718">
        <time>2026-04-02T10:07:57.973000Z</time>
      </trkpt>
      <trkpt lat="37.83039109070618" lon="112.00616181192838">
        <time>2026-04-02T10:07:59.973000Z</time>
      </trkpt>
      <trkpt lat="37.8304480983586" lon="112.00616213729054">
        <time>2026-04-02T10:08:01.973000Z</time>
      </trkpt>
      <trkpt lat="37.8305054354322" lon="112.00616379123859">
        <time>2026-04-02T10:08:03.973000Z</time>
      </trkpt>
      <trkpt lat="37.83056477182199" lon="112.00616577710478">
        <time>2026-04-02T10:08:05.973000Z</time>
      </trkpt>
      <trkpt lat="37.83062444853353" lon="112.00616543783615">
        <time>2026-04-02T10:08:07.973000Z</time>
      </trkpt>
      <trkpt lat="37.83068413218414" lon="112.00616277347243">
        <time>2026-04-02T10:08:09.973000Z</time>
      </trkpt>
      <trkpt lat="37.83074082033877" lon="112.00615844868437">
        <time>2026-04-02T10:08:11.973000Z</time>
      </trkpt>
      <trkpt lat="37.83079650636128" lon="112.00615478832866">
        <time>2026-04-02T10:08:13.973000Z</time>
      </trkpt>
      <trkpt lat="37.830853523939496" lon="112.00615179212677">
        <time>2026-04-02T10:08:15.973000Z</time>
      </trkpt>
      <trkpt lat="37.83091187109152" lon="112.00615012439165">
        <time>2026-04-02T10:08:17.973000Z</time>
      </trkpt>
      <trkpt lat="37.830970222209935" lon="112.00614712803106">
        <time>2026-04-02T10:08:19.973000Z</time>
      </trkpt>
      <trkpt lat="37.83102723979524" lon="112.00614413182953">
        <time>2026-04-02T10:08:21.973000Z</time>
      </trkpt>
      <trkpt lat="37.83108325524806" lon="112.00614180005995">
        <time>2026-04-02T10:08:23.973000Z</time>
      </trkpt>
      <trkpt lat="37.83113959715306" lon="112.00614179334498">
        <time>2026-04-02T10:08:25.973000Z</time>
      </trkpt>
      <trkpt lat="37.83119560468209" lon="112.00614211882606">
        <time>2026-04-02T10:08:27.973000Z</time>
      </trkpt>
      <trkpt lat="37.83125161617737" lon="112.00614111568179">
        <time>2026-04-02T10:08:29.973000Z</time>
      </trkpt>
      <trkpt lat="37.83130796205302" lon="112.00613978034151">
        <time>2026-04-02T10:08:31.973000Z</time>
      </trkpt>
      <trkpt lat="37.8313646423048" lon="112.00613811280517">
        <time>2026-04-02T10:08:33.973000Z</time>
      </trkpt>
      <trkpt lat="37.83142132553196" lon="112.00613544880002">
        <time>2026-04-02T10:08:35.973000Z</time>
      </trkpt>
      <trkpt lat="37.83147733604498" lon="112.00613477781214">
        <time>2026-04-02T10:08:37.973000Z</time>
      </trkpt>
      <trkpt lat="37.83153334755122" lon="112.00613377466799">
        <time>2026-04-02T10:08:39.973000Z</time>
      </trkpt>
      <trkpt lat="37.83158902468564" lon="112.00613310371982">
        <time>2026-04-02T10:08:41.973000Z</time>
      </trkpt>
      <trkpt lat="37.83164437735878" lon="112.00612944340496">
        <time>2026-04-02T10:08:43.973000Z</time>
      </trkpt>
      <trkpt lat="37.83170039977335" lon="112.00612478654196">
        <time>2026-04-02T10:08:45.973000Z</time>
      </trkpt>
      <trkpt lat="37.83175742135244" lon="112.00612046171642">
        <time>2026-04-02T10:08:47.973000Z</time>
      </trkpt>
      <trkpt lat="37.831815775479136" lon="112.0061164688883">
        <time>2026-04-02T10:08:49.973000Z</time>
      </trkpt>
      <trkpt lat="37.8318741276261" lon="112.00611314037292">
        <time>2026-04-02T10:08:51.973000Z</time>
      </trkpt>
      <trkpt lat="37.83193147466651" lon="112.00611147275775">
        <time>2026-04-02T10:08:53.973000Z</time>
      </trkpt>
      <trkpt lat="37.831987148842956" lon="112.00611179827827">
        <time>2026-04-02T10:08:55.973000Z</time>
      </trkpt>
      <trkpt lat="37.83204315739571" lon="112.00611179160285">
        <time>2026-04-02T10:08:57.973000Z</time>
      </trkpt>
      <trkpt lat="37.83210050642507" lon="112.00610945967533">
        <time>2026-04-02T10:08:59.973000Z</time>
      </trkpt>
      <trkpt lat="37.83215984981695" lon="112.00610912044638">
        <time>2026-04-02T10:09:01.973000Z</time>
      </trkpt>
      <trkpt lat="37.83221851653374" lon="112.00611210285845">
        <time>2026-04-02T10:09:03.973000Z</time>
      </trkpt>
      <trkpt lat="37.832276170215" lon="112.00611940342064">
        <time>2026-04-02T10:09:05.973000Z</time>
      </trkpt>
      <trkpt lat="37.83233247946062" lon="112.00613035786071">
        <time>2026-04-02T10:09:07.973000Z</time>
      </trkpt>
      <trkpt lat="37.83238643817197" lon="112.00614695923798">
        <time>2026-04-02T10:09:09.973000Z</time>
      </trkpt>
      <trkpt lat="37.832440053591434" lon="112.00616688222274">
        <time>2026-04-02T10:09:11.973000Z</time>
      </trkpt>
      <trkpt lat="37.832493332661336" lon="112.00618780172242">
        <time>2026-04-02T10:09:13.973000Z</time>
      </trkpt>
      <trkpt lat="37.83254727949924" lon="112.00620838899168">
        <time>2026-04-02T10:09:15.973000Z</time>
      </trkpt>
      <trkpt lat="37.832600219254864" lon="112.00623130148266">
        <time>2026-04-02T10:09:17.973000Z</time>
      </trkpt>
      <trkpt lat="37.83265315604614" lon="112.00625521045025">
        <time>2026-04-02T10:09:19.973000Z</time>
      </trkpt>
      <trkpt lat="37.83270642920025" lon="112.00627812291647">
        <time>2026-04-02T10:09:21.973000Z</time>
      </trkpt>
      <trkpt lat="37.832760710439565" lon="112.00629837801408">
        <time>2026-04-02T10:09:23.973000Z</time>
      </trkpt>
      <trkpt lat="37.83281499762769" lon="112.00631664017405">
        <time>2026-04-02T10:09:25.973000Z</time>
      </trkpt>
      <trkpt lat="37.83287095273223" lon="112.00633456998335">
        <time>2026-04-02T10:09:27.973000Z</time>
      </trkpt>
      <trkpt lat="37.83292623513424" lon="112.00635449281975">
        <time>2026-04-02T10:09:29.973000Z</time>
      </trkpt>
      <trkpt lat="37.83297985061771" lon="112.00637441586032">
        <time>2026-04-02T10:09:31.973000Z</time>
      </trkpt>
      <trkpt lat="37.83302813987891" lon="112.00639168228246">
        <time>2026-04-02T10:09:33.973000Z</time>
      </trkpt>
      <trkpt lat="37.83306842989623" lon="112.00640828534755">
        <time>2026-04-02T10:09:35.973000Z</time>
      </trkpt>
      <trkpt lat="37.83310641295688" lon="112.00641592043998">
        <time>2026-04-02T10:09:39.973000Z</time>
      </trkpt>
      <trkpt lat="37.833145394193295" lon="112.00642421972941">
        <time>2026-04-02T10:09:43.973000Z</time>
      </trkpt>
      <trkpt lat="37.83318304981392" lon="112.00642986191781">
        <time>2026-04-02T10:09:47.973000Z</time>
      </trkpt>
      <trkpt lat="37.83321668898154" lon="112.00644081910609">
        <time>2026-04-02T10:09:49.973000Z</time>
      </trkpt>
      <trkpt lat="37.8332450009282" lon="112.00644945182769">
        <time>2026-04-02T10:09:51.973000Z</time>
      </trkpt>
      <trkpt lat="37.83328197394361" lon="112.00646040862124">
        <time>2026-04-02T10:09:53.973000Z</time>
      </trkpt>
      <trkpt lat="37.83332560871475" lon="112.00647335756906">
        <time>2026-04-02T10:09:57.973000Z</time>
      </trkpt>
      <trkpt lat="37.833374563782805" lon="112.00649095609297">
        <time>2026-04-02T10:10:01.973000Z</time>
      </trkpt>
      <trkpt lat="37.83341585497162" lon="112.00650722690398">
        <time>2026-04-02T10:10:05.973000Z</time>
      </trkpt>
      <trkpt lat="37.83345047748381" lon="112.00652383067043">
        <time>2026-04-02T10:10:07.973000Z</time>
      </trkpt>
      <trkpt lat="37.8334821133932" lon="112.006535784585">
        <time>2026-04-02T10:10:09.973000Z</time>
      </trkpt>
      <trkpt lat="37.83351974824809" lon="112.00654840210258">
        <time>2026-04-02T10:10:11.973000Z</time>
      </trkpt>
      <trkpt lat="37.833565383347675" lon="112.00656135082745">
        <time>2026-04-02T10:10:13.973000Z</time>
      </trkpt>
      <trkpt lat="37.83361700255238" lon="112.00657994552984">
        <time>2026-04-02T10:10:15.973000Z</time>
      </trkpt>
      <trkpt lat="37.833670280769006" lon="112.00660119730607">
        <time>2026-04-02T10:10:17.973000Z</time>
      </trkpt>
      <trkpt lat="37.833724551232734" lon="112.0066251062369">
        <time>2026-04-02T10:10:19.973000Z</time>
      </trkpt>
      <trkpt lat="37.83377748717747" lon="112.00664934749395">
        <time>2026-04-02T10:10:21.973000Z</time>
      </trkpt>
      <trkpt lat="37.83383109187572" lon="112.0066729243617">
        <time>2026-04-02T10:10:23.973000Z</time>
      </trkpt>
      <trkpt lat="37.83388503293692" lon="112.00669550472125">
        <time>2026-04-02T10:10:25.973000Z</time>
      </trkpt>
      <trkpt lat="37.833939976138375" lon="112.00671742064976">
        <time>2026-04-02T10:10:27.973000Z</time>
      </trkpt>
      <trkpt lat="37.833995592047444" lon="112.00673734355124">
        <time>2026-04-02T10:10:29.973000Z</time>
      </trkpt>
      <trkpt lat="37.83405020780822" lon="112.00675726657767">
        <time>2026-04-02T10:10:31.973000Z</time>
      </trkpt>
      <trkpt lat="37.83410515992943" lon="112.00677619309262">
        <time>2026-04-02T10:10:33.973000Z</time>
      </trkpt>
      <trkpt lat="37.834160778823744" lon="112.00679511953234">
        <time>2026-04-02T10:10:35.973000Z</time>
      </trkpt>
      <trkpt lat="37.834217397879065" lon="112.0068140458586">
        <time>2026-04-02T10:10:37.973000Z</time>
      </trkpt>
      <trkpt lat="37.834274348347066" lon="112.00683363646907">
        <time>2026-04-02T10:10:39.973000Z</time>
      </trkpt>
      <trkpt lat="37.834330968403336" lon="112.00685223064637">
        <time>2026-04-02T10:10:41.973000Z</time>
      </trkpt>
      <trkpt lat="37.8343879258028" lon="112.00686949614962">
        <time>2026-04-02T10:10:43.973000Z</time>
      </trkpt>
      <trkpt lat="37.83444555294429" lon="112.00688576509812">
        <time>2026-04-02T10:10:45.973000Z</time>
      </trkpt>
      <trkpt lat="37.83450451362972" lon="112.00690203389189">
        <time>2026-04-02T10:10:47.973000Z</time>
      </trkpt>
      <trkpt lat="37.834564481393144" lon="112.0069159774498">
        <time>2026-04-02T10:10:49.973000Z</time>
      </trkpt>
      <trkpt lat="37.83462445904294" lon="112.00692659941134">
        <time>2026-04-02T10:10:51.973000Z</time>
      </trkpt>
      <trkpt lat="37.834684792807685" lon="112.0069295816555">
        <time>2026-04-02T10:10:53.973000Z</time>
      </trkpt>
      <trkpt lat="37.834744147171314" lon="112.00692558866034">
        <time>2026-04-02T10:10:55.973000Z</time>
      </trkpt>
      <trkpt lat="37.834803529207576" lon="112.00691229518796">
        <time>2026-04-02T10:10:57.973000Z</time>
      </trkpt>
      <trkpt lat="37.83486225436371" lon="112.00689568020044">
        <time>2026-04-02T10:10:59.973000Z</time>
      </trkpt>
      <trkpt lat="37.83492131093227" lon="112.00687972949629">
        <time>2026-04-02T10:11:01.973000Z</time>
      </trkpt>
      <trkpt lat="37.83498068804046" lon="112.00686809683201">
        <time>2026-04-02T10:11:03.973000Z</time>
      </trkpt>
      <trkpt lat="37.835039050170586" lon="112.00686144668276">
        <time>2026-04-02T10:11:05.973000Z</time>
      </trkpt>
      <trkpt lat="37.83509573154235" lon="112.00685944696716">
        <time>2026-04-02T10:11:07.973000Z</time>
      </trkpt>
      <trkpt lat="37.83515340417601" lon="112.00686043656879">
        <time>2026-04-02T10:11:09.973000Z</time>
      </trkpt>
      <trkpt lat="37.83521039126029" lon="112.00686773728282">
        <time>2026-04-02T10:11:11.973000Z</time>
      </trkpt>
      <trkpt lat="37.83526367454395" lon="112.00688732834467">
        <time>2026-04-02T10:11:13.973000Z</time>
      </trkpt>
      <trkpt lat="37.8353079060378" lon="112.00692386063687">
        <time>2026-04-02T10:11:15.973000Z</time>
      </trkpt>
      <trkpt lat="37.835343424089906" lon="112.00697567334782">
        <time>2026-04-02T10:11:17.973000Z</time>
      </trkpt>
      <trkpt lat="37.83537192034381" lon="112.00703446230484">
        <time>2026-04-02T10:11:19.973000Z</time>
      </trkpt>
      <trkpt lat="37.835396403180596" lon="112.0070975698778">
        <time>2026-04-02T10:11:21.973000Z</time>
      </trkpt>
      <trkpt lat="37.83541988689459" lon="112.0071603454679">
        <time>2026-04-02T10:11:23.973000Z</time>
      </trkpt>
      <trkpt lat="37.835446713388635" lon="112.00722013126448">
        <time>2026-04-02T10:11:25.973000Z</time>
      </trkpt>
      <trkpt lat="37.835482573884214" lon="112.00726895470481">
        <time>2026-04-02T10:11:27.973000Z</time>
      </trkpt>
      <trkpt lat="37.83552681738406" lon="112.00730150125976">
        <time>2026-04-02T10:11:29.973000Z</time>
      </trkpt>
      <trkpt lat="37.83557877907635" lon="112.00731710666126">
        <time>2026-04-02T10:11:31.973000Z</time>
      </trkpt>
      <trkpt lat="37.83563110375707" lon="112.00732274717002">
        <time>2026-04-02T10:11:33.973000Z</time>
      </trkpt>
      <trkpt lat="37.83568343337334" lon="112.00732672687">
        <time>2026-04-02T10:11:35.973000Z</time>
      </trkpt>
      <trkpt lat="37.83573475790244" lon="112.00733236749869">
        <time>2026-04-02T10:11:37.973000Z</time>
      </trkpt>
      <trkpt lat="37.83578707568333" lon="112.0073403331421">
        <time>2026-04-02T10:11:39.973000Z</time>
      </trkpt>
      <trkpt lat="37.83584005826574" lon="112.00734896303064">
        <time>2026-04-02T10:11:41.973000Z</time>
      </trkpt>
      <trkpt lat="37.835892702534245" lon="112.00735925377033">
        <time>2026-04-02T10:11:43.973000Z</time>
      </trkpt>
      <trkpt lat="37.835945010458126" lon="112.00737054103756">
        <time>2026-04-02T10:11:45.973000Z</time>
      </trkpt>
      <trkpt lat="37.83599697908267" lon="112.00738382131873">
        <time>2026-04-02T10:11:47.973000Z</time>
      </trkpt>
      <trkpt lat="37.836048612354325" lon="112.00739776596664">
        <time>2026-04-02T10:11:49.973000Z</time>
      </trkpt>
      <trkpt lat="37.83610057704133" lon="112.00741237490307">
        <time>2026-04-02T10:11:51.973000Z</time>
      </trkpt>
      <trkpt lat="37.83615387428656" lon="112.00742731584592">
        <time>2026-04-02T10:11:53.973000Z</time>
      </trkpt>
      <trkpt lat="37.8362078343637" lon="112.00744358536123">
        <time>2026-04-02T10:11:55.973000Z</time>
      </trkpt>
      <trkpt lat="37.836261794445875" lon="112.00745985488152">
        <time>2026-04-02T10:11:57.973000Z</time>
      </trkpt>
      <trkpt lat="37.83631609383371" lon="112.00747413138937">
        <time>2026-04-02T10:11:59.973000Z</time>
      </trkpt>
      <trkpt lat="37.836370737456505" lon="112.00748475407147">
        <time>2026-04-02T10:12:01.973000Z</time>
      </trkpt>
      <trkpt lat="37.83642471037047" lon="112.00749670548616">
        <time>2026-04-02T10:12:03.973000Z</time>
      </trkpt>
      <trkpt lat="37.83647766045475" lon="112.0075162967664">
        <time>2026-04-02T10:12:05.973000Z</time>
      </trkpt>
      <trkpt lat="37.83653060167271" lon="112.00753887751735">
        <time>2026-04-02T10:12:07.973000Z</time>
      </trkpt>
      <trkpt lat="37.83658487643915" lon="112.00756145811681">
        <time>2026-04-02T10:12:09.973000Z</time>
      </trkpt>
      <trkpt lat="37.836640165169655" lon="112.00757938832125">
        <time>2026-04-02T10:12:11.973000Z</time>
      </trkpt>
      <trkpt lat="37.83669478516226" lon="112.0075979829368">
        <time>2026-04-02T10:12:13.973000Z</time>
      </trkpt>
      <trkpt lat="37.836749403189856" lon="112.007617241884">
        <time>2026-04-02T10:12:15.973000Z</time>
      </trkpt>
      <trkpt lat="37.83680435264131" lon="112.00763716512328">
        <time>2026-04-02T10:12:17.973000Z</time>
      </trkpt>
      <trkpt lat="37.83686130536477" lon="112.00765609163912">
        <time>2026-04-02T10:12:19.973000Z</time>
      </trkpt>
      <trkpt lat="37.8369182610506" lon="112.0076740216696">
        <time>2026-04-02T10:12:21.973000Z</time>
      </trkpt>
      <trkpt lat="37.83697321249214" lon="112.00769328059913">
        <time>2026-04-02T10:12:23.973000Z</time>
      </trkpt>
      <trkpt lat="37.83702682546898" lon="112.007714200511">
        <time>2026-04-02T10:12:25.973000Z</time>
      </trkpt>
      <trkpt lat="37.83708010605384" lon="112.00773478830637">
        <time>2026-04-02T10:12:27.973000Z</time>
      </trkpt>
      <trkpt lat="37.83713439468258" lon="112.00775271867663">
        <time>2026-04-02T10:12:29.973000Z</time>
      </trkpt>
      <trkpt lat="37.837188682332176" lon="112.00777098121526">
        <time>2026-04-02T10:12:31.973000Z</time>
      </trkpt>
      <trkpt lat="37.837242627739755" lon="112.00779223327632">
        <time>2026-04-02T10:12:33.973000Z</time>
      </trkpt>
      <trkpt lat="37.83729723696885" lon="112.00781448175766">
        <time>2026-04-02T10:12:35.973000Z</time>
      </trkpt>
      <trkpt lat="37.83735151577565" lon="112.00783573379314">
        <time>2026-04-02T10:12:37.973000Z</time>
      </trkpt>
      <trkpt lat="37.83740546908237" lon="112.0078543285594">
        <time>2026-04-02T10:12:39.973000Z</time>
      </trkpt>
      <trkpt lat="37.83745842519168" lon="112.00787192695624">
        <time>2026-04-02T10:12:41.973000Z</time>
      </trkpt>
      <trkpt lat="37.837511378353184" lon="112.00789052185193">
        <time>2026-04-02T10:12:43.973000Z</time>
      </trkpt>
      <trkpt lat="37.83756499533616" lon="112.00791011316785">
        <time>2026-04-02T10:12:45.973000Z</time>
      </trkpt>
      <trkpt lat="37.837618609372754" lon="112.00793070098338">
        <time>2026-04-02T10:12:47.973000Z</time>
      </trkpt>
      <trkpt lat="37.83767222538482" lon="112.00795062447563">
        <time>2026-04-02T10:12:49.973000Z</time>
      </trkpt>
      <trkpt lat="37.83772450884612" lon="112.00797021596809">
        <time>2026-04-02T10:12:51.973000Z</time>
      </trkpt>
      <trkpt lat="37.837777122750325" lon="112.00799080392176">
        <time>2026-04-02T10:12:53.973000Z</time>
      </trkpt>
      <trkpt lat="37.837830064142004" lon="112.00801338483494">
        <time>2026-04-02T10:12:55.973000Z</time>
      </trkpt>
      <trkpt lat="37.83788466656462" lon="112.00803795854819">
        <time>2026-04-02T10:12:57.973000Z</time>
      </trkpt>
      <trkpt lat="37.83793926899654" lon="112.0080625322727">
        <time>2026-04-02T10:12:59.973000Z</time>
      </trkpt>
      <trkpt lat="37.83799387635618" lon="112.00808544517797">
        <time>2026-04-02T10:13:01.973000Z</time>
      </trkpt>
      <trkpt lat="37.838048819080065" lon="112.00810769371881">
        <time>2026-04-02T10:13:03.973000Z</time>
      </trkpt>
      <trkpt lat="37.838103432357315" lon="112.00812861364311">
        <time>2026-04-02T10:13:05.973000Z</time>
      </trkpt>
      <trkpt lat="37.83815804859216" lon="112.00814853707651">
        <time>2026-04-02T10:13:07.973000Z</time>
      </trkpt>
      <trkpt lat="37.838212332432754" lon="112.00816812838927">
        <time>2026-04-02T10:13:09.973000Z</time>
      </trkpt>
      <trkpt lat="37.8382672830532" lon="112.00818771962933">
        <time>2026-04-02T10:13:11.973000Z</time>
      </trkpt>
      <trkpt lat="37.83832123647223" lon="112.0082063144957">
        <time>2026-04-02T10:13:13.973000Z</time>
      </trkpt>
      <trkpt lat="37.83837487322183" lon="112.00821926257814">
        <time>2026-04-02T10:13:15.973000Z</time>
      </trkpt>
      <trkpt lat="37.838428535536075" lon="112.00822357433667">
        <time>2026-04-02T10:13:17.973000Z</time>
      </trkpt>
      <trkpt lat="37.83848422077977" lon="112.00822024602955">
        <time>2026-04-02T10:13:19.973000Z</time>
      </trkpt>
      <trkpt lat="37.83854058459684" lon="112.00821293164708">
        <time>2026-04-02T10:13:21.973000Z</time>
      </trkpt>
      <trkpt lat="37.8385972827844" lon="112.00820528505919">
        <time>2026-04-02T10:13:23.973000Z</time>
      </trkpt>
      <trkpt lat="37.838653318134355" lon="112.00819630988656">
        <time>2026-04-02T10:13:25.973000Z</time>
      </trkpt>
      <trkpt lat="37.8387100261604" lon="112.0081853416386">
        <time>2026-04-02T10:13:27.973000Z</time>
      </trkpt>
      <trkpt lat="37.83876673812335" lon="112.00817304472797">
        <time>2026-04-02T10:13:29.973000Z</time>
      </trkpt>
      <trkpt lat="37.83882377757462" lon="112.00816274077657">
        <time>2026-04-02T10:13:31.973000Z</time>
      </trkpt>
      <trkpt lat="37.83888014632653" lon="112.00815376557048">
        <time>2026-04-02T10:13:33.973000Z</time>
      </trkpt>
      <trkpt lat="37.83893685436681" lon="112.00814279733012">
        <time>2026-04-02T10:13:35.973000Z</time>
      </trkpt>
      <trkpt lat="37.83899490185442" lon="112.00812983593747">
        <time>2026-04-02T10:13:37.973000Z</time>
      </trkpt>
      <trkpt lat="37.83905295131341" lon="112.00811621021502">
        <time>2026-04-02T10:13:39.973000Z</time>
      </trkpt>
      <trkpt lat="37.839111657714426" lon="112.00810590607408">
        <time>2026-04-02T10:13:41.973000Z</time>
      </trkpt>
      <trkpt lat="37.83917002384463" lon="112.00809792713451">
        <time>2026-04-02T10:13:43.973000Z</time>
      </trkpt>
      <trkpt lat="37.83922805069125" lon="112.00809194122995">
        <time>2026-04-02T10:13:45.973000Z</time>
      </trkpt>
      <trkpt lat="37.839285075414836" lon="112.0080866197768">
        <time>2026-04-02T10:13:47.973000Z</time>
      </trkpt>
      <trkpt lat="37.8393427678983" lon="112.00808096607888">
        <time>2026-04-02T10:13:49.973000Z</time>
      </trkpt>
      <trkpt lat="37.83940212927961" lon="112.00807464785115">
        <time>2026-04-02T10:13:51.973000Z</time>
      </trkpt>
      <trkpt lat="37.83946382436534" lon="112.00806832934593">
        <time>2026-04-02T10:13:53.973000Z</time>
      </trkpt>
      <trkpt lat="37.83952418295954" lon="112.00806300749693">
        <time>2026-04-02T10:13:55.973000Z</time>
      </trkpt>
      <trkpt lat="37.839583544349345" lon="112.00805668927104">
        <time>2026-04-02T10:13:57.973000Z</time>
      </trkpt>
      <trkpt lat="37.83964157219864" lon="112.00805037120526">
        <time>2026-04-02T10:13:59.973000Z</time>
      </trkpt>
      <trkpt lat="37.83969960890532" lon="112.00804106365139">
        <time>2026-04-02T10:14:01.973000Z</time>
      </trkpt>
      <trkpt lat="37.83975797408059" lon="112.00803341688602">
        <time>2026-04-02T10:14:03.973000Z</time>
      </trkpt>
      <trkpt lat="37.83981667461575" lon="112.00802510575096">
        <time>2026-04-02T10:14:05.973000Z</time>
      </trkpt>
      <trkpt lat="37.83987537121819" lon="112.00801812327848">
        <time>2026-04-02T10:14:07.973000Z</time>
      </trkpt>
      <trkpt lat="37.83993406979146" lon="112.00801047647617">
        <time>2026-04-02T10:14:09.973000Z</time>
      </trkpt>
      <trkpt lat="37.83999210356178" lon="112.00800216542349">
        <time>2026-04-02T10:14:11.973000Z</time>
      </trkpt>
      <trkpt lat="37.84005080607723" lon="112.00799318996195">
        <time>2026-04-02T10:14:13.973000Z</time>
      </trkpt>
      <trkpt lat="37.84010884182192" lon="112.00798421458155">
        <time>2026-04-02T10:14:15.973000Z</time>
      </trkpt>
      <trkpt lat="37.8401662009546" lon="112.00797856093281">
        <time>2026-04-02T10:14:17.973000Z</time>
      </trkpt>
      <trkpt lat="37.840222873637664" lon="112.00797955066561">
        <time>2026-04-02T10:14:19.973000Z</time>
      </trkpt>
      <trkpt lat="37.840279530577384" lon="112.00798585504009">
        <time>2026-04-02T10:14:21.973000Z</time>
      </trkpt>
      <trkpt lat="37.840336843465" lon="112.00799581315249">
        <time>2026-04-02T10:14:23.973000Z</time>
      </trkpt>
      <trkpt lat="37.84039548892025" lon="112.00800610327279">
        <time>2026-04-02T10:14:25.973000Z</time>
      </trkpt>
      <trkpt lat="37.84045513059804" lon="112.00801772193562">
        <time>2026-04-02T10:14:27.973000Z</time>
      </trkpt>
      <trkpt lat="37.84051443594314" lon="112.00803033713719">
        <time>2026-04-02T10:14:29.973000Z</time>
      </trkpt>
      <trkpt lat="37.84057207239569" lon="112.0080436168705">
        <time>2026-04-02T10:14:31.973000Z</time>
      </trkpt>
      <trkpt lat="37.84062971573916" lon="112.0080545714483">
        <time>2026-04-02T10:14:33.973000Z</time>
      </trkpt>
      <trkpt lat="37.84068769247126" lon="112.0080655259879">
        <time>2026-04-02T10:14:35.973000Z</time>
      </trkpt>
      <trkpt lat="37.840748335311915" lon="112.00807681237671">
        <time>2026-04-02T10:14:37.973000Z</time>
      </trkpt>
      <trkpt lat="37.840811640331175" lon="112.00808975927781">
        <time>2026-04-02T10:14:39.973000Z</time>
      </trkpt>
      <trkpt lat="37.84087661425177" lon="112.00810204165114">
        <time>2026-04-02T10:14:41.973000Z</time>
      </trkpt>
      <trkpt lat="37.840939925181736" lon="112.00811299556226">
        <time>2026-04-02T10:14:43.973000Z</time>
      </trkpt>
      <trkpt lat="37.84100024350567" lon="112.00812129250637">
        <time>2026-04-02T10:14:45.973000Z</time>
      </trkpt>
      <trkpt lat="37.84105823304628" lon="112.00812792890063">
        <time>2026-04-02T10:14:47.973000Z</time>
      </trkpt>
      <trkpt lat="37.84111656089215" lon="112.00813290442642">
        <time>2026-04-02T10:14:49.973000Z</time>
      </trkpt>
      <trkpt lat="37.84117422492076" lon="112.00813688353453">
        <time>2026-04-02T10:14:51.973000Z</time>
      </trkpt>
      <trkpt lat="37.84123156343005" lon="112.00813820535537">
        <time>2026-04-02T10:14:53.973000Z</time>
      </trkpt>
      <trkpt lat="37.84128791358777" lon="112.00813554130471">
        <time>2026-04-02T10:14:55.973000Z</time>
      </trkpt>
      <trkpt lat="37.84134494133637" lon="112.00812922335032">
        <time>2026-04-02T10:14:57.973000Z</time>
      </trkpt>
      <trkpt lat="37.84140298301683" lon="112.0081182549556">
        <time>2026-04-02T10:14:59.973000Z</time>
      </trkpt>
      <trkpt lat="37.841460033393574" lon="112.00810429719137">
        <time>2026-04-02T10:15:01.973000Z</time>
      </trkpt>
      <trkpt lat="37.84151609345168" lon="112.00808701789254">
        <time>2026-04-02T10:15:03.973000Z</time>
      </trkpt>
      <trkpt lat="37.841571500517645" lon="112.00806508836085">
        <time>2026-04-02T10:15:05.973000Z</time>
      </trkpt>
      <trkpt lat="37.841626587980286" lon="112.00803850856127">
        <time>2026-04-02T10:15:07.973000Z</time>
      </trkpt>
      <trkpt lat="37.84168035371188" lon="112.00800794294877">
        <time>2026-04-02T10:15:09.973000Z</time>
      </trkpt>
      <trkpt lat="37.84173345367033" lon="112.00797704526487">
        <time>2026-04-02T10:15:11.973000Z</time>
      </trkpt>
      <trkpt lat="37.84178555938763" lon="112.00794415472674">
        <time>2026-04-02T10:15:13.973000Z</time>
      </trkpt>
      <trkpt lat="37.841836335512006" lon="112.00790993570514">
        <time>2026-04-02T10:15:15.973000Z</time>
      </trkpt>
      <trkpt lat="37.84188511723921" lon="112.00787372395276">
        <time>2026-04-02T10:15:17.973000Z</time>
      </trkpt>
      <trkpt lat="37.841933564613726" lon="112.00783784442619">
        <time>2026-04-02T10:15:19.973000Z</time>
      </trkpt>
      <trkpt lat="37.84198333570247" lon="112.0078052864006">
        <time>2026-04-02T10:15:21.973000Z</time>
      </trkpt>
      <trkpt lat="37.842033766685844" lon="112.00777505346092">
        <time>2026-04-02T10:15:23.973000Z</time>
      </trkpt>
      <trkpt lat="37.84208352795177" lon="112.00774581710681">
        <time>2026-04-02T10:15:25.973000Z</time>
      </trkpt>
      <trkpt lat="37.84213062607907" lon="112.00771525242945">
        <time>2026-04-02T10:15:27.973000Z</time>
      </trkpt>
      <trkpt lat="37.84217639461447" lon="112.00768335927091">
        <time>2026-04-02T10:15:29.973000Z</time>
      </trkpt>
      <trkpt lat="37.84222249950481" lon="112.00765046959874">
        <time>2026-04-02T10:15:31.973000Z</time>
      </trkpt>
      <trkpt lat="37.84226993894045" lon="112.0076172476195">
        <time>2026-04-02T10:15:33.973000Z</time>
      </trkpt>
      <trkpt lat="37.84231871489323" lon="112.00758302900944">
        <time>2026-04-02T10:15:35.973000Z</time>
      </trkpt>
      <trkpt lat="37.842367492832935" lon="112.00754814609296">
        <time>2026-04-02T10:15:37.973000Z</time>
      </trkpt>
      <trkpt lat="37.8424152755578" lon="112.00751160250037">
        <time>2026-04-02T10:15:39.973000Z</time>
      </trkpt>
      <trkpt lat="37.84246239054291" lon="112.0074753911687">
        <time>2026-04-02T10:15:41.973000Z</time>
      </trkpt>
      <trkpt lat="37.84251016639815" lon="112.00744117275184">
        <time>2026-04-02T10:15:43.973000Z</time>
      </trkpt>
      <trkpt lat="37.84255926989624" lon="112.0074089471667">
        <time>2026-04-02T10:15:45.973000Z</time>
      </trkpt>
      <trkpt lat="37.84260837439442" lon="112.0073763894342">
        <time>2026-04-02T10:15:47.973000Z</time>
      </trkpt>
      <trkpt lat="37.84265614930689" lon="112.00734250323171">
        <time>2026-04-02T10:15:49.973000Z</time>
      </trkpt>
      <trkpt lat="37.84270392916779" lon="112.00730695623766">
        <time>2026-04-02T10:15:51.973000Z</time>
      </trkpt>
      <trkpt lat="37.84275170904474" lon="112.00727140926116">
        <time>2026-04-02T10:15:53.973000Z</time>
      </trkpt>
      <trkpt lat="37.842800489098316" lon="112.00723586218557">
        <time>2026-04-02T10:15:55.973000Z</time>
      </trkpt>
      <trkpt lat="37.84284960156623" lon="112.00720064725064">
        <time>2026-04-02T10:15:57.973000Z</time>
      </trkpt>
      <trkpt lat="37.84289871799903" lon="112.00716410368923">
        <time>2026-04-02T10:15:59.973000Z</time>
      </trkpt>
      <trkpt lat="37.84294783642346" lon="112.007126895826">
        <time>2026-04-02T10:16:01.973000Z</time>
      </trkpt>
      <trkpt lat="37.84299562724438" lon="112.0070876951795">
        <time>2026-04-02T10:16:03.973000Z</time>
      </trkpt>
      <trkpt lat="37.843043081735544" lon="112.00704949107701">
        <time>2026-04-02T10:16:05.973000Z</time>
      </trkpt>
      <trkpt lat="37.84309053624468" lon="112.00701128699579">
        <time>2026-04-02T10:16:07.973000Z</time>
      </trkpt>
      <trkpt lat="37.84313865458305" lon="112.00697407933635">
        <time>2026-04-02T10:16:09.973000Z</time>
      </trkpt>
      <trkpt lat="37.84318677787921" lon="112.0069352108978">
        <time>2026-04-02T10:16:11.973000Z</time>
      </trkpt>
      <trkpt lat="37.843233903997785" lon="112.00689534612202">
        <time>2026-04-02T10:16:13.973000Z</time>
      </trkpt>
      <trkpt lat="37.84328036237175" lon="112.00685581360611">
        <time>2026-04-02T10:16:15.973000Z</time>
      </trkpt>
      <trkpt lat="37.843327487539945" lon="112.00681628103551">
        <time>2026-04-02T10:16:17.973000Z</time>
      </trkpt>
      <trkpt lat="37.84337528048683" lon="112.00677641624874">
        <time>2026-04-02T10:16:19.973000Z</time>
      </trkpt>
      <trkpt lat="37.84342440996608" lon="112.00673555484927">
        <time>2026-04-02T10:16:21.973000Z</time>
      </trkpt>
      <trkpt lat="37.8434732041017" lon="112.00669535783022">
        <time>2026-04-02T10:16:23.973000Z</time>
      </trkpt>
      <trkpt lat="37.84352266008627" lon="112.0066568215475">
        <time>2026-04-02T10:16:25.973000Z</time>
      </trkpt>
      <trkpt lat="37.8435714463453" lon="112.00661928183952">
        <time>2026-04-02T10:16:27.973000Z</time>
      </trkpt>
      <trkpt lat="37.843620230642415" lon="112.00658240646825">
        <time>2026-04-02T10:16:29.973000Z</time>
      </trkpt>
      <trkpt lat="37.84366801875306" lon="112.00654420260402">
        <time>2026-04-02T10:16:31.973000Z</time>
      </trkpt>
      <trkpt lat="37.84371647365665" lon="112.0065059986806">
        <time>2026-04-02T10:16:33.973000Z</time>
      </trkpt>
      <trkpt lat="37.843764597171685" lon="112.00646713050227">
        <time>2026-04-02T10:16:35.973000Z</time>
      </trkpt>
      <trkpt lat="37.84381371789159" lon="112.00642925869833">
        <time>2026-04-02T10:16:37.973000Z</time>
      </trkpt>
      <trkpt lat="37.843863832849095" lon="112.00639337973873">
        <time>2026-04-02T10:16:39.973000Z</time>
      </trkpt>
      <trkpt lat="37.84391626568656" lon="112.00636281503274">
        <time>2026-04-02T10:16:41.973000Z</time>
      </trkpt>
      <trkpt lat="37.84396967889058" lon="112.00633889336123">
        <time>2026-04-02T10:16:43.973000Z</time>
      </trkpt>
      <trkpt lat="37.84402275277445" lon="112.00631696467872">
        <time>2026-04-02T10:16:45.973000Z</time>
      </trkpt>
      <trkpt lat="37.844075497241484" lon="112.00629370741578">
        <time>2026-04-02T10:16:47.973000Z</time>
      </trkpt>
      <trkpt lat="37.84412825162178" lon="112.0062671285937">
        <time>2026-04-02T10:16:49.973000Z</time>
      </trkpt>
      <trkpt lat="37.84418200814999" lon="112.00623988534869">
        <time>2026-04-02T10:16:51.973000Z</time>
      </trkpt>
      <trkpt lat="37.84423676088647" lon="112.00621397062125">
        <time>2026-04-02T10:16:53.973000Z</time>
      </trkpt>
      <trkpt lat="37.844291177273675" lon="112.00618905241086">
        <time>2026-04-02T10:16:55.973000Z</time>
      </trkpt>
      <trkpt lat="37.8443435903733" lon="112.00616513091688">
        <time>2026-04-02T10:16:57.973000Z</time>
      </trkpt>
      <trkpt lat="37.84439467191533" lon="112.0061405452773">
        <time>2026-04-02T10:16:59.973000Z</time>
      </trkpt>
      <trkpt lat="37.84444608288682" lon="112.00611728822963">
        <time>2026-04-02T10:17:01.973000Z</time>
      </trkpt>
      <trkpt lat="37.84449914494453" lon="112.00609934548649">
        <time>2026-04-02T10:17:03.973000Z</time>
      </trkpt>
      <trkpt lat="37.844552843051524" lon="112.00609169950025">
        <time>2026-04-02T10:17:05.973000Z</time>
      </trkpt>
      <trkpt lat="37.84460684283266" lon="112.00609468246292">
        <time>2026-04-02T10:17:07.973000Z</time>
      </trkpt>
      <trkpt lat="37.844660488411265" lon="112.00610464073986">
        <time>2026-04-02T10:17:09.973000Z</time>
      </trkpt>
      <trkpt lat="37.844714459454046" lon="112.00611725622636">
        <time>2026-04-02T10:17:11.973000Z</time>
      </trkpt>
      <trkpt lat="37.84476842950932" lon="112.0061302038709">
        <time>2026-04-02T10:17:13.973000Z</time>
      </trkpt>
      <trkpt lat="37.844823733116066" lon="112.00614315135863">
        <time>2026-04-02T10:17:15.973000Z</time>
      </trkpt>
      <trkpt lat="37.84488003589756" lon="112.00615643088497">
        <time>2026-04-02T10:17:17.973000Z</time>
      </trkpt>
      <trkpt lat="37.84493800363495" lon="112.00617037452838">
        <time>2026-04-02T10:17:19.973000Z</time>
      </trkpt>
      <trkpt lat="37.84499697451122" lon="112.00618332158571">
        <time>2026-04-02T10:17:21.973000Z</time>
      </trkpt>
      <trkpt lat="37.845057274976234" lon="112.00619759711128">
        <time>2026-04-02T10:17:23.973000Z</time>
      </trkpt>
      <trkpt lat="37.845116909660334" lon="112.00621154056323">
        <time>2026-04-02T10:17:25.973000Z</time>
      </trkpt>
      <trkpt lat="37.84517487741471" lon="112.00622548421566">
        <time>2026-04-02T10:17:27.973000Z</time>
      </trkpt>
      <trkpt lat="37.845229845681686" lon="112.00623909607266">
        <time>2026-04-02T10:17:29.973000Z</time>
      </trkpt>
      <trkpt lat="37.84528347544695" lon="112.00625436887354">
        <time>2026-04-02T10:17:31.973000Z</time>
      </trkpt>
      <trkpt lat="37.84533543134837" lon="112.00627196697324">
        <time>2026-04-02T10:17:33.973000Z</time>
      </trkpt>
      <trkpt lat="37.84538637619714" lon="112.00629321892212">
        <time>2026-04-02T10:17:35.973000Z</time>
      </trkpt>
      <trkpt lat="37.845435316766135" lon="112.00631579974211">
        <time>2026-04-02T10:17:37.973000Z</time>
      </trkpt>
      <trkpt lat="37.84548425040992" lon="112.0063407056687">
        <time>2026-04-02T10:17:39.973000Z</time>
      </trkpt>
      <trkpt lat="37.845533862721034" lon="112.00636162563823">
        <time>2026-04-02T10:17:41.973000Z</time>
      </trkpt>
      <trkpt lat="37.84558481254757" lon="112.00638121682613">
        <time>2026-04-02T10:17:43.973000Z</time>
      </trkpt>
      <trkpt lat="37.845636102696695" lon="112.00639848287878">
        <time>2026-04-02T10:17:45.973000Z</time>
      </trkpt>
      <trkpt lat="37.84568805368689" lon="112.00641774179982">
        <time>2026-04-02T10:17:47.973000Z</time>
      </trkpt>
      <trkpt lat="37.845739669316806" lon="112.00643766508155">
        <time>2026-04-02T10:17:49.973000Z</time>
      </trkpt>
      <trkpt lat="37.84579261751148" lon="112.00645792036696">
        <time>2026-04-02T10:17:51.973000Z</time>
      </trkpt>
      <trkpt lat="37.8458459099866" lon="112.00647452188343">
        <time>2026-04-02T10:17:53.973000Z</time>
      </trkpt>
      <trkpt lat="37.84590020757804" lon="112.00648946249676">
        <time>2026-04-02T10:17:55.973000Z</time>
      </trkpt>
      <trkpt lat="37.845954513091634" lon="112.00650174585093">
        <time>2026-04-02T10:17:57.973000Z</time>
      </trkpt>
      <trkpt lat="37.846008146883754" lon="112.00651569007539">
        <time>2026-04-02T10:17:59.973000Z</time>
      </trkpt>
      <trkpt lat="37.84606178166947" lon="112.0065293021448">
        <time>2026-04-02T10:18:01.973000Z</time>
      </trkpt>
      <trkpt lat="37.846115763703814" lon="112.00653826396577">
        <time>2026-04-02T10:18:03.973000Z</time>
      </trkpt>
      <trkpt lat="37.84617108522732" lon="112.00654523268082">
        <time>2026-04-02T10:18:05.973000Z</time>
      </trkpt>
      <trkpt lat="37.84622641170109" lon="112.0065505406069">
        <time>2026-04-02T10:18:07.973000Z</time>
      </trkpt>
      <trkpt lat="37.84628205276228" lon="112.00656215949607">
        <time>2026-04-02T10:18:09.973000Z</time>
      </trkpt>
      <trkpt lat="37.84633702408608" lon="112.00657477494005">
        <time>2026-04-02T10:18:11.973000Z</time>
      </trkpt>
      <trkpt lat="37.84639499194041" lon="112.00658871866075">
        <time>2026-04-02T10:18:13.973000Z</time>
      </trkpt>
      <trkpt lat="37.84645396985574" lon="112.00659934068315">
        <time>2026-04-02T10:18:15.973000Z</time>
      </trkpt>
      <trkpt lat="37.84651262428177" lon="112.00660664116448">
        <time>2026-04-02T10:18:17.973000Z</time>
      </trkpt>
      <trkpt lat="37.846567619363576" lon="112.00661128481818">
        <time>2026-04-02T10:18:19.973000Z</time>
      </trkpt>
      <trkpt lat="37.84661927859337" lon="112.00661659318648">
        <time>2026-04-02T10:18:21.973000Z</time>
      </trkpt>
      <trkpt lat="37.84666960229718" lon="112.00662256603097">
        <time>2026-04-02T10:18:23.973000Z</time>
      </trkpt>
      <trkpt lat="37.846721258563164" lon="112.00662887087465">
        <time>2026-04-02T10:18:25.973000Z</time>
      </trkpt>
      <trkpt lat="37.84677458176706" lon="112.00663517552037">
        <time>2026-04-02T10:18:27.973000Z</time>
      </trkpt>
      <trkpt lat="37.84682990233196" lon="112.0066424764028">
        <time>2026-04-02T10:18:29.973000Z</time>
      </trkpt>
      <trkpt lat="37.84688455315488" lon="112.0066507738407">
        <time>2026-04-02T10:18:31.973000Z</time>
      </trkpt>
      <trkpt lat="37.8469395363819" lon="112.00665940339871">
        <time>2026-04-02T10:18:33.973000Z</time>
      </trkpt>
      <trkpt lat="37.8469945206008" lon="112.0066677007989">
        <time>2026-04-02T10:18:35.973000Z</time>
      </trkpt>
      <trkpt lat="37.8470505119052" lon="112.00667367297065">
        <time>2026-04-02T10:18:37.973000Z</time>
      </trkpt>
      <trkpt lat="37.847106169825615" lon="112.00667964518311">
        <time>2026-04-02T10:18:39.973000Z</time>
      </trkpt>
      <trkpt lat="37.8471611560303" lon="112.0066872782687">
        <time>2026-04-02T10:18:41.973000Z</time>
      </trkpt>
      <trkpt lat="37.84721580489075" lon="112.00669624002893">
        <time>2026-04-02T10:18:43.973000Z</time>
      </trkpt>
      <trkpt lat="37.84727012036759" lon="112.0067052018299">
        <time>2026-04-02T10:18:45.973000Z</time>
      </trkpt>
      <trkpt lat="37.84732444276994" lon="112.00671183852118">
        <time>2026-04-02T10:18:47.973000Z</time>
      </trkpt>
      <trkpt lat="37.8473787661636" lon="112.00671814305409">
        <time>2026-04-02T10:18:49.973000Z</time>
      </trkpt>
      <trkpt lat="37.847433762270306" lon="112.0067224545556">
        <time>2026-04-02T10:18:51.973000Z</time>
      </trkpt>
      <trkpt lat="37.8474900909403" lon="112.00672709805706">
        <time>2026-04-02T10:18:53.973000Z</time>
      </trkpt>
      <trkpt lat="37.84754708539656" lon="112.006732073638">
        <time>2026-04-02T10:18:55.973000Z</time>
      </trkpt>
      <trkpt lat="37.84760407392192" lon="112.00673904217223">
        <time>2026-04-02T10:18:57.973000Z</time>
      </trkpt>
      <trkpt lat="37.84766072609685" lon="112.00674700722368">
        <time>2026-04-02T10:18:59.973000Z</time>
      </trkpt>
      <trkpt lat="37.84771771561627" lon="112.00675364360045">
        <time>2026-04-02T10:19:01.973000Z</time>
      </trkpt>
      <trkpt lat="37.84777537883713" lon="112.00675795478561">
        <time>2026-04-02T10:19:03.973000Z</time>
      </trkpt>
      <trkpt lat="37.84783270669192" lon="112.00676293032876">
        <time>2026-04-02T10:19:05.973000Z</time>
      </trkpt>
      <trkpt lat="37.84788801247304" lon="112.00677521360801">
        <time>2026-04-02T10:19:07.973000Z</time>
      </trkpt>
      <trkpt lat="37.847942627752126" lon="112.00679546878773">
        <time>2026-04-02T10:19:09.973000Z</time>
      </trkpt>
      <trkpt lat="37.8479972311747" lon="112.00681970988262">
        <time>2026-04-02T10:19:11.973000Z</time>
      </trkpt>
      <trkpt lat="37.848052837735146" lon="112.00684295438882">
        <time>2026-04-02T10:19:13.973000Z</time>
      </trkpt>
      <trkpt lat="37.84810711075297" lon="112.00686619906307">
        <time>2026-04-02T10:19:15.973000Z</time>
      </trkpt>
      <trkpt lat="37.84815440240109" lon="112.00688280138813">
        <time>2026-04-02T10:19:17.973000Z</time>
      </trkpt>
      <trkpt lat="37.84819169637455" lon="112.00689807627292">
        <time>2026-04-02T10:19:21.973000Z</time>
      </trkpt>
      <trkpt lat="37.84821966339596" lon="112.00691069499663">
        <time>2026-04-02T10:19:23.973000Z</time>
      </trkpt>
      <trkpt lat="37.84825026886629" lon="112.00693294603761">
        <time>2026-04-02T10:19:25.973000Z</time>
      </trkpt>
      <trkpt lat="37.84828254424651" lon="112.0069542004062">
        <time>2026-04-02T10:19:29.973000Z</time>
      </trkpt>
      <trkpt lat="37.84832146268908" lon="112.00698375798557">
        <time>2026-04-02T10:19:31.973000Z</time>
      </trkpt>
      <trkpt lat="37.848361025199715" lon="112.00702095518159">
        <time>2026-04-02T10:19:33.973000Z</time>
      </trkpt>
      <trkpt lat="37.84840421252366" lon="112.00707243485556">
        <time>2026-04-02T10:19:35.973000Z</time>
      </trkpt>
      <trkpt lat="37.84844638194094" lon="112.0071298935815">
        <time>2026-04-02T10:19:37.973000Z</time>
      </trkpt>
      <trkpt lat="37.84848787672179" lon="112.00719000972397">
        <time>2026-04-02T10:19:39.973000Z</time>
      </trkpt>
      <trkpt lat="37.84853036776154" lon="112.00725145444498">
        <time>2026-04-02T10:19:41.973000Z</time>
      </trkpt>
      <trkpt lat="37.848572860819225" lon="112.00731223489935">
        <time>2026-04-02T10:19:43.973000Z</time>
      </trkpt>
      <trkpt lat="37.84861469010675" lon="112.00737201899844">
        <time>2026-04-02T10:19:45.973000Z</time>
      </trkpt>
      <trkpt lat="37.84865452108054" lon="112.00743113906906">
        <time>2026-04-02T10:19:47.973000Z</time>
      </trkpt>
      <trkpt lat="37.848693683346234" lon="112.00749092359386">
        <time>2026-04-02T10:19:49.973000Z</time>
      </trkpt>
      <trkpt lat="37.84873218085281" lon="112.00755004392742">
        <time>2026-04-02T10:19:51.973000Z</time>
      </trkpt>
      <trkpt lat="37.848771348131464" lon="112.00760816774545">
        <time>2026-04-02T10:19:53.973000Z</time>
      </trkpt>
      <trkpt lat="37.848809847692074" lon="112.00766662385546">
        <time>2026-04-02T10:19:55.973000Z</time>
      </trkpt>
      <trkpt lat="37.84884734318907" lon="112.0077264087935">
        <time>2026-04-02T10:19:57.973000Z</time>
      </trkpt>
      <trkpt lat="37.8488835022235" lon="112.00778719043461">
        <time>2026-04-02T10:19:59.973000Z</time>
      </trkpt>
      <trkpt lat="37.84891899255575" lon="112.00784863654324">
        <time>2026-04-02T10:20:01.973000Z</time>
      </trkpt>
      <trkpt lat="37.848955150696185" lon="112.00790975046279">
        <time>2026-04-02T10:20:03.973000Z</time>
      </trkpt>
      <trkpt lat="37.84899364161414" lon="112.00797119632425">
        <time>2026-04-02T10:20:05.973000Z</time>
      </trkpt>
      <trkpt lat="37.84903246694926" lon="112.0080323100438">
        <time>2026-04-02T10:20:07.973000Z</time>
      </trkpt>
      <trkpt lat="37.84907096287841" lon="112.00809209519626">
        <time>2026-04-02T10:20:09.973000Z</time>
      </trkpt>
      <trkpt lat="37.84910678977798" lon="112.00815254505513">
        <time>2026-04-02T10:20:11.973000Z</time>
      </trkpt>
      <trkpt lat="37.84914195388206" lon="112.00821166638465">
        <time>2026-04-02T10:20:13.973000Z</time>
      </trkpt>
      <trkpt lat="37.84917678365791" lon="112.00827111997786">
        <time>2026-04-02T10:20:15.973000Z</time>
      </trkpt>
      <trkpt lat="37.84921228811529" lon="112.00832791621453">
        <time>2026-04-02T10:20:17.973000Z</time>
      </trkpt>
      <trkpt lat="37.8492487927781" lon="112.0083847123779">
        <time>2026-04-02T10:20:19.973000Z</time>
      </trkpt>
      <trkpt lat="37.849286293717654" lon="112.008442837145">
        <time>2026-04-02T10:20:21.973000Z</time>
      </trkpt>
      <trkpt lat="37.84932445656397" lon="112.00850262272576">
        <time>2026-04-02T10:20:23.973000Z</time>
      </trkpt>
      <trkpt lat="37.84936262141934" lon="112.0085617440278">
        <time>2026-04-02T10:20:25.973000Z</time>
      </trkpt>
      <trkpt lat="37.8493991262513" lon="112.00861854040623">
        <time>2026-04-02T10:20:27.973000Z</time>
      </trkpt>
      <trkpt lat="37.84943430149801" lon="112.00867400831879">
        <time>2026-04-02T10:20:29.973000Z</time>
      </trkpt>
      <trkpt lat="37.849469477765396" lon="112.00872914411472">
        <time>2026-04-02T10:20:31.973000Z</time>
      </trkpt>
      <trkpt lat="37.84950531790351" lon="112.00878527638994">
        <time>2026-04-02T10:20:33.973000Z</time>
      </trkpt>
      <trkpt lat="37.84954215726693" lon="112.00884174076441">
        <time>2026-04-02T10:20:35.973000Z</time>
      </trkpt>
      <trkpt lat="37.84957866328505" lon="112.00889820523211">
        <time>2026-04-02T10:20:37.973000Z</time>
      </trkpt>
      <trkpt lat="37.84961550273178" lon="112.00895466971339">
        <time>2026-04-02T10:20:39.973000Z</time>
      </trkpt>
      <trkpt lat="37.849651005729015" lon="112.0090121309182">
        <time>2026-04-02T10:20:41.973000Z</time>
      </trkpt>
      <trkpt lat="37.84968583611631" lon="112.00907158528177">
        <time>2026-04-02T10:20:43.973000Z</time>
      </trkpt>
      <trkpt lat="37.84972032239098" lon="112.00913469362393">
        <time>2026-04-02T10:20:45.973000Z</time>
      </trkpt>
      <trkpt lat="37.849754137047164" lon="112.0091994629694">
        <time>2026-04-02T10:20:47.973000Z</time>
      </trkpt>
      <trkpt lat="37.84978594359892" lon="112.00926689000067">
        <time>2026-04-02T10:20:49.973000Z</time>
      </trkpt>
      <trkpt lat="37.849811743354095" lon="112.00933631085822">
        <time>2026-04-02T10:20:51.973000Z</time>
      </trkpt>
      <trkpt lat="37.84983186774889" lon="112.00940838985383">
        <time>2026-04-02T10:20:53.973000Z</time>
      </trkpt>
      <trkpt lat="37.849845651971535" lon="112.00948246273494">
        <time>2026-04-02T10:20:55.973000Z</time>
      </trkpt>
      <trkpt lat="37.84985609749876" lon="112.0095581969733">
        <time>2026-04-02T10:20:57.973000Z</time>
      </trkpt>
      <trkpt lat="37.84986320140461" lon="112.00963658909717">
        <time>2026-04-02T10:20:59.973000Z</time>
      </trkpt>
      <trkpt lat="37.84986896891008" lon="112.00971597801423">
        <time>2026-04-02T10:21:01.973000Z</time>
      </trkpt>
      <trkpt lat="37.8498714065242" lon="112.00979403873855">
        <time>2026-04-02T10:21:03.973000Z</time>
      </trkpt>
      <trkpt lat="37.84987185072415" lon="112.00986977457917">
        <time>2026-04-02T10:21:05.973000Z</time>
      </trkpt>
      <trkpt lat="37.84987030735739" lon="112.0099411924711">
        <time>2026-04-02T10:21:07.973000Z</time>
      </trkpt>
      <trkpt lat="37.849869107202466" lon="112.01000928865413">
        <time>2026-04-02T10:21:09.973000Z</time>
      </trkpt>
      <trkpt lat="37.849867578598484" lon="112.0100757240745">
        <time>2026-04-02T10:21:11.973000Z</time>
      </trkpt>
      <trkpt lat="37.849864715527836" lon="112.0101424919123">
        <time>2026-04-02T10:21:13.973000Z</time>
      </trkpt>
      <trkpt lat="37.849860519940684" lon="112.01020892780978">
        <time>2026-04-02T10:21:15.973000Z</time>
      </trkpt>
      <trkpt lat="37.84985666267374" lon="112.01027370285897">
        <time>2026-04-02T10:21:17.973000Z</time>
      </trkpt>
      <trkpt lat="37.84985480287261" lon="112.01033947427749">
        <time>2026-04-02T10:21:19.973000Z</time>
      </trkpt>
      <trkpt lat="37.84985360796112" lon="112.01040591004733">
        <time>2026-04-02T10:21:21.973000Z</time>
      </trkpt>
      <trkpt lat="37.84985174244218" lon="112.01047367469216">
        <time>2026-04-02T10:21:23.973000Z</time>
      </trkpt>
      <trkpt lat="37.84984621750188" lon="112.01053878242531">
        <time>2026-04-02T10:21:25.973000Z</time>
      </trkpt>
      <trkpt lat="37.84984102892751" lon="112.01060289365502">
        <time>2026-04-02T10:21:27.973000Z</time>
      </trkpt>
      <trkpt lat="37.84983517460779" lon="112.01066667286132">
        <time>2026-04-02T10:21:29.973000Z</time>
      </trkpt>
      <trkpt lat="37.849831314842355" lon="112.01073244498477">
        <time>2026-04-02T10:21:31.973000Z</time>
      </trkpt>
      <trkpt lat="37.84982611964271" lon="112.0107988817085">
        <time>2026-04-02T10:21:33.973000Z</time>
      </trkpt>
      <trkpt lat="37.84982058820415" lon="112.0108663150999">
        <time>2026-04-02T10:21:35.973000Z</time>
      </trkpt>
      <trkpt lat="37.84981472150093" lon="112.01093441297668">
        <time>2026-04-02T10:21:37.973000Z</time>
      </trkpt>
      <trkpt lat="37.849810183563314" lon="112.01100417169017">
        <time>2026-04-02T10:21:39.973000Z</time>
      </trkpt>
      <trkpt lat="37.84980664877213" lon="112.0110729338266">
        <time>2026-04-02T10:21:41.973000Z</time>
      </trkpt>
      <trkpt lat="37.84980311501988" lon="112.01114136387187">
        <time>2026-04-02T10:21:43.973000Z</time>
      </trkpt>
      <trkpt lat="37.84979858408081" lon="112.01120879756954">
        <time>2026-04-02T10:21:45.973000Z</time>
      </trkpt>
      <trkpt lat="37.84979504561769" lon="112.01127888870582">
        <time>2026-04-02T10:21:47.973000Z</time>
      </trkpt>
      <trkpt lat="37.849791837707755" lon="112.0113499764462">
        <time>2026-04-02T10:21:49.973000Z</time>
      </trkpt>
      <trkpt lat="37.849788294547125" lon="112.01142172869154">
        <time>2026-04-02T10:21:51.973000Z</time>
      </trkpt>
      <trkpt lat="37.849782425492954" lon="112.01149082383428">
        <time>2026-04-02T10:21:53.973000Z</time>
      </trkpt>
      <trkpt lat="37.849775892637474" lon="112.0115589225898">
        <time>2026-04-02T10:21:55.973000Z</time>
      </trkpt>
      <trkpt lat="37.84977369583265" lon="112.0116263565463">
        <time>2026-04-02T10:21:57.973000Z</time>
      </trkpt>
      <trkpt lat="37.84977683427363" lon="112.01169345776563">
        <time>2026-04-02T10:21:59.973000Z</time>
      </trkpt>
      <trkpt lat="37.849781642624315" lon="112.01175956231357">
        <time>2026-04-02T10:22:01.973000Z</time>
      </trkpt>
      <trkpt lat="37.84978145891915" lon="112.0118226778586">
        <time>2026-04-02T10:22:03.973000Z</time>
      </trkpt>
      <trkpt lat="37.84977895412053" lon="112.01188147531597">
        <time>2026-04-02T10:22:05.973000Z</time>
      </trkpt>
      <trkpt lat="37.849778123078174" lon="112.0119379473273">
        <time>2026-04-02T10:22:07.973000Z</time>
      </trkpt>
      <trkpt lat="37.8497769625597" lon="112.0119930906867">
        <time>2026-04-02T10:22:11.973000Z</time>
      </trkpt>
      <trkpt lat="37.84977380562107" lon="112.01204690558913">
        <time>2026-04-02T10:22:15.973000Z</time>
      </trkpt>
      <trkpt lat="37.84977031823477" lon="112.01209972402299">
        <time>2026-04-02T10:22:19.973000Z</time>
      </trkpt>
      <trkpt lat="37.84976883315027" lon="112.01215187789414">
        <time>2026-04-02T10:22:23.973000Z</time>
      </trkpt>
      <trkpt lat="37.84976833476551" lon="112.01220868235758">
        <time>2026-04-02T10:22:27.973000Z</time>
      </trkpt>
      <trkpt lat="37.849764829186306" lon="112.01226781257037">
        <time>2026-04-02T10:22:31.973000Z</time>
      </trkpt>
      <trkpt lat="37.84976131112772" lon="112.01233126133097">
        <time>2026-04-02T10:22:35.973000Z</time>
      </trkpt>
      <trkpt lat="37.84975745685217" lon="112.01239570678844">
        <time>2026-04-02T10:22:39.973000Z</time>
      </trkpt>
      <trkpt lat="37.849754629783185" lon="112.0124508508485">
        <time>2026-04-02T10:22:43.973000Z</time>
      </trkpt>
      <trkpt lat="37.84975013582104" lon="112.01250599516685">
        <time>2026-04-02T10:22:45.973000Z</time>
      </trkpt>
      <trkpt lat="37.8497446725567" lon="112.01255050951926">
        <time>2026-04-02T10:22:49.973000Z</time>
      </trkpt>
      <trkpt lat="37.84973717915035" lon="112.0126053221143">
        <time>2026-04-02T10:22:51.973000Z</time>
      </trkpt>
      <trkpt lat="37.84973105014167" lon="112.01264950444221">
        <time>2026-04-02T10:22:55.973000Z</time>
      </trkpt>
      <trkpt lat="37.8497255879404" lon="112.01269368673174">
        <time>2026-04-02T10:22:57.973000Z</time>
      </trkpt>
      <trkpt lat="37.84972215303528" lon="112.01272856740985">
        <time>2026-04-02T10:22:59.973000Z</time>
      </trkpt>
      <trkpt lat="37.84971871430208" lon="112.01276477688687">
        <time>2026-04-02T10:23:01.973000Z</time>
      </trkpt>
      <trkpt lat="37.84971326564451" lon="112.01280430856598">
        <time>2026-04-02T10:23:03.973000Z</time>
      </trkpt>
      <trkpt lat="37.849708124441875" lon="112.01285280947877">
        <time>2026-04-02T10:23:05.973000Z</time>
      </trkpt>
      <trkpt lat="37.849702622016984" lon="112.01291094411647">
        <time>2026-04-02T10:23:07.973000Z</time>
      </trkpt>
      <trkpt lat="37.84969775856082" lon="112.01297871239782">
        <time>2026-04-02T10:23:09.973000Z</time>
      </trkpt>
      <trkpt lat="37.84969155202261" lon="112.01304980288786">
        <time>2026-04-02T10:23:11.973000Z</time>
      </trkpt>
      <trkpt lat="37.849685007378255" lon="112.01312255449821">
        <time>2026-04-02T10:23:13.973000Z</time>
      </trkpt>
      <trkpt lat="37.84967812751252" lon="112.01319597065203">
        <time>2026-04-02T10:23:15.973000Z</time>
      </trkpt>
      <trkpt lat="37.849670912428095" lon="112.01327005135231">
        <time>2026-04-02T10:23:17.973000Z</time>
      </trkpt>
      <trkpt lat="37.84966369359822" lon="112.01334546095892">
        <time>2026-04-02T10:23:19.973000Z</time>
      </trkpt>
      <trkpt lat="37.84965847614818" lon="112.01342053824737">
        <time>2026-04-02T10:23:21.973000Z</time>
      </trkpt>
      <trkpt lat="37.84965325974864" lon="112.01349528345246">
        <time>2026-04-02T10:23:23.973000Z</time>
      </trkpt>
      <trkpt lat="37.84964737762276" lon="112.01356969665828">
        <time>2026-04-02T10:23:25.973000Z</time>
      </trkpt>
      <trkpt lat="37.84963982864752" lon="112.01364411018035">
        <time>2026-04-02T10:23:27.973000Z</time>
      </trkpt>
      <trkpt lat="37.84963227880754" lon="112.01371885602154">
        <time>2026-04-02T10:23:29.973000Z</time>
      </trkpt>
      <trkpt lat="37.849624727148104" lon="112.01379426638245">
        <time>2026-04-02T10:23:31.973000Z</time>
      </trkpt>
      <trkpt lat="37.849617836625185" lon="112.01387166998886">
        <time>2026-04-02T10:23:33.973000Z</time>
      </trkpt>
      <trkpt lat="37.84961194636724" lon="112.01394907360795">
        <time>2026-04-02T10:23:35.973000Z</time>
      </trkpt>
      <trkpt lat="37.84960739453724" lon="112.01402481618396">
        <time>2026-04-02T10:23:37.973000Z</time>
      </trkpt>
      <trkpt lat="37.84960217793709" lon="112.01409989455779">
        <time>2026-04-02T10:23:39.973000Z</time>
      </trkpt>
      <trkpt lat="37.84959562788012" lon="112.01417497321366">
        <time>2026-04-02T10:23:41.973000Z</time>
      </trkpt>
      <trkpt lat="37.849588408282024" lon="112.0142510486816">
        <time>2026-04-02T10:23:43.973000Z</time>
      </trkpt>
      <trkpt lat="37.84958185841853" lon="112.01432612758197">
        <time>2026-04-02T10:23:45.973000Z</time>
      </trkpt>
      <trkpt lat="37.849576972733416" lon="112.01440220302447">
        <time>2026-04-02T10:23:47.973000Z</time>
      </trkpt>
      <trkpt lat="37.849572418631226" lon="112.01447894296693">
        <time>2026-04-02T10:23:49.973000Z</time>
      </trkpt>
      <trkpt lat="37.84956719975838" lon="112.01455501870672">
        <time>2026-04-02T10:23:51.973000Z</time>
      </trkpt>
      <trkpt lat="37.84956098367593" lon="112.01463009807037">
        <time>2026-04-02T10:23:53.973000Z</time>
      </trkpt>
      <trkpt lat="37.84955443335233" lon="112.01470550980869">
        <time>2026-04-02T10:23:55.973000Z</time>
      </trkpt>
      <trkpt lat="37.849548548002986" lon="112.01478158600914">
        <time>2026-04-02T10:23:57.973000Z</time>
      </trkpt>
      <trkpt lat="37.84954133015273" lon="112.01485733028665">
        <time>2026-04-02T10:23:59.973000Z</time>
      </trkpt>
      <trkpt lat="37.849533449425834" lon="112.01493174593915">
        <time>2026-04-02T10:24:01.973000Z</time>
      </trkpt>
      <trkpt lat="37.849524565784016" lon="112.01500715846565">
        <time>2026-04-02T10:24:03.973000Z</time>
      </trkpt>
      <trkpt lat="37.84951634996802" lon="112.01508223882958">
        <time>2026-04-02T10:24:05.973000Z</time>
      </trkpt>
      <trkpt lat="37.84950846763989" lon="112.01515731928387">
        <time>2026-04-02T10:24:07.973000Z</time>
      </trkpt>
      <trkpt lat="37.849500920696" lon="112.01523173540114">
        <time>2026-04-02T10:24:09.973000Z</time>
      </trkpt>
      <trkpt lat="37.849492712760515" lon="112.01530415845647">
        <time>2026-04-02T10:24:11.973000Z</time>
      </trkpt>
      <trkpt lat="37.849484510601904" lon="112.0153745883549">
        <time>2026-04-02T10:24:13.973000Z</time>
      </trkpt>
      <trkpt lat="37.849475981771704" lon="112.01544269291732">
        <time>2026-04-02T10:24:15.973000Z</time>
      </trkpt>
      <trkpt lat="37.8494684522425" lon="112.01551112968038">
        <time>2026-04-02T10:24:17.973000Z</time>
      </trkpt>
      <trkpt lat="37.8494592568041" lon="112.01557923453845">
        <time>2026-04-02T10:24:19.973000Z</time>
      </trkpt>
      <trkpt lat="37.84944939089066" lon="112.015648668438">
        <time>2026-04-02T10:24:21.973000Z</time>
      </trkpt>
      <trkpt lat="37.84943885545362" lon="112.01571909917807">
        <time>2026-04-02T10:24:23.973000Z</time>
      </trkpt>
      <trkpt lat="37.84942998232384" lon="112.01579119090884">
        <time>2026-04-02T10:24:25.973000Z</time>
      </trkpt>
      <trkpt lat="37.84942110740059" lon="112.0158639471949">
        <time>2026-04-02T10:24:27.973000Z</time>
      </trkpt>
      <trkpt lat="37.849412234461944" lon="112.01593603916888">
        <time>2026-04-02T10:24:29.973000Z</time>
      </trkpt>
      <trkpt lat="37.84940269672915" lon="112.01600746691317">
        <time>2026-04-02T10:24:31.973000Z</time>
      </trkpt>
      <trkpt lat="37.84939383152433" lon="112.01607690138957">
        <time>2026-04-02T10:24:33.973000Z</time>
      </trkpt>
      <trkpt lat="37.84938629996092" lon="112.01614633582268">
        <time>2026-04-02T10:24:35.973000Z</time>
      </trkpt>
      <trkpt lat="37.849379433379184" lon="112.01621643472544">
        <time>2026-04-02T10:24:37.973000Z</time>
      </trkpt>
      <trkpt lat="37.84937289745189" lon="112.01628753036351">
        <time>2026-04-02T10:24:39.973000Z</time>
      </trkpt>
      <trkpt lat="37.849364023196486" lon="112.01636028750096">
        <time>2026-04-02T10:24:41.973000Z</time>
      </trkpt>
      <trkpt lat="37.84935481377132" lon="112.01643370924707">
        <time>2026-04-02T10:24:43.973000Z</time>
      </trkpt>
      <trkpt lat="37.84934626934268" lon="112.01650779548005">
        <time>2026-04-02T10:24:45.973000Z</time>
      </trkpt>
      <trkpt lat="37.84934039212175" lon="112.01658188152783">
        <time>2026-04-02T10:24:47.973000Z</time>
      </trkpt>
      <trkpt lat="37.849334845574404" lon="112.01665696433548">
        <time>2026-04-02T10:24:49.973000Z</time>
      </trkpt>
      <trkpt lat="37.849328967623556" lon="112.0167313828746">
        <time>2026-04-02T10:24:51.973000Z</time>
      </trkpt>
      <trkpt lat="37.84932342504258" lon="112.01680513705647">
        <time>2026-04-02T10:24:53.973000Z</time>
      </trkpt>
      <trkpt lat="37.84931688615261" lon="112.01687756259659">
        <time>2026-04-02T10:24:55.973000Z</time>
      </trkpt>
      <trkpt lat="37.84930934438621" lon="112.01695098505826">
        <time>2026-04-02T10:24:57.973000Z</time>
      </trkpt>
      <trkpt lat="37.84929979958364" lon="112.01702540456583">
        <time>2026-04-02T10:24:59.973000Z</time>
      </trkpt>
      <trkpt lat="37.849289921499626" lon="112.0170998242505">
        <time>2026-04-02T10:25:01.973000Z</time>
      </trkpt>
      <trkpt lat="37.84927837845493" lon="112.01717357981526">
        <time>2026-04-02T10:25:03.973000Z</time>
      </trkpt>
      <trkpt lat="37.84926517138155" lon="112.01724633903727">
        <time>2026-04-02T10:25:05.973000Z</time>
      </trkpt>
      <trkpt lat="37.84925262838139" lon="112.01732009499139">
        <time>2026-04-02T10:25:07.973000Z</time>
      </trkpt>
      <trkpt lat="37.849241749623786" lon="112.01739484756392">
        <time>2026-04-02T10:25:09.973000Z</time>
      </trkpt>
      <trkpt lat="37.84923253417925" lon="112.01747092899284">
        <time>2026-04-02T10:25:11.973000Z</time>
      </trkpt>
      <trkpt lat="37.849224319011604" lon="112.01754701044779">
        <time>2026-04-02T10:25:13.973000Z</time>
      </trkpt>
      <trkpt lat="37.849215769636494" lon="112.01762342431643">
        <time>2026-04-02T10:25:15.973000Z</time>
      </trkpt>
      <trkpt lat="37.84920755656203" lon="112.01769884159646">
        <time>2026-04-02T10:25:17.973000Z</time>
      </trkpt>
      <trkpt lat="37.84919933893915" lon="112.01777592018192">
        <time>2026-04-02T10:25:19.973000Z</time>
      </trkpt>
      <trkpt lat="37.84919245405432" lon="112.01785333098815">
        <time>2026-04-02T10:25:21.973000Z</time>
      </trkpt>
      <trkpt lat="37.84918589988301" lon="112.01793173860183">
        <time>2026-04-02T10:25:23.973000Z</time>
      </trkpt>
      <trkpt lat="37.84918301868586" lon="112.01800815253209">
        <time>2026-04-02T10:25:25.973000Z</time>
      </trkpt>
      <trkpt lat="37.8491828102899" lon="112.0180825728862">
        <time>2026-04-02T10:25:27.973000Z</time>
      </trkpt>
      <trkpt lat="37.84918393927527" lon="112.01815566428262">
        <time>2026-04-02T10:25:29.973000Z</time>
      </trkpt>
      <trkpt lat="37.849183075472766" lon="112.01822609817356">
        <time>2026-04-02T10:25:31.973000Z</time>
      </trkpt>
      <trkpt lat="37.8491792177785" lon="112.01829420690025">
        <time>2026-04-02T10:25:33.973000Z</time>
      </trkpt>
      <trkpt lat="37.84917037142454" lon="112.01835799727164">
        <time>2026-04-02T10:25:35.973000Z</time>
      </trkpt>
      <trkpt lat="37.849162209558216" lon="112.01841547517019">
        <time>2026-04-02T10:25:37.973000Z</time>
      </trkpt>
      <trkpt lat="37.84915471453464" lon="112.01847295307334">
        <time>2026-04-02T10:25:41.973000Z</time>
      </trkpt>
      <trkpt lat="37.84915488101315" lon="112.01853275580638">
        <time>2026-04-02T10:25:45.973000Z</time>
      </trkpt>
      <trkpt lat="37.84915672006454" lon="112.01859056500496">
        <time>2026-04-02T10:25:49.973000Z</time>
      </trkpt>
      <trkpt lat="37.84915689224406" lon="112.01864837448636">
        <time>2026-04-02T10:25:51.973000Z</time>
      </trkpt>
      <trkpt lat="37.84915471966521" lon="112.01871017120777">
        <time>2026-04-02T10:25:53.973000Z</time>
      </trkpt>
      <trkpt lat="37.84914950965624" lon="112.01878525799293">
        <time>2026-04-02T10:25:55.973000Z</time>
      </trkpt>
      <trkpt lat="37.84914627974515" lon="112.0188676539797">
        <time>2026-04-02T10:25:57.973000Z</time>
      </trkpt>
      <trkpt lat="37.849142710116524" lon="112.01895237587578">
        <time>2026-04-02T10:25:59.973000Z</time>
      </trkpt>
      <trkpt lat="37.8491394684824" lon="112.01903909137317">
        <time>2026-04-02T10:26:01.973000Z</time>
      </trkpt>
      <trkpt lat="37.849136897472285" lon="112.01912447801918">
        <time>2026-04-02T10:26:03.973000Z</time>
      </trkpt>
      <trkpt lat="37.84913433307092" lon="112.01920753915103">
        <time>2026-04-02T10:26:05.973000Z</time>
      </trkpt>
      <trkpt lat="37.84913433307092" lon="112.01920753915103">
        <time>2026-04-02T10:26:06.173000Z</time>
      </trkpt>
      <trkpt lat="37.84913177618855" lon="112.0192879425137">
        <time>2026-04-02T10:26:07.973000Z</time>
      </trkpt>
      <trkpt lat="37.849128222962904" lon="112.01936701718562">
        <time>2026-04-02T10:26:09.973000Z</time>
      </trkpt>
      <trkpt lat="37.84912367246668" lon="112.01944509540499">
        <time>2026-04-02T10:26:11.973000Z</time>
      </trkpt>
      <trkpt lat="37.84911912393921" lon="112.01952250929837">
        <time>2026-04-02T10:26:13.973000Z</time>
      </trkpt>
      <trkpt lat="37.849117245401494" lon="112.01959892628842">
        <time>2026-04-02T10:26:15.973000Z</time>
      </trkpt>
      <trkpt lat="37.84911536514892" lon="112.01967600793233">
        <time>2026-04-02T10:26:17.973000Z</time>
      </trkpt>
      <trkpt lat="37.84911248302109" lon="112.01975375435454">
        <time>2026-04-02T10:26:19.973000Z</time>
      </trkpt>
      <trkpt lat="37.84910759793928" lon="112.0198324979291">
        <time>2026-04-02T10:26:21.973000Z</time>
      </trkpt>
      <trkpt lat="37.84910371223635" lon="112.01991157379834">
        <time>2026-04-02T10:26:23.973000Z</time>
      </trkpt>
      <trkpt lat="37.84910049344313" lon="112.01999064975935">
        <time>2026-04-02T10:26:25.973000Z</time>
      </trkpt>
      <trkpt lat="37.849095274456" lon="112.02006972613319">
        <time>2026-04-02T10:26:27.973000Z</time>
      </trkpt>
      <trkpt lat="37.84908972038382" lon="112.02014946721948">
        <time>2026-04-02T10:26:29.973000Z</time>
      </trkpt>
      <trkpt lat="37.84908649833412" lon="112.02022987270816">
        <time>2026-04-02T10:26:31.973000Z</time>
      </trkpt>
      <trkpt lat="37.84908527583765" lon="112.02031061038633">
        <time>2026-04-02T10:26:33.973000Z</time>
      </trkpt>
      <trkpt lat="37.84908438687049" lon="112.02039134820873">
        <time>2026-04-02T10:26:35.973000Z</time>
      </trkpt>
      <trkpt lat="37.84908316557052" lon="112.02047175399454">
        <time>2026-04-02T10:26:37.973000Z</time>
      </trkpt>
      <trkpt lat="37.84908294183674" lon="112.02055315660961">
        <time>2026-04-02T10:26:39.973000Z</time>
      </trkpt>
      <trkpt lat="37.84908371476257" lon="112.02063588831463">
        <time>2026-04-02T10:26:41.973000Z</time>
      </trkpt>
      <trkpt lat="37.84908315063965" lon="112.02071994940039">
        <time>2026-04-02T10:26:43.973000Z</time>
      </trkpt>
      <trkpt lat="37.84908258667205" lon="112.02080401068346">
        <time>2026-04-02T10:26:45.973000Z</time>
      </trkpt>
      <trkpt lat="37.84908436203898" lon="112.02088607832927">
        <time>2026-04-02T10:26:47.973000Z</time>
      </trkpt>
      <trkpt lat="37.84909014549006" lon="112.02096548760541">
        <time>2026-04-02T10:26:49.973000Z</time>
      </trkpt>
      <trkpt lat="37.84909626428738" lon="112.02104423249719">
        <time>2026-04-02T10:26:51.973000Z</time>
      </trkpt>
      <trkpt lat="37.84909871413691" lon="112.02112364253036">
        <time>2026-04-02T10:26:53.973000Z</time>
      </trkpt>
      <trkpt lat="37.849095829010764" lon="112.02120338564289">
        <time>2026-04-02T10:26:55.973000Z</time>
      </trkpt>
      <trkpt lat="37.84909161501237" lon="112.02128146778473">
        <time>2026-04-02T10:26:57.973000Z</time>
      </trkpt>
      <trkpt lat="37.84908807064742" lon="112.02135855322773">
        <time>2026-04-02T10:26:59.973000Z</time>
      </trkpt>
      <trkpt lat="37.849085860874254" lon="112.02143530641708">
        <time>2026-04-02T10:27:01.973000Z</time>
      </trkpt>
      <trkpt lat="37.84908431619802" lon="112.02151272422508">
        <time>2026-04-02T10:27:03.973000Z</time>
      </trkpt>
      <trkpt lat="37.84908243555327" lon="112.02159113904399">
        <time>2026-04-02T10:27:05.973000Z</time>
      </trkpt>
      <trkpt lat="37.84908055052442" lon="112.02167121537023">
        <time>2026-04-02T10:27:07.973000Z</time>
      </trkpt>
      <trkpt lat="37.84907866473696" lon="112.02175162414795">
        <time>2026-04-02T10:27:09.973000Z</time>
      </trkpt>
      <trkpt lat="37.849077781067315" lon="112.02183136845814">
        <time>2026-04-02T10:27:11.973000Z</time>
      </trkpt>
      <trkpt lat="37.849077235444724" lon="112.02190945156838">
        <time>2026-04-02T10:27:13.973000Z</time>
      </trkpt>
      <trkpt lat="37.849077355835206" lon="112.021987867046">
        <time>2026-04-02T10:27:15.973000Z</time>
      </trkpt>
      <trkpt lat="37.84907680868891" lon="112.02206661504907">
        <time>2026-04-02T10:27:17.973000Z</time>
      </trkpt>
      <trkpt lat="37.84907592469292" lon="112.02214669236129">
        <time>2026-04-02T10:27:19.973000Z</time>
      </trkpt>
      <trkpt lat="37.84907437046694" lon="112.02222809902669">
        <time>2026-04-02T10:27:21.973000Z</time>
      </trkpt>
      <trkpt lat="37.84907347957083" lon="112.02231083489986">
        <time>2026-04-02T10:27:23.973000Z</time>
      </trkpt>
      <trkpt lat="37.84907291772552" lon="112.02239523230084">
        <time>2026-04-02T10:27:25.973000Z</time>
      </trkpt>
      <trkpt lat="37.849071359475346" lon="112.02247830093575">
        <time>2026-04-02T10:27:27.973000Z</time>
      </trkpt>
      <trkpt lat="37.84906947248687" lon="112.02255970843808">
        <time>2026-04-02T10:27:29.973000Z</time>
      </trkpt>
      <trkpt lat="37.84906893625238" lon="112.02263480273588">
        <time>2026-04-02T10:27:31.973000Z</time>
      </trkpt>
      <trkpt lat="37.84907041213468" lon="112.02270557736318">
        <time>2026-04-02T10:27:33.973000Z</time>
      </trkpt>
      <trkpt lat="37.849070892451145" lon="112.02277469087554">
        <time>2026-04-02T10:27:35.973000Z</time>
      </trkpt>
      <trkpt lat="37.849069696983584" lon="112.02284712750988">
        <time>2026-04-02T10:27:37.973000Z</time>
      </trkpt>
      <trkpt lat="37.84906749163023" lon="112.02292321948619">
        <time>2026-04-02T10:27:39.973000Z</time>
      </trkpt>
      <trkpt lat="37.84906595140057" lon="112.02299997611493">
        <time>2026-04-02T10:27:41.973000Z</time>
      </trkpt>
      <trkpt lat="37.84906507540476" lon="112.02307772968301">
        <time>2026-04-02T10:27:43.973000Z</time>
      </trkpt>
      <trkpt lat="37.84906453472655" lon="112.02315481882846">
        <time>2026-04-02T10:27:45.973000Z</time>
      </trkpt>
      <trkpt lat="37.849065326848866" lon="112.02323224027565">
        <time>2026-04-02T10:27:47.973000Z</time>
      </trkpt>
      <trkpt lat="37.849064453957816" lon="112.02330899753828">
        <time>2026-04-02T10:27:49.973000Z</time>
      </trkpt>
      <trkpt lat="37.84906357942461" lon="112.0233864195476">
        <time>2026-04-02T10:27:51.973000Z</time>
      </trkpt>
      <trkpt lat="37.84906136970129" lon="112.02346450646887">
        <time>2026-04-02T10:27:53.973000Z</time>
      </trkpt>
      <trkpt lat="37.84905982779023" lon="112.02354226120782">
        <time>2026-04-02T10:27:55.973000Z</time>
      </trkpt>
      <trkpt lat="37.84905928707787" lon="112.02361968372863">
        <time>2026-04-02T10:27:57.973000Z</time>
      </trkpt>
      <trkpt lat="37.84905908078672" lon="112.02369677410505">
        <time>2026-04-02T10:27:59.973000Z</time>
      </trkpt>
      <trkpt lat="37.849060539802466" lon="112.02377452904011">
        <time>2026-04-02T10:28:01.973000Z</time>
      </trkpt>
      <trkpt lat="37.849062664852944" lon="112.02385261636641">
        <time>2026-04-02T10:28:03.973000Z</time>
      </trkpt>
      <trkpt lat="37.8490824746948" lon="112.02392505284949">
        <time>2026-04-02T10:28:05.973000Z</time>
      </trkpt>
      <trkpt lat="37.84908037503513" lon="112.02396226946044">
        <time>2026-04-02T10:28:07.973000Z</time>
      </trkpt>
      <trkpt lat="37.84907795709086" lon="112.0239938372312">
        <time>2026-04-02T10:28:09.973000Z</time>
      </trkpt>
    </trkseg>
  </trk>
</gpx>