<?xml version="1.0" encoding="UTF-8"?>
<gpx xmlns="http://www.topografix.com/GPX/1/1" xmlns:gpxtpx="http://www.garmin.com/xmlschemas/TrackPointExtension/v1" xmlns:xsi="http://www.w3.org/2001/XMLSchema-instance" xsi:schemaLocation="http://www.topografix.com/GPX/1/1 http://www.topografix.com/GPX/1/1/gpx.xsd" version="1.1" creator="gpx.py -- https://github.com/tkrajina/gpxpy">
  <trk>
    <name>gpx from keep</name>
    <type>Run</type>
    <trkseg>
      <trkpt lat="37.849389713816755" lon="112.01635330773037">
        <ele>1174.199951171875</ele>
        <time>2025-08-13T09:18:03Z</time>
        <extensions>
          <gpxtpx:TrackPointExtension>
            <gpxtpx:hr>167</gpxtpx:hr>
          </gpxtpx:TrackPointExtension>
        </extensions>
      </trkpt>
      <trkpt lat="37.84940200389484" lon="112.01625164713884">
        <ele>1174.4000244140625</ele>
        <time>2025-08-13T09:18:07Z</time>
        <extensions>
          <gpxtpx:TrackPointExtension>
            <gpxtpx:hr>167</gpxtpx:hr>
          </gpxtpx:TrackPointExtension>
        </extensions>
      </trkpt>
      <trkpt lat="37.84941624643049" lon="112.01616692968783">
        <ele>1174.4000244140625</ele>
        <time>2025-08-13T09:18:11Z</time>
        <extensions>
          <gpxtpx:TrackPointExtension>
            <gpxtpx:hr>164</gpxtpx:hr>
          </gpxtpx:TrackPointExtension>
        </extensions>
      </trkpt>
      <trkpt lat="37.84943791758623" lon="112.01593171720668">
        <ele>1174.800048828125</ele>
        <time>2025-08-13T09:18:21Z</time>
        <extensions>
          <gpxtpx:TrackPointExtension>
            <gpxtpx:hr>167</gpxtpx:hr>
          </gpxtpx:TrackPointExtension>
        </extensions>
      </trkpt>
      <trkpt lat="37.849461397300445" lon="112.0157642776407">
        <ele>1174.800048828125</ele>
        <time>2025-08-13T09:18:28Z</time>
        <extensions>
          <gpxtpx:TrackPointExtension>
            <gpxtpx:hr>168</gpxtpx:hr>
          </gpxtpx:TrackPointExtension>
        </extensions>
      </trkpt>
      <trkpt lat="37.84947786502689" lon="112.01560082613388">
        <ele>1174.800048828125</ele>
        <time>2025-08-13T09:18:36Z</time>
        <extensions>
          <gpxtpx:TrackPointExtension>
            <gpxtpx:hr>169</gpxtpx:hr>
          </gpxtpx:TrackPointExtension>
        </extensions>
      </trkpt>
      <trkpt lat="37.84950033990393" lon="112.01543538125044">
        <ele>1174.800048828125</ele>
        <time>2025-08-13T09:18:44Z</time>
        <extensions>
          <gpxtpx:TrackPointExtension>
            <gpxtpx:hr>170</gpxtpx:hr>
          </gpxtpx:TrackPointExtension>
        </extensions>
      </trkpt>
      <trkpt lat="37.84951997119367" lon="112.01521512249856">
        <ele>1175.199951171875</ele>
        <time>2025-08-13T09:18:53Z</time>
        <extensions>
          <gpxtpx:TrackPointExtension>
            <gpxtpx:hr>167</gpxtpx:hr>
          </gpxtpx:TrackPointExtension>
        </extensions>
      </trkpt>
      <trkpt lat="37.8495483827168" lon="112.01507260083847">
        <ele>1175.4000244140625</ele>
        <time>2025-08-13T09:18:59Z</time>
        <extensions>
          <gpxtpx:TrackPointExtension>
            <gpxtpx:hr>164</gpxtpx:hr>
          </gpxtpx:TrackPointExtension>
        </extensions>
      </trkpt>
      <trkpt lat="37.84959327046754" lon="112.01476463799611">
        <ele>1175.5999755859375</ele>
        <time>2025-08-13T09:19:11Z</time>
        <extensions>
          <gpxtpx:TrackPointExtension>
            <gpxtpx:hr>165</gpxtpx:hr>
          </gpxtpx:TrackPointExtension>
        </extensions>
      </trkpt>
      <trkpt lat="37.84960471744107" lon="112.0146091637583">
        <ele>1175.800048828125</ele>
        <time>2025-08-13T09:19:18Z</time>
        <extensions>
          <gpxtpx:TrackPointExtension>
            <gpxtpx:hr>166</gpxtpx:hr>
          </gpxtpx:TrackPointExtension>
        </extensions>
      </trkpt>
      <trkpt lat="37.849610246727366" lon="112.01442478891562">
        <ele>1175.5999755859375</ele>
        <time>2025-08-13T09:19:26Z</time>
        <extensions>
          <gpxtpx:TrackPointExtension>
            <gpxtpx:hr>169</gpxtpx:hr>
          </gpxtpx:TrackPointExtension>
        </extensions>
      </trkpt>
      <trkpt lat="37.84962584977974" lon="112.01421549834319">
        <ele>1176.199951171875</ele>
        <time>2025-08-13T09:19:34Z</time>
        <extensions>
          <gpxtpx:TrackPointExtension>
            <gpxtpx:hr>170</gpxtpx:hr>
          </gpxtpx:TrackPointExtension>
        </extensions>
      </trkpt>
      <trkpt lat="37.84963939594831" lon="112.0140261410972">
        <ele>1176.4000244140625</ele>
        <time>2025-08-13T09:19:42Z</time>
        <extensions>
          <gpxtpx:TrackPointExtension>
            <gpxtpx:hr>170</gpxtpx:hr>
          </gpxtpx:TrackPointExtension>
        </extensions>
      </trkpt>
      <trkpt lat="37.84966607107198" lon="112.01379293256782">
        <ele>1176.5999755859375</ele>
        <time>2025-08-13T09:19:51Z</time>
        <extensions>
          <gpxtpx:TrackPointExtension>
            <gpxtpx:hr>171</gpxtpx:hr>
          </gpxtpx:TrackPointExtension>
        </extensions>
      </trkpt>
      <trkpt lat="37.849701722730906" lon="112.01356869349723">
        <ele>1177.0</ele>
        <time>2025-08-13T09:20:00Z</time>
        <extensions>
          <gpxtpx:TrackPointExtension>
            <gpxtpx:hr>170</gpxtpx:hr>
          </gpxtpx:TrackPointExtension>
        </extensions>
      </trkpt>
      <trkpt lat="37.84969255769099" lon="112.01327868582118">
        <ele>1176.800048828125</ele>
        <time>2025-08-13T09:20:11Z</time>
        <extensions>
          <gpxtpx:TrackPointExtension>
            <gpxtpx:hr>173</gpxtpx:hr>
          </gpxtpx:TrackPointExtension>
        </extensions>
      </trkpt>
      <trkpt lat="37.84969601587837" lon="112.01312022774887">
        <ele>1177.199951171875</ele>
        <time>2025-08-13T09:20:18Z</time>
        <extensions>
          <gpxtpx:TrackPointExtension>
            <gpxtpx:hr>170</gpxtpx:hr>
          </gpxtpx:TrackPointExtension>
        </extensions>
      </trkpt>
      <trkpt lat="37.84973992801216" lon="112.01280729505932">
        <ele>1177.199951171875</ele>
        <time>2025-08-13T09:20:30Z</time>
        <extensions>
          <gpxtpx:TrackPointExtension>
            <gpxtpx:hr>168</gpxtpx:hr>
          </gpxtpx:TrackPointExtension>
        </extensions>
      </trkpt>
      <trkpt lat="37.8497685676691" lon="112.0125880443033">
        <ele>1177.0</ele>
        <time>2025-08-13T09:20:38Z</time>
        <extensions>
          <gpxtpx:TrackPointExtension>
            <gpxtpx:hr>169</gpxtpx:hr>
          </gpxtpx:TrackPointExtension>
        </extensions>
      </trkpt>
      <trkpt lat="37.84980327558574" lon="112.01234587263744">
        <ele>1177.4000244140625</ele>
        <time>2025-08-13T09:20:48Z</time>
        <extensions>
          <gpxtpx:TrackPointExtension>
            <gpxtpx:hr>169</gpxtpx:hr>
          </gpxtpx:TrackPointExtension>
        </extensions>
      </trkpt>
      <trkpt lat="37.8497906466597" lon="112.01221731655995">
        <ele>1177.4000244140625</ele>
        <time>2025-08-13T09:20:54Z</time>
        <extensions>
          <gpxtpx:TrackPointExtension>
            <gpxtpx:hr>169</gpxtpx:hr>
          </gpxtpx:TrackPointExtension>
        </extensions>
      </trkpt>
      <trkpt lat="37.849797876493085" lon="112.012138586792">
        <ele>1177.5999755859375</ele>
        <time>2025-08-13T09:20:58Z</time>
        <extensions>
          <gpxtpx:TrackPointExtension>
            <gpxtpx:hr>166</gpxtpx:hr>
          </gpxtpx:TrackPointExtension>
        </extensions>
      </trkpt>
      <trkpt lat="37.84980411494723" lon="112.0120568675668">
        <ele>1177.800048828125</ele>
        <time>2025-08-13T09:21:02Z</time>
        <extensions>
          <gpxtpx:TrackPointExtension>
            <gpxtpx:hr>168</gpxtpx:hr>
          </gpxtpx:TrackPointExtension>
        </extensions>
      </trkpt>
      <trkpt lat="37.84984056422082" lon="112.01190438883593">
        <ele>1178.199951171875</ele>
        <time>2025-08-13T09:21:09Z</time>
        <extensions>
          <gpxtpx:TrackPointExtension>
            <gpxtpx:hr>166</gpxtpx:hr>
          </gpxtpx:TrackPointExtension>
        </extensions>
      </trkpt>
      <trkpt lat="37.84985616998375" lon="112.01169710227485">
        <ele>1178.199951171875</ele>
        <time>2025-08-13T09:21:18Z</time>
        <extensions>
          <gpxtpx:TrackPointExtension>
            <gpxtpx:hr>166</gpxtpx:hr>
          </gpxtpx:TrackPointExtension>
        </extensions>
      </trkpt>
      <trkpt lat="37.849861455276034" lon="112.01159943894946">
        <ele>1178.4000244140625</ele>
        <time>2025-08-13T09:21:22Z</time>
        <extensions>
          <gpxtpx:TrackPointExtension>
            <gpxtpx:hr>167</gpxtpx:hr>
          </gpxtpx:TrackPointExtension>
        </extensions>
      </trkpt>
      <trkpt lat="37.84989085505731" lon="112.01146390383698">
        <ele>1179.0</ele>
        <time>2025-08-13T09:21:28Z</time>
        <extensions>
          <gpxtpx:TrackPointExtension>
            <gpxtpx:hr>167</gpxtpx:hr>
          </gpxtpx:TrackPointExtension>
        </extensions>
      </trkpt>
      <trkpt lat="37.84990245280386" lon="112.01125960915883">
        <ele>1179.0</ele>
        <time>2025-08-13T09:21:36Z</time>
        <extensions>
          <gpxtpx:TrackPointExtension>
            <gpxtpx:hr>165</gpxtpx:hr>
          </gpxtpx:TrackPointExtension>
        </extensions>
      </trkpt>
      <trkpt lat="37.849900950043654" lon="112.0110891994389">
        <ele>1179.4000244140625</ele>
        <time>2025-08-13T09:21:44Z</time>
        <extensions>
          <gpxtpx:TrackPointExtension>
            <gpxtpx:hr>166</gpxtpx:hr>
          </gpxtpx:TrackPointExtension>
        </extensions>
      </trkpt>
      <trkpt lat="37.84990328232062" lon="112.01097559286224">
        <ele>1179.5999755859375</ele>
        <time>2025-08-13T09:21:49Z</time>
        <extensions>
          <gpxtpx:TrackPointExtension>
            <gpxtpx:hr>163</gpxtpx:hr>
          </gpxtpx:TrackPointExtension>
        </extensions>
      </trkpt>
      <trkpt lat="37.84991156914493" lon="112.01087793050918">
        <ele>1179.800048828125</ele>
        <time>2025-08-13T09:21:53Z</time>
        <extensions>
          <gpxtpx:TrackPointExtension>
            <gpxtpx:hr>169</gpxtpx:hr>
          </gpxtpx:TrackPointExtension>
        </extensions>
      </trkpt>
      <trkpt lat="37.84992205180285" lon="112.01071349980882">
        <ele>1180.199951171875</ele>
        <time>2025-08-13T09:22:00Z</time>
        <extensions>
          <gpxtpx:TrackPointExtension>
            <gpxtpx:hr>169</gpxtpx:hr>
          </gpxtpx:TrackPointExtension>
        </extensions>
      </trkpt>
      <trkpt lat="37.84992236977481" lon="112.010604876953">
        <ele>1180.4000244140625</ele>
        <time>2025-08-13T09:22:04Z</time>
        <extensions>
          <gpxtpx:TrackPointExtension>
            <gpxtpx:hr>170</gpxtpx:hr>
          </gpxtpx:TrackPointExtension>
        </extensions>
      </trkpt>
      <trkpt lat="37.84991678619738" lon="112.01046237278098">
        <ele>1180.4000244140625</ele>
        <time>2025-08-13T09:22:10Z</time>
        <extensions>
          <gpxtpx:TrackPointExtension>
            <gpxtpx:hr>170</gpxtpx:hr>
          </gpxtpx:TrackPointExtension>
        </extensions>
      </trkpt>
      <trkpt lat="37.849935446499934" lon="112.01023815039184">
        <ele>1180.800048828125</ele>
        <time>2025-08-13T09:22:19Z</time>
        <extensions>
          <gpxtpx:TrackPointExtension>
            <gpxtpx:hr>170</gpxtpx:hr>
          </gpxtpx:TrackPointExtension>
        </extensions>
      </trkpt>
      <trkpt lat="37.84995590303258" lon="112.01008368569359">
        <ele>1181.199951171875</ele>
        <time>2025-08-13T09:22:26Z</time>
        <extensions>
          <gpxtpx:TrackPointExtension>
            <gpxtpx:hr>170</gpxtpx:hr>
          </gpxtpx:TrackPointExtension>
        </extensions>
      </trkpt>
      <trkpt lat="37.849976386240485" lon="112.00992025267549">
        <ele>1181.4000244140625</ele>
        <time>2025-08-13T09:22:33Z</time>
        <extensions>
          <gpxtpx:TrackPointExtension>
            <gpxtpx:hr>172</gpxtpx:hr>
          </gpxtpx:TrackPointExtension>
        </extensions>
      </trkpt>
      <trkpt lat="37.84998110159501" lon="112.00967710017582">
        <ele>1181.800048828125</ele>
        <time>2025-08-13T09:22:43Z</time>
        <extensions>
          <gpxtpx:TrackPointExtension>
            <gpxtpx:hr>170</gpxtpx:hr>
          </gpxtpx:TrackPointExtension>
        </extensions>
      </trkpt>
      <trkpt lat="37.84994585517385" lon="112.00941900570086">
        <ele>1182.199951171875</ele>
        <time>2025-08-13T09:22:53Z</time>
        <extensions>
          <gpxtpx:TrackPointExtension>
            <gpxtpx:hr>172</gpxtpx:hr>
          </gpxtpx:TrackPointExtension>
        </extensions>
      </trkpt>
      <trkpt lat="37.84991839654626" lon="112.00923365695637">
        <ele>1182.4000244140625</ele>
        <time>2025-08-13T09:23:00Z</time>
        <extensions>
          <gpxtpx:TrackPointExtension>
            <gpxtpx:hr>173</gpxtpx:hr>
          </gpxtpx:TrackPointExtension>
        </extensions>
      </trkpt>
      <trkpt lat="37.849868805447194" lon="112.0090921579592">
        <ele>1182.4000244140625</ele>
        <time>2025-08-13T09:23:06Z</time>
        <extensions>
          <gpxtpx:TrackPointExtension>
            <gpxtpx:hr>173</gpxtpx:hr>
          </gpxtpx:TrackPointExtension>
        </extensions>
      </trkpt>
      <trkpt lat="37.849772318619685" lon="112.00891279752697">
        <ele>1182.800048828125</ele>
        <time>2025-08-13T09:23:15Z</time>
        <extensions>
          <gpxtpx:TrackPointExtension>
            <gpxtpx:hr>173</gpxtpx:hr>
          </gpxtpx:TrackPointExtension>
        </extensions>
      </trkpt>
      <trkpt lat="37.84967673820541" lon="112.00876532573022">
        <ele>1182.800048828125</ele>
        <time>2025-08-13T09:23:23Z</time>
        <extensions>
          <gpxtpx:TrackPointExtension>
            <gpxtpx:hr>173</gpxtpx:hr>
          </gpxtpx:TrackPointExtension>
        </extensions>
      </trkpt>
      <trkpt lat="37.84959206272017" lon="112.00865073764562">
        <ele>1183.199951171875</ele>
        <time>2025-08-13T09:23:30Z</time>
        <extensions>
          <gpxtpx:TrackPointExtension>
            <gpxtpx:hr>173</gpxtpx:hr>
          </gpxtpx:TrackPointExtension>
        </extensions>
      </trkpt>
      <trkpt lat="37.84951936581271" lon="112.00854412036968">
        <ele>1183.4000244140625</ele>
        <time>2025-08-13T09:23:36Z</time>
        <extensions>
          <gpxtpx:TrackPointExtension>
            <gpxtpx:hr>171</gpxtpx:hr>
          </gpxtpx:TrackPointExtension>
        </extensions>
      </trkpt>
      <trkpt lat="37.84940987517104" lon="112.00836575958756">
        <ele>1184.0</ele>
        <time>2025-08-13T09:23:46Z</time>
        <extensions>
          <gpxtpx:TrackPointExtension>
            <gpxtpx:hr>167</gpxtpx:hr>
          </gpxtpx:TrackPointExtension>
        </extensions>
      </trkpt>
      <trkpt lat="37.84931030693239" lon="112.00821430357094">
        <ele>1183.800048828125</ele>
        <time>2025-08-13T09:23:57Z</time>
        <extensions>
          <gpxtpx:TrackPointExtension>
            <gpxtpx:hr>167</gpxtpx:hr>
          </gpxtpx:TrackPointExtension>
        </extensions>
      </trkpt>
      <trkpt lat="37.84921674586841" lon="112.0080608542062">
        <ele>1184.4000244140625</ele>
        <time>2025-08-13T09:24:06Z</time>
        <extensions>
          <gpxtpx:TrackPointExtension>
            <gpxtpx:hr>165</gpxtpx:hr>
          </gpxtpx:TrackPointExtension>
        </extensions>
      </trkpt>
      <trkpt lat="37.84917990509161" lon="112.00800505486473">
        <ele>1184.5999755859375</ele>
        <time>2025-08-13T09:24:10Z</time>
        <extensions>
          <gpxtpx:TrackPointExtension>
            <gpxtpx:hr>165</gpxtpx:hr>
          </gpxtpx:TrackPointExtension>
        </extensions>
      </trkpt>
      <trkpt lat="37.849117065994356" lon="112.00794726568671">
        <ele>1184.800048828125</ele>
        <time>2025-08-13T09:24:15Z</time>
        <extensions>
          <gpxtpx:TrackPointExtension>
            <gpxtpx:hr>164</gpxtpx:hr>
          </gpxtpx:TrackPointExtension>
        </extensions>
      </trkpt>
      <trkpt lat="37.84900047507658" lon="112.00780278813153">
        <ele>1185.199951171875</ele>
        <time>2025-08-13T09:24:25Z</time>
        <extensions>
          <gpxtpx:TrackPointExtension>
            <gpxtpx:hr>160</gpxtpx:hr>
          </gpxtpx:TrackPointExtension>
        </extensions>
      </trkpt>
      <trkpt lat="37.8489586779859" lon="112.0077320422407">
        <ele>1185.4000244140625</ele>
        <time>2025-08-13T09:24:30Z</time>
        <extensions>
          <gpxtpx:TrackPointExtension>
            <gpxtpx:hr>163</gpxtpx:hr>
          </gpxtpx:TrackPointExtension>
        </extensions>
      </trkpt>
      <trkpt lat="37.84884813574584" lon="112.00757162062322">
        <ele>1185.800048828125</ele>
        <time>2025-08-13T09:24:41Z</time>
        <extensions>
          <gpxtpx:TrackPointExtension>
            <gpxtpx:hr>161</gpxtpx:hr>
          </gpxtpx:TrackPointExtension>
        </extensions>
      </trkpt>
      <trkpt lat="37.84874357704447" lon="112.00741717759483">
        <ele>1186.0</ele>
        <time>2025-08-13T09:24:50Z</time>
        <extensions>
          <gpxtpx:TrackPointExtension>
            <gpxtpx:hr>162</gpxtpx:hr>
          </gpxtpx:TrackPointExtension>
        </extensions>
      </trkpt>
      <trkpt lat="37.848614112244945" lon="112.00722985393982">
        <ele>1186.0</ele>
        <time>2025-08-13T09:25:01Z</time>
        <extensions>
          <gpxtpx:TrackPointExtension>
            <gpxtpx:hr>164</gpxtpx:hr>
          </gpxtpx:TrackPointExtension>
        </extensions>
      </trkpt>
      <trkpt lat="37.84852156502044" lon="112.00707242081693">
        <ele>1186.4000244140625</ele>
        <time>2025-08-13T09:25:10Z</time>
        <extensions>
          <gpxtpx:TrackPointExtension>
            <gpxtpx:hr>161</gpxtpx:hr>
          </gpxtpx:TrackPointExtension>
        </extensions>
      </trkpt>
      <trkpt lat="37.8484598393659" lon="112.00697676608061">
        <ele>1186.800048828125</ele>
        <time>2025-08-13T09:25:15Z</time>
        <extensions>
          <gpxtpx:TrackPointExtension>
            <gpxtpx:hr>160</gpxtpx:hr>
          </gpxtpx:TrackPointExtension>
        </extensions>
      </trkpt>
      <trkpt lat="37.84832227634521" lon="112.0068223283382">
        <ele>1187.5999755859375</ele>
        <time>2025-08-13T09:25:25Z</time>
        <extensions>
          <gpxtpx:TrackPointExtension>
            <gpxtpx:hr>159</gpxtpx:hr>
          </gpxtpx:TrackPointExtension>
        </extensions>
      </trkpt>
      <trkpt lat="37.84815946622733" lon="112.00674960495562">
        <ele>1187.800048828125</ele>
        <time>2025-08-13T09:25:35Z</time>
        <extensions>
          <gpxtpx:TrackPointExtension>
            <gpxtpx:hr>161</gpxtpx:hr>
          </gpxtpx:TrackPointExtension>
        </extensions>
      </trkpt>
      <trkpt lat="37.847967467498144" lon="112.00673866662262">
        <ele>1187.5999755859375</ele>
        <time>2025-08-13T09:25:45Z</time>
        <extensions>
          <gpxtpx:TrackPointExtension>
            <gpxtpx:hr>161</gpxtpx:hr>
          </gpxtpx:TrackPointExtension>
        </extensions>
      </trkpt>
      <trkpt lat="37.84778154394437" lon="112.00670281567089">
        <ele>1188.199951171875</ele>
        <time>2025-08-13T09:25:55Z</time>
        <extensions>
          <gpxtpx:TrackPointExtension>
            <gpxtpx:hr>164</gpxtpx:hr>
          </gpxtpx:TrackPointExtension>
        </extensions>
      </trkpt>
      <trkpt lat="37.84770456105342" lon="112.00669286009892">
        <ele>1188.4000244140625</ele>
        <time>2025-08-13T09:26:00Z</time>
        <extensions>
          <gpxtpx:TrackPointExtension>
            <gpxtpx:hr>168</gpxtpx:hr>
          </gpxtpx:TrackPointExtension>
        </extensions>
      </trkpt>
      <trkpt lat="37.84747257960542" lon="112.00667395474086">
        <ele>1188.800048828125</ele>
        <time>2025-08-13T09:26:14Z</time>
        <extensions>
          <gpxtpx:TrackPointExtension>
            <gpxtpx:hr>169</gpxtpx:hr>
          </gpxtpx:TrackPointExtension>
        </extensions>
      </trkpt>
      <trkpt lat="37.84733060394921" lon="112.00665802807532">
        <ele>1189.199951171875</ele>
        <time>2025-08-13T09:26:22Z</time>
        <extensions>
          <gpxtpx:TrackPointExtension>
            <gpxtpx:hr>170</gpxtpx:hr>
          </gpxtpx:TrackPointExtension>
        </extensions>
      </trkpt>
      <trkpt lat="37.847158647167035" lon="112.00663413319148">
        <ele>1189.4000244140625</ele>
        <time>2025-08-13T09:26:31Z</time>
        <extensions>
          <gpxtpx:TrackPointExtension>
            <gpxtpx:hr>171</gpxtpx:hr>
          </gpxtpx:TrackPointExtension>
        </extensions>
      </trkpt>
      <trkpt lat="37.84697068780745" lon="112.00661024022412">
        <ele>1189.800048828125</ele>
        <time>2025-08-13T09:26:40Z</time>
        <extensions>
          <gpxtpx:TrackPointExtension>
            <gpxtpx:hr>170</gpxtpx:hr>
          </gpxtpx:TrackPointExtension>
        </extensions>
      </trkpt>
      <trkpt lat="37.8467456957493" lon="112.00659531994859">
        <ele>1190.199951171875</ele>
        <time>2025-08-13T09:26:53Z</time>
        <extensions>
          <gpxtpx:TrackPointExtension>
            <gpxtpx:hr>171</gpxtpx:hr>
          </gpxtpx:TrackPointExtension>
        </extensions>
      </trkpt>
      <trkpt lat="37.84657676328261" lon="112.00656345293326">
        <ele>1190.5999755859375</ele>
        <time>2025-08-13T09:27:03Z</time>
        <extensions>
          <gpxtpx:TrackPointExtension>
            <gpxtpx:hr>169</gpxtpx:hr>
          </gpxtpx:TrackPointExtension>
        </extensions>
      </trkpt>
      <trkpt lat="37.846512770701885" lon="112.00655748172434">
        <ele>1191.0</ele>
        <time>2025-08-13T09:27:07Z</time>
        <extensions>
          <gpxtpx:TrackPointExtension>
            <gpxtpx:hr>169</gpxtpx:hr>
          </gpxtpx:TrackPointExtension>
        </extensions>
      </trkpt>
      <trkpt lat="37.846427792527834" lon="112.00654553417793">
        <ele>1191.0</ele>
        <time>2025-08-13T09:27:12Z</time>
        <extensions>
          <gpxtpx:TrackPointExtension>
            <gpxtpx:hr>168</gpxtpx:hr>
          </gpxtpx:TrackPointExtension>
        </extensions>
      </trkpt>
      <trkpt lat="37.84629884878675" lon="112.0065196412525">
        <ele>1191.5999755859375</ele>
        <time>2025-08-13T09:27:22Z</time>
        <extensions>
          <gpxtpx:TrackPointExtension>
            <gpxtpx:hr>168</gpxtpx:hr>
          </gpxtpx:TrackPointExtension>
        </extensions>
      </trkpt>
      <trkpt lat="37.846207899348194" lon="112.00649772969538">
        <ele>1191.800048828125</ele>
        <time>2025-08-13T09:27:29Z</time>
        <extensions>
          <gpxtpx:TrackPointExtension>
            <gpxtpx:hr>168</gpxtpx:hr>
          </gpxtpx:TrackPointExtension>
        </extensions>
      </trkpt>
      <trkpt lat="37.846097949809774" lon="112.00647482393853">
        <ele>1192.0</ele>
        <time>2025-08-13T09:27:36Z</time>
        <extensions>
          <gpxtpx:TrackPointExtension>
            <gpxtpx:hr>166</gpxtpx:hr>
          </gpxtpx:TrackPointExtension>
        </extensions>
      </trkpt>
      <trkpt lat="37.845904138148136" lon="112.00640110812726">
        <ele>1192.5999755859375</ele>
        <time>2025-08-13T09:27:47Z</time>
        <extensions>
          <gpxtpx:TrackPointExtension>
            <gpxtpx:hr>166</gpxtpx:hr>
          </gpxtpx:TrackPointExtension>
        </extensions>
      </trkpt>
      <trkpt lat="37.84582818524836" lon="112.00638118775912">
        <ele>1193.0</ele>
        <time>2025-08-13T09:27:51Z</time>
        <extensions>
          <gpxtpx:TrackPointExtension>
            <gpxtpx:hr>165</gpxtpx:hr>
          </gpxtpx:TrackPointExtension>
        </extensions>
      </trkpt>
      <trkpt lat="37.845757233165926" lon="112.00636126679989">
        <ele>1193.199951171875</ele>
        <time>2025-08-13T09:27:55Z</time>
        <extensions>
          <gpxtpx:TrackPointExtension>
            <gpxtpx:hr>165</gpxtpx:hr>
          </gpxtpx:TrackPointExtension>
        </extensions>
      </trkpt>
      <trkpt lat="37.845607354470026" lon="112.00631245761548">
        <ele>1193.4000244140625</ele>
        <time>2025-08-13T09:28:04Z</time>
        <extensions>
          <gpxtpx:TrackPointExtension>
            <gpxtpx:hr>165</gpxtpx:hr>
          </gpxtpx:TrackPointExtension>
        </extensions>
      </trkpt>
      <trkpt lat="37.84543153401988" lon="112.0062427256982">
        <ele>1193.800048828125</ele>
        <time>2025-08-13T09:28:15Z</time>
        <extensions>
          <gpxtpx:TrackPointExtension>
            <gpxtpx:hr>167</gpxtpx:hr>
          </gpxtpx:TrackPointExtension>
        </extensions>
      </trkpt>
      <trkpt lat="37.84538361839727" lon="112.00621184086997">
        <ele>1193.4000244140625</ele>
        <time>2025-08-13T09:28:21Z</time>
        <extensions>
          <gpxtpx:TrackPointExtension>
            <gpxtpx:hr>168</gpxtpx:hr>
          </gpxtpx:TrackPointExtension>
        </extensions>
      </trkpt>
      <trkpt lat="37.84535460479323" lon="112.0062148337369">
        <ele>1193.5999755859375</ele>
        <time>2025-08-13T09:28:26Z</time>
        <extensions>
          <gpxtpx:TrackPointExtension>
            <gpxtpx:hr>165</gpxtpx:hr>
          </gpxtpx:TrackPointExtension>
        </extensions>
      </trkpt>
      <trkpt lat="37.84535260744228" lon="112.00621383750615">
        <ele>1193.5999755859375</ele>
        <time>2025-08-13T09:28:30Z</time>
        <extensions>
          <gpxtpx:TrackPointExtension>
            <gpxtpx:hr>159</gpxtpx:hr>
          </gpxtpx:TrackPointExtension>
        </extensions>
      </trkpt>
      <trkpt lat="37.845325623885195" lon="112.00620686544197">
        <ele>1193.800048828125</ele>
        <time>2025-08-13T09:28:36Z</time>
        <extensions>
          <gpxtpx:TrackPointExtension>
            <gpxtpx:hr>156</gpxtpx:hr>
          </gpxtpx:TrackPointExtension>
        </extensions>
      </trkpt>
      <trkpt lat="37.845275648502756" lon="112.0061959102455">
        <ele>1193.800048828125</ele>
        <time>2025-08-13T09:28:40Z</time>
        <extensions>
          <gpxtpx:TrackPointExtension>
            <gpxtpx:hr>153</gpxtpx:hr>
          </gpxtpx:TrackPointExtension>
        </extensions>
      </trkpt>
      <trkpt lat="37.84518371092947" lon="112.0061700130282">
        <ele>1193.800048828125</ele>
        <time>2025-08-13T09:28:50Z</time>
        <extensions>
          <gpxtpx:TrackPointExtension>
            <gpxtpx:hr>154</gpxtpx:hr>
          </gpxtpx:TrackPointExtension>
        </extensions>
      </trkpt>
      <trkpt lat="37.84512774647859" lon="112.0061550726786">
        <ele>1193.800048828125</ele>
        <time>2025-08-13T09:28:55Z</time>
        <extensions>
          <gpxtpx:TrackPointExtension>
            <gpxtpx:hr>151</gpxtpx:hr>
          </gpxtpx:TrackPointExtension>
        </extensions>
      </trkpt>
      <trkpt lat="37.84506375695639" lon="112.00614810503298">
        <ele>1194.0</ele>
        <time>2025-08-13T09:29:00Z</time>
        <extensions>
          <gpxtpx:TrackPointExtension>
            <gpxtpx:hr>149</gpxtpx:hr>
          </gpxtpx:TrackPointExtension>
        </extensions>
      </trkpt>
      <trkpt lat="37.845033799682916" lon="112.00613216511839">
        <ele>1194.0</ele>
        <time>2025-08-13T09:29:04Z</time>
        <extensions>
          <gpxtpx:TrackPointExtension>
            <gpxtpx:hr>146</gpxtpx:hr>
          </gpxtpx:TrackPointExtension>
        </extensions>
      </trkpt>
      <trkpt lat="37.844987819017504" lon="112.00612320239173">
        <ele>1194.199951171875</ele>
        <time>2025-08-13T09:29:08Z</time>
        <extensions>
          <gpxtpx:TrackPointExtension>
            <gpxtpx:hr>142</gpxtpx:hr>
          </gpxtpx:TrackPointExtension>
        </extensions>
      </trkpt>
      <trkpt lat="37.8449237967975" lon="112.00612719589756">
        <ele>1194.199951171875</ele>
        <time>2025-08-13T09:29:14Z</time>
        <extensions>
          <gpxtpx:TrackPointExtension>
            <gpxtpx:hr>138</gpxtpx:hr>
          </gpxtpx:TrackPointExtension>
        </extensions>
      </trkpt>
      <trkpt lat="37.84479686253988" lon="112.00609831347484">
        <ele>1194.4000244140625</ele>
        <time>2025-08-13T09:29:25Z</time>
        <extensions>
          <gpxtpx:TrackPointExtension>
            <gpxtpx:hr>137</gpxtpx:hr>
          </gpxtpx:TrackPointExtension>
        </extensions>
      </trkpt>
      <trkpt lat="37.84473890076547" lon="112.00608237691029">
        <ele>1194.5999755859375</ele>
        <time>2025-08-13T09:29:31Z</time>
        <extensions>
          <gpxtpx:TrackPointExtension>
            <gpxtpx:hr>135</gpxtpx:hr>
          </gpxtpx:TrackPointExtension>
        </extensions>
      </trkpt>
      <trkpt lat="37.844646945411476" lon="112.006062458535">
        <ele>1194.800048828125</ele>
        <time>2025-08-13T09:29:40Z</time>
        <extensions>
          <gpxtpx:TrackPointExtension>
            <gpxtpx:hr>133</gpxtpx:hr>
          </gpxtpx:TrackPointExtension>
        </extensions>
      </trkpt>
      <trkpt lat="37.8445549276134" lon="112.00606346597488">
        <ele>1194.800048828125</ele>
        <time>2025-08-13T09:29:49Z</time>
        <extensions>
          <gpxtpx:TrackPointExtension>
            <gpxtpx:hr>138</gpxtpx:hr>
          </gpxtpx:TrackPointExtension>
        </extensions>
      </trkpt>
      <trkpt lat="37.844459873652" lon="112.00607643138109">
        <ele>1195.199951171875</ele>
        <time>2025-08-13T09:29:57Z</time>
        <extensions>
          <gpxtpx:TrackPointExtension>
            <gpxtpx:hr>135</gpxtpx:hr>
          </gpxtpx:TrackPointExtension>
        </extensions>
      </trkpt>
      <trkpt lat="37.844365635515786" lon="112.00615117769024">
        <ele>1195.4000244140625</ele>
        <time>2025-08-13T09:30:07Z</time>
        <extensions>
          <gpxtpx:TrackPointExtension>
            <gpxtpx:hr>131</gpxtpx:hr>
          </gpxtpx:TrackPointExtension>
        </extensions>
      </trkpt>
      <trkpt lat="37.844299580299285" lon="112.00616613259089">
        <ele>1195.800048828125</ele>
        <time>2025-08-13T09:30:14Z</time>
        <extensions>
          <gpxtpx:TrackPointExtension>
            <gpxtpx:hr>134</gpxtpx:hr>
          </gpxtpx:TrackPointExtension>
        </extensions>
      </trkpt>
      <trkpt lat="37.84422146073414" lon="112.00620201477574">
        <ele>1196.0</ele>
        <time>2025-08-13T09:30:22Z</time>
        <extensions>
          <gpxtpx:TrackPointExtension>
            <gpxtpx:hr>133</gpxtpx:hr>
          </gpxtpx:TrackPointExtension>
        </extensions>
      </trkpt>
      <trkpt lat="37.84407525595346" lon="112.00626281683535">
        <ele>1196.4000244140625</ele>
        <time>2025-08-13T09:30:35Z</time>
        <extensions>
          <gpxtpx:TrackPointExtension>
            <gpxtpx:hr>134</gpxtpx:hr>
          </gpxtpx:TrackPointExtension>
        </extensions>
      </trkpt>
      <trkpt lat="37.84399107604638" lon="112.00631862919735">
        <ele>1196.5999755859375</ele>
        <time>2025-08-13T09:30:43Z</time>
        <extensions>
          <gpxtpx:TrackPointExtension>
            <gpxtpx:hr>133</gpxtpx:hr>
          </gpxtpx:TrackPointExtension>
        </extensions>
      </trkpt>
      <trkpt lat="37.84399606496546" lon="112.00632261448426">
        <ele>1196.800048828125</ele>
        <time>2025-08-13T09:30:48Z</time>
        <extensions>
          <gpxtpx:TrackPointExtension>
            <gpxtpx:hr>131</gpxtpx:hr>
          </gpxtpx:TrackPointExtension>
        </extensions>
      </trkpt>
      <trkpt lat="37.844057169853784" lon="112.00629072014831">
        <ele>1196.5999755859375</ele>
        <time>2025-08-13T09:30:55Z</time>
        <extensions>
          <gpxtpx:TrackPointExtension>
            <gpxtpx:hr>130</gpxtpx:hr>
          </gpxtpx:TrackPointExtension>
        </extensions>
      </trkpt>
      <trkpt lat="37.84413324447846" lon="112.0062697852079">
        <ele>1196.5999755859375</ele>
        <time>2025-08-13T09:31:03Z</time>
        <extensions>
          <gpxtpx:TrackPointExtension>
            <gpxtpx:hr>130</gpxtpx:hr>
          </gpxtpx:TrackPointExtension>
        </extensions>
      </trkpt>
      <trkpt lat="37.84421228096011" lon="112.00626180402472">
        <ele>1196.4000244140625</ele>
        <time>2025-08-13T09:31:11Z</time>
        <extensions>
          <gpxtpx:TrackPointExtension>
            <gpxtpx:hr>128</gpxtpx:hr>
          </gpxtpx:TrackPointExtension>
        </extensions>
      </trkpt>
      <trkpt lat="37.844272391660986" lon="112.00622791689614">
        <ele>1196.199951171875</ele>
        <time>2025-08-13T09:31:17Z</time>
        <extensions>
          <gpxtpx:TrackPointExtension>
            <gpxtpx:hr>127</gpxtpx:hr>
          </gpxtpx:TrackPointExtension>
        </extensions>
      </trkpt>
      <trkpt lat="37.8443505914808" lon="112.00616513003939">
        <ele>1195.5999755859375</ele>
        <time>2025-08-13T09:31:24Z</time>
        <extensions>
          <gpxtpx:TrackPointExtension>
            <gpxtpx:hr>128</gpxtpx:hr>
          </gpxtpx:TrackPointExtension>
        </extensions>
      </trkpt>
      <trkpt lat="37.84442474610134" lon="112.00611729073283">
        <ele>1195.800048828125</ele>
        <time>2025-08-13T09:31:32Z</time>
        <extensions>
          <gpxtpx:TrackPointExtension>
            <gpxtpx:hr>125</gpxtpx:hr>
          </gpxtpx:TrackPointExtension>
        </extensions>
      </trkpt>
      <trkpt lat="37.84442581465131" lon="112.00609437185271">
        <ele>1195.4000244140625</ele>
        <time>2025-08-13T09:31:38Z</time>
        <extensions>
          <gpxtpx:TrackPointExtension>
            <gpxtpx:hr>126</gpxtpx:hr>
          </gpxtpx:TrackPointExtension>
        </extensions>
      </trkpt>
      <trkpt lat="37.84443383080738" lon="112.0060893885602">
        <ele>1195.800048828125</ele>
        <time>2025-08-13T09:31:46Z</time>
        <extensions>
          <gpxtpx:TrackPointExtension>
            <gpxtpx:hr>125</gpxtpx:hr>
          </gpxtpx:TrackPointExtension>
        </extensions>
      </trkpt>
      <trkpt lat="37.84443383080738" lon="112.0060893885602">
        <ele>1195.800048828125</ele>
        <time>2025-08-13T09:31:52Z</time>
        <extensions>
          <gpxtpx:TrackPointExtension>
            <gpxtpx:hr>122</gpxtpx:hr>
          </gpxtpx:TrackPointExtension>
        </extensions>
      </trkpt>
      <trkpt lat="37.84443082437711" lon="112.00609138185332">
        <ele>1195.5999755859375</ele>
        <time>2025-08-13T09:32:01Z</time>
        <extensions>
          <gpxtpx:TrackPointExtension>
            <gpxtpx:hr>119</gpxtpx:hr>
          </gpxtpx:TrackPointExtension>
        </extensions>
      </trkpt>
      <trkpt lat="37.84451283163604" lon="112.0060933650087">
        <ele>1195.199951171875</ele>
        <time>2025-08-13T09:32:26Z</time>
        <extensions>
          <gpxtpx:TrackPointExtension>
            <gpxtpx:hr>115</gpxtpx:hr>
          </gpxtpx:TrackPointExtension>
        </extensions>
      </trkpt>
      <trkpt lat="37.84462582308009" lon="112.00610231974105">
        <ele>1195.199951171875</ele>
        <time>2025-08-13T09:32:34Z</time>
        <extensions>
          <gpxtpx:TrackPointExtension>
            <gpxtpx:hr>116</gpxtpx:hr>
          </gpxtpx:TrackPointExtension>
        </extensions>
      </trkpt>
      <trkpt lat="37.844655816021046" lon="112.00610630203428">
        <ele>1195.199951171875</ele>
        <time>2025-08-13T09:32:38Z</time>
        <extensions>
          <gpxtpx:TrackPointExtension>
            <gpxtpx:hr>113</gpxtpx:hr>
          </gpxtpx:TrackPointExtension>
        </extensions>
      </trkpt>
      <trkpt lat="37.844687782525085" lon="112.00611925230095">
        <ele>1195.199951171875</ele>
        <time>2025-08-13T09:32:42Z</time>
        <extensions>
          <gpxtpx:TrackPointExtension>
            <gpxtpx:hr>113</gpxtpx:hr>
          </gpxtpx:TrackPointExtension>
        </extensions>
      </trkpt>
      <trkpt lat="37.844786724156904" lon="112.00614415219806">
        <ele>1195.0</ele>
        <time>2025-08-13T09:32:50Z</time>
        <extensions>
          <gpxtpx:TrackPointExtension>
            <gpxtpx:hr>113</gpxtpx:hr>
          </gpxtpx:TrackPointExtension>
        </extensions>
      </trkpt>
      <trkpt lat="37.84482673060751" lon="112.00614414742716">
        <ele>1195.0</ele>
        <time>2025-08-13T09:32:54Z</time>
        <extensions>
          <gpxtpx:TrackPointExtension>
            <gpxtpx:hr>111</gpxtpx:hr>
          </gpxtpx:TrackPointExtension>
        </extensions>
      </trkpt>
      <trkpt lat="37.84487167246158" lon="112.00616606436716">
        <ele>1194.800048828125</ele>
        <time>2025-08-13T09:33:01Z</time>
        <extensions>
          <gpxtpx:TrackPointExtension>
            <gpxtpx:hr>114</gpxtpx:hr>
          </gpxtpx:TrackPointExtension>
        </extensions>
      </trkpt>
      <trkpt lat="37.84489565255109" lon="112.0061740332543">
        <ele>1194.5999755859375</ele>
        <time>2025-08-13T09:33:08Z</time>
        <extensions>
          <gpxtpx:TrackPointExtension>
            <gpxtpx:hr>120</gpxtpx:hr>
          </gpxtpx:TrackPointExtension>
        </extensions>
      </trkpt>
      <trkpt lat="37.844990554924095" lon="112.00621188774608">
        <ele>1194.800048828125</ele>
        <time>2025-08-13T09:33:18Z</time>
        <extensions>
          <gpxtpx:TrackPointExtension>
            <gpxtpx:hr>125</gpxtpx:hr>
          </gpxtpx:TrackPointExtension>
        </extensions>
      </trkpt>
      <trkpt lat="37.845061489107366" lon="112.00623778748326">
        <ele>1194.5999755859375</ele>
        <time>2025-08-13T09:33:25Z</time>
        <extensions>
          <gpxtpx:TrackPointExtension>
            <gpxtpx:hr>125</gpxtpx:hr>
          </gpxtpx:TrackPointExtension>
        </extensions>
      </trkpt>
      <trkpt lat="37.84519145065989" lon="112.00625770137229">
        <ele>1195.0</ele>
        <time>2025-08-13T09:33:38Z</time>
        <extensions>
          <gpxtpx:TrackPointExtension>
            <gpxtpx:hr>125</gpxtpx:hr>
          </gpxtpx:TrackPointExtension>
        </extensions>
      </trkpt>
      <trkpt lat="37.845291392521965" lon="112.00628260119593">
        <ele>1194.5999755859375</ele>
        <time>2025-08-13T09:33:48Z</time>
        <extensions>
          <gpxtpx:TrackPointExtension>
            <gpxtpx:hr>125</gpxtpx:hr>
          </gpxtpx:TrackPointExtension>
        </extensions>
      </trkpt>
      <trkpt lat="37.84537736184768" lon="112.00629753799271">
        <ele>1194.4000244140625</ele>
        <time>2025-08-13T09:33:57Z</time>
        <extensions>
          <gpxtpx:TrackPointExtension>
            <gpxtpx:hr>126</gpxtpx:hr>
          </gpxtpx:TrackPointExtension>
        </extensions>
      </trkpt>
      <trkpt lat="37.84549726537148" lon="112.00633638603605">
        <ele>1194.4000244140625</ele>
        <time>2025-08-13T09:34:08Z</time>
        <extensions>
          <gpxtpx:TrackPointExtension>
            <gpxtpx:hr>125</gpxtpx:hr>
          </gpxtpx:TrackPointExtension>
        </extensions>
      </trkpt>
      <trkpt lat="37.84552419843721" lon="112.00636029812253">
        <ele>1194.4000244140625</ele>
        <time>2025-08-13T09:34:12Z</time>
        <extensions>
          <gpxtpx:TrackPointExtension>
            <gpxtpx:hr>128</gpxtpx:hr>
          </gpxtpx:TrackPointExtension>
        </extensions>
      </trkpt>
      <trkpt lat="37.845570182111764" lon="112.00636826440613">
        <ele>1194.0</ele>
        <time>2025-08-13T09:34:18Z</time>
        <extensions>
          <gpxtpx:TrackPointExtension>
            <gpxtpx:hr>128</gpxtpx:hr>
          </gpxtpx:TrackPointExtension>
        </extensions>
      </trkpt>
      <trkpt lat="37.84564513780485" lon="112.0063871884187">
        <ele>1194.199951171875</ele>
        <time>2025-08-13T09:34:26Z</time>
        <extensions>
          <gpxtpx:TrackPointExtension>
            <gpxtpx:hr>125</gpxtpx:hr>
          </gpxtpx:TrackPointExtension>
        </extensions>
      </trkpt>
      <trkpt lat="37.84571608691754" lon="112.00640810585712">
        <ele>1194.0</ele>
        <time>2025-08-13T09:34:33Z</time>
        <extensions>
          <gpxtpx:TrackPointExtension>
            <gpxtpx:hr>126</gpxtpx:hr>
          </gpxtpx:TrackPointExtension>
        </extensions>
      </trkpt>
      <trkpt lat="37.84578200552934" lon="112.00643898862101">
        <ele>1193.800048828125</ele>
        <time>2025-08-13T09:34:39Z</time>
        <extensions>
          <gpxtpx:TrackPointExtension>
            <gpxtpx:hr>122</gpxtpx:hr>
          </gpxtpx:TrackPointExtension>
        </extensions>
      </trkpt>
      <trkpt lat="37.84583198095658" lon="112.00644994385337">
        <ele>1193.5999755859375</ele>
        <time>2025-08-13T09:34:44Z</time>
        <extensions>
          <gpxtpx:TrackPointExtension>
            <gpxtpx:hr>119</gpxtpx:hr>
          </gpxtpx:TrackPointExtension>
        </extensions>
      </trkpt>
      <trkpt lat="37.84592788366072" lon="112.00648779836713">
        <ele>1193.4000244140625</ele>
        <time>2025-08-13T09:34:53Z</time>
        <extensions>
          <gpxtpx:TrackPointExtension>
            <gpxtpx:hr>118</gpxtpx:hr>
          </gpxtpx:TrackPointExtension>
        </extensions>
      </trkpt>
      <trkpt lat="37.845986830864746" lon="112.00650871726579">
        <ele>1193.199951171875</ele>
        <time>2025-08-13T09:35:01Z</time>
        <extensions>
          <gpxtpx:TrackPointExtension>
            <gpxtpx:hr>119</gpxtpx:hr>
          </gpxtpx:TrackPointExtension>
        </extensions>
      </trkpt>
      <trkpt lat="37.84604775168017" lon="112.00653860419509">
        <ele>1193.0</ele>
        <time>2025-08-13T09:35:08Z</time>
        <extensions>
          <gpxtpx:TrackPointExtension>
            <gpxtpx:hr>121</gpxtpx:hr>
          </gpxtpx:TrackPointExtension>
        </extensions>
      </trkpt>
      <trkpt lat="37.84610968454382" lon="112.00656450512089">
        <ele>1192.800048828125</ele>
        <time>2025-08-13T09:35:14Z</time>
        <extensions>
          <gpxtpx:TrackPointExtension>
            <gpxtpx:hr>121</gpxtpx:hr>
          </gpxtpx:TrackPointExtension>
        </extensions>
      </trkpt>
      <trkpt lat="37.84616867036098" lon="112.00657246987555">
        <ele>1192.5999755859375</ele>
        <time>2025-08-13T09:35:20Z</time>
        <extensions>
          <gpxtpx:TrackPointExtension>
            <gpxtpx:hr>121</gpxtpx:hr>
          </gpxtpx:TrackPointExtension>
        </extensions>
      </trkpt>
      <trkpt lat="37.84625463087705" lon="112.00659039615395">
        <ele>1192.199951171875</ele>
        <time>2025-08-13T09:35:31Z</time>
        <extensions>
          <gpxtpx:TrackPointExtension>
            <gpxtpx:hr>117</gpxtpx:hr>
          </gpxtpx:TrackPointExtension>
        </extensions>
      </trkpt>
      <trkpt lat="37.846317590637874" lon="112.00660732870595">
        <ele>1192.199951171875</ele>
        <time>2025-08-13T09:35:39Z</time>
        <extensions>
          <gpxtpx:TrackPointExtension>
            <gpxtpx:hr>116</gpxtpx:hr>
          </gpxtpx:TrackPointExtension>
        </extensions>
      </trkpt>
      <trkpt lat="37.84639058170642" lon="112.0066142953201">
        <ele>1192.199951171875</ele>
        <time>2025-08-13T09:35:46Z</time>
        <extensions>
          <gpxtpx:TrackPointExtension>
            <gpxtpx:hr>119</gpxtpx:hr>
          </gpxtpx:TrackPointExtension>
        </extensions>
      </trkpt>
      <trkpt lat="37.846421568929685" lon="112.00662027047075">
        <ele>1192.0</ele>
        <time>2025-08-13T09:35:50Z</time>
        <extensions>
          <gpxtpx:TrackPointExtension>
            <gpxtpx:hr>122</gpxtpx:hr>
          </gpxtpx:TrackPointExtension>
        </extensions>
      </trkpt>
      <trkpt lat="37.84651851048116" lon="112.00664517077465">
        <ele>1192.0</ele>
        <time>2025-08-13T09:35:59Z</time>
        <extensions>
          <gpxtpx:TrackPointExtension>
            <gpxtpx:hr>125</gpxtpx:hr>
          </gpxtpx:TrackPointExtension>
        </extensions>
      </trkpt>
      <trkpt lat="37.84655552835961" lon="112.00664118045952">
        <ele>1192.0</ele>
        <time>2025-08-13T09:36:04Z</time>
        <extensions>
          <gpxtpx:TrackPointExtension>
            <gpxtpx:hr>125</gpxtpx:hr>
          </gpxtpx:TrackPointExtension>
        </extensions>
      </trkpt>
      <trkpt lat="37.84661348732985" lon="112.00665811361974">
        <ele>1191.800048828125</ele>
        <time>2025-08-13T09:36:11Z</time>
        <extensions>
          <gpxtpx:TrackPointExtension>
            <gpxtpx:hr>125</gpxtpx:hr>
          </gpxtpx:TrackPointExtension>
        </extensions>
      </trkpt>
      <trkpt lat="37.84666445407019" lon="112.00667205819218">
        <ele>1191.800048828125</ele>
        <time>2025-08-13T09:36:17Z</time>
        <extensions>
          <gpxtpx:TrackPointExtension>
            <gpxtpx:hr>121</gpxtpx:hr>
          </gpxtpx:TrackPointExtension>
        </extensions>
      </trkpt>
      <trkpt lat="37.846714488900254" lon="112.00666308394692">
        <ele>1191.800048828125</ele>
        <time>2025-08-13T09:36:21Z</time>
        <extensions>
          <gpxtpx:TrackPointExtension>
            <gpxtpx:hr>120</gpxtpx:hr>
          </gpxtpx:TrackPointExtension>
        </extensions>
      </trkpt>
      <trkpt lat="37.84681747299837" lon="112.00667403288925">
        <ele>1191.4000244140625</ele>
        <time>2025-08-13T09:36:31Z</time>
        <extensions>
          <gpxtpx:TrackPointExtension>
            <gpxtpx:hr>118</gpxtpx:hr>
          </gpxtpx:TrackPointExtension>
        </extensions>
      </trkpt>
      <trkpt lat="37.84689848319976" lon="112.00667501970084">
        <ele>1191.4000244140625</ele>
        <time>2025-08-13T09:36:39Z</time>
        <extensions>
          <gpxtpx:TrackPointExtension>
            <gpxtpx:hr>119</gpxtpx:hr>
          </gpxtpx:TrackPointExtension>
        </extensions>
      </trkpt>
      <trkpt lat="37.84697045930176" lon="112.00668696881918">
        <ele>1191.199951171875</ele>
        <time>2025-08-13T09:36:46Z</time>
        <extensions>
          <gpxtpx:TrackPointExtension>
            <gpxtpx:hr>119</gpxtpx:hr>
          </gpxtpx:TrackPointExtension>
        </extensions>
      </trkpt>
      <trkpt lat="37.847026450608126" lon="112.00669294099285">
        <ele>1191.199951171875</ele>
        <time>2025-08-13T09:36:51Z</time>
        <extensions>
          <gpxtpx:TrackPointExtension>
            <gpxtpx:hr>116</gpxtpx:hr>
          </gpxtpx:TrackPointExtension>
        </extensions>
      </trkpt>
      <trkpt lat="37.847075461547526" lon="112.00669193867074">
        <ele>1191.0</ele>
        <time>2025-08-13T09:36:56Z</time>
        <extensions>
          <gpxtpx:TrackPointExtension>
            <gpxtpx:hr>114</gpxtpx:hr>
          </gpxtpx:TrackPointExtension>
        </extensions>
      </trkpt>
      <trkpt lat="37.84718345538772" lon="112.00669989759247">
        <ele>1190.5999755859375</ele>
        <time>2025-08-13T09:37:06Z</time>
        <extensions>
          <gpxtpx:TrackPointExtension>
            <gpxtpx:hr>115</gpxtpx:hr>
          </gpxtpx:TrackPointExtension>
        </extensions>
      </trkpt>
      <trkpt lat="37.847275431795836" lon="112.00671284080457">
        <ele>1190.4000244140625</ele>
        <time>2025-08-13T09:37:15Z</time>
        <extensions>
          <gpxtpx:TrackPointExtension>
            <gpxtpx:hr>117</gpxtpx:hr>
          </gpxtpx:TrackPointExtension>
        </extensions>
      </trkpt>
      <trkpt lat="37.8473813867581" lon="112.00673375415964">
        <ele>1190.199951171875</ele>
        <time>2025-08-13T09:37:24Z</time>
        <extensions>
          <gpxtpx:TrackPointExtension>
            <gpxtpx:hr>119</gpxtpx:hr>
          </gpxtpx:TrackPointExtension>
        </extensions>
      </trkpt>
      <trkpt lat="37.84743438352656" lon="112.00673773374186">
        <ele>1190.199951171875</ele>
        <time>2025-08-13T09:37:29Z</time>
        <extensions>
          <gpxtpx:TrackPointExtension>
            <gpxtpx:hr>122</gpxtpx:hr>
          </gpxtpx:TrackPointExtension>
        </extensions>
      </trkpt>
      <trkpt lat="37.84749431617567" lon="112.0067636349767">
        <ele>1190.199951171875</ele>
        <time>2025-08-13T09:37:34Z</time>
        <extensions>
          <gpxtpx:TrackPointExtension>
            <gpxtpx:hr>122</gpxtpx:hr>
          </gpxtpx:TrackPointExtension>
        </extensions>
      </trkpt>
      <trkpt lat="37.84751233394126" lon="112.00675865044484">
        <ele>1190.4000244140625</ele>
        <time>2025-08-13T09:37:39Z</time>
        <extensions>
          <gpxtpx:TrackPointExtension>
            <gpxtpx:hr>123</gpxtpx:hr>
          </gpxtpx:TrackPointExtension>
        </extensions>
      </trkpt>
      <trkpt lat="37.84753332846508" lon="112.00676163736964">
        <ele>1190.4000244140625</ele>
        <time>2025-08-13T09:37:47Z</time>
        <extensions>
          <gpxtpx:TrackPointExtension>
            <gpxtpx:hr>122</gpxtpx:hr>
          </gpxtpx:TrackPointExtension>
        </extensions>
      </trkpt>
      <trkpt lat="37.84761926239808" lon="112.00678853198804">
        <ele>1190.0</ele>
        <time>2025-08-13T09:37:52Z</time>
        <extensions>
          <gpxtpx:TrackPointExtension>
            <gpxtpx:hr>123</gpxtpx:hr>
          </gpxtpx:TrackPointExtension>
        </extensions>
      </trkpt>
      <trkpt lat="37.847704288124774" lon="112.0067845359372">
        <ele>1189.5999755859375</ele>
        <time>2025-08-13T09:37:59Z</time>
        <extensions>
          <gpxtpx:TrackPointExtension>
            <gpxtpx:hr>122</gpxtpx:hr>
          </gpxtpx:TrackPointExtension>
        </extensions>
      </trkpt>
      <trkpt lat="37.84774527108443" lon="112.00679250286281">
        <ele>1189.5999755859375</ele>
        <time>2025-08-13T09:38:04Z</time>
        <extensions>
          <gpxtpx:TrackPointExtension>
            <gpxtpx:hr>122</gpxtpx:hr>
          </gpxtpx:TrackPointExtension>
        </extensions>
      </trkpt>
      <trkpt lat="37.847894274637305" lon="112.00679946042533">
        <ele>1189.199951171875</ele>
        <time>2025-08-13T09:38:14Z</time>
        <extensions>
          <gpxtpx:TrackPointExtension>
            <gpxtpx:hr>121</gpxtpx:hr>
          </gpxtpx:TrackPointExtension>
        </extensions>
      </trkpt>
      <trkpt lat="37.847950224462686" lon="112.00681938329335">
        <ele>1189.199951171875</ele>
        <time>2025-08-13T09:38:21Z</time>
        <extensions>
          <gpxtpx:TrackPointExtension>
            <gpxtpx:hr>119</gpxtpx:hr>
          </gpxtpx:TrackPointExtension>
        </extensions>
      </trkpt>
      <trkpt lat="37.84805323831699" lon="112.00682036748083">
        <ele>1189.0</ele>
        <time>2025-08-13T09:38:29Z</time>
        <extensions>
          <gpxtpx:TrackPointExtension>
            <gpxtpx:hr>116</gpxtpx:hr>
          </gpxtpx:TrackPointExtension>
        </extensions>
      </trkpt>
      <trkpt lat="37.848117219115075" lon="112.00683032462136">
        <ele>1189.0</ele>
        <time>2025-08-13T09:38:35Z</time>
        <extensions>
          <gpxtpx:TrackPointExtension>
            <gpxtpx:hr>119</gpxtpx:hr>
          </gpxtpx:TrackPointExtension>
        </extensions>
      </trkpt>
      <trkpt lat="37.84815509781309" lon="112.0068731686452">
        <ele>1189.0</ele>
        <time>2025-08-13T09:38:41Z</time>
        <extensions>
          <gpxtpx:TrackPointExtension>
            <gpxtpx:hr>120</gpxtpx:hr>
          </gpxtpx:TrackPointExtension>
        </extensions>
      </trkpt>
      <trkpt lat="37.848277865920295" lon="112.00695785468366">
        <ele>1189.5999755859375</ele>
        <time>2025-08-13T09:38:50Z</time>
        <extensions>
          <gpxtpx:TrackPointExtension>
            <gpxtpx:hr>124</gpxtpx:hr>
          </gpxtpx:TrackPointExtension>
        </extensions>
      </trkpt>
      <trkpt lat="37.84839564515293" lon="112.00703855549847">
        <ele>1189.0</ele>
        <time>2025-08-13T09:38:56Z</time>
        <extensions>
          <gpxtpx:TrackPointExtension>
            <gpxtpx:hr>128</gpxtpx:hr>
          </gpxtpx:TrackPointExtension>
        </extensions>
      </trkpt>
      <trkpt lat="37.84845835326252" lon="112.00714018909513">
        <ele>1188.4000244140625</ele>
        <time>2025-08-13T09:39:00Z</time>
        <extensions>
          <gpxtpx:TrackPointExtension>
            <gpxtpx:hr>132</gpxtpx:hr>
          </gpxtpx:TrackPointExtension>
        </extensions>
      </trkpt>
      <trkpt lat="37.84851707268173" lon="112.00723783738533">
        <ele>1188.0</ele>
        <time>2025-08-13T09:39:04Z</time>
        <extensions>
          <gpxtpx:TrackPointExtension>
            <gpxtpx:hr>134</gpxtpx:hr>
          </gpxtpx:TrackPointExtension>
        </extensions>
      </trkpt>
      <trkpt lat="37.8485828525583" lon="112.00731555528085">
        <ele>1188.0</ele>
        <time>2025-08-13T09:39:08Z</time>
        <extensions>
          <gpxtpx:TrackPointExtension>
            <gpxtpx:hr>140</gpxtpx:hr>
          </gpxtpx:TrackPointExtension>
        </extensions>
      </trkpt>
      <trkpt lat="37.84863055854254" lon="112.00741719108194">
        <ele>1187.800048828125</ele>
        <time>2025-08-13T09:39:12Z</time>
        <extensions>
          <gpxtpx:TrackPointExtension>
            <gpxtpx:hr>147</gpxtpx:hr>
          </gpxtpx:TrackPointExtension>
        </extensions>
      </trkpt>
      <trkpt lat="37.84868531016216" lon="112.00750387888542">
        <ele>1187.5999755859375</ele>
        <time>2025-08-13T09:39:16Z</time>
        <extensions>
          <gpxtpx:TrackPointExtension>
            <gpxtpx:hr>151</gpxtpx:hr>
          </gpxtpx:TrackPointExtension>
        </extensions>
      </trkpt>
      <trkpt lat="37.84874508338917" lon="112.00758359078253">
        <ele>1187.5999755859375</ele>
        <time>2025-08-13T09:39:20Z</time>
        <extensions>
          <gpxtpx:TrackPointExtension>
            <gpxtpx:hr>154</gpxtpx:hr>
          </gpxtpx:TrackPointExtension>
        </extensions>
      </trkpt>
      <trkpt lat="37.84887954683829" lon="112.00777191132632">
        <ele>1187.4000244140625</ele>
        <time>2025-08-13T09:39:30Z</time>
        <extensions>
          <gpxtpx:TrackPointExtension>
            <gpxtpx:hr>154</gpxtpx:hr>
          </gpxtpx:TrackPointExtension>
        </extensions>
      </trkpt>
      <trkpt lat="37.848994001537406" lon="112.00796222778813">
        <ele>1187.0</ele>
        <time>2025-08-13T09:39:39Z</time>
        <extensions>
          <gpxtpx:TrackPointExtension>
            <gpxtpx:hr>156</gpxtpx:hr>
          </gpxtpx:TrackPointExtension>
        </extensions>
      </trkpt>
      <trkpt lat="37.84905166863497" lon="112.00807781434185">
        <ele>1186.800048828125</ele>
        <time>2025-08-13T09:39:44Z</time>
        <extensions>
          <gpxtpx:TrackPointExtension>
            <gpxtpx:hr>156</gpxtpx:hr>
          </gpxtpx:TrackPointExtension>
        </extensions>
      </trkpt>
      <trkpt lat="37.849139281825416" lon="112.00821332748922">
        <ele>1186.5999755859375</ele>
        <time>2025-08-13T09:39:51Z</time>
        <extensions>
          <gpxtpx:TrackPointExtension>
            <gpxtpx:hr>157</gpxtpx:hr>
          </gpxtpx:TrackPointExtension>
        </extensions>
      </trkpt>
      <trkpt lat="37.849260753449684" lon="112.00839866191777">
        <ele>1186.5999755859375</ele>
        <time>2025-08-13T09:39:59Z</time>
        <extensions>
          <gpxtpx:TrackPointExtension>
            <gpxtpx:hr>157</gpxtpx:hr>
          </gpxtpx:TrackPointExtension>
        </extensions>
      </trkpt>
      <trkpt lat="37.849400128345955" lon="112.00861787590208">
        <ele>1186.0</ele>
        <time>2025-08-13T09:40:09Z</time>
        <extensions>
          <gpxtpx:TrackPointExtension>
            <gpxtpx:hr>159</gpxtpx:hr>
          </gpxtpx:TrackPointExtension>
        </extensions>
      </trkpt>
      <trkpt lat="37.84951363786244" lon="112.00879025788493">
        <ele>1185.5999755859375</ele>
        <time>2025-08-13T09:40:17Z</time>
        <extensions>
          <gpxtpx:TrackPointExtension>
            <gpxtpx:hr>161</gpxtpx:hr>
          </gpxtpx:TrackPointExtension>
        </extensions>
      </trkpt>
      <trkpt lat="37.84962312358782" lon="112.00897061291495">
        <ele>1185.4000244140625</ele>
        <time>2025-08-13T09:40:25Z</time>
        <extensions>
          <gpxtpx:TrackPointExtension>
            <gpxtpx:hr>161</gpxtpx:hr>
          </gpxtpx:TrackPointExtension>
        </extensions>
      </trkpt>
      <trkpt lat="37.84972666163332" lon="112.00913303195455">
        <ele>1184.800048828125</ele>
        <time>2025-08-13T09:40:33Z</time>
        <extensions>
          <gpxtpx:TrackPointExtension>
            <gpxtpx:hr>162</gpxtpx:hr>
          </gpxtpx:TrackPointExtension>
        </extensions>
      </trkpt>
      <trkpt lat="37.84980609920858" lon="112.0093283393405">
        <ele>1184.5999755859375</ele>
        <time>2025-08-13T09:40:41Z</time>
        <extensions>
          <gpxtpx:TrackPointExtension>
            <gpxtpx:hr>162</gpxtpx:hr>
          </gpxtpx:TrackPointExtension>
        </extensions>
      </trkpt>
      <trkpt lat="37.84985260225255" lon="112.0094997348383">
        <ele>1184.4000244140625</ele>
        <time>2025-08-13T09:40:48Z</time>
        <extensions>
          <gpxtpx:TrackPointExtension>
            <gpxtpx:hr>159</gpxtpx:hr>
          </gpxtpx:TrackPointExtension>
        </extensions>
      </trkpt>
      <trkpt lat="37.84987266194259" lon="112.00982061250889">
        <ele>1183.5999755859375</ele>
        <time>2025-08-13T09:41:00Z</time>
        <extensions>
          <gpxtpx:TrackPointExtension>
            <gpxtpx:hr>158</gpxtpx:hr>
          </gpxtpx:TrackPointExtension>
        </extensions>
      </trkpt>
      <trkpt lat="37.84986798216969" lon="112.01005180726858">
        <ele>1183.800048828125</ele>
        <time>2025-08-13T09:41:09Z</time>
        <extensions>
          <gpxtpx:TrackPointExtension>
            <gpxtpx:hr>158</gpxtpx:hr>
          </gpxtpx:TrackPointExtension>
        </extensions>
      </trkpt>
      <trkpt lat="37.84986724534324" lon="112.01030293316077">
        <ele>1183.199951171875</ele>
        <time>2025-08-13T09:41:19Z</time>
        <extensions>
          <gpxtpx:TrackPointExtension>
            <gpxtpx:hr>160</gpxtpx:hr>
          </gpxtpx:TrackPointExtension>
        </extensions>
      </trkpt>
      <trkpt lat="37.84985465045408" lon="112.01050523127246">
        <ele>1182.5999755859375</ele>
        <time>2025-08-13T09:41:27Z</time>
        <extensions>
          <gpxtpx:TrackPointExtension>
            <gpxtpx:hr>161</gpxtpx:hr>
          </gpxtpx:TrackPointExtension>
        </extensions>
      </trkpt>
      <trkpt lat="37.84982991127814" lon="112.0107563620826">
        <ele>1182.4000244140625</ele>
        <time>2025-08-13T09:41:36Z</time>
        <extensions>
          <gpxtpx:TrackPointExtension>
            <gpxtpx:hr>161</gpxtpx:hr>
          </gpxtpx:TrackPointExtension>
        </extensions>
      </trkpt>
      <trkpt lat="37.84980608289882" lon="112.01103838687725">
        <ele>1181.800048828125</ele>
        <time>2025-08-13T09:41:46Z</time>
        <extensions>
          <gpxtpx:TrackPointExtension>
            <gpxtpx:hr>161</gpxtpx:hr>
          </gpxtpx:TrackPointExtension>
        </extensions>
      </trkpt>
      <trkpt lat="37.84979566502391" lon="112.01118089447422">
        <ele>1181.5999755859375</ele>
        <time>2025-08-13T09:41:51Z</time>
        <extensions>
          <gpxtpx:TrackPointExtension>
            <gpxtpx:hr>162</gpxtpx:hr>
          </gpxtpx:TrackPointExtension>
        </extensions>
      </trkpt>
      <trkpt lat="37.84978210449969" lon="112.01137223389512">
        <ele>1181.4000244140625</ele>
        <time>2025-08-13T09:41:58Z</time>
        <extensions>
          <gpxtpx:TrackPointExtension>
            <gpxtpx:hr>161</gpxtpx:hr>
          </gpxtpx:TrackPointExtension>
        </extensions>
      </trkpt>
      <trkpt lat="37.849778441626675" lon="112.01159944887317">
        <ele>1181.4000244140625</ele>
        <time>2025-08-13T09:42:06Z</time>
        <extensions>
          <gpxtpx:TrackPointExtension>
            <gpxtpx:hr>163</gpxtpx:hr>
          </gpxtpx:TrackPointExtension>
        </extensions>
      </trkpt>
      <trkpt lat="37.84976457491504" lon="112.01189642541729">
        <ele>1180.5999755859375</ele>
        <time>2025-08-13T09:42:17Z</time>
        <extensions>
          <gpxtpx:TrackPointExtension>
            <gpxtpx:hr>164</gpxtpx:hr>
          </gpxtpx:TrackPointExtension>
        </extensions>
      </trkpt>
      <trkpt lat="37.849732752900216" lon="112.01217746073108">
        <ele>1180.4000244140625</ele>
        <time>2025-08-13T09:42:27Z</time>
        <extensions>
          <gpxtpx:TrackPointExtension>
            <gpxtpx:hr>166</gpxtpx:hr>
          </gpxtpx:TrackPointExtension>
        </extensions>
      </trkpt>
      <trkpt lat="37.849711066722705" lon="112.0124126540137">
        <ele>1179.800048828125</ele>
        <time>2025-08-13T09:42:35Z</time>
        <extensions>
          <gpxtpx:TrackPointExtension>
            <gpxtpx:hr>167</gpxtpx:hr>
          </gpxtpx:TrackPointExtension>
        </extensions>
      </trkpt>
      <trkpt lat="37.84970063159204" lon="112.0125621414438">
        <ele>1179.5999755859375</ele>
        <time>2025-08-13T09:42:40Z</time>
        <extensions>
          <gpxtpx:TrackPointExtension>
            <gpxtpx:hr>167</gpxtpx:hr>
          </gpxtpx:TrackPointExtension>
        </extensions>
      </trkpt>
      <trkpt lat="37.849688277309625" lon="112.01268372534815">
        <ele>1179.5999755859375</ele>
        <time>2025-08-13T09:42:44Z</time>
        <extensions>
          <gpxtpx:TrackPointExtension>
            <gpxtpx:hr>167</gpxtpx:hr>
          </gpxtpx:TrackPointExtension>
        </extensions>
      </trkpt>
      <trkpt lat="37.8496634800848" lon="112.01295778816521">
        <ele>1179.5999755859375</ele>
        <time>2025-08-13T09:42:54Z</time>
        <extensions>
          <gpxtpx:TrackPointExtension>
            <gpxtpx:hr>169</gpxtpx:hr>
          </gpxtpx:TrackPointExtension>
        </extensions>
      </trkpt>
      <trkpt lat="37.84964275380191" lon="112.01320793389176">
        <ele>1179.4000244140625</ele>
        <time>2025-08-13T09:43:03Z</time>
        <extensions>
          <gpxtpx:TrackPointExtension>
            <gpxtpx:hr>169</gpxtpx:hr>
          </gpxtpx:TrackPointExtension>
        </extensions>
      </trkpt>
      <trkpt lat="37.84962602631942" lon="112.0134590770359">
        <ele>1179.4000244140625</ele>
        <time>2025-08-13T09:43:12Z</time>
        <extensions>
          <gpxtpx:TrackPointExtension>
            <gpxtpx:hr>169</gpxtpx:hr>
          </gpxtpx:TrackPointExtension>
        </extensions>
      </trkpt>
      <trkpt lat="37.84960530208778" lon="112.01370922538595">
        <ele>1179.4000244140625</ele>
        <time>2025-08-13T09:43:21Z</time>
        <extensions>
          <gpxtpx:TrackPointExtension>
            <gpxtpx:hr>170</gpxtpx:hr>
          </gpxtpx:TrackPointExtension>
        </extensions>
      </trkpt>
      <trkpt lat="37.84958956252376" lon="112.01396535410287">
        <ele>1179.4000244140625</ele>
        <time>2025-08-13T09:43:30Z</time>
        <extensions>
          <gpxtpx:TrackPointExtension>
            <gpxtpx:hr>170</gpxtpx:hr>
          </gpxtpx:TrackPointExtension>
        </extensions>
      </trkpt>
      <trkpt lat="37.849571812290314" lon="112.01422547091678">
        <ele>1179.199951171875</ele>
        <time>2025-08-13T09:43:39Z</time>
        <extensions>
          <gpxtpx:TrackPointExtension>
            <gpxtpx:hr>171</gpxtpx:hr>
          </gpxtpx:TrackPointExtension>
        </extensions>
      </trkpt>
      <trkpt lat="37.84955632360706" lon="112.01439489692363">
        <ele>1178.800048828125</ele>
        <time>2025-08-13T09:43:45Z</time>
        <extensions>
          <gpxtpx:TrackPointExtension>
            <gpxtpx:hr>168</gpxtpx:hr>
          </gpxtpx:TrackPointExtension>
        </extensions>
      </trkpt>
      <trkpt lat="37.84954499316666" lon="112.01450950909349">
        <ele>1178.5999755859375</ele>
        <time>2025-08-13T09:43:49Z</time>
        <extensions>
          <gpxtpx:TrackPointExtension>
            <gpxtpx:hr>171</gpxtpx:hr>
          </gpxtpx:TrackPointExtension>
        </extensions>
      </trkpt>
      <trkpt lat="37.849507056722054" lon="112.01483441195693">
        <ele>1177.5999755859375</ele>
        <time>2025-08-13T09:44:00Z</time>
        <extensions>
          <gpxtpx:TrackPointExtension>
            <gpxtpx:hr>172</gpxtpx:hr>
          </gpxtpx:TrackPointExtension>
        </extensions>
      </trkpt>
      <trkpt lat="37.84949774743083" lon="112.0149420486181">
        <ele>1177.5999755859375</ele>
        <time>2025-08-13T09:44:04Z</time>
        <extensions>
          <gpxtpx:TrackPointExtension>
            <gpxtpx:hr>168</gpxtpx:hr>
          </gpxtpx:TrackPointExtension>
        </extensions>
      </trkpt>
      <trkpt lat="37.84949343062315" lon="112.01505267482956">
        <ele>1177.800048828125</ele>
        <time>2025-08-13T09:44:08Z</time>
        <extensions>
          <gpxtpx:TrackPointExtension>
            <gpxtpx:hr>169</gpxtpx:hr>
          </gpxtpx:TrackPointExtension>
        </extensions>
      </trkpt>
      <trkpt lat="37.84946971274647" lon="112.01530283228897">
        <ele>1177.4000244140625</ele>
        <time>2025-08-13T09:44:17Z</time>
        <extensions>
          <gpxtpx:TrackPointExtension>
            <gpxtpx:hr>170</gpxtpx:hr>
          </gpxtpx:TrackPointExtension>
        </extensions>
      </trkpt>
      <trkpt lat="37.84944000635771" lon="112.01554900533354">
        <ele>1177.800048828125</ele>
        <time>2025-08-13T09:44:26Z</time>
        <extensions>
          <gpxtpx:TrackPointExtension>
            <gpxtpx:hr>171</gpxtpx:hr>
          </gpxtpx:TrackPointExtension>
        </extensions>
      </trkpt>
      <trkpt lat="37.84940327157743" lon="112.01580514708151">
        <ele>1177.5999755859375</ele>
        <time>2025-08-13T09:44:35Z</time>
        <extensions>
          <gpxtpx:TrackPointExtension>
            <gpxtpx:hr>172</gpxtpx:hr>
          </gpxtpx:TrackPointExtension>
        </extensions>
      </trkpt>
      <trkpt lat="37.84936952434462" lon="112.01606627326521">
        <ele>1177.4000244140625</ele>
        <time>2025-08-13T09:44:44Z</time>
        <extensions>
          <gpxtpx:TrackPointExtension>
            <gpxtpx:hr>172</gpxtpx:hr>
          </gpxtpx:TrackPointExtension>
        </extensions>
      </trkpt>
      <trkpt lat="37.84933968866665" lon="112.01635929367752">
        <ele>1176.800048828125</ele>
        <time>2025-08-13T09:44:55Z</time>
        <extensions>
          <gpxtpx:TrackPointExtension>
            <gpxtpx:hr>172</gpxtpx:hr>
          </gpxtpx:TrackPointExtension>
        </extensions>
      </trkpt>
      <trkpt lat="37.849310913942084" lon="112.01663138602349">
        <ele>1176.800048828125</ele>
        <time>2025-08-13T09:45:04Z</time>
        <extensions>
          <gpxtpx:TrackPointExtension>
            <gpxtpx:hr>172</gpxtpx:hr>
          </gpxtpx:TrackPointExtension>
        </extensions>
      </trkpt>
      <trkpt lat="37.84929857389653" lon="112.01675098758196">
        <ele>1176.5999755859375</ele>
        <time>2025-08-13T09:45:08Z</time>
        <extensions>
          <gpxtpx:TrackPointExtension>
            <gpxtpx:hr>172</gpxtpx:hr>
          </gpxtpx:TrackPointExtension>
        </extensions>
      </trkpt>
      <trkpt lat="37.84926790207275" lon="112.01698720243535">
        <ele>1176.5999755859375</ele>
        <time>2025-08-13T09:45:17Z</time>
        <extensions>
          <gpxtpx:TrackPointExtension>
            <gpxtpx:hr>173</gpxtpx:hr>
          </gpxtpx:TrackPointExtension>
        </extensions>
      </trkpt>
      <trkpt lat="37.84923109000262" lon="112.01727325343604">
        <ele>1176.4000244140625</ele>
        <time>2025-08-13T09:45:27Z</time>
        <extensions>
          <gpxtpx:TrackPointExtension>
            <gpxtpx:hr>176</gpxtpx:hr>
          </gpxtpx:TrackPointExtension>
        </extensions>
      </trkpt>
      <trkpt lat="37.84920138150389" lon="112.01752342483655">
        <ele>1176.0</ele>
        <time>2025-08-13T09:45:36Z</time>
        <extensions>
          <gpxtpx:TrackPointExtension>
            <gpxtpx:hr>176</gpxtpx:hr>
          </gpxtpx:TrackPointExtension>
        </extensions>
      </trkpt>
      <trkpt lat="37.849162580484766" lon="112.01780648980593">
        <ele>1176.199951171875</ele>
        <time>2025-08-13T09:45:46Z</time>
        <extensions>
          <gpxtpx:TrackPointExtension>
            <gpxtpx:hr>173</gpxtpx:hr>
          </gpxtpx:TrackPointExtension>
        </extensions>
      </trkpt>
      <trkpt lat="37.84914192911995" lon="112.01803772615553">
        <ele>1175.5999755859375</ele>
        <time>2025-08-13T09:45:54Z</time>
        <extensions>
          <gpxtpx:TrackPointExtension>
            <gpxtpx:hr>171</gpxtpx:hr>
          </gpxtpx:TrackPointExtension>
        </extensions>
      </trkpt>
      <trkpt lat="37.849126296363515" lon="112.01826298302693">
        <ele>1175.4000244140625</ele>
        <time>2025-08-13T09:46:02Z</time>
        <extensions>
          <gpxtpx:TrackPointExtension>
            <gpxtpx:hr>170</gpxtpx:hr>
          </gpxtpx:TrackPointExtension>
        </extensions>
      </trkpt>
      <trkpt lat="37.84911078706254" lon="112.01844438587518">
        <ele>1175.5999755859375</ele>
        <time>2025-08-13T09:46:09Z</time>
        <extensions>
          <gpxtpx:TrackPointExtension>
            <gpxtpx:hr>172</gpxtpx:hr>
          </gpxtpx:TrackPointExtension>
        </extensions>
      </trkpt>
      <trkpt lat="37.84910645259073" lon="112.01856399190775">
        <ele>1175.5999755859375</ele>
        <time>2025-08-13T09:46:13Z</time>
        <extensions>
          <gpxtpx:TrackPointExtension>
            <gpxtpx:hr>171</gpxtpx:hr>
          </gpxtpx:TrackPointExtension>
        </extensions>
      </trkpt>
      <trkpt lat="37.849088810804986" lon="112.0187932389622">
        <ele>1174.800048828125</ele>
        <time>2025-08-13T09:46:20Z</time>
        <extensions>
          <gpxtpx:TrackPointExtension>
            <gpxtpx:hr>173</gpxtpx:hr>
          </gpxtpx:TrackPointExtension>
        </extensions>
      </trkpt>
      <trkpt lat="37.84907894147317" lon="112.01910521481955">
        <ele>1174.800048828125</ele>
        <time>2025-08-13T09:46:30Z</time>
        <extensions>
          <gpxtpx:TrackPointExtension>
            <gpxtpx:hr>175</gpxtpx:hr>
          </gpxtpx:TrackPointExtension>
        </extensions>
      </trkpt>
      <trkpt lat="37.849065034828484" lon="112.01943114805272">
        <ele>1174.5999755859375</ele>
        <time>2025-08-13T09:46:41Z</time>
        <extensions>
          <gpxtpx:TrackPointExtension>
            <gpxtpx:hr>176</gpxtpx:hr>
          </gpxtpx:TrackPointExtension>
        </extensions>
      </trkpt>
      <trkpt lat="37.84907367457127" lon="112.01956171978594">
        <ele>1174.4000244140625</ele>
        <time>2025-08-13T09:46:45Z</time>
        <extensions>
          <gpxtpx:TrackPointExtension>
            <gpxtpx:hr>176</gpxtpx:hr>
          </gpxtpx:TrackPointExtension>
        </extensions>
      </trkpt>
      <trkpt lat="37.84907100419701" lon="112.01980392882535">
        <ele>1174.0</ele>
        <time>2025-08-13T09:46:53Z</time>
        <extensions>
          <gpxtpx:TrackPointExtension>
            <gpxtpx:hr>175</gpxtpx:hr>
          </gpxtpx:TrackPointExtension>
        </extensions>
      </trkpt>
      <trkpt lat="37.84904840879175" lon="112.0200182327574">
        <ele>1174.0</ele>
        <time>2025-08-13T09:47:00Z</time>
        <extensions>
          <gpxtpx:TrackPointExtension>
            <gpxtpx:hr>178</gpxtpx:hr>
          </gpxtpx:TrackPointExtension>
        </extensions>
      </trkpt>
      <trkpt lat="37.849066760696246" lon="112.02025446173039">
        <ele>1173.800048828125</ele>
        <time>2025-08-13T09:47:08Z</time>
        <extensions>
          <gpxtpx:TrackPointExtension>
            <gpxtpx:hr>178</gpxtpx:hr>
          </gpxtpx:TrackPointExtension>
        </extensions>
      </trkpt>
      <trkpt lat="37.84903608933304" lon="112.02049667871573">
        <ele>1173.4000244140625</ele>
        <time>2025-08-13T09:47:15Z</time>
        <extensions>
          <gpxtpx:TrackPointExtension>
            <gpxtpx:hr>178</gpxtpx:hr>
          </gpxtpx:TrackPointExtension>
        </extensions>
      </trkpt>
      <trkpt lat="37.84906545370132" lon="112.02072991917618">
        <ele>1173.4000244140625</ele>
        <time>2025-08-13T09:47:22Z</time>
        <extensions>
          <gpxtpx:TrackPointExtension>
            <gpxtpx:hr>178</gpxtpx:hr>
          </gpxtpx:TrackPointExtension>
        </extensions>
      </trkpt>
      <trkpt lat="37.84907112119652" lon="112.02085152493655">
        <ele>1173.4000244140625</ele>
        <time>2025-08-13T09:47:26Z</time>
        <extensions>
          <gpxtpx:TrackPointExtension>
            <gpxtpx:hr>179</gpxtpx:hr>
          </gpxtpx:TrackPointExtension>
        </extensions>
      </trkpt>
      <trkpt lat="37.8490687931653" lon="112.02097113851325">
        <ele>1173.0</ele>
        <time>2025-08-13T09:47:30Z</time>
        <extensions>
          <gpxtpx:TrackPointExtension>
            <gpxtpx:hr>179</gpxtpx:hr>
          </gpxtpx:TrackPointExtension>
        </extensions>
      </trkpt>
      <trkpt lat="37.84907413424699" lon="112.0212123592515">
        <ele>1172.4000244140625</ele>
        <time>2025-08-13T09:47:38Z</time>
        <extensions>
          <gpxtpx:TrackPointExtension>
            <gpxtpx:hr>179</gpxtpx:hr>
          </gpxtpx:TrackPointExtension>
        </extensions>
      </trkpt>
      <trkpt lat="37.84907079612632" lon="112.02133596132944">
        <ele>1172.4000244140625</ele>
        <time>2025-08-13T09:47:42Z</time>
        <extensions>
          <gpxtpx:TrackPointExtension>
            <gpxtpx:hr>178</gpxtpx:hr>
          </gpxtpx:TrackPointExtension>
        </extensions>
      </trkpt>
      <trkpt lat="37.84905902233735" lon="112.02161905210107">
        <ele>1172.199951171875</ele>
        <time>2025-08-13T09:47:51Z</time>
        <extensions>
          <gpxtpx:TrackPointExtension>
            <gpxtpx:hr>180</gpxtpx:hr>
          </gpxtpx:TrackPointExtension>
        </extensions>
      </trkpt>
      <trkpt lat="37.84905325405524" lon="112.02190114765482">
        <ele>1171.800048828125</ele>
        <time>2025-08-13T09:48:00Z</time>
        <extensions>
          <gpxtpx:TrackPointExtension>
            <gpxtpx:hr>179</gpxtpx:hr>
          </gpxtpx:TrackPointExtension>
        </extensions>
      </trkpt>
      <trkpt lat="37.84905661069018" lon="112.02213838782949">
        <ele>1172.199951171875</ele>
        <time>2025-08-13T09:48:08Z</time>
        <extensions>
          <gpxtpx:TrackPointExtension>
            <gpxtpx:hr>179</gpxtpx:hr>
          </gpxtpx:TrackPointExtension>
        </extensions>
      </trkpt>
      <trkpt lat="37.84905397303222" lon="112.02237363673237">
        <ele>1171.4000244140625</ele>
        <time>2025-08-13T09:48:16Z</time>
        <extensions>
          <gpxtpx:TrackPointExtension>
            <gpxtpx:hr>180</gpxtpx:hr>
          </gpxtpx:TrackPointExtension>
        </extensions>
      </trkpt>
      <trkpt lat="37.84905541540218" lon="112.02257997882342">
        <ele>1171.4000244140625</ele>
        <time>2025-08-13T09:48:23Z</time>
        <extensions>
          <gpxtpx:TrackPointExtension>
            <gpxtpx:hr>180</gpxtpx:hr>
          </gpxtpx:TrackPointExtension>
        </extensions>
      </trkpt>
      <trkpt lat="37.84905165370694" lon="112.02286208209784">
        <ele>1171.199951171875</ele>
        <time>2025-08-13T09:48:32Z</time>
        <extensions>
          <gpxtpx:TrackPointExtension>
            <gpxtpx:hr>180</gpxtpx:hr>
          </gpxtpx:TrackPointExtension>
        </extensions>
      </trkpt>
      <trkpt lat="37.84906139755412" lon="112.02295777712526">
        <ele>1171.0</ele>
        <time>2025-08-13T09:48:36Z</time>
        <extensions>
          <gpxtpx:TrackPointExtension>
            <gpxtpx:hr>182</gpxtpx:hr>
          </gpxtpx:TrackPointExtension>
        </extensions>
      </trkpt>
      <trkpt lat="37.84906178632801" lon="112.02318505665022">
        <ele>1171.0</ele>
        <time>2025-08-13T09:48:44Z</time>
        <extensions>
          <gpxtpx:TrackPointExtension>
            <gpxtpx:hr>181</gpxtpx:hr>
          </gpxtpx:TrackPointExtension>
        </extensions>
      </trkpt>
      <trkpt lat="37.84903707332892" lon="112.02344922424031">
        <ele>1171.4000244140625</ele>
        <time>2025-08-13T09:48:53Z</time>
        <extensions>
          <gpxtpx:TrackPointExtension>
            <gpxtpx:hr>178</gpxtpx:hr>
          </gpxtpx:TrackPointExtension>
        </extensions>
      </trkpt>
      <trkpt lat="37.84899656474965" lon="112.02363663774794">
        <ele>1171.199951171875</ele>
        <time>2025-08-13T09:48:59Z</time>
        <extensions>
          <gpxtpx:TrackPointExtension>
            <gpxtpx:hr>175</gpxtpx:hr>
          </gpxtpx:TrackPointExtension>
        </extensions>
      </trkpt>
      <trkpt lat="37.84898327727131" lon="112.0237433032536">
        <ele>1171.4000244140625</ele>
        <time>2025-08-13T09:49:03Z</time>
        <extensions>
          <gpxtpx:TrackPointExtension>
            <gpxtpx:hr>180</gpxtpx:hr>
          </gpxtpx:TrackPointExtension>
        </extensions>
      </trkpt>
      <trkpt lat="37.84897466884881" lon="112.02397058930026">
        <ele>1171.0</ele>
        <time>2025-08-13T09:49:11Z</time>
        <extensions>
          <gpxtpx:TrackPointExtension>
            <gpxtpx:hr>179</gpxtpx:hr>
          </gpxtpx:TrackPointExtension>
        </extensions>
      </trkpt>
      <trkpt lat="37.84893927500687" lon="112.02411613654718">
        <ele>1171.199951171875</ele>
        <time>2025-08-13T09:49:16Z</time>
        <extensions>
          <gpxtpx:TrackPointExtension>
            <gpxtpx:hr>179</gpxtpx:hr>
          </gpxtpx:TrackPointExtension>
        </extensions>
      </trkpt>
      <trkpt lat="37.848934799230875" lon="112.02429457768318">
        <ele>1171.0</ele>
        <time>2025-08-13T09:49:21Z</time>
        <extensions>
          <gpxtpx:TrackPointExtension>
            <gpxtpx:hr>180</gpxtpx:hr>
          </gpxtpx:TrackPointExtension>
        </extensions>
      </trkpt>
      <trkpt lat="37.848970254019484" lon="112.02450192464184">
        <ele>1171.0</ele>
        <time>2025-08-13T09:49:29Z</time>
        <extensions>
          <gpxtpx:TrackPointExtension>
            <gpxtpx:hr>181</gpxtpx:hr>
          </gpxtpx:TrackPointExtension>
        </extensions>
      </trkpt>
      <trkpt lat="37.848955749232324" lon="112.024691334926">
        <ele>1170.800048828125</ele>
        <time>2025-08-13T09:49:36Z</time>
        <extensions>
          <gpxtpx:TrackPointExtension>
            <gpxtpx:hr>180</gpxtpx:hr>
          </gpxtpx:TrackPointExtension>
        </extensions>
      </trkpt>
      <trkpt lat="37.84896525982133" lon="112.02487675587359">
        <ele>1171.199951171875</ele>
        <time>2025-08-13T09:49:42Z</time>
        <extensions>
          <gpxtpx:TrackPointExtension>
            <gpxtpx:hr>181</gpxtpx:hr>
          </gpxtpx:TrackPointExtension>
        </extensions>
      </trkpt>
      <trkpt lat="37.84895865281253" lon="112.02510604355675">
        <ele>1170.5999755859375</ele>
        <time>2025-08-13T09:49:49Z</time>
        <extensions>
          <gpxtpx:TrackPointExtension>
            <gpxtpx:hr>180</gpxtpx:hr>
          </gpxtpx:TrackPointExtension>
        </extensions>
      </trkpt>
      <trkpt lat="37.848961316609724" lon="112.0252336471014">
        <ele>1170.199951171875</ele>
        <time>2025-08-13T09:49:53Z</time>
        <extensions>
          <gpxtpx:TrackPointExtension>
            <gpxtpx:hr>181</gpxtpx:hr>
          </gpxtpx:TrackPointExtension>
        </extensions>
      </trkpt>
      <trkpt lat="37.8489420139722" lon="112.02534729705208">
        <ele>1170.199951171875</ele>
        <time>2025-08-13T09:49:57Z</time>
        <extensions>
          <gpxtpx:TrackPointExtension>
            <gpxtpx:hr>178</gpxtpx:hr>
          </gpxtpx:TrackPointExtension>
        </extensions>
      </trkpt>
      <trkpt lat="37.848925502386685" lon="112.02554070034624">
        <ele>1170.0</ele>
        <time>2025-08-13T09:50:04Z</time>
        <extensions>
          <gpxtpx:TrackPointExtension>
            <gpxtpx:hr>181</gpxtpx:hr>
          </gpxtpx:TrackPointExtension>
        </extensions>
      </trkpt>
      <trkpt lat="37.848926861311874" lon="112.02578494583287">
        <ele>1169.5999755859375</ele>
        <time>2025-08-13T09:50:12Z</time>
        <extensions>
          <gpxtpx:TrackPointExtension>
            <gpxtpx:hr>182</gpxtpx:hr>
          </gpxtpx:TrackPointExtension>
        </extensions>
      </trkpt>
      <trkpt lat="37.84891238353475" lon="112.02596638845381">
        <ele>1169.800048828125</ele>
        <time>2025-08-13T09:50:18Z</time>
        <extensions>
          <gpxtpx:TrackPointExtension>
            <gpxtpx:hr>181</gpxtpx:hr>
          </gpxtpx:TrackPointExtension>
        </extensions>
      </trkpt>
      <trkpt lat="37.8488779867178" lon="112.02611593258428">
        <ele>1169.5999755859375</ele>
        <time>2025-08-13T09:50:23Z</time>
        <extensions>
          <gpxtpx:TrackPointExtension>
            <gpxtpx:hr>181</gpxtpx:hr>
          </gpxtpx:TrackPointExtension>
        </extensions>
      </trkpt>
      <trkpt lat="37.8488843448751" lon="112.02636217594717">
        <ele>1169.199951171875</ele>
        <time>2025-08-13T09:50:31Z</time>
        <extensions>
          <gpxtpx:TrackPointExtension>
            <gpxtpx:hr>181</gpxtpx:hr>
          </gpxtpx:TrackPointExtension>
        </extensions>
      </trkpt>
      <trkpt lat="37.84889806132452" lon="112.02647183831836">
        <ele>1168.800048828125</ele>
        <time>2025-08-13T09:50:37Z</time>
        <extensions>
          <gpxtpx:TrackPointExtension>
            <gpxtpx:hr>181</gpxtpx:hr>
          </gpxtpx:TrackPointExtension>
        </extensions>
      </trkpt>
      <trkpt lat="37.84888896636829" lon="112.02650772954105">
        <ele>1168.5999755859375</ele>
        <time>2025-08-13T09:50:43Z</time>
        <extensions>
          <gpxtpx:TrackPointExtension>
            <gpxtpx:hr>179</gpxtpx:hr>
          </gpxtpx:TrackPointExtension>
        </extensions>
      </trkpt>
      <trkpt lat="37.84886787986062" lon="112.02653963444904">
        <ele>1168.4000244140625</ele>
        <time>2025-08-13T09:50:47Z</time>
        <extensions>
          <gpxtpx:TrackPointExtension>
            <gpxtpx:hr>178</gpxtpx:hr>
          </gpxtpx:TrackPointExtension>
        </extensions>
      </trkpt>
      <trkpt lat="37.848798860768774" lon="112.02654263359544">
        <ele>1168.5999755859375</ele>
        <time>2025-08-13T09:50:54Z</time>
        <extensions>
          <gpxtpx:TrackPointExtension>
            <gpxtpx:hr>173</gpxtpx:hr>
          </gpxtpx:TrackPointExtension>
        </extensions>
      </trkpt>
      <trkpt lat="37.8487308548205" lon="112.02654064787131">
        <ele>1168.5999755859375</ele>
        <time>2025-08-13T09:51:01Z</time>
        <extensions>
          <gpxtpx:TrackPointExtension>
            <gpxtpx:hr>169</gpxtpx:hr>
          </gpxtpx:TrackPointExtension>
        </extensions>
      </trkpt>
      <trkpt lat="37.84869091056604" lon="112.02651672588928">
        <ele>1169.0</ele>
        <time>2025-08-13T09:51:05Z</time>
        <extensions>
          <gpxtpx:TrackPointExtension>
            <gpxtpx:hr>165</gpxtpx:hr>
          </gpxtpx:TrackPointExtension>
        </extensions>
      </trkpt>
      <trkpt lat="37.848573925160395" lon="112.0265037796191">
        <ele>1168.800048828125</ele>
        <time>2025-08-13T09:51:14Z</time>
        <extensions>
          <gpxtpx:TrackPointExtension>
            <gpxtpx:hr>158</gpxtpx:hr>
          </gpxtpx:TrackPointExtension>
        </extensions>
      </trkpt>
      <trkpt lat="37.8485018977989" lon="112.02650976996941">
        <ele>1168.800048828125</ele>
        <time>2025-08-13T09:51:20Z</time>
        <extensions>
          <gpxtpx:TrackPointExtension>
            <gpxtpx:hr>155</gpxtpx:hr>
          </gpxtpx:TrackPointExtension>
        </extensions>
      </trkpt>
      <trkpt lat="37.84842590094139" lon="112.0265037974135">
        <ele>1169.0</ele>
        <time>2025-08-13T09:51:28Z</time>
        <extensions>
          <gpxtpx:TrackPointExtension>
            <gpxtpx:hr>152</gpxtpx:hr>
          </gpxtpx:TrackPointExtension>
        </extensions>
      </trkpt>
      <trkpt lat="37.848285927379315" lon="112.02648487222397">
        <ele>1169.199951171875</ele>
        <time>2025-08-13T09:51:40Z</time>
        <extensions>
          <gpxtpx:TrackPointExtension>
            <gpxtpx:hr>149</gpxtpx:hr>
          </gpxtpx:TrackPointExtension>
        </extensions>
      </trkpt>
      <trkpt lat="37.848224930391034" lon="112.02647989481736">
        <ele>1169.199951171875</ele>
        <time>2025-08-13T09:51:46Z</time>
        <extensions>
          <gpxtpx:TrackPointExtension>
            <gpxtpx:hr>145</gpxtpx:hr>
          </gpxtpx:TrackPointExtension>
        </extensions>
      </trkpt>
      <trkpt lat="37.84815596586267" lon="112.0264619580536">
        <ele>1169.800048828125</ele>
        <time>2025-08-13T09:51:52Z</time>
        <extensions>
          <gpxtpx:TrackPointExtension>
            <gpxtpx:hr>146</gpxtpx:hr>
          </gpxtpx:TrackPointExtension>
        </extensions>
      </trkpt>
      <trkpt lat="37.84808797293383" lon="112.02645498759773">
        <ele>1169.800048828125</ele>
        <time>2025-08-13T09:51:57Z</time>
        <extensions>
          <gpxtpx:TrackPointExtension>
            <gpxtpx:hr>146</gpxtpx:hr>
          </gpxtpx:TrackPointExtension>
        </extensions>
      </trkpt>
      <trkpt lat="37.848006959701934" lon="112.02645499733619">
        <ele>1169.800048828125</ele>
        <time>2025-08-13T09:52:04Z</time>
        <extensions>
          <gpxtpx:TrackPointExtension>
            <gpxtpx:hr>146</gpxtpx:hr>
          </gpxtpx:TrackPointExtension>
        </extensions>
      </trkpt>
      <trkpt lat="37.84788887550118" lon="112.0264799352143">
        <ele>1170.0</ele>
        <time>2025-08-13T09:52:14Z</time>
        <extensions>
          <gpxtpx:TrackPointExtension>
            <gpxtpx:hr>145</gpxtpx:hr>
          </gpxtpx:TrackPointExtension>
        </extensions>
      </trkpt>
      <trkpt lat="37.84781776005392" lon="112.02651982169947">
        <ele>1170.199951171875</ele>
        <time>2025-08-13T09:52:20Z</time>
        <extensions>
          <gpxtpx:TrackPointExtension>
            <gpxtpx:hr>142</gpxtpx:hr>
          </gpxtpx:TrackPointExtension>
        </extensions>
      </trkpt>
      <trkpt lat="37.84778565361026" lon="112.02655870659788">
        <ele>1170.199951171875</ele>
        <time>2025-08-13T09:52:24Z</time>
        <extensions>
          <gpxtpx:TrackPointExtension>
            <gpxtpx:hr>141</gpxtpx:hr>
          </gpxtpx:TrackPointExtension>
        </extensions>
      </trkpt>
      <trkpt lat="37.84768320916205" lon="112.02672321617239">
        <ele>1170.199951171875</ele>
        <time>2025-08-13T09:52:36Z</time>
        <extensions>
          <gpxtpx:TrackPointExtension>
            <gpxtpx:hr>140</gpxtpx:hr>
          </gpxtpx:TrackPointExtension>
        </extensions>
      </trkpt>
      <trkpt lat="37.84763889388686" lon="112.02684185947714">
        <ele>1170.199951171875</ele>
        <time>2025-08-13T09:52:44Z</time>
        <extensions>
          <gpxtpx:TrackPointExtension>
            <gpxtpx:hr>141</gpxtpx:hr>
          </gpxtpx:TrackPointExtension>
        </extensions>
      </trkpt>
      <trkpt lat="37.847584691091186" lon="112.02691663806978">
        <ele>1170.199951171875</ele>
        <time>2025-08-13T09:52:50Z</time>
        <extensions>
          <gpxtpx:TrackPointExtension>
            <gpxtpx:hr>140</gpxtpx:hr>
          </gpxtpx:TrackPointExtension>
        </extensions>
      </trkpt>
      <trkpt lat="37.84755955777051" lon="112.02696648924633">
        <ele>1170.199951171875</ele>
        <time>2025-08-13T09:52:55Z</time>
        <extensions>
          <gpxtpx:TrackPointExtension>
            <gpxtpx:hr>140</gpxtpx:hr>
          </gpxtpx:TrackPointExtension>
        </extensions>
      </trkpt>
      <trkpt lat="37.847551220738445" lon="112.02709609584173">
        <ele>1170.199951171875</ele>
        <time>2025-08-13T09:53:03Z</time>
        <extensions>
          <gpxtpx:TrackPointExtension>
            <gpxtpx:hr>139</gpxtpx:hr>
          </gpxtpx:TrackPointExtension>
        </extensions>
      </trkpt>
      <trkpt lat="37.847532093792175" lon="112.02714395265704">
        <ele>1170.199951171875</ele>
        <time>2025-08-13T09:53:07Z</time>
        <extensions>
          <gpxtpx:TrackPointExtension>
            <gpxtpx:hr>137</gpxtpx:hr>
          </gpxtpx:TrackPointExtension>
        </extensions>
      </trkpt>
      <trkpt lat="37.8475389917727" lon="112.02718383064963">
        <ele>1170.199951171875</ele>
        <time>2025-08-13T09:53:12Z</time>
        <extensions>
          <gpxtpx:TrackPointExtension>
            <gpxtpx:hr>136</gpxtpx:hr>
          </gpxtpx:TrackPointExtension>
        </extensions>
      </trkpt>
      <trkpt lat="37.8475278224333" lon="112.02724863519269">
        <ele>1170.0</ele>
        <time>2025-08-13T09:53:16Z</time>
        <extensions>
          <gpxtpx:TrackPointExtension>
            <gpxtpx:hr>135</gpxtpx:hr>
          </gpxtpx:TrackPointExtension>
        </extensions>
      </trkpt>
      <trkpt lat="37.84753763860458" lon="112.02732041618427">
        <ele>1169.800048828125</ele>
        <time>2025-08-13T09:53:23Z</time>
        <extensions>
          <gpxtpx:TrackPointExtension>
            <gpxtpx:hr>135</gpxtpx:hr>
          </gpxtpx:TrackPointExtension>
        </extensions>
      </trkpt>
      <trkpt lat="37.84750233696438" lon="112.02743507287101">
        <ele>1170.0</ele>
        <time>2025-08-13T09:53:30Z</time>
        <extensions>
          <gpxtpx:TrackPointExtension>
            <gpxtpx:hr>136</gpxtpx:hr>
          </gpxtpx:TrackPointExtension>
        </extensions>
      </trkpt>
      <trkpt lat="37.84750318029609" lon="112.02749588859376">
        <ele>1170.0</ele>
        <time>2025-08-13T09:53:36Z</time>
        <extensions>
          <gpxtpx:TrackPointExtension>
            <gpxtpx:hr>137</gpxtpx:hr>
          </gpxtpx:TrackPointExtension>
        </extensions>
      </trkpt>
      <trkpt lat="37.847499992253844" lon="112.02756866873523">
        <ele>1169.800048828125</ele>
        <time>2025-08-13T09:53:42Z</time>
        <extensions>
          <gpxtpx:TrackPointExtension>
            <gpxtpx:hr>135</gpxtpx:hr>
          </gpxtpx:TrackPointExtension>
        </extensions>
      </trkpt>
      <trkpt lat="37.847481812174024" lon="112.02763746291343">
        <ele>1170.0</ele>
        <time>2025-08-13T09:53:48Z</time>
        <extensions>
          <gpxtpx:TrackPointExtension>
            <gpxtpx:hr>131</gpxtpx:hr>
          </gpxtpx:TrackPointExtension>
        </extensions>
      </trkpt>
      <trkpt lat="37.84747649076685" lon="112.02776208713863">
        <ele>1170.0</ele>
        <time>2025-08-13T09:53:57Z</time>
        <extensions>
          <gpxtpx:TrackPointExtension>
            <gpxtpx:hr>129</gpxtpx:hr>
          </gpxtpx:TrackPointExtension>
        </extensions>
      </trkpt>
      <trkpt lat="37.8474683536581" lon="112.02781492867769">
        <ele>1170.0</ele>
        <time>2025-08-13T09:54:01Z</time>
        <extensions>
          <gpxtpx:TrackPointExtension>
            <gpxtpx:hr>124</gpxtpx:hr>
          </gpxtpx:TrackPointExtension>
        </extensions>
      </trkpt>
      <trkpt lat="37.847484202615725" lon="112.0278747463895">
        <ele>1169.800048828125</ele>
        <time>2025-08-13T09:54:07Z</time>
        <extensions>
          <gpxtpx:TrackPointExtension>
            <gpxtpx:hr>124</gpxtpx:hr>
          </gpxtpx:TrackPointExtension>
        </extensions>
      </trkpt>
      <trkpt lat="37.84744806622131" lon="112.02792559750723">
        <ele>1169.800048828125</ele>
        <time>2025-08-13T09:54:11Z</time>
        <extensions>
          <gpxtpx:TrackPointExtension>
            <gpxtpx:hr>130</gpxtpx:hr>
          </gpxtpx:TrackPointExtension>
        </extensions>
      </trkpt>
      <trkpt lat="37.84740788066222" lon="112.02799539217173">
        <ele>1169.800048828125</ele>
        <time>2025-08-13T09:54:15Z</time>
        <extensions>
          <gpxtpx:TrackPointExtension>
            <gpxtpx:hr>133</gpxtpx:hr>
          </gpxtpx:TrackPointExtension>
        </extensions>
      </trkpt>
      <trkpt lat="37.84733547550735" lon="112.02814893910006">
        <ele>1169.5999755859375</ele>
        <time>2025-08-13T09:54:22Z</time>
        <extensions>
          <gpxtpx:TrackPointExtension>
            <gpxtpx:hr>133</gpxtpx:hr>
          </gpxtpx:TrackPointExtension>
        </extensions>
      </trkpt>
      <trkpt lat="37.84730127349734" lon="112.0282257126291">
        <ele>1169.4000244140625</ele>
        <time>2025-08-13T09:54:28Z</time>
        <extensions>
          <gpxtpx:TrackPointExtension>
            <gpxtpx:hr>133</gpxtpx:hr>
          </gpxtpx:TrackPointExtension>
        </extensions>
      </trkpt>
      <trkpt lat="37.84725203098219" lon="112.02831744331586">
        <ele>1169.800048828125</ele>
        <time>2025-08-13T09:54:35Z</time>
        <extensions>
          <gpxtpx:TrackPointExtension>
            <gpxtpx:hr>134</gpxtpx:hr>
          </gpxtpx:TrackPointExtension>
        </extensions>
      </trkpt>
      <trkpt lat="37.847253853011765" lon="112.02838723387337">
        <ele>1169.5999755859375</ele>
        <time>2025-08-13T09:54:41Z</time>
        <extensions>
          <gpxtpx:TrackPointExtension>
            <gpxtpx:hr>137</gpxtpx:hr>
          </gpxtpx:TrackPointExtension>
        </extensions>
      </trkpt>
      <trkpt lat="37.84726175503603" lon="112.02842611642897">
        <ele>1169.199951171875</ele>
        <time>2025-08-13T09:54:45Z</time>
        <extensions>
          <gpxtpx:TrackPointExtension>
            <gpxtpx:hr>136</gpxtpx:hr>
          </gpxtpx:TrackPointExtension>
        </extensions>
      </trkpt>
      <trkpt lat="37.84728138700316" lon="112.02857167842924">
        <ele>1170.0</ele>
        <time>2025-08-13T09:54:53Z</time>
        <extensions>
          <gpxtpx:TrackPointExtension>
            <gpxtpx:hr>134</gpxtpx:hr>
          </gpxtpx:TrackPointExtension>
        </extensions>
      </trkpt>
      <trkpt lat="37.84728407514453" lon="112.02869431166931">
        <ele>1169.199951171875</ele>
        <time>2025-08-13T09:55:00Z</time>
        <extensions>
          <gpxtpx:TrackPointExtension>
            <gpxtpx:hr>134</gpxtpx:hr>
          </gpxtpx:TrackPointExtension>
        </extensions>
      </trkpt>
      <trkpt lat="37.84730583269777" lon="112.02879102044453">
        <ele>1169.199951171875</ele>
        <time>2025-08-13T09:55:08Z</time>
        <extensions>
          <gpxtpx:TrackPointExtension>
            <gpxtpx:hr>134</gpxtpx:hr>
          </gpxtpx:TrackPointExtension>
        </extensions>
      </trkpt>
      <trkpt lat="37.84731850802124" lon="112.02891963560998">
        <ele>1169.0</ele>
        <time>2025-08-13T09:55:16Z</time>
        <extensions>
          <gpxtpx:TrackPointExtension>
            <gpxtpx:hr>135</gpxtpx:hr>
          </gpxtpx:TrackPointExtension>
        </extensions>
      </trkpt>
      <trkpt lat="37.8473383569084" lon="112.02898045216959">
        <ele>1169.0</ele>
        <time>2025-08-13T09:55:22Z</time>
        <extensions>
          <gpxtpx:TrackPointExtension>
            <gpxtpx:hr>136</gpxtpx:hr>
          </gpxtpx:TrackPointExtension>
        </extensions>
      </trkpt>
      <trkpt lat="37.84734220834817" lon="112.02903927671393">
        <ele>1169.0</ele>
        <time>2025-08-13T09:55:26Z</time>
        <extensions>
          <gpxtpx:TrackPointExtension>
            <gpxtpx:hr>137</gpxtpx:hr>
          </gpxtpx:TrackPointExtension>
        </extensions>
      </trkpt>
      <trkpt lat="37.84731001107192" lon="112.02911505535396">
        <ele>1169.0</ele>
        <time>2025-08-13T09:55:31Z</time>
        <extensions>
          <gpxtpx:TrackPointExtension>
            <gpxtpx:hr>136</gpxtpx:hr>
          </gpxtpx:TrackPointExtension>
        </extensions>
      </trkpt>
      <trkpt lat="37.847343892865155" lon="112.02916390616846">
        <ele>1168.800048828125</ele>
        <time>2025-08-13T09:55:36Z</time>
        <extensions>
          <gpxtpx:TrackPointExtension>
            <gpxtpx:hr>135</gpxtpx:hr>
          </gpxtpx:TrackPointExtension>
        </extensions>
      </trkpt>
      <trkpt lat="37.84734566103234" lon="112.02925563373452">
        <ele>1169.199951171875</ele>
        <time>2025-08-13T09:55:42Z</time>
        <extensions>
          <gpxtpx:TrackPointExtension>
            <gpxtpx:hr>135</gpxtpx:hr>
          </gpxtpx:TrackPointExtension>
        </extensions>
      </trkpt>
      <trkpt lat="37.84734043837302" lon="112.02934337425664">
        <ele>1168.800048828125</ele>
        <time>2025-08-13T09:55:47Z</time>
        <extensions>
          <gpxtpx:TrackPointExtension>
            <gpxtpx:hr>135</gpxtpx:hr>
          </gpxtpx:TrackPointExtension>
        </extensions>
      </trkpt>
      <trkpt lat="37.847364311294356" lon="112.02939521781349">
        <ele>1169.0</ele>
        <time>2025-08-13T09:55:53Z</time>
        <extensions>
          <gpxtpx:TrackPointExtension>
            <gpxtpx:hr>135</gpxtpx:hr>
          </gpxtpx:TrackPointExtension>
        </extensions>
      </trkpt>
      <trkpt lat="37.847368364836306" lon="112.02937427933314">
        <ele>1169.0</ele>
        <time>2025-08-13T09:55:57Z</time>
        <extensions>
          <gpxtpx:TrackPointExtension>
            <gpxtpx:hr>134</gpxtpx:hr>
          </gpxtpx:TrackPointExtension>
        </extensions>
      </trkpt>
      <trkpt lat="37.84739346968708" lon="112.02933439446488">
        <ele>1169.199951171875</ele>
        <time>2025-08-13T09:56:03Z</time>
        <extensions>
          <gpxtpx:TrackPointExtension>
            <gpxtpx:hr>134</gpxtpx:hr>
          </gpxtpx:TrackPointExtension>
        </extensions>
      </trkpt>
      <trkpt lat="37.847400485948164" lon="112.0293284113484">
        <ele>1169.800048828125</ele>
        <time>2025-08-13T09:56:08Z</time>
        <extensions>
          <gpxtpx:TrackPointExtension>
            <gpxtpx:hr>131</gpxtpx:hr>
          </gpxtpx:TrackPointExtension>
        </extensions>
      </trkpt>
      <trkpt lat="37.847388363057355" lon="112.02937627102067">
        <ele>1169.5999755859375</ele>
        <time>2025-08-13T09:56:14Z</time>
        <extensions>
          <gpxtpx:TrackPointExtension>
            <gpxtpx:hr>131</gpxtpx:hr>
          </gpxtpx:TrackPointExtension>
        </extensions>
      </trkpt>
      <trkpt lat="37.84735433233084" lon="112.02938624558692">
        <ele>1170.4000244140625</ele>
        <time>2025-08-13T09:56:21Z</time>
        <extensions>
          <gpxtpx:TrackPointExtension>
            <gpxtpx:hr>132</gpxtpx:hr>
          </gpxtpx:TrackPointExtension>
        </extensions>
      </trkpt>
      <trkpt lat="37.84735733533817" lon="112.02938524817827">
        <ele>1171.0</ele>
        <time>2025-08-13T09:56:25Z</time>
        <extensions>
          <gpxtpx:TrackPointExtension>
            <gpxtpx:hr>133</gpxtpx:hr>
          </gpxtpx:TrackPointExtension>
        </extensions>
      </trkpt>
      <trkpt lat="37.847286323772174" lon="112.02938525672288">
        <ele>1171.4000244140625</ele>
        <time>2025-08-13T09:56:31Z</time>
        <extensions>
          <gpxtpx:TrackPointExtension>
            <gpxtpx:hr>136</gpxtpx:hr>
          </gpxtpx:TrackPointExtension>
        </extensions>
      </trkpt>
      <trkpt lat="37.847187216999856" lon="112.02942116237345">
        <ele>1171.5999755859375</ele>
        <time>2025-08-13T09:56:37Z</time>
        <extensions>
          <gpxtpx:TrackPointExtension>
            <gpxtpx:hr>140</gpxtpx:hr>
          </gpxtpx:TrackPointExtension>
        </extensions>
      </trkpt>
      <trkpt lat="37.84716020756898" lon="112.02942315972065">
        <ele>1171.800048828125</ele>
        <time>2025-08-13T09:56:44Z</time>
        <extensions>
          <gpxtpx:TrackPointExtension>
            <gpxtpx:hr>142</gpxtpx:hr>
          </gpxtpx:TrackPointExtension>
        </extensions>
      </trkpt>
      <trkpt lat="37.84715919230163" lon="112.02942914213527">
        <ele>1171.5999755859375</ele>
        <time>2025-08-13T09:56:51Z</time>
        <extensions>
          <gpxtpx:TrackPointExtension>
            <gpxtpx:hr>142</gpxtpx:hr>
          </gpxtpx:TrackPointExtension>
        </extensions>
      </trkpt>
      <trkpt lat="37.84715719197603" lon="112.02942914237597">
        <ele>1171.5999755859375</ele>
        <time>2025-08-13T09:56:58Z</time>
        <extensions>
          <gpxtpx:TrackPointExtension>
            <gpxtpx:hr>145</gpxtpx:hr>
          </gpxtpx:TrackPointExtension>
        </extensions>
      </trkpt>
      <trkpt lat="37.84717728839284" lon="112.02939224917463">
        <ele>1171.5999755859375</ele>
        <time>2025-08-13T09:57:04Z</time>
        <extensions>
          <gpxtpx:TrackPointExtension>
            <gpxtpx:hr>143</gpxtpx:hr>
          </gpxtpx:TrackPointExtension>
        </extensions>
      </trkpt>
      <trkpt lat="37.84713724159055" lon="112.0294082067585">
        <ele>1171.800048828125</ele>
        <time>2025-08-13T09:57:08Z</time>
        <extensions>
          <gpxtpx:TrackPointExtension>
            <gpxtpx:hr>142</gpxtpx:hr>
          </gpxtpx:TrackPointExtension>
        </extensions>
      </trkpt>
      <trkpt lat="37.84710106709219" lon="112.02947501341399">
        <ele>1172.4000244140625</ele>
        <time>2025-08-13T09:57:14Z</time>
        <extensions>
          <gpxtpx:TrackPointExtension>
            <gpxtpx:hr>142</gpxtpx:hr>
          </gpxtpx:TrackPointExtension>
        </extensions>
      </trkpt>
      <trkpt lat="37.84708798699197" lon="112.02950592356986">
        <ele>1172.4000244140625</ele>
        <time>2025-08-13T09:57:21Z</time>
        <extensions>
          <gpxtpx:TrackPointExtension>
            <gpxtpx:hr>141</gpxtpx:hr>
          </gpxtpx:TrackPointExtension>
        </extensions>
      </trkpt>
      <trkpt lat="37.84708794675248" lon="112.02952187640452">
        <ele>1172.4000244140625</ele>
        <time>2025-08-13T09:57:28Z</time>
        <extensions>
          <gpxtpx:TrackPointExtension>
            <gpxtpx:hr>138</gpxtpx:hr>
          </gpxtpx:TrackPointExtension>
        </extensions>
      </trkpt>
      <trkpt lat="37.84706595574613" lon="112.02951689379043">
        <ele>1172.199951171875</ele>
        <time>2025-08-13T09:57:32Z</time>
        <extensions>
          <gpxtpx:TrackPointExtension>
            <gpxtpx:hr>131</gpxtpx:hr>
          </gpxtpx:TrackPointExtension>
        </extensions>
      </trkpt>
      <trkpt lat="37.84708591122329" lon="112.02953583538302">
        <ele>1172.5999755859375</ele>
        <time>2025-08-13T09:57:38Z</time>
        <extensions>
          <gpxtpx:TrackPointExtension>
            <gpxtpx:hr>127</gpxtpx:hr>
          </gpxtpx:TrackPointExtension>
        </extensions>
      </trkpt>
      <trkpt lat="37.847036734850356" lon="112.02960264390751">
        <ele>1172.5999755859375</ele>
        <time>2025-08-13T09:57:44Z</time>
        <extensions>
          <gpxtpx:TrackPointExtension>
            <gpxtpx:hr>127</gpxtpx:hr>
          </gpxtpx:TrackPointExtension>
        </extensions>
      </trkpt>
      <trkpt lat="37.84703274676221" lon="112.02959765911272">
        <ele>1172.5999755859375</ele>
        <time>2025-08-13T09:57:48Z</time>
        <extensions>
          <gpxtpx:TrackPointExtension>
            <gpxtpx:hr>127</gpxtpx:hr>
          </gpxtpx:TrackPointExtension>
        </extensions>
      </trkpt>
      <trkpt lat="37.84703191249325" lon="112.02953185367048">
        <ele>1172.5999755859375</ele>
        <time>2025-08-13T09:57:53Z</time>
        <extensions>
          <gpxtpx:TrackPointExtension>
            <gpxtpx:hr>128</gpxtpx:hr>
          </gpxtpx:TrackPointExtension>
        </extensions>
      </trkpt>
    </trkseg>
  </trk>
</gpx>