<?xml version="1.0" encoding="UTF-8"?>
<gpx xmlns="http://www.topografix.com/GPX/1/1" xmlns:gpxtpx="http://www.garmin.com/xmlschemas/TrackPointExtension/v1" xmlns:xsi="http://www.w3.org/2001/XMLSchema-instance" xsi:schemaLocation="http://www.topografix.com/GPX/1/1 http://www.topografix.com/GPX/1/1/gpx.xsd" version="1.1" creator="gpx.py -- https://github.com/tkrajina/gpxpy">
  <trk>
    <name>gpx from keep</name>
    <type>Run</type>
    <trkseg>
      <trkpt lat="37.64810549846123" lon="111.77490163904677">
        <ele>1180.800048828125</ele>
        <time>2021-04-09T08:10:26Z</time>
        <extensions>
          <gpxtpx:TrackPointExtension>
            <gpxtpx:hr>68</gpxtpx:hr>
          </gpxtpx:TrackPointExtension>
        </extensions>
      </trkpt>
      <trkpt lat="37.64909098900757" lon="111.77536918332017">
        <ele>1180.199951171875</ele>
        <time>2021-04-09T08:10:30Z</time>
        <extensions>
          <gpxtpx:TrackPointExtension>
            <gpxtpx:hr>67</gpxtpx:hr>
          </gpxtpx:TrackPointExtension>
        </extensions>
      </trkpt>
      <trkpt lat="37.67572585724807" lon="111.75444272632869">
        <ele>1182.4000244140625</ele>
        <time>2021-04-09T08:13:20Z</time>
        <extensions>
          <gpxtpx:TrackPointExtension>
            <gpxtpx:hr>137</gpxtpx:hr>
          </gpxtpx:TrackPointExtension>
        </extensions>
      </trkpt>
      <trkpt lat="37.68118248331567" lon="111.74972929485823">
        <ele>1181.0</ele>
        <time>2021-04-09T08:14:00Z</time>
        <extensions>
          <gpxtpx:TrackPointExtension>
            <gpxtpx:hr>142</gpxtpx:hr>
          </gpxtpx:TrackPointExtension>
        </extensions>
      </trkpt>
      <trkpt lat="37.686771984382816" lon="111.74511293186679">
        <ele>1182.0</ele>
        <time>2021-04-09T08:14:37Z</time>
        <extensions>
          <gpxtpx:TrackPointExtension>
            <gpxtpx:hr>144</gpxtpx:hr>
          </gpxtpx:TrackPointExtension>
        </extensions>
      </trkpt>
      <trkpt lat="37.844680736798594" lon="112.00613420015785">
        <ele>1208.5999755859375</ele>
        <time>2021-04-09T08:24:13Z</time>
        <extensions>
          <gpxtpx:TrackPointExtension>
            <gpxtpx:hr>145</gpxtpx:hr>
          </gpxtpx:TrackPointExtension>
        </extensions>
      </trkpt>
      <trkpt lat="37.84450876557588" lon="112.00611528777821">
        <ele>1209.4000244140625</ele>
        <time>2021-04-09T08:24:22Z</time>
        <extensions>
          <gpxtpx:TrackPointExtension>
            <gpxtpx:hr>146</gpxtpx:hr>
          </gpxtpx:TrackPointExtension>
        </extensions>
      </trkpt>
      <trkpt lat="37.84439757823778" lon="112.00617209971468">
        <ele>1209.5999755859375</ele>
        <time>2021-04-09T08:24:27Z</time>
        <extensions>
          <gpxtpx:TrackPointExtension>
            <gpxtpx:hr>146</gpxtpx:hr>
          </gpxtpx:TrackPointExtension>
        </extensions>
      </trkpt>
      <trkpt lat="37.84426426852465" lon="112.00626877311274">
        <ele>1210.4000244140625</ele>
        <time>2021-04-09T08:24:33Z</time>
        <extensions>
          <gpxtpx:TrackPointExtension>
            <gpxtpx:hr>145</gpxtpx:hr>
          </gpxtpx:TrackPointExtension>
        </extensions>
      </trkpt>
      <trkpt lat="37.844164059297576" lon="112.00633355562576">
        <ele>1210.5999755859375</ele>
        <time>2021-04-09T08:24:38Z</time>
        <extensions>
          <gpxtpx:TrackPointExtension>
            <gpxtpx:hr>145</gpxtpx:hr>
          </gpxtpx:TrackPointExtension>
        </extensions>
      </trkpt>
      <trkpt lat="37.8439646767951" lon="112.0064511630363">
        <ele>1211.4000244140625</ele>
        <time>2021-04-09T08:24:47Z</time>
        <extensions>
          <gpxtpx:TrackPointExtension>
            <gpxtpx:hr>146</gpxtpx:hr>
          </gpxtpx:TrackPointExtension>
        </extensions>
      </trkpt>
      <trkpt lat="37.84383922917685" lon="112.00659467015092">
        <ele>1211.800048828125</ele>
        <time>2021-04-09T08:24:53Z</time>
        <extensions>
          <gpxtpx:TrackPointExtension>
            <gpxtpx:hr>146</gpxtpx:hr>
          </gpxtpx:TrackPointExtension>
        </extensions>
      </trkpt>
      <trkpt lat="37.84372893848192" lon="112.00668635900021">
        <ele>1211.800048828125</ele>
        <time>2021-04-09T08:24:58Z</time>
        <extensions>
          <gpxtpx:TrackPointExtension>
            <gpxtpx:hr>146</gpxtpx:hr>
          </gpxtpx:TrackPointExtension>
        </extensions>
      </trkpt>
      <trkpt lat="37.84353147376845" lon="112.00683186814149">
        <ele>1212.5999755859375</ele>
        <time>2021-04-09T08:25:06Z</time>
        <extensions>
          <gpxtpx:TrackPointExtension>
            <gpxtpx:hr>146</gpxtpx:hr>
          </gpxtpx:TrackPointExtension>
        </extensions>
      </trkpt>
      <trkpt lat="37.84335508974955" lon="112.00695146660549">
        <ele>1213.199951171875</ele>
        <time>2021-04-09T08:25:13Z</time>
        <extensions>
          <gpxtpx:TrackPointExtension>
            <gpxtpx:hr>148</gpxtpx:hr>
          </gpxtpx:TrackPointExtension>
        </extensions>
      </trkpt>
      <trkpt lat="37.84326090573698" lon="112.0070082771898">
        <ele>1213.5999755859375</ele>
        <time>2021-04-09T08:25:17Z</time>
        <extensions>
          <gpxtpx:TrackPointExtension>
            <gpxtpx:hr>151</gpxtpx:hr>
          </gpxtpx:TrackPointExtension>
        </extensions>
      </trkpt>
      <trkpt lat="37.84313447963799" lon="112.00714481019892">
        <ele>1214.0</ele>
        <time>2021-04-09T08:25:23Z</time>
        <extensions>
          <gpxtpx:TrackPointExtension>
            <gpxtpx:hr>154</gpxtpx:hr>
          </gpxtpx:TrackPointExtension>
        </extensions>
      </trkpt>
      <trkpt lat="37.8429890714437" lon="112.00727437035864">
        <ele>1214.4000244140625</ele>
        <time>2021-04-09T08:25:29Z</time>
        <extensions>
          <gpxtpx:TrackPointExtension>
            <gpxtpx:hr>157</gpxtpx:hr>
          </gpxtpx:TrackPointExtension>
        </extensions>
      </trkpt>
      <trkpt lat="37.84288982766552" lon="112.00735111152073">
        <ele>1214.5999755859375</ele>
        <time>2021-04-09T08:25:33Z</time>
        <extensions>
          <gpxtpx:TrackPointExtension>
            <gpxtpx:hr>159</gpxtpx:hr>
          </gpxtpx:TrackPointExtension>
        </extensions>
      </trkpt>
      <trkpt lat="37.842705452023225" lon="112.00746772239688">
        <ele>1215.199951171875</ele>
        <time>2021-04-09T08:25:40Z</time>
        <extensions>
          <gpxtpx:TrackPointExtension>
            <gpxtpx:hr>160</gpxtpx:hr>
          </gpxtpx:TrackPointExtension>
        </extensions>
      </trkpt>
      <trkpt lat="37.84256718150001" lon="112.00755144385661">
        <ele>1215.4000244140625</ele>
        <time>2021-04-09T08:25:45Z</time>
        <extensions>
          <gpxtpx:TrackPointExtension>
            <gpxtpx:hr>160</gpxtpx:hr>
          </gpxtpx:TrackPointExtension>
        </extensions>
      </trkpt>
      <trkpt lat="37.84240379769912" lon="112.00767203854346">
        <ele>1216.199951171875</ele>
        <time>2021-04-09T08:25:51Z</time>
        <extensions>
          <gpxtpx:TrackPointExtension>
            <gpxtpx:hr>160</gpxtpx:hr>
          </gpxtpx:TrackPointExtension>
        </extensions>
      </trkpt>
      <trkpt lat="37.84228558378861" lon="112.00773782102911">
        <ele>1216.4000244140625</ele>
        <time>2021-04-09T08:25:55Z</time>
        <extensions>
          <gpxtpx:TrackPointExtension>
            <gpxtpx:hr>160</gpxtpx:hr>
          </gpxtpx:TrackPointExtension>
        </extensions>
      </trkpt>
      <trkpt lat="37.84213717313977" lon="112.00786837920558">
        <ele>1216.5999755859375</ele>
        <time>2021-04-09T08:26:01Z</time>
        <extensions>
          <gpxtpx:TrackPointExtension>
            <gpxtpx:hr>160</gpxtpx:hr>
          </gpxtpx:TrackPointExtension>
        </extensions>
      </trkpt>
      <trkpt lat="37.84203298821255" lon="112.00792519177068">
        <ele>1216.800048828125</ele>
        <time>2021-04-09T08:26:05Z</time>
        <extensions>
          <gpxtpx:TrackPointExtension>
            <gpxtpx:hr>156</gpxtpx:hr>
          </gpxtpx:TrackPointExtension>
        </extensions>
      </trkpt>
      <trkpt lat="37.841864604208915" lon="112.00804578775173">
        <ele>1217.4000244140625</ele>
        <time>2021-04-09T08:26:11Z</time>
        <extensions>
          <gpxtpx:TrackPointExtension>
            <gpxtpx:hr>155</gpxtpx:hr>
          </gpxtpx:TrackPointExtension>
        </extensions>
      </trkpt>
      <trkpt lat="37.84173145906644" lon="112.00808765648098">
        <ele>1217.800048828125</ele>
        <time>2021-04-09T08:26:15Z</time>
        <extensions>
          <gpxtpx:TrackPointExtension>
            <gpxtpx:hr>155</gpxtpx:hr>
          </gpxtpx:TrackPointExtension>
        </extensions>
      </trkpt>
      <trkpt lat="37.84160027296934" lon="112.00814347596666">
        <ele>1218.4000244140625</ele>
        <time>2021-04-09T08:26:20Z</time>
        <extensions>
          <gpxtpx:TrackPointExtension>
            <gpxtpx:hr>156</gpxtpx:hr>
          </gpxtpx:TrackPointExtension>
        </extensions>
      </trkpt>
      <trkpt lat="37.84143807903994" lon="112.00820029570056">
        <ele>1218.5999755859375</ele>
        <time>2021-04-09T08:26:26Z</time>
        <extensions>
          <gpxtpx:TrackPointExtension>
            <gpxtpx:hr>156</gpxtpx:hr>
          </gpxtpx:TrackPointExtension>
        </extensions>
      </trkpt>
      <trkpt lat="37.841283075037694" lon="112.00819333871016">
        <ele>1219.199951171875</ele>
        <time>2021-04-09T08:26:31Z</time>
        <extensions>
          <gpxtpx:TrackPointExtension>
            <gpxtpx:hr>156</gpxtpx:hr>
          </gpxtpx:TrackPointExtension>
        </extensions>
      </trkpt>
      <trkpt lat="37.84112206714872" lon="112.0081873789349">
        <ele>1219.4000244140625</ele>
        <time>2021-04-09T08:26:37Z</time>
        <extensions>
          <gpxtpx:TrackPointExtension>
            <gpxtpx:hr>155</gpxtpx:hr>
          </gpxtpx:TrackPointExtension>
        </extensions>
      </trkpt>
      <trkpt lat="37.84092312404481" lon="112.00815750773833">
        <ele>1219.5999755859375</ele>
        <time>2021-04-09T08:26:43Z</time>
        <extensions>
          <gpxtpx:TrackPointExtension>
            <gpxtpx:hr>157</gpxtpx:hr>
          </gpxtpx:TrackPointExtension>
        </extensions>
      </trkpt>
      <trkpt lat="37.840805193827784" lon="112.00812762688783">
        <ele>1219.800048828125</ele>
        <time>2021-04-09T08:26:47Z</time>
        <extensions>
          <gpxtpx:TrackPointExtension>
            <gpxtpx:hr>157</gpxtpx:hr>
          </gpxtpx:TrackPointExtension>
        </extensions>
      </trkpt>
      <trkpt lat="37.8406722317437" lon="112.00810771281287">
        <ele>1220.0</ele>
        <time>2021-04-09T08:26:52Z</time>
        <extensions>
          <gpxtpx:TrackPointExtension>
            <gpxtpx:hr>158</gpxtpx:hr>
          </gpxtpx:TrackPointExtension>
        </extensions>
      </trkpt>
      <trkpt lat="37.840488314713944" lon="112.00806986788776">
        <ele>1220.5999755859375</ele>
        <time>2021-04-09T08:26:59Z</time>
        <extensions>
          <gpxtpx:TrackPointExtension>
            <gpxtpx:hr>157</gpxtpx:hr>
          </gpxtpx:TrackPointExtension>
        </extensions>
      </trkpt>
      <trkpt lat="37.84038436316764" lon="112.0080479573763">
        <ele>1220.800048828125</ele>
        <time>2021-04-09T08:27:03Z</time>
        <extensions>
          <gpxtpx:TrackPointExtension>
            <gpxtpx:hr>157</gpxtpx:hr>
          </gpxtpx:TrackPointExtension>
        </extensions>
      </trkpt>
      <trkpt lat="37.84020139322534" lon="112.00802804929202">
        <ele>1221.199951171875</ele>
        <time>2021-04-09T08:27:10Z</time>
        <extensions>
          <gpxtpx:TrackPointExtension>
            <gpxtpx:hr>156</gpxtpx:hr>
          </gpxtpx:TrackPointExtension>
        </extensions>
      </trkpt>
      <trkpt lat="37.84005830271266" lon="112.0080509857707">
        <ele>1221.800048828125</ele>
        <time>2021-04-09T08:27:15Z</time>
        <extensions>
          <gpxtpx:TrackPointExtension>
            <gpxtpx:hr>155</gpxtpx:hr>
          </gpxtpx:TrackPointExtension>
        </extensions>
      </trkpt>
      <trkpt lat="37.8399001508275" lon="112.0080938539863">
        <ele>1222.199951171875</ele>
        <time>2021-04-09T08:27:21Z</time>
        <extensions>
          <gpxtpx:TrackPointExtension>
            <gpxtpx:hr>153</gpxtpx:hr>
          </gpxtpx:TrackPointExtension>
        </extensions>
      </trkpt>
      <trkpt lat="37.839695026963305" lon="112.00812476986835">
        <ele>1222.800048828125</ele>
        <time>2021-04-09T08:27:28Z</time>
        <extensions>
          <gpxtpx:TrackPointExtension>
            <gpxtpx:hr>154</gpxtpx:hr>
          </gpxtpx:TrackPointExtension>
        </extensions>
      </trkpt>
      <trkpt lat="37.83939599747337" lon="112.00811882656623">
        <ele>1223.4000244140625</ele>
        <time>2021-04-09T08:27:38Z</time>
        <extensions>
          <gpxtpx:TrackPointExtension>
            <gpxtpx:hr>155</gpxtpx:hr>
          </gpxtpx:TrackPointExtension>
        </extensions>
      </trkpt>
      <trkpt lat="37.83918993548743" lon="112.008128816126">
        <ele>1223.800048828125</ele>
        <time>2021-04-09T08:27:45Z</time>
        <extensions>
          <gpxtpx:TrackPointExtension>
            <gpxtpx:hr>155</gpxtpx:hr>
          </gpxtpx:TrackPointExtension>
        </extensions>
      </trkpt>
      <trkpt lat="37.838890770382996" lon="112.00816871172758">
        <ele>1224.4000244140625</ele>
        <time>2021-04-09T08:27:55Z</time>
        <extensions>
          <gpxtpx:TrackPointExtension>
            <gpxtpx:hr>157</gpxtpx:hr>
          </gpxtpx:TrackPointExtension>
        </extensions>
      </trkpt>
      <trkpt lat="37.83871368943427" lon="112.00818666982265">
        <ele>1225.199951171875</ele>
        <time>2021-04-09T08:28:01Z</time>
        <extensions>
          <gpxtpx:TrackPointExtension>
            <gpxtpx:hr>158</gpxtpx:hr>
          </gpxtpx:TrackPointExtension>
        </extensions>
      </trkpt>
      <trkpt lat="37.838422569950495" lon="112.0082116170202">
        <ele>1225.800048828125</ele>
        <time>2021-04-09T08:28:11Z</time>
        <extensions>
          <gpxtpx:TrackPointExtension>
            <gpxtpx:hr>158</gpxtpx:hr>
          </gpxtpx:TrackPointExtension>
        </extensions>
      </trkpt>
      <trkpt lat="37.83830264254464" lon="112.00818073987966">
        <ele>1226.199951171875</ele>
        <time>2021-04-09T08:28:15Z</time>
        <extensions>
          <gpxtpx:TrackPointExtension>
            <gpxtpx:hr>158</gpxtpx:hr>
          </gpxtpx:TrackPointExtension>
        </extensions>
      </trkpt>
      <trkpt lat="37.83816079136911" lon="112.00812295993798">
        <ele>1226.5999755859375</ele>
        <time>2021-04-09T08:28:20Z</time>
        <extensions>
          <gpxtpx:TrackPointExtension>
            <gpxtpx:hr>158</gpxtpx:hr>
          </gpxtpx:TrackPointExtension>
        </extensions>
      </trkpt>
      <trkpt lat="37.837971000603744" lon="112.00804226635522">
        <ele>1227.199951171875</ele>
        <time>2021-04-09T08:28:27Z</time>
        <extensions>
          <gpxtpx:TrackPointExtension>
            <gpxtpx:hr>157</gpxtpx:hr>
          </gpxtpx:TrackPointExtension>
        </extensions>
      </trkpt>
      <trkpt lat="37.83772426597129" lon="112.00793965678497">
        <ele>1228.199951171875</ele>
        <time>2021-04-09T08:28:37Z</time>
        <extensions>
          <gpxtpx:TrackPointExtension>
            <gpxtpx:hr>157</gpxtpx:hr>
          </gpxtpx:TrackPointExtension>
        </extensions>
      </trkpt>
      <trkpt lat="37.83755640504285" lon="112.00788387314697">
        <ele>1229.199951171875</ele>
        <time>2021-04-09T08:28:43Z</time>
        <extensions>
          <gpxtpx:TrackPointExtension>
            <gpxtpx:hr>157</gpxtpx:hr>
          </gpxtpx:TrackPointExtension>
        </extensions>
      </trkpt>
      <trkpt lat="37.83745748702206" lon="112.00785100066804">
        <ele>1229.800048828125</ele>
        <time>2021-04-09T08:28:47Z</time>
        <extensions>
          <gpxtpx:TrackPointExtension>
            <gpxtpx:hr>157</gpxtpx:hr>
          </gpxtpx:TrackPointExtension>
        </extensions>
      </trkpt>
      <trkpt lat="37.8373495942021" lon="112.00780916084348">
        <ele>1230.0</ele>
        <time>2021-04-09T08:28:51Z</time>
        <extensions>
          <gpxtpx:TrackPointExtension>
            <gpxtpx:hr>157</gpxtpx:hr>
          </gpxtpx:TrackPointExtension>
        </extensions>
      </trkpt>
      <trkpt lat="37.8370828095474" lon="112.00772249788375">
        <ele>1230.800048828125</ele>
        <time>2021-04-09T08:29:01Z</time>
        <extensions>
          <gpxtpx:TrackPointExtension>
            <gpxtpx:hr>158</gpxtpx:hr>
          </gpxtpx:TrackPointExtension>
        </extensions>
      </trkpt>
      <trkpt lat="37.83690795956742" lon="112.00766272930053">
        <ele>1231.199951171875</ele>
        <time>2021-04-09T08:29:07Z</time>
        <extensions>
          <gpxtpx:TrackPointExtension>
            <gpxtpx:hr>158</gpxtpx:hr>
          </gpxtpx:TrackPointExtension>
        </extensions>
      </trkpt>
      <trkpt lat="37.83669509781052" lon="112.00760495828335">
        <ele>1232.0</ele>
        <time>2021-04-09T08:29:15Z</time>
        <extensions>
          <gpxtpx:TrackPointExtension>
            <gpxtpx:hr>159</gpxtpx:hr>
          </gpxtpx:TrackPointExtension>
        </extensions>
      </trkpt>
      <trkpt lat="37.836477312241996" lon="112.0075212792066">
        <ele>1232.4000244140625</ele>
        <time>2021-04-09T08:29:23Z</time>
        <extensions>
          <gpxtpx:TrackPointExtension>
            <gpxtpx:hr>158</gpxtpx:hr>
          </gpxtpx:TrackPointExtension>
        </extensions>
      </trkpt>
      <trkpt lat="37.83620352990732" lon="112.00743362096489">
        <ele>1232.800048828125</ele>
        <time>2021-04-09T08:29:33Z</time>
        <extensions>
          <gpxtpx:TrackPointExtension>
            <gpxtpx:hr>157</gpxtpx:hr>
          </gpxtpx:TrackPointExtension>
        </extensions>
      </trkpt>
      <trkpt lat="37.83600366154912" lon="112.00737883805046">
        <ele>1233.4000244140625</ele>
        <time>2021-04-09T08:29:40Z</time>
        <extensions>
          <gpxtpx:TrackPointExtension>
            <gpxtpx:hr>157</gpxtpx:hr>
          </gpxtpx:TrackPointExtension>
        </extensions>
      </trkpt>
      <trkpt lat="37.83579575945029" lon="112.00733501747588">
        <ele>1233.800048828125</ele>
        <time>2021-04-09T08:29:48Z</time>
        <extensions>
          <gpxtpx:TrackPointExtension>
            <gpxtpx:hr>158</gpxtpx:hr>
          </gpxtpx:TrackPointExtension>
        </extensions>
      </trkpt>
      <trkpt lat="37.83559178401686" lon="112.00731610858335">
        <ele>1234.4000244140625</ele>
        <time>2021-04-09T08:29:55Z</time>
        <extensions>
          <gpxtpx:TrackPointExtension>
            <gpxtpx:hr>158</gpxtpx:hr>
          </gpxtpx:TrackPointExtension>
        </extensions>
      </trkpt>
      <trkpt lat="37.835384086318214" lon="112.00720353063059">
        <ele>1234.4000244140625</ele>
        <time>2021-04-09T08:30:03Z</time>
        <extensions>
          <gpxtpx:TrackPointExtension>
            <gpxtpx:hr>157</gpxtpx:hr>
          </gpxtpx:TrackPointExtension>
        </extensions>
      </trkpt>
      <trkpt lat="37.83530166892397" lon="112.00700324758002">
        <ele>1234.199951171875</ele>
        <time>2021-04-09T08:30:09Z</time>
        <extensions>
          <gpxtpx:TrackPointExtension>
            <gpxtpx:hr>156</gpxtpx:hr>
          </gpxtpx:TrackPointExtension>
        </extensions>
      </trkpt>
      <trkpt lat="37.83516801277773" lon="112.00688069652097">
        <ele>1234.0</ele>
        <time>2021-04-09T08:30:15Z</time>
        <extensions>
          <gpxtpx:TrackPointExtension>
            <gpxtpx:hr>155</gpxtpx:hr>
          </gpxtpx:TrackPointExtension>
        </extensions>
      </trkpt>
      <trkpt lat="37.834965010996534" lon="112.00687075593963">
        <ele>1234.0</ele>
        <time>2021-04-09T08:30:22Z</time>
        <extensions>
          <gpxtpx:TrackPointExtension>
            <gpxtpx:hr>153</gpxtpx:hr>
          </gpxtpx:TrackPointExtension>
        </extensions>
      </trkpt>
      <trkpt lat="37.83474776989304" lon="112.00694053538314">
        <ele>1234.0</ele>
        <time>2021-04-09T08:30:30Z</time>
        <extensions>
          <gpxtpx:TrackPointExtension>
            <gpxtpx:hr>152</gpxtpx:hr>
          </gpxtpx:TrackPointExtension>
        </extensions>
      </trkpt>
      <trkpt lat="37.83455274864767" lon="112.0069375691985">
        <ele>1234.5999755859375</ele>
        <time>2021-04-09T08:30:38Z</time>
        <extensions>
          <gpxtpx:TrackPointExtension>
            <gpxtpx:hr>154</gpxtpx:hr>
          </gpxtpx:TrackPointExtension>
        </extensions>
      </trkpt>
      <trkpt lat="37.83432989506344" lon="112.00687681054076">
        <ele>1235.199951171875</ele>
        <time>2021-04-09T08:30:46Z</time>
        <extensions>
          <gpxtpx:TrackPointExtension>
            <gpxtpx:hr>155</gpxtpx:hr>
          </gpxtpx:TrackPointExtension>
        </extensions>
      </trkpt>
      <trkpt lat="37.8341710158352" lon="112.00682800204264">
        <ele>1235.800048828125</ele>
        <time>2021-04-09T08:30:52Z</time>
        <extensions>
          <gpxtpx:TrackPointExtension>
            <gpxtpx:hr>154</gpxtpx:hr>
          </gpxtpx:TrackPointExtension>
        </extensions>
      </trkpt>
      <trkpt lat="37.833897267253896" lon="112.00672938342254">
        <ele>1236.5999755859375</ele>
        <time>2021-04-09T08:31:02Z</time>
        <extensions>
          <gpxtpx:TrackPointExtension>
            <gpxtpx:hr>154</gpxtpx:hr>
          </gpxtpx:TrackPointExtension>
        </extensions>
      </trkpt>
      <trkpt lat="37.833653484866666" lon="112.00664371554547">
        <ele>1237.800048828125</ele>
        <time>2021-04-09T08:31:11Z</time>
        <extensions>
          <gpxtpx:TrackPointExtension>
            <gpxtpx:hr>155</gpxtpx:hr>
          </gpxtpx:TrackPointExtension>
        </extensions>
      </trkpt>
      <trkpt lat="37.833513611727604" lon="112.00659390846513">
        <ele>1238.4000244140625</ele>
        <time>2021-04-09T08:31:16Z</time>
        <extensions>
          <gpxtpx:TrackPointExtension>
            <gpxtpx:hr>155</gpxtpx:hr>
          </gpxtpx:TrackPointExtension>
        </extensions>
      </trkpt>
      <trkpt lat="37.83331679518531" lon="112.00652218578118">
        <ele>1239.0</ele>
        <time>2021-04-09T08:31:23Z</time>
        <extensions>
          <gpxtpx:TrackPointExtension>
            <gpxtpx:hr>155</gpxtpx:hr>
          </gpxtpx:TrackPointExtension>
        </extensions>
      </trkpt>
      <trkpt lat="37.83302706246008" lon="112.00641759064996">
        <ele>1240.0</ele>
        <time>2021-04-09T08:31:33Z</time>
        <extensions>
          <gpxtpx:TrackPointExtension>
            <gpxtpx:hr>153</gpxtpx:hr>
          </gpxtpx:TrackPointExtension>
        </extensions>
      </trkpt>
      <trkpt lat="37.832922180018144" lon="112.0063727619116">
        <ele>1240.5999755859375</ele>
        <time>2021-04-09T08:31:37Z</time>
        <extensions>
          <gpxtpx:TrackPointExtension>
            <gpxtpx:hr>154</gpxtpx:hr>
          </gpxtpx:TrackPointExtension>
        </extensions>
      </trkpt>
      <trkpt lat="37.83272735511978" lon="112.00630402861938">
        <ele>1240.800048828125</ele>
        <time>2021-04-09T08:31:44Z</time>
        <extensions>
          <gpxtpx:TrackPointExtension>
            <gpxtpx:hr>155</gpxtpx:hr>
          </gpxtpx:TrackPointExtension>
        </extensions>
      </trkpt>
      <trkpt lat="37.83245860219198" lon="112.00620740305266">
        <ele>1241.0</ele>
        <time>2021-04-09T08:31:53Z</time>
        <extensions>
          <gpxtpx:TrackPointExtension>
            <gpxtpx:hr>157</gpxtpx:hr>
          </gpxtpx:TrackPointExtension>
        </extensions>
      </trkpt>
      <trkpt lat="37.832242750481186" lon="112.00614664416828">
        <ele>1241.199951171875</ele>
        <time>2021-04-09T08:32:01Z</time>
        <extensions>
          <gpxtpx:TrackPointExtension>
            <gpxtpx:hr>157</gpxtpx:hr>
          </gpxtpx:TrackPointExtension>
        </extensions>
      </trkpt>
      <trkpt lat="37.832067777248035" lon="112.00612872858957">
        <ele>1241.199951171875</ele>
        <time>2021-04-09T08:32:07Z</time>
        <extensions>
          <gpxtpx:TrackPointExtension>
            <gpxtpx:hr>157</gpxtpx:hr>
          </gpxtpx:TrackPointExtension>
        </extensions>
      </trkpt>
      <trkpt lat="37.83193074740245" lon="112.00613173432696">
        <ele>1241.5999755859375</ele>
        <time>2021-04-09T08:32:12Z</time>
        <extensions>
          <gpxtpx:TrackPointExtension>
            <gpxtpx:hr>159</gpxtpx:hr>
          </gpxtpx:TrackPointExtension>
        </extensions>
      </trkpt>
      <trkpt lat="37.831723718781966" lon="112.00613076253333">
        <ele>1241.5999755859375</ele>
        <time>2021-04-09T08:32:19Z</time>
        <extensions>
          <gpxtpx:TrackPointExtension>
            <gpxtpx:hr>159</gpxtpx:hr>
          </gpxtpx:TrackPointExtension>
        </extensions>
      </trkpt>
      <trkpt lat="37.83145866351329" lon="112.00613577646625">
        <ele>1241.800048828125</ele>
        <time>2021-04-09T08:32:28Z</time>
        <extensions>
          <gpxtpx:TrackPointExtension>
            <gpxtpx:hr>158</gpxtpx:hr>
          </gpxtpx:TrackPointExtension>
        </extensions>
      </trkpt>
      <trkpt lat="37.83133665979475" lon="112.0061308086646">
        <ele>1242.0</ele>
        <time>2021-04-09T08:32:32Z</time>
        <extensions>
          <gpxtpx:TrackPointExtension>
            <gpxtpx:hr>158</gpxtpx:hr>
          </gpxtpx:TrackPointExtension>
        </extensions>
      </trkpt>
      <trkpt lat="37.83112259154345" lon="112.0061427918005">
        <ele>1242.5999755859375</ele>
        <time>2021-04-09T08:32:39Z</time>
        <extensions>
          <gpxtpx:TrackPointExtension>
            <gpxtpx:hr>158</gpxtpx:hr>
          </gpxtpx:TrackPointExtension>
        </extensions>
      </trkpt>
      <trkpt lat="37.83100056406833" lon="112.00614579574999">
        <ele>1243.199951171875</ele>
        <time>2021-04-09T08:32:43Z</time>
        <extensions>
          <gpxtpx:TrackPointExtension>
            <gpxtpx:hr>158</gpxtpx:hr>
          </gpxtpx:TrackPointExtension>
        </extensions>
      </trkpt>
      <trkpt lat="37.830791475818145" lon="112.00616475357711">
        <ele>1243.4000244140625</ele>
        <time>2021-04-09T08:32:50Z</time>
        <extensions>
          <gpxtpx:TrackPointExtension>
            <gpxtpx:hr>157</gpxtpx:hr>
          </gpxtpx:TrackPointExtension>
        </extensions>
      </trkpt>
      <trkpt lat="37.83057338029088" lon="112.00618570542127">
        <ele>1244.0</ele>
        <time>2021-04-09T08:32:57Z</time>
        <extensions>
          <gpxtpx:TrackPointExtension>
            <gpxtpx:hr>157</gpxtpx:hr>
          </gpxtpx:TrackPointExtension>
        </extensions>
      </trkpt>
      <trkpt lat="37.83030838468885" lon="112.00617078996635">
        <ele>1245.4000244140625</ele>
        <time>2021-04-09T08:33:06Z</time>
        <extensions>
          <gpxtpx:TrackPointExtension>
            <gpxtpx:hr>158</gpxtpx:hr>
          </gpxtpx:TrackPointExtension>
        </extensions>
      </trkpt>
      <trkpt lat="37.83016538085718" lon="112.00616482819531">
        <ele>1246.4000244140625</ele>
        <time>2021-04-09T08:33:12Z</time>
        <extensions>
          <gpxtpx:TrackPointExtension>
            <gpxtpx:hr>158</gpxtpx:hr>
          </gpxtpx:TrackPointExtension>
        </extensions>
      </trkpt>
      <trkpt lat="37.83006135321604" lon="112.00616882646924">
        <ele>1247.199951171875</ele>
        <time>2021-04-09T08:33:16Z</time>
        <extensions>
          <gpxtpx:TrackPointExtension>
            <gpxtpx:hr>159</gpxtpx:hr>
          </gpxtpx:TrackPointExtension>
        </extensions>
      </trkpt>
      <trkpt lat="37.82983732229141" lon="112.0061678566997">
        <ele>1248.5999755859375</ele>
        <time>2021-04-09T08:33:25Z</time>
        <extensions>
          <gpxtpx:TrackPointExtension>
            <gpxtpx:hr>161</gpxtpx:hr>
          </gpxtpx:TrackPointExtension>
        </extensions>
      </trkpt>
      <trkpt lat="37.82961427966165" lon="112.00617087268837">
        <ele>1249.4000244140625</ele>
        <time>2021-04-09T08:33:34Z</time>
        <extensions>
          <gpxtpx:TrackPointExtension>
            <gpxtpx:hr>162</gpxtpx:hr>
          </gpxtpx:TrackPointExtension>
        </extensions>
      </trkpt>
      <trkpt lat="37.829426245322644" lon="112.00617288803574">
        <ele>1250.4000244140625</ele>
        <time>2021-04-09T08:33:41Z</time>
        <extensions>
          <gpxtpx:TrackPointExtension>
            <gpxtpx:hr>166</gpxtpx:hr>
          </gpxtpx:TrackPointExtension>
        </extensions>
      </trkpt>
      <trkpt lat="37.829315228569946" lon="112.00617290126617">
        <ele>1251.0</ele>
        <time>2021-04-09T08:33:45Z</time>
        <extensions>
          <gpxtpx:TrackPointExtension>
            <gpxtpx:hr>165</gpxtpx:hr>
          </gpxtpx:TrackPointExtension>
        </extensions>
      </trkpt>
      <trkpt lat="37.8291122098454" lon="112.00616893958428">
        <ele>1251.4000244140625</ele>
        <time>2021-04-09T08:33:52Z</time>
        <extensions>
          <gpxtpx:TrackPointExtension>
            <gpxtpx:hr>164</gpxtpx:hr>
          </gpxtpx:TrackPointExtension>
        </extensions>
      </trkpt>
      <trkpt lat="37.82886709267261" lon="112.0061958734663">
        <ele>1251.800048828125</ele>
        <time>2021-04-09T08:34:00Z</time>
        <extensions>
          <gpxtpx:TrackPointExtension>
            <gpxtpx:hr>164</gpxtpx:hr>
          </gpxtpx:TrackPointExtension>
        </extensions>
      </trkpt>
      <trkpt lat="37.828723023438634" lon="112.00621183414884">
        <ele>1252.199951171875</ele>
        <time>2021-04-09T08:34:05Z</time>
        <extensions>
          <gpxtpx:TrackPointExtension>
            <gpxtpx:hr>164</gpxtpx:hr>
          </gpxtpx:TrackPointExtension>
        </extensions>
      </trkpt>
      <trkpt lat="37.82853597450635" lon="112.0062188317283">
        <ele>1252.4000244140625</ele>
        <time>2021-04-09T08:34:12Z</time>
        <extensions>
          <gpxtpx:TrackPointExtension>
            <gpxtpx:hr>165</gpxtpx:hr>
          </gpxtpx:TrackPointExtension>
        </extensions>
      </trkpt>
      <trkpt lat="37.828267913434225" lon="112.00622583896276">
        <ele>1254.0</ele>
        <time>2021-04-09T08:34:22Z</time>
        <extensions>
          <gpxtpx:TrackPointExtension>
            <gpxtpx:hr>163</gpxtpx:hr>
          </gpxtpx:TrackPointExtension>
        </extensions>
      </trkpt>
      <trkpt lat="37.82814286792118" lon="112.00623482209441">
        <ele>1254.5999755859375</ele>
        <time>2021-04-09T08:34:27Z</time>
        <extensions>
          <gpxtpx:TrackPointExtension>
            <gpxtpx:hr>163</gpxtpx:hr>
          </gpxtpx:TrackPointExtension>
        </extensions>
      </trkpt>
      <trkpt lat="37.82799976622634" lon="112.00626174384416">
        <ele>1255.0</ele>
        <time>2021-04-09T08:34:32Z</time>
        <extensions>
          <gpxtpx:TrackPointExtension>
            <gpxtpx:hr>161</gpxtpx:hr>
          </gpxtpx:TrackPointExtension>
        </extensions>
      </trkpt>
      <trkpt lat="37.82778864842129" lon="112.00629066665144">
        <ele>1256.0</ele>
        <time>2021-04-09T08:34:39Z</time>
        <extensions>
          <gpxtpx:TrackPointExtension>
            <gpxtpx:hr>161</gpxtpx:hr>
          </gpxtpx:TrackPointExtension>
        </extensions>
      </trkpt>
      <trkpt lat="37.82764555866294" lon="112.00631360253638">
        <ele>1256.800048828125</ele>
        <time>2021-04-09T08:34:44Z</time>
        <extensions>
          <gpxtpx:TrackPointExtension>
            <gpxtpx:hr>161</gpxtpx:hr>
          </gpxtpx:TrackPointExtension>
        </extensions>
      </trkpt>
      <trkpt lat="37.82754049243676" lon="112.00633055506889">
        <ele>1257.4000244140625</ele>
        <time>2021-04-09T08:34:48Z</time>
        <extensions>
          <gpxtpx:TrackPointExtension>
            <gpxtpx:hr>161</gpxtpx:hr>
          </gpxtpx:TrackPointExtension>
        </extensions>
      </trkpt>
      <trkpt lat="37.827388398396465" lon="112.00635448851165">
        <ele>1258.0</ele>
        <time>2021-04-09T08:34:54Z</time>
        <extensions>
          <gpxtpx:TrackPointExtension>
            <gpxtpx:hr>163</gpxtpx:hr>
          </gpxtpx:TrackPointExtension>
        </extensions>
      </trkpt>
      <trkpt lat="37.82716931516245" lon="112.00637145464185">
        <ele>1259.0</ele>
        <time>2021-04-09T08:35:03Z</time>
        <extensions>
          <gpxtpx:TrackPointExtension>
            <gpxtpx:hr>164</gpxtpx:hr>
          </gpxtpx:TrackPointExtension>
        </extensions>
      </trkpt>
      <trkpt lat="37.82693019333631" lon="112.00640038083174">
        <ele>1260.199951171875</ele>
        <time>2021-04-09T08:35:12Z</time>
        <extensions>
          <gpxtpx:TrackPointExtension>
            <gpxtpx:hr>165</gpxtpx:hr>
          </gpxtpx:TrackPointExtension>
        </extensions>
      </trkpt>
      <trkpt lat="37.82668712145495" lon="112.00641236746897">
        <ele>1261.5999755859375</ele>
        <time>2021-04-09T08:35:22Z</time>
        <extensions>
          <gpxtpx:TrackPointExtension>
            <gpxtpx:hr>161</gpxtpx:hr>
          </gpxtpx:TrackPointExtension>
        </extensions>
      </trkpt>
      <trkpt lat="37.826490005976204" lon="112.00644128866983">
        <ele>1262.199951171875</ele>
        <time>2021-04-09T08:35:30Z</time>
        <extensions>
          <gpxtpx:TrackPointExtension>
            <gpxtpx:hr>163</gpxtpx:hr>
          </gpxtpx:TrackPointExtension>
        </extensions>
      </trkpt>
      <trkpt lat="37.82626082638467" lon="112.00649014317422">
        <ele>1263.4000244140625</ele>
        <time>2021-04-09T08:35:39Z</time>
        <extensions>
          <gpxtpx:TrackPointExtension>
            <gpxtpx:hr>161</gpxtpx:hr>
          </gpxtpx:TrackPointExtension>
        </extensions>
      </trkpt>
      <trkpt lat="37.82601972226622" lon="112.00651309080557">
        <ele>1264.4000244140625</ele>
        <time>2021-04-09T08:35:48Z</time>
        <extensions>
          <gpxtpx:TrackPointExtension>
            <gpxtpx:hr>159</gpxtpx:hr>
          </gpxtpx:TrackPointExtension>
        </extensions>
      </trkpt>
      <trkpt lat="37.82578273161247" lon="112.00649817194024">
        <ele>1265.800048828125</ele>
        <time>2021-04-09T08:35:57Z</time>
        <extensions>
          <gpxtpx:TrackPointExtension>
            <gpxtpx:hr>159</gpxtpx:hr>
          </gpxtpx:TrackPointExtension>
        </extensions>
      </trkpt>
      <trkpt lat="37.825665732069915" lon="112.00649220704082">
        <ele>1266.0</ele>
        <time>2021-04-09T08:36:01Z</time>
        <extensions>
          <gpxtpx:TrackPointExtension>
            <gpxtpx:hr>160</gpxtpx:hr>
          </gpxtpx:TrackPointExtension>
        </extensions>
      </trkpt>
      <trkpt lat="37.825478739979154" lon="112.00648027164122">
        <ele>1266.4000244140625</ele>
        <time>2021-04-09T08:36:08Z</time>
        <extensions>
          <gpxtpx:TrackPointExtension>
            <gpxtpx:hr>158</gpxtpx:hr>
          </gpxtpx:TrackPointExtension>
        </extensions>
      </trkpt>
      <trkpt lat="37.82530081755064" lon="112.00644541627796">
        <ele>1266.800048828125</ele>
        <time>2021-04-09T08:36:15Z</time>
        <extensions>
          <gpxtpx:TrackPointExtension>
            <gpxtpx:hr>160</gpxtpx:hr>
          </gpxtpx:TrackPointExtension>
        </extensions>
      </trkpt>
      <trkpt lat="37.825160865138095" lon="112.00642251407842">
        <ele>1266.800048828125</ele>
        <time>2021-04-09T08:36:20Z</time>
        <extensions>
          <gpxtpx:TrackPointExtension>
            <gpxtpx:hr>160</gpxtpx:hr>
          </gpxtpx:TrackPointExtension>
        </extensions>
      </trkpt>
      <trkpt lat="37.8249919500431" lon="112.00638566472408">
        <ele>1267.800048828125</ele>
        <time>2021-04-09T08:36:27Z</time>
        <extensions>
          <gpxtpx:TrackPointExtension>
            <gpxtpx:hr>159</gpxtpx:hr>
          </gpxtpx:TrackPointExtension>
        </extensions>
      </trkpt>
      <trkpt lat="37.82477506651554" lon="112.00633586697204">
        <ele>1268.800048828125</ele>
        <time>2021-04-09T08:36:36Z</time>
        <extensions>
          <gpxtpx:TrackPointExtension>
            <gpxtpx:hr>160</gpxtpx:hr>
          </gpxtpx:TrackPointExtension>
        </extensions>
      </trkpt>
      <trkpt lat="37.82451516779038" lon="112.00628906379137">
        <ele>1269.5999755859375</ele>
        <time>2021-04-09T08:36:46Z</time>
        <extensions>
          <gpxtpx:TrackPointExtension>
            <gpxtpx:hr>158</gpxtpx:hr>
          </gpxtpx:TrackPointExtension>
        </extensions>
      </trkpt>
      <trkpt lat="37.82427127743809" lon="112.00624026579143">
        <ele>1269.4000244140625</ele>
        <time>2021-04-09T08:36:55Z</time>
        <extensions>
          <gpxtpx:TrackPointExtension>
            <gpxtpx:hr>158</gpxtpx:hr>
          </gpxtpx:TrackPointExtension>
        </extensions>
      </trkpt>
      <trkpt lat="37.82398842005933" lon="112.0061785183615">
        <ele>1268.800048828125</ele>
        <time>2021-04-09T08:37:05Z</time>
        <extensions>
          <gpxtpx:TrackPointExtension>
            <gpxtpx:hr>155</gpxtpx:hr>
          </gpxtpx:TrackPointExtension>
        </extensions>
      </trkpt>
      <trkpt lat="37.82371254299371" lon="112.0061237454308">
        <ele>1268.800048828125</ele>
        <time>2021-04-09T08:37:15Z</time>
        <extensions>
          <gpxtpx:TrackPointExtension>
            <gpxtpx:hr>154</gpxtpx:hr>
          </gpxtpx:TrackPointExtension>
        </extensions>
      </trkpt>
      <trkpt lat="37.823607572170424" lon="112.00610881090788">
        <ele>1269.0</ele>
        <time>2021-04-09T08:37:19Z</time>
        <extensions>
          <gpxtpx:TrackPointExtension>
            <gpxtpx:hr>152</gpxtpx:hr>
          </gpxtpx:TrackPointExtension>
        </extensions>
      </trkpt>
      <trkpt lat="37.82342156865606" lon="112.00610086132077">
        <ele>1269.5999755859375</ele>
        <time>2021-04-09T08:37:26Z</time>
        <extensions>
          <gpxtpx:TrackPointExtension>
            <gpxtpx:hr>150</gpxtpx:hr>
          </gpxtpx:TrackPointExtension>
        </extensions>
      </trkpt>
      <trkpt lat="37.82322248892527" lon="112.0061178250047">
        <ele>1270.4000244140625</ele>
        <time>2021-04-09T08:37:34Z</time>
        <extensions>
          <gpxtpx:TrackPointExtension>
            <gpxtpx:hr>149</gpxtpx:hr>
          </gpxtpx:TrackPointExtension>
        </extensions>
      </trkpt>
      <trkpt lat="37.82303739641047" lon="112.0061397693709">
        <ele>1270.5999755859375</ele>
        <time>2021-04-09T08:37:41Z</time>
        <extensions>
          <gpxtpx:TrackPointExtension>
            <gpxtpx:hr>151</gpxtpx:hr>
          </gpxtpx:TrackPointExtension>
        </extensions>
      </trkpt>
      <trkpt lat="37.822937343120465" lon="112.00615273538925">
        <ele>1270.800048828125</ele>
        <time>2021-04-09T08:37:45Z</time>
        <extensions>
          <gpxtpx:TrackPointExtension>
            <gpxtpx:hr>152</gpxtpx:hr>
          </gpxtpx:TrackPointExtension>
        </extensions>
      </trkpt>
      <trkpt lat="37.82271536118566" lon="112.00613582186232">
        <ele>1272.0</ele>
        <time>2021-04-09T08:37:54Z</time>
        <extensions>
          <gpxtpx:TrackPointExtension>
            <gpxtpx:hr>151</gpxtpx:hr>
          </gpxtpx:TrackPointExtension>
        </extensions>
      </trkpt>
      <trkpt lat="37.82254648515614" lon="112.00608601855146">
        <ele>1273.4000244140625</ele>
        <time>2021-04-09T08:38:01Z</time>
        <extensions>
          <gpxtpx:TrackPointExtension>
            <gpxtpx:hr>150</gpxtpx:hr>
          </gpxtpx:TrackPointExtension>
        </extensions>
      </trkpt>
      <trkpt lat="37.82245161700272" lon="112.00603720292425">
        <ele>1274.4000244140625</ele>
        <time>2021-04-09T08:38:05Z</time>
        <extensions>
          <gpxtpx:TrackPointExtension>
            <gpxtpx:hr>151</gpxtpx:hr>
          </gpxtpx:TrackPointExtension>
        </extensions>
      </trkpt>
      <trkpt lat="37.822294829078174" lon="112.00595850070232">
        <ele>1275.5999755859375</ele>
        <time>2021-04-09T08:38:11Z</time>
        <extensions>
          <gpxtpx:TrackPointExtension>
            <gpxtpx:hr>154</gpxtpx:hr>
          </gpxtpx:TrackPointExtension>
        </extensions>
      </trkpt>
      <trkpt lat="37.822144071869324" lon="112.00586983318956">
        <ele>1276.4000244140625</ele>
        <time>2021-04-09T08:38:17Z</time>
        <extensions>
          <gpxtpx:TrackPointExtension>
            <gpxtpx:hr>158</gpxtpx:hr>
          </gpxtpx:TrackPointExtension>
        </extensions>
      </trkpt>
      <trkpt lat="37.821936428513325" lon="112.00574031753477">
        <ele>1277.5999755859375</ele>
        <time>2021-04-09T08:38:25Z</time>
        <extensions>
          <gpxtpx:TrackPointExtension>
            <gpxtpx:hr>160</gpxtpx:hr>
          </gpxtpx:TrackPointExtension>
        </extensions>
      </trkpt>
      <trkpt lat="37.821771809489036" lon="112.00560481820298">
        <ele>1278.800048828125</ele>
        <time>2021-04-09T08:38:32Z</time>
        <extensions>
          <gpxtpx:TrackPointExtension>
            <gpxtpx:hr>160</gpxtpx:hr>
          </gpxtpx:TrackPointExtension>
        </extensions>
      </trkpt>
      <trkpt lat="37.821659117777145" lon="112.00549621735374">
        <ele>1279.199951171875</ele>
        <time>2021-04-09T08:38:37Z</time>
        <extensions>
          <gpxtpx:TrackPointExtension>
            <gpxtpx:hr>160</gpxtpx:hr>
          </gpxtpx:TrackPointExtension>
        </extensions>
      </trkpt>
      <trkpt lat="37.82144364375538" lon="112.00530990512523">
        <ele>1280.5999755859375</ele>
        <time>2021-04-09T08:38:46Z</time>
        <extensions>
          <gpxtpx:TrackPointExtension>
            <gpxtpx:hr>161</gpxtpx:hr>
          </gpxtpx:TrackPointExtension>
        </extensions>
      </trkpt>
      <trkpt lat="37.82128494869336" lon="112.00520031370694">
        <ele>1281.4000244140625</ele>
        <time>2021-04-09T08:38:53Z</time>
        <extensions>
          <gpxtpx:TrackPointExtension>
            <gpxtpx:hr>163</gpxtpx:hr>
          </gpxtpx:TrackPointExtension>
        </extensions>
      </trkpt>
      <trkpt lat="37.821180195962796" lon="112.00511263803675">
        <ele>1282.0</ele>
        <time>2021-04-09T08:38:58Z</time>
        <extensions>
          <gpxtpx:TrackPointExtension>
            <gpxtpx:hr>164</gpxtpx:hr>
          </gpxtpx:TrackPointExtension>
        </extensions>
      </trkpt>
      <trkpt lat="37.82103952165957" lon="112.00499706601727">
        <ele>1283.0</ele>
        <time>2021-04-09T08:39:05Z</time>
        <extensions>
          <gpxtpx:TrackPointExtension>
            <gpxtpx:hr>165</gpxtpx:hr>
          </gpxtpx:TrackPointExtension>
        </extensions>
      </trkpt>
      <trkpt lat="37.8209387338754" lon="112.00492134753442">
        <ele>1283.800048828125</ele>
        <time>2021-04-09T08:39:10Z</time>
        <extensions>
          <gpxtpx:TrackPointExtension>
            <gpxtpx:hr>166</gpxtpx:hr>
          </gpxtpx:TrackPointExtension>
        </extensions>
      </trkpt>
      <trkpt lat="37.820799042035695" lon="112.00481175438132">
        <ele>1284.4000244140625</ele>
        <time>2021-04-09T08:39:17Z</time>
        <extensions>
          <gpxtpx:TrackPointExtension>
            <gpxtpx:hr>166</gpxtpx:hr>
          </gpxtpx:TrackPointExtension>
        </extensions>
      </trkpt>
      <trkpt lat="37.820682368589964" lon="112.00469717638079">
        <ele>1285.199951171875</ele>
        <time>2021-04-09T08:39:23Z</time>
        <extensions>
          <gpxtpx:TrackPointExtension>
            <gpxtpx:hr>165</gpxtpx:hr>
          </gpxtpx:TrackPointExtension>
        </extensions>
      </trkpt>
      <trkpt lat="37.820605611413114" lon="112.00461248726663">
        <ele>1286.4000244140625</ele>
        <time>2021-04-09T08:39:27Z</time>
        <extensions>
          <gpxtpx:TrackPointExtension>
            <gpxtpx:hr>165</gpxtpx:hr>
          </gpxtpx:TrackPointExtension>
        </extensions>
      </trkpt>
      <trkpt lat="37.820509932266255" lon="112.00450089638562">
        <ele>1287.4000244140625</ele>
        <time>2021-04-09T08:39:32Z</time>
        <extensions>
          <gpxtpx:TrackPointExtension>
            <gpxtpx:hr>165</gpxtpx:hr>
          </gpxtpx:TrackPointExtension>
        </extensions>
      </trkpt>
      <trkpt lat="37.820420179354095" lon="112.00441421612238">
        <ele>1288.5999755859375</ele>
        <time>2021-04-09T08:39:37Z</time>
        <extensions>
          <gpxtpx:TrackPointExtension>
            <gpxtpx:hr>166</gpxtpx:hr>
          </gpxtpx:TrackPointExtension>
        </extensions>
      </trkpt>
      <trkpt lat="37.82051385811613" lon="112.0045258071267">
        <ele>1288.4000244140625</ele>
        <time>2021-04-09T08:39:44Z</time>
        <extensions>
          <gpxtpx:TrackPointExtension>
            <gpxtpx:hr>166</gpxtpx:hr>
          </gpxtpx:TrackPointExtension>
        </extensions>
      </trkpt>
      <trkpt lat="37.82062846832898" lon="112.00466131058631">
        <ele>1287.5999755859375</ele>
        <time>2021-04-09T08:39:50Z</time>
        <extensions>
          <gpxtpx:TrackPointExtension>
            <gpxtpx:hr>165</gpxtpx:hr>
          </gpxtpx:TrackPointExtension>
        </extensions>
      </trkpt>
      <trkpt lat="37.82076012896987" lon="112.00478086901046">
        <ele>1286.4000244140625</ele>
        <time>2021-04-09T08:39:56Z</time>
        <extensions>
          <gpxtpx:TrackPointExtension>
            <gpxtpx:hr>163</gpxtpx:hr>
          </gpxtpx:TrackPointExtension>
        </extensions>
      </trkpt>
      <trkpt lat="37.82084892684486" lon="112.00485260298107">
        <ele>1285.4000244140625</ele>
        <time>2021-04-09T08:40:00Z</time>
        <extensions>
          <gpxtpx:TrackPointExtension>
            <gpxtpx:hr>161</gpxtpx:hr>
          </gpxtpx:TrackPointExtension>
        </extensions>
      </trkpt>
      <trkpt lat="37.820936760453826" lon="112.00491237969045">
        <ele>1284.5999755859375</ele>
        <time>2021-04-09T08:40:04Z</time>
        <extensions>
          <gpxtpx:TrackPointExtension>
            <gpxtpx:hr>158</gpxtpx:hr>
          </gpxtpx:TrackPointExtension>
        </extensions>
      </trkpt>
      <trkpt lat="37.82111543419503" lon="112.00502993997331">
        <ele>1283.800048828125</ele>
        <time>2021-04-09T08:40:11Z</time>
        <extensions>
          <gpxtpx:TrackPointExtension>
            <gpxtpx:hr>154</gpxtpx:hr>
          </gpxtpx:TrackPointExtension>
        </extensions>
      </trkpt>
      <trkpt lat="37.82130296621993" lon="112.00519532927778">
        <ele>1282.800048828125</ele>
        <time>2021-04-09T08:40:19Z</time>
        <extensions>
          <gpxtpx:TrackPointExtension>
            <gpxtpx:hr>149</gpxtpx:hr>
          </gpxtpx:TrackPointExtension>
        </extensions>
      </trkpt>
      <trkpt lat="37.821505578229065" lon="112.00533480920623">
        <ele>1281.800048828125</ele>
        <time>2021-04-09T08:40:27Z</time>
        <extensions>
          <gpxtpx:TrackPointExtension>
            <gpxtpx:hr>149</gpxtpx:hr>
          </gpxtpx:TrackPointExtension>
        </extensions>
      </trkpt>
      <trkpt lat="37.821679183262226" lon="112.00547528929617">
        <ele>1280.5999755859375</ele>
        <time>2021-04-09T08:40:34Z</time>
        <extensions>
          <gpxtpx:TrackPointExtension>
            <gpxtpx:hr>146</gpxtpx:hr>
          </gpxtpx:TrackPointExtension>
        </extensions>
      </trkpt>
      <trkpt lat="37.82180089115701" lon="112.0055789067339">
        <ele>1280.0</ele>
        <time>2021-04-09T08:40:39Z</time>
        <extensions>
          <gpxtpx:TrackPointExtension>
            <gpxtpx:hr>145</gpxtpx:hr>
          </gpxtpx:TrackPointExtension>
        </extensions>
      </trkpt>
      <trkpt lat="37.822006444665" lon="112.0057383162674">
        <ele>1278.800048828125</ele>
        <time>2021-04-09T08:40:47Z</time>
        <extensions>
          <gpxtpx:TrackPointExtension>
            <gpxtpx:hr>145</gpxtpx:hr>
          </gpxtpx:TrackPointExtension>
        </extensions>
      </trkpt>
      <trkpt lat="37.82222307446201" lon="112.00587281317473">
        <ele>1278.0</ele>
        <time>2021-04-09T08:40:55Z</time>
        <extensions>
          <gpxtpx:TrackPointExtension>
            <gpxtpx:hr>143</gpxtpx:hr>
          </gpxtpx:TrackPointExtension>
        </extensions>
      </trkpt>
      <trkpt lat="37.82232989071206" lon="112.0059395636632">
        <ele>1277.0</ele>
        <time>2021-04-09T08:40:59Z</time>
        <extensions>
          <gpxtpx:TrackPointExtension>
            <gpxtpx:hr>142</gpxtpx:hr>
          </gpxtpx:TrackPointExtension>
        </extensions>
      </trkpt>
      <trkpt lat="37.82250864614653" lon="112.00603022085723">
        <ele>1276.0</ele>
        <time>2021-04-09T08:41:06Z</time>
        <extensions>
          <gpxtpx:TrackPointExtension>
            <gpxtpx:hr>140</gpxtpx:hr>
          </gpxtpx:TrackPointExtension>
        </extensions>
      </trkpt>
      <trkpt lat="37.822737453601256" lon="112.00610592516817">
        <ele>1274.0</ele>
        <time>2021-04-09T08:41:14Z</time>
        <extensions>
          <gpxtpx:TrackPointExtension>
            <gpxtpx:hr>139</gpxtpx:hr>
          </gpxtpx:TrackPointExtension>
        </extensions>
      </trkpt>
      <trkpt lat="37.822880420998665" lon="112.00612384457098">
        <ele>1272.800048828125</ele>
        <time>2021-04-09T08:41:19Z</time>
        <extensions>
          <gpxtpx:TrackPointExtension>
            <gpxtpx:hr>140</gpxtpx:hr>
          </gpxtpx:TrackPointExtension>
        </extensions>
      </trkpt>
      <trkpt lat="37.823068496094905" lon="112.00610787866532">
        <ele>1272.0</ele>
        <time>2021-04-09T08:41:26Z</time>
        <extensions>
          <gpxtpx:TrackPointExtension>
            <gpxtpx:hr>138</gpxtpx:hr>
          </gpxtpx:TrackPointExtension>
        </extensions>
      </trkpt>
      <trkpt lat="37.823288587805266" lon="112.00608792307564">
        <ele>1271.199951171875</ele>
        <time>2021-04-09T08:41:34Z</time>
        <extensions>
          <gpxtpx:TrackPointExtension>
            <gpxtpx:hr>138</gpxtpx:hr>
          </gpxtpx:TrackPointExtension>
        </extensions>
      </trkpt>
      <trkpt lat="37.823575665600046" lon="112.00607593125507">
        <ele>1269.800048828125</ele>
        <time>2021-04-09T08:41:44Z</time>
        <extensions>
          <gpxtpx:TrackPointExtension>
            <gpxtpx:hr>140</gpxtpx:hr>
          </gpxtpx:TrackPointExtension>
        </extensions>
      </trkpt>
      <trkpt lat="37.823827595574954" lon="112.0061117740993">
        <ele>1269.199951171875</ele>
        <time>2021-04-09T08:41:53Z</time>
        <extensions>
          <gpxtpx:TrackPointExtension>
            <gpxtpx:hr>139</gpxtpx:hr>
          </gpxtpx:TrackPointExtension>
        </extensions>
      </trkpt>
      <trkpt lat="37.82396850927524" lon="112.006147630187">
        <ele>1268.800048828125</ele>
        <time>2021-04-09T08:41:58Z</time>
        <extensions>
          <gpxtpx:TrackPointExtension>
            <gpxtpx:hr>139</gpxtpx:hr>
          </gpxtpx:TrackPointExtension>
        </extensions>
      </trkpt>
      <trkpt lat="37.824161374181216" lon="112.00620241302514">
        <ele>1268.5999755859375</ele>
        <time>2021-04-09T08:42:05Z</time>
        <extensions>
          <gpxtpx:TrackPointExtension>
            <gpxtpx:hr>140</gpxtpx:hr>
          </gpxtpx:TrackPointExtension>
        </extensions>
      </trkpt>
      <trkpt lat="37.8243232880721" lon="112.00623926312396">
        <ele>1270.0</ele>
        <time>2021-04-09T08:42:11Z</time>
        <extensions>
          <gpxtpx:TrackPointExtension>
            <gpxtpx:hr>141</gpxtpx:hr>
          </gpxtpx:TrackPointExtension>
        </extensions>
      </trkpt>
      <trkpt lat="37.82450919662102" lon="112.00627909979406">
        <ele>1269.800048828125</ele>
        <time>2021-04-09T08:42:18Z</time>
        <extensions>
          <gpxtpx:TrackPointExtension>
            <gpxtpx:hr>142</gpxtpx:hr>
          </gpxtpx:TrackPointExtension>
        </extensions>
      </trkpt>
      <trkpt lat="37.82476403221055" lon="112.00634682947513">
        <ele>1269.800048828125</ele>
        <time>2021-04-09T08:42:28Z</time>
        <extensions>
          <gpxtpx:TrackPointExtension>
            <gpxtpx:hr>142</gpxtpx:hr>
          </gpxtpx:TrackPointExtension>
        </extensions>
      </trkpt>
      <trkpt lat="37.8249779776787" lon="112.00637570166712">
        <ele>1269.0</ele>
        <time>2021-04-09T08:42:36Z</time>
        <extensions>
          <gpxtpx:TrackPointExtension>
            <gpxtpx:hr>143</gpxtpx:hr>
          </gpxtpx:TrackPointExtension>
        </extensions>
      </trkpt>
      <trkpt lat="37.82508793453489" lon="112.0063956180095">
        <ele>1268.5999755859375</ele>
        <time>2021-04-09T08:42:40Z</time>
        <extensions>
          <gpxtpx:TrackPointExtension>
            <gpxtpx:hr>142</gpxtpx:hr>
          </gpxtpx:TrackPointExtension>
        </extensions>
      </trkpt>
      <trkpt lat="37.825270839838076" lon="112.00643645159319">
        <ele>1268.0</ele>
        <time>2021-04-09T08:42:47Z</time>
        <extensions>
          <gpxtpx:TrackPointExtension>
            <gpxtpx:hr>142</gpxtpx:hr>
          </gpxtpx:TrackPointExtension>
        </extensions>
      </trkpt>
      <trkpt lat="37.82548574695542" lon="112.00647827785912">
        <ele>1266.4000244140625</ele>
        <time>2021-04-09T08:42:55Z</time>
        <extensions>
          <gpxtpx:TrackPointExtension>
            <gpxtpx:hr>142</gpxtpx:hr>
          </gpxtpx:TrackPointExtension>
        </extensions>
      </trkpt>
      <trkpt lat="37.82571573948682" lon="112.00649220108134">
        <ele>1265.0</ele>
        <time>2021-04-09T08:43:04Z</time>
        <extensions>
          <gpxtpx:TrackPointExtension>
            <gpxtpx:hr>140</gpxtpx:hr>
          </gpxtpx:TrackPointExtension>
        </extensions>
      </trkpt>
      <trkpt lat="37.825919778674184" lon="112.00648918734447">
        <ele>1263.800048828125</ele>
        <time>2021-04-09T08:43:11Z</time>
        <extensions>
          <gpxtpx:TrackPointExtension>
            <gpxtpx:hr>138</gpxtpx:hr>
          </gpxtpx:TrackPointExtension>
        </extensions>
      </trkpt>
      <trkpt lat="37.826203794153066" lon="112.00649812176071">
        <ele>1262.800048828125</ele>
        <time>2021-04-09T08:43:21Z</time>
        <extensions>
          <gpxtpx:TrackPointExtension>
            <gpxtpx:hr>137</gpxtpx:hr>
          </gpxtpx:TrackPointExtension>
        </extensions>
      </trkpt>
      <trkpt lat="37.826308878066556" lon="112.00647519034445">
        <ele>1262.4000244140625</ele>
        <time>2021-04-09T08:43:25Z</time>
        <extensions>
          <gpxtpx:TrackPointExtension>
            <gpxtpx:hr>137</gpxtpx:hr>
          </gpxtpx:TrackPointExtension>
        </extensions>
      </trkpt>
      <trkpt lat="37.826500057954746" lon="112.00642434743354">
        <ele>1263.4000244140625</ele>
        <time>2021-04-09T08:43:32Z</time>
        <extensions>
          <gpxtpx:TrackPointExtension>
            <gpxtpx:hr>137</gpxtpx:hr>
          </gpxtpx:TrackPointExtension>
        </extensions>
      </trkpt>
      <trkpt lat="37.82660811265295" lon="112.00641138041212">
        <ele>1262.800048828125</ele>
        <time>2021-04-09T08:43:36Z</time>
        <extensions>
          <gpxtpx:TrackPointExtension>
            <gpxtpx:hr>140</gpxtpx:hr>
          </gpxtpx:TrackPointExtension>
        </extensions>
      </trkpt>
      <trkpt lat="37.82679416413874" lon="112.00640338646">
        <ele>1261.800048828125</ele>
        <time>2021-04-09T08:43:43Z</time>
        <extensions>
          <gpxtpx:TrackPointExtension>
            <gpxtpx:hr>142</gpxtpx:hr>
          </gpxtpx:TrackPointExtension>
        </extensions>
      </trkpt>
      <trkpt lat="37.82696024831001" lon="112.00638343722163">
        <ele>1260.4000244140625</ele>
        <time>2021-04-09T08:43:49Z</time>
        <extensions>
          <gpxtpx:TrackPointExtension>
            <gpxtpx:hr>143</gpxtpx:hr>
          </gpxtpx:TrackPointExtension>
        </extensions>
      </trkpt>
      <trkpt lat="37.827132330430416" lon="112.00636448374604">
        <ele>1259.800048828125</ele>
        <time>2021-04-09T08:43:55Z</time>
        <extensions>
          <gpxtpx:TrackPointExtension>
            <gpxtpx:hr>142</gpxtpx:hr>
          </gpxtpx:TrackPointExtension>
        </extensions>
      </trkpt>
      <trkpt lat="37.827391473118645" lon="112.00632957635659">
        <ele>1258.800048828125</ele>
        <time>2021-04-09T08:44:04Z</time>
        <extensions>
          <gpxtpx:TrackPointExtension>
            <gpxtpx:hr>142</gpxtpx:hr>
          </gpxtpx:TrackPointExtension>
        </extensions>
      </trkpt>
      <trkpt lat="37.8276235999392" lon="112.00629865808767">
        <ele>1257.5999755859375</ele>
        <time>2021-04-09T08:44:12Z</time>
        <extensions>
          <gpxtpx:TrackPointExtension>
            <gpxtpx:hr>142</gpxtpx:hr>
          </gpxtpx:TrackPointExtension>
        </extensions>
      </trkpt>
      <trkpt lat="37.82774467748861" lon="112.0062787142427">
        <ele>1257.0</ele>
        <time>2021-04-09T08:44:16Z</time>
        <extensions>
          <gpxtpx:TrackPointExtension>
            <gpxtpx:hr>140</gpxtpx:hr>
          </gpxtpx:TrackPointExtension>
        </extensions>
      </trkpt>
      <trkpt lat="37.82788376963777" lon="112.00625478237512">
        <ele>1256.5999755859375</ele>
        <time>2021-04-09T08:44:21Z</time>
        <extensions>
          <gpxtpx:TrackPointExtension>
            <gpxtpx:hr>137</gpxtpx:hr>
          </gpxtpx:TrackPointExtension>
        </extensions>
      </trkpt>
      <trkpt lat="37.82806385606807" lon="112.00623483151037">
        <ele>1255.800048828125</ele>
        <time>2021-04-09T08:44:27Z</time>
        <extensions>
          <gpxtpx:TrackPointExtension>
            <gpxtpx:hr>136</gpxtpx:hr>
          </gpxtpx:TrackPointExtension>
        </extensions>
      </trkpt>
      <trkpt lat="37.82818091226222" lon="112.00622186345132">
        <ele>1254.4000244140625</ele>
        <time>2021-04-09T08:44:31Z</time>
        <extensions>
          <gpxtpx:TrackPointExtension>
            <gpxtpx:hr>136</gpxtpx:hr>
          </gpxtpx:TrackPointExtension>
        </extensions>
      </trkpt>
      <trkpt lat="37.828391006216336" lon="112.00620091255027">
        <ele>1254.0</ele>
        <time>2021-04-09T08:44:38Z</time>
        <extensions>
          <gpxtpx:TrackPointExtension>
            <gpxtpx:hr>136</gpxtpx:hr>
          </gpxtpx:TrackPointExtension>
        </extensions>
      </trkpt>
      <trkpt lat="37.828559040384064" lon="112.00619790311674">
        <ele>1253.4000244140625</ele>
        <time>2021-04-09T08:44:44Z</time>
        <extensions>
          <gpxtpx:TrackPointExtension>
            <gpxtpx:hr>136</gpxtpx:hr>
          </gpxtpx:TrackPointExtension>
        </extensions>
      </trkpt>
      <trkpt lat="37.828703106631245" lon="112.00618293890699">
        <ele>1252.4000244140625</ele>
        <time>2021-04-09T08:44:49Z</time>
        <extensions>
          <gpxtpx:TrackPointExtension>
            <gpxtpx:hr>136</gpxtpx:hr>
          </gpxtpx:TrackPointExtension>
        </extensions>
      </trkpt>
      <trkpt lat="37.82896317847386" lon="112.00617194675219">
        <ele>1251.5999755859375</ele>
        <time>2021-04-09T08:44:58Z</time>
        <extensions>
          <gpxtpx:TrackPointExtension>
            <gpxtpx:hr>135</gpxtpx:hr>
          </gpxtpx:TrackPointExtension>
        </extensions>
      </trkpt>
      <trkpt lat="37.829171230631765" lon="112.00616494667433">
        <ele>1251.199951171875</ele>
        <time>2021-04-09T08:45:05Z</time>
        <extensions>
          <gpxtpx:TrackPointExtension>
            <gpxtpx:hr>134</gpxtpx:hr>
          </gpxtpx:TrackPointExtension>
        </extensions>
      </trkpt>
      <trkpt lat="37.82928826611564" lon="112.00615895391283">
        <ele>1250.5999755859375</ele>
        <time>2021-04-09T08:45:09Z</time>
        <extensions>
          <gpxtpx:TrackPointExtension>
            <gpxtpx:hr>135</gpxtpx:hr>
          </gpxtpx:TrackPointExtension>
        </extensions>
      </trkpt>
      <trkpt lat="37.8294853136876" lon="112.00615295161644">
        <ele>1250.4000244140625</ele>
        <time>2021-04-09T08:45:16Z</time>
        <extensions>
          <gpxtpx:TrackPointExtension>
            <gpxtpx:hr>137</gpxtpx:hr>
          </gpxtpx:TrackPointExtension>
        </extensions>
      </trkpt>
      <trkpt lat="37.8296993460186" lon="112.0061529261091">
        <ele>1249.4000244140625</ele>
        <time>2021-04-09T08:45:23Z</time>
        <extensions>
          <gpxtpx:TrackPointExtension>
            <gpxtpx:hr>139</gpxtpx:hr>
          </gpxtpx:TrackPointExtension>
        </extensions>
      </trkpt>
      <trkpt lat="37.829938394056136" lon="112.00614891174502">
        <ele>1248.199951171875</ele>
        <time>2021-04-09T08:45:31Z</time>
        <extensions>
          <gpxtpx:TrackPointExtension>
            <gpxtpx:hr>141</gpxtpx:hr>
          </gpxtpx:TrackPointExtension>
        </extensions>
      </trkpt>
      <trkpt lat="37.83017539129051" lon="112.0061618375954">
        <ele>1247.199951171875</ele>
        <time>2021-04-09T08:45:39Z</time>
        <extensions>
          <gpxtpx:TrackPointExtension>
            <gpxtpx:hr>141</gpxtpx:hr>
          </gpxtpx:TrackPointExtension>
        </extensions>
      </trkpt>
      <trkpt lat="37.83040735510815" lon="112.00618572520838">
        <ele>1246.199951171875</ele>
        <time>2021-04-09T08:45:47Z</time>
        <extensions>
          <gpxtpx:TrackPointExtension>
            <gpxtpx:hr>140</gpxtpx:hr>
          </gpxtpx:TrackPointExtension>
        </extensions>
      </trkpt>
      <trkpt lat="37.83052839129815" lon="112.00617973196788">
        <ele>1245.4000244140625</ele>
        <time>2021-04-09T08:45:51Z</time>
        <extensions>
          <gpxtpx:TrackPointExtension>
            <gpxtpx:hr>139</gpxtpx:hr>
          </gpxtpx:TrackPointExtension>
        </extensions>
      </trkpt>
      <trkpt lat="37.83065142482959" lon="112.00617473495889">
        <ele>1244.800048828125</ele>
        <time>2021-04-09T08:45:55Z</time>
        <extensions>
          <gpxtpx:TrackPointExtension>
            <gpxtpx:hr>139</gpxtpx:hr>
          </gpxtpx:TrackPointExtension>
        </extensions>
      </trkpt>
      <trkpt lat="37.83086351648634" lon="112.00615478030234">
        <ele>1244.4000244140625</ele>
        <time>2021-04-09T08:46:02Z</time>
        <extensions>
          <gpxtpx:TrackPointExtension>
            <gpxtpx:hr>137</gpxtpx:hr>
          </gpxtpx:TrackPointExtension>
        </extensions>
      </trkpt>
      <trkpt lat="37.830980561027346" lon="112.006145798134">
        <ele>1243.199951171875</ele>
        <time>2021-04-09T08:46:06Z</time>
        <extensions>
          <gpxtpx:TrackPointExtension>
            <gpxtpx:hr>136</gpxtpx:hr>
          </gpxtpx:TrackPointExtension>
        </extensions>
      </trkpt>
      <trkpt lat="37.83109762341758" lon="112.00613083715355">
        <ele>1243.5999755859375</ele>
        <time>2021-04-09T08:46:10Z</time>
        <extensions>
          <gpxtpx:TrackPointExtension>
            <gpxtpx:hr>137</gpxtpx:hr>
          </gpxtpx:TrackPointExtension>
        </extensions>
      </trkpt>
      <trkpt lat="37.83130969730878" lon="112.00611686132088">
        <ele>1243.4000244140625</ele>
        <time>2021-04-09T08:46:17Z</time>
        <extensions>
          <gpxtpx:TrackPointExtension>
            <gpxtpx:hr>140</gpxtpx:hr>
          </gpxtpx:TrackPointExtension>
        </extensions>
      </trkpt>
      <trkpt lat="37.83155573776133" lon="112.0061158355288">
        <ele>1242.5999755859375</ele>
        <time>2021-04-09T08:46:25Z</time>
        <extensions>
          <gpxtpx:TrackPointExtension>
            <gpxtpx:hr>140</gpxtpx:hr>
          </gpxtpx:TrackPointExtension>
        </extensions>
      </trkpt>
      <trkpt lat="37.83178880897921" lon="112.00610385013252">
        <ele>1242.199951171875</ele>
        <time>2021-04-09T08:46:33Z</time>
        <extensions>
          <gpxtpx:TrackPointExtension>
            <gpxtpx:hr>143</gpxtpx:hr>
          </gpxtpx:TrackPointExtension>
        </extensions>
      </trkpt>
      <trkpt lat="37.832034822752235" lon="112.0061117925564">
        <ele>1242.0</ele>
        <time>2021-04-09T08:46:41Z</time>
        <extensions>
          <gpxtpx:TrackPointExtension>
            <gpxtpx:hr>144</gpxtpx:hr>
          </gpxtpx:TrackPointExtension>
        </extensions>
      </trkpt>
      <trkpt lat="37.83215680571537" lon="112.0061237356367">
        <ele>1242.0</ele>
        <time>2021-04-09T08:46:45Z</time>
        <extensions>
          <gpxtpx:TrackPointExtension>
            <gpxtpx:hr>145</gpxtpx:hr>
          </gpxtpx:TrackPointExtension>
        </extensions>
      </trkpt>
      <trkpt lat="37.832349737117106" lon="112.00615659610368">
        <ele>1241.800048828125</ele>
        <time>2021-04-09T08:46:51Z</time>
        <extensions>
          <gpxtpx:TrackPointExtension>
            <gpxtpx:hr>146</gpxtpx:hr>
          </gpxtpx:TrackPointExtension>
        </extensions>
      </trkpt>
      <trkpt lat="37.8324636386265" lon="112.00619544481987">
        <ele>1241.800048828125</ele>
        <time>2021-04-09T08:46:55Z</time>
        <extensions>
          <gpxtpx:TrackPointExtension>
            <gpxtpx:hr>146</gpxtpx:hr>
          </gpxtpx:TrackPointExtension>
        </extensions>
      </trkpt>
      <trkpt lat="37.83266241944723" lon="112.00627912459458">
        <ele>1242.0</ele>
        <time>2021-04-09T08:47:02Z</time>
        <extensions>
          <gpxtpx:TrackPointExtension>
            <gpxtpx:hr>146</gpxtpx:hr>
          </gpxtpx:TrackPointExtension>
        </extensions>
      </trkpt>
      <trkpt lat="37.83294117402068" lon="112.00637574906264">
        <ele>1240.5999755859375</ele>
        <time>2021-04-09T08:47:12Z</time>
        <extensions>
          <gpxtpx:TrackPointExtension>
            <gpxtpx:hr>149</gpxtpx:hr>
          </gpxtpx:TrackPointExtension>
        </extensions>
      </trkpt>
      <trkpt lat="37.83314601241542" lon="112.00644049533743">
        <ele>1240.4000244140625</ele>
        <time>2021-04-09T08:47:19Z</time>
        <extensions>
          <gpxtpx:TrackPointExtension>
            <gpxtpx:hr>150</gpxtpx:hr>
          </gpxtpx:TrackPointExtension>
        </extensions>
      </trkpt>
      <trkpt lat="37.83325889316574" lon="112.00648631963699">
        <ele>1240.199951171875</ele>
        <time>2021-04-09T08:47:23Z</time>
        <extensions>
          <gpxtpx:TrackPointExtension>
            <gpxtpx:hr>150</gpxtpx:hr>
          </gpxtpx:TrackPointExtension>
        </extensions>
      </trkpt>
      <trkpt lat="37.83345672170043" lon="112.00655405626776">
        <ele>1239.800048828125</ele>
        <time>2021-04-09T08:47:30Z</time>
        <extensions>
          <gpxtpx:TrackPointExtension>
            <gpxtpx:hr>149</gpxtpx:hr>
          </gpxtpx:TrackPointExtension>
        </extensions>
      </trkpt>
      <trkpt lat="37.83372249251824" lon="112.00664470379381">
        <ele>1238.800048828125</ele>
        <time>2021-04-09T08:47:39Z</time>
        <extensions>
          <gpxtpx:TrackPointExtension>
            <gpxtpx:hr>148</gpxtpx:hr>
          </gpxtpx:TrackPointExtension>
        </extensions>
      </trkpt>
      <trkpt lat="37.83383138466801" lon="112.00668654279373">
        <ele>1237.5999755859375</ele>
        <time>2021-04-09T08:47:43Z</time>
        <extensions>
          <gpxtpx:TrackPointExtension>
            <gpxtpx:hr>146</gpxtpx:hr>
          </gpxtpx:TrackPointExtension>
        </extensions>
      </trkpt>
      <trkpt lat="37.83409716755091" lon="112.00677320457578">
        <ele>1235.4000244140625</ele>
        <time>2021-04-09T08:47:52Z</time>
        <extensions>
          <gpxtpx:TrackPointExtension>
            <gpxtpx:hr>145</gpxtpx:hr>
          </gpxtpx:TrackPointExtension>
        </extensions>
      </trkpt>
      <trkpt lat="37.83433295186533" lon="112.0068578770826">
        <ele>1234.5999755859375</ele>
        <time>2021-04-09T08:48:00Z</time>
        <extensions>
          <gpxtpx:TrackPointExtension>
            <gpxtpx:hr>145</gpxtpx:hr>
          </gpxtpx:TrackPointExtension>
        </extensions>
      </trkpt>
      <trkpt lat="37.83457576702337" lon="112.00693258405592">
        <ele>1233.800048828125</ele>
        <time>2021-04-09T08:48:08Z</time>
        <extensions>
          <gpxtpx:TrackPointExtension>
            <gpxtpx:hr>146</gpxtpx:hr>
          </gpxtpx:TrackPointExtension>
        </extensions>
      </trkpt>
      <trkpt lat="37.834807779171655" lon="112.0069405282276">
        <ele>1233.800048828125</ele>
        <time>2021-04-09T08:48:16Z</time>
        <extensions>
          <gpxtpx:TrackPointExtension>
            <gpxtpx:hr>146</gpxtpx:hr>
          </gpxtpx:TrackPointExtension>
        </extensions>
      </trkpt>
      <trkpt lat="37.83508297292799" lon="112.00688967497058">
        <ele>1232.800048828125</ele>
        <time>2021-04-09T08:48:25Z</time>
        <extensions>
          <gpxtpx:TrackPointExtension>
            <gpxtpx:hr>146</gpxtpx:hr>
          </gpxtpx:TrackPointExtension>
        </extensions>
      </trkpt>
      <trkpt lat="37.83525989658046" lon="112.00692453064421">
        <ele>1233.199951171875</ele>
        <time>2021-04-09T08:48:31Z</time>
        <extensions>
          <gpxtpx:TrackPointExtension>
            <gpxtpx:hr>146</gpxtpx:hr>
          </gpxtpx:TrackPointExtension>
        </extensions>
      </trkpt>
      <trkpt lat="37.83539931374444" lon="112.00712779611487">
        <ele>1233.199951171875</ele>
        <time>2021-04-09T08:48:38Z</time>
        <extensions>
          <gpxtpx:TrackPointExtension>
            <gpxtpx:hr>146</gpxtpx:hr>
          </gpxtpx:TrackPointExtension>
        </extensions>
      </trkpt>
      <trkpt lat="37.83551977580473" lon="112.00731512068616">
        <ele>1233.199951171875</ele>
        <time>2021-04-09T08:48:45Z</time>
        <extensions>
          <gpxtpx:TrackPointExtension>
            <gpxtpx:hr>146</gpxtpx:hr>
          </gpxtpx:TrackPointExtension>
        </extensions>
      </trkpt>
      <trkpt lat="37.83567371090624" lon="112.00734499688643">
        <ele>1233.4000244140625</ele>
        <time>2021-04-09T08:48:51Z</time>
        <extensions>
          <gpxtpx:TrackPointExtension>
            <gpxtpx:hr>146</gpxtpx:hr>
          </gpxtpx:TrackPointExtension>
        </extensions>
      </trkpt>
      <trkpt lat="37.83585867452635" lon="112.00736689751159">
        <ele>1233.4000244140625</ele>
        <time>2021-04-09T08:48:58Z</time>
        <extensions>
          <gpxtpx:TrackPointExtension>
            <gpxtpx:hr>149</gpxtpx:hr>
          </gpxtpx:TrackPointExtension>
        </extensions>
      </trkpt>
      <trkpt lat="37.836105538331566" lon="112.00742566075839">
        <ele>1233.199951171875</ele>
        <time>2021-04-09T08:49:07Z</time>
        <extensions>
          <gpxtpx:TrackPointExtension>
            <gpxtpx:hr>149</gpxtpx:hr>
          </gpxtpx:TrackPointExtension>
        </extensions>
      </trkpt>
      <trkpt lat="37.83622147353527" lon="112.007453548564">
        <ele>1232.800048828125</ele>
        <time>2021-04-09T08:49:11Z</time>
        <extensions>
          <gpxtpx:TrackPointExtension>
            <gpxtpx:hr>149</gpxtpx:hr>
          </gpxtpx:TrackPointExtension>
        </extensions>
      </trkpt>
      <trkpt lat="37.83640532468913" lon="112.0075133158886">
        <ele>1232.4000244140625</ele>
        <time>2021-04-09T08:49:18Z</time>
        <extensions>
          <gpxtpx:TrackPointExtension>
            <gpxtpx:hr>148</gpxtpx:hr>
          </gpxtpx:TrackPointExtension>
        </extensions>
      </trkpt>
      <trkpt lat="37.836680101385085" lon="112.00760296709346">
        <ele>1231.5999755859375</ele>
        <time>2021-04-09T08:49:28Z</time>
        <extensions>
          <gpxtpx:TrackPointExtension>
            <gpxtpx:hr>147</gpxtpx:hr>
          </gpxtpx:TrackPointExtension>
        </extensions>
      </trkpt>
      <trkpt lat="37.836956798737965" lon="112.00771952344225">
        <ele>1231.800048828125</ele>
        <time>2021-04-09T08:49:38Z</time>
        <extensions>
          <gpxtpx:TrackPointExtension>
            <gpxtpx:hr>145</gpxtpx:hr>
          </gpxtpx:TrackPointExtension>
        </extensions>
      </trkpt>
      <trkpt lat="37.83721755879454" lon="112.00781415905715">
        <ele>1231.4000244140625</ele>
        <time>2021-04-09T08:49:47Z</time>
        <extensions>
          <gpxtpx:TrackPointExtension>
            <gpxtpx:hr>143</gpxtpx:hr>
          </gpxtpx:TrackPointExtension>
        </extensions>
      </trkpt>
      <trkpt lat="37.837471338580954" lon="112.0079018201824">
        <ele>1230.4000244140625</ele>
        <time>2021-04-09T08:49:56Z</time>
        <extensions>
          <gpxtpx:TrackPointExtension>
            <gpxtpx:hr>144</gpxtpx:hr>
          </gpxtpx:TrackPointExtension>
        </extensions>
      </trkpt>
      <trkpt lat="37.83773805264161" lon="112.00801239927459">
        <ele>1229.5999755859375</ele>
        <time>2021-04-09T08:50:05Z</time>
        <extensions>
          <gpxtpx:TrackPointExtension>
            <gpxtpx:hr>145</gpxtpx:hr>
          </gpxtpx:TrackPointExtension>
        </extensions>
      </trkpt>
      <trkpt lat="37.837888878549364" lon="112.00807914651631">
        <ele>1229.0</ele>
        <time>2021-04-09T08:50:10Z</time>
        <extensions>
          <gpxtpx:TrackPointExtension>
            <gpxtpx:hr>145</gpxtpx:hr>
          </gpxtpx:TrackPointExtension>
        </extensions>
      </trkpt>
      <trkpt lat="37.83806772071957" lon="112.0081419044935">
        <ele>1228.199951171875</ele>
        <time>2021-04-09T08:50:16Z</time>
        <extensions>
          <gpxtpx:TrackPointExtension>
            <gpxtpx:hr>145</gpxtpx:hr>
          </gpxtpx:TrackPointExtension>
        </extensions>
      </trkpt>
      <trkpt lat="37.83821561413773" lon="112.00818573275478">
        <ele>1228.0</ele>
        <time>2021-04-09T08:50:21Z</time>
        <extensions>
          <gpxtpx:TrackPointExtension>
            <gpxtpx:hr>146</gpxtpx:hr>
          </gpxtpx:TrackPointExtension>
        </extensions>
      </trkpt>
      <trkpt lat="37.83838549630307" lon="112.00823454091666">
        <ele>1227.0</ele>
        <time>2021-04-09T08:50:27Z</time>
        <extensions>
          <gpxtpx:TrackPointExtension>
            <gpxtpx:hr>146</gpxtpx:hr>
          </gpxtpx:TrackPointExtension>
        </extensions>
      </trkpt>
      <trkpt lat="37.83862356614648" lon="112.00822355102164">
        <ele>1226.199951171875</ele>
        <time>2021-04-09T08:50:34Z</time>
        <extensions>
          <gpxtpx:TrackPointExtension>
            <gpxtpx:hr>146</gpxtpx:hr>
          </gpxtpx:TrackPointExtension>
        </extensions>
      </trkpt>
      <trkpt lat="37.838909690777726" lon="112.00819661141838">
        <ele>1225.199951171875</ele>
        <time>2021-04-09T08:50:43Z</time>
        <extensions>
          <gpxtpx:TrackPointExtension>
            <gpxtpx:hr>145</gpxtpx:hr>
          </gpxtpx:TrackPointExtension>
        </extensions>
      </trkpt>
      <trkpt lat="37.83910080935261" lon="112.0081666936695">
        <ele>1224.800048828125</ele>
        <time>2021-04-09T08:50:49Z</time>
        <extensions>
          <gpxtpx:TrackPointExtension>
            <gpxtpx:hr>146</gpxtpx:hr>
          </gpxtpx:TrackPointExtension>
        </extensions>
      </trkpt>
      <trkpt lat="37.83937692071433" lon="112.00814374127579">
        <ele>1223.800048828125</ele>
        <time>2021-04-09T08:50:58Z</time>
        <extensions>
          <gpxtpx:TrackPointExtension>
            <gpxtpx:hr>147</gpxtpx:hr>
          </gpxtpx:TrackPointExtension>
        </extensions>
      </trkpt>
      <trkpt lat="37.839599059014986" lon="112.00810883736602">
        <ele>1223.199951171875</ele>
        <time>2021-04-09T08:51:05Z</time>
        <extensions>
          <gpxtpx:TrackPointExtension>
            <gpxtpx:hr>148</gpxtpx:hr>
          </gpxtpx:TrackPointExtension>
        </extensions>
      </trkpt>
      <trkpt lat="37.839718145677196" lon="112.00808590373025">
        <ele>1222.800048828125</ele>
        <time>2021-04-09T08:51:09Z</time>
        <extensions>
          <gpxtpx:TrackPointExtension>
            <gpxtpx:hr>149</gpxtpx:hr>
          </gpxtpx:TrackPointExtension>
        </extensions>
      </trkpt>
      <trkpt lat="37.83990229870566" lon="112.0080440289133">
        <ele>1222.5999755859375</ele>
        <time>2021-04-09T08:51:15Z</time>
        <extensions>
          <gpxtpx:TrackPointExtension>
            <gpxtpx:hr>150</gpxtpx:hr>
          </gpxtpx:TrackPointExtension>
        </extensions>
      </trkpt>
      <trkpt lat="37.84008639864282" lon="112.00802009104827">
        <ele>1222.4000244140625</ele>
        <time>2021-04-09T08:51:21Z</time>
        <extensions>
          <gpxtpx:TrackPointExtension>
            <gpxtpx:hr>151</gpxtpx:hr>
          </gpxtpx:TrackPointExtension>
        </extensions>
      </trkpt>
      <trkpt lat="37.84024041710902" lon="112.00802206566182">
        <ele>1221.5999755859375</ele>
        <time>2021-04-09T08:51:26Z</time>
        <extensions>
          <gpxtpx:TrackPointExtension>
            <gpxtpx:hr>151</gpxtpx:hr>
          </gpxtpx:TrackPointExtension>
        </extensions>
      </trkpt>
      <trkpt lat="37.84038534266587" lon="112.00805493273171">
        <ele>1221.0</ele>
        <time>2021-04-09T08:51:31Z</time>
        <extensions>
          <gpxtpx:TrackPointExtension>
            <gpxtpx:hr>151</gpxtpx:hr>
          </gpxtpx:TrackPointExtension>
        </extensions>
      </trkpt>
      <trkpt lat="37.8405722365446" lon="112.00810074926707">
        <ele>1220.800048828125</ele>
        <time>2021-04-09T08:51:38Z</time>
        <extensions>
          <gpxtpx:TrackPointExtension>
            <gpxtpx:hr>151</gpxtpx:hr>
          </gpxtpx:TrackPointExtension>
        </extensions>
      </trkpt>
      <trkpt lat="37.84080711448529" lon="112.00815453208891">
        <ele>1219.5999755859375</ele>
        <time>2021-04-09T08:51:46Z</time>
        <extensions>
          <gpxtpx:TrackPointExtension>
            <gpxtpx:hr>152</gpxtpx:hr>
          </gpxtpx:TrackPointExtension>
        </extensions>
      </trkpt>
      <trkpt lat="37.84107607754013" lon="112.00818140543451">
        <ele>1219.5999755859375</ele>
        <time>2021-04-09T08:51:55Z</time>
        <extensions>
          <gpxtpx:TrackPointExtension>
            <gpxtpx:hr>150</gpxtpx:hr>
          </gpxtpx:TrackPointExtension>
        </extensions>
      </trkpt>
      <trkpt lat="37.841193116779" lon="112.00817441598197">
        <ele>1219.0</ele>
        <time>2021-04-09T08:51:59Z</time>
        <extensions>
          <gpxtpx:TrackPointExtension>
            <gpxtpx:hr>149</gpxtpx:hr>
          </gpxtpx:TrackPointExtension>
        </extensions>
      </trkpt>
      <trkpt lat="37.841397240667405" lon="112.00814350019525">
        <ele>1219.0</ele>
        <time>2021-04-09T08:52:06Z</time>
        <extensions>
          <gpxtpx:TrackPointExtension>
            <gpxtpx:hr>149</gpxtpx:hr>
          </gpxtpx:TrackPointExtension>
        </extensions>
      </trkpt>
      <trkpt lat="37.841536513604666" lon="112.00805878135073">
        <ele>1218.800048828125</ele>
        <time>2021-04-09T08:52:11Z</time>
        <extensions>
          <gpxtpx:TrackPointExtension>
            <gpxtpx:hr>150</gpxtpx:hr>
          </gpxtpx:TrackPointExtension>
        </extensions>
      </trkpt>
      <trkpt lat="37.84168272575894" lon="112.00799498818503">
        <ele>1218.5999755859375</ele>
        <time>2021-04-09T08:52:16Z</time>
        <extensions>
          <gpxtpx:TrackPointExtension>
            <gpxtpx:hr>149</gpxtpx:hr>
          </gpxtpx:TrackPointExtension>
        </extensions>
      </trkpt>
      <trkpt lat="37.84185206272013" lon="112.00789033607855">
        <ele>1218.199951171875</ele>
        <time>2021-04-09T08:52:22Z</time>
        <extensions>
          <gpxtpx:TrackPointExtension>
            <gpxtpx:hr>148</gpxtpx:hr>
          </gpxtpx:TrackPointExtension>
        </extensions>
      </trkpt>
      <trkpt lat="37.842094639015805" lon="112.00770894557577">
        <ele>1217.0</ele>
        <time>2021-04-09T08:52:31Z</time>
        <extensions>
          <gpxtpx:TrackPointExtension>
            <gpxtpx:hr>148</gpxtpx:hr>
          </gpxtpx:TrackPointExtension>
        </extensions>
      </trkpt>
      <trkpt lat="37.842348190877445" lon="112.00753652266157">
        <ele>1216.4000244140625</ele>
        <time>2021-04-09T08:52:41Z</time>
        <extensions>
          <gpxtpx:TrackPointExtension>
            <gpxtpx:hr>149</gpxtpx:hr>
          </gpxtpx:TrackPointExtension>
        </extensions>
      </trkpt>
      <trkpt lat="37.84252959253508" lon="112.0074109436415">
        <ele>1216.4000244140625</ele>
        <time>2021-04-09T08:52:48Z</time>
        <extensions>
          <gpxtpx:TrackPointExtension>
            <gpxtpx:hr>149</gpxtpx:hr>
          </gpxtpx:TrackPointExtension>
        </extensions>
      </trkpt>
      <trkpt lat="37.84269093495208" lon="112.0073043004569">
        <ele>1216.0</ele>
        <time>2021-04-09T08:52:54Z</time>
        <extensions>
          <gpxtpx:TrackPointExtension>
            <gpxtpx:hr>148</gpxtpx:hr>
          </gpxtpx:TrackPointExtension>
        </extensions>
      </trkpt>
      <trkpt lat="37.842901430483835" lon="112.00714882392907">
        <ele>1215.199951171875</ele>
        <time>2021-04-09T08:53:02Z</time>
        <extensions>
          <gpxtpx:TrackPointExtension>
            <gpxtpx:hr>146</gpxtpx:hr>
          </gpxtpx:TrackPointExtension>
        </extensions>
      </trkpt>
      <trkpt lat="37.843142058578294" lon="112.00695049553741">
        <ele>1214.5999755859375</ele>
        <time>2021-04-09T08:53:11Z</time>
        <extensions>
          <gpxtpx:TrackPointExtension>
            <gpxtpx:hr>146</gpxtpx:hr>
          </gpxtpx:TrackPointExtension>
        </extensions>
      </trkpt>
      <trkpt lat="37.84333153659718" lon="112.00680000471132">
        <ele>1214.0</ele>
        <time>2021-04-09T08:53:18Z</time>
        <extensions>
          <gpxtpx:TrackPointExtension>
            <gpxtpx:hr>149</gpxtpx:hr>
          </gpxtpx:TrackPointExtension>
        </extensions>
      </trkpt>
      <trkpt lat="37.843457811913694" lon="112.0067142926609">
        <ele>1213.5999755859375</ele>
        <time>2021-04-09T08:53:23Z</time>
        <extensions>
          <gpxtpx:TrackPointExtension>
            <gpxtpx:hr>150</gpxtpx:hr>
          </gpxtpx:TrackPointExtension>
        </extensions>
      </trkpt>
      <trkpt lat="37.84362725450135" lon="112.0065747659498">
        <ele>1213.0</ele>
        <time>2021-04-09T08:53:30Z</time>
        <extensions>
          <gpxtpx:TrackPointExtension>
            <gpxtpx:hr>150</gpxtpx:hr>
          </gpxtpx:TrackPointExtension>
        </extensions>
      </trkpt>
      <trkpt lat="37.84385478385867" lon="112.00640932431884">
        <ele>1212.800048828125</ele>
        <time>2021-04-09T08:53:39Z</time>
        <extensions>
          <gpxtpx:TrackPointExtension>
            <gpxtpx:hr>149</gpxtpx:hr>
          </gpxtpx:TrackPointExtension>
        </extensions>
      </trkpt>
      <trkpt lat="37.8440811113141" lon="112.00631164316724">
        <ele>1212.199951171875</ele>
        <time>2021-04-09T08:53:47Z</time>
        <extensions>
          <gpxtpx:TrackPointExtension>
            <gpxtpx:hr>146</gpxtpx:hr>
          </gpxtpx:TrackPointExtension>
        </extensions>
      </trkpt>
      <trkpt lat="37.844225357349536" lon="112.00623689072839">
        <ele>1211.800048828125</ele>
        <time>2021-04-09T08:53:52Z</time>
        <extensions>
          <gpxtpx:TrackPointExtension>
            <gpxtpx:hr>146</gpxtpx:hr>
          </gpxtpx:TrackPointExtension>
        </extensions>
      </trkpt>
      <trkpt lat="37.84439664942543" lon="112.00614818458749">
        <ele>1211.0</ele>
        <time>2021-04-09T08:53:58Z</time>
        <extensions>
          <gpxtpx:TrackPointExtension>
            <gpxtpx:hr>147</gpxtpx:hr>
          </gpxtpx:TrackPointExtension>
        </extensions>
      </trkpt>
      <trkpt lat="37.84454581316372" lon="112.00610133281477">
        <ele>1209.199951171875</ele>
        <time>2021-04-09T08:54:03Z</time>
        <extensions>
          <gpxtpx:TrackPointExtension>
            <gpxtpx:hr>148</gpxtpx:hr>
          </gpxtpx:TrackPointExtension>
        </extensions>
      </trkpt>
      <trkpt lat="37.844692756571845" lon="112.00612821991743">
        <ele>1208.800048828125</ele>
        <time>2021-04-09T08:54:08Z</time>
        <extensions>
          <gpxtpx:TrackPointExtension>
            <gpxtpx:hr>148</gpxtpx:hr>
          </gpxtpx:TrackPointExtension>
        </extensions>
      </trkpt>
      <trkpt lat="37.84487164273413" lon="112.00617602905446">
        <ele>1208.5999755859375</ele>
        <time>2021-04-09T08:54:14Z</time>
        <extensions>
          <gpxtpx:TrackPointExtension>
            <gpxtpx:hr>148</gpxtpx:hr>
          </gpxtpx:TrackPointExtension>
        </extensions>
      </trkpt>
      <trkpt lat="37.845043554561414" lon="112.00621487083231">
        <ele>1208.199951171875</ele>
        <time>2021-04-09T08:54:20Z</time>
        <extensions>
          <gpxtpx:TrackPointExtension>
            <gpxtpx:hr>148</gpxtpx:hr>
          </gpxtpx:TrackPointExtension>
        </extensions>
      </trkpt>
      <trkpt lat="37.84520150874165" lon="112.00623876725389">
        <ele>1208.0</ele>
        <time>2021-04-09T08:54:25Z</time>
        <extensions>
          <gpxtpx:TrackPointExtension>
            <gpxtpx:hr>148</gpxtpx:hr>
          </gpxtpx:TrackPointExtension>
        </extensions>
      </trkpt>
      <trkpt lat="37.84538140409488" lon="112.00628358693079">
        <ele>1207.5999755859375</ele>
        <time>2021-04-09T08:54:31Z</time>
        <extensions>
          <gpxtpx:TrackPointExtension>
            <gpxtpx:hr>148</gpxtpx:hr>
          </gpxtpx:TrackPointExtension>
        </extensions>
      </trkpt>
      <trkpt lat="37.84562716756802" lon="112.00637622937842">
        <ele>1207.4000244140625</ele>
        <time>2021-04-09T08:54:39Z</time>
        <extensions>
          <gpxtpx:TrackPointExtension>
            <gpxtpx:hr>148</gpxtpx:hr>
          </gpxtpx:TrackPointExtension>
        </extensions>
      </trkpt>
      <trkpt lat="37.84583590439397" lon="112.0064758516666">
        <ele>1206.5999755859375</ele>
        <time>2021-04-09T08:54:46Z</time>
        <extensions>
          <gpxtpx:TrackPointExtension>
            <gpxtpx:hr>149</gpxtpx:hr>
          </gpxtpx:TrackPointExtension>
        </extensions>
      </trkpt>
      <trkpt lat="37.846022726847465" lon="112.0065455824942">
        <ele>1206.199951171875</ele>
        <time>2021-04-09T08:54:52Z</time>
        <extensions>
          <gpxtpx:TrackPointExtension>
            <gpxtpx:hr>152</gpxtpx:hr>
          </gpxtpx:TrackPointExtension>
        </extensions>
      </trkpt>
      <trkpt lat="37.8460864225951" lon="112.00665120116605">
        <ele>1205.800048828125</ele>
        <time>2021-04-09T08:54:56Z</time>
        <extensions>
          <gpxtpx:TrackPointExtension>
            <gpxtpx:hr>153</gpxtpx:hr>
          </gpxtpx:TrackPointExtension>
        </extensions>
      </trkpt>
      <trkpt lat="37.84601466360746" lon="112.00690232187259">
        <ele>1205.4000244140625</ele>
        <time>2021-04-09T08:55:02Z</time>
        <extensions>
          <gpxtpx:TrackPointExtension>
            <gpxtpx:hr>154</gpxtpx:hr>
          </gpxtpx:TrackPointExtension>
        </extensions>
      </trkpt>
      <trkpt lat="37.84596390280718" lon="112.00715543395057">
        <ele>1205.800048828125</ele>
        <time>2021-04-09T08:55:08Z</time>
        <extensions>
          <gpxtpx:TrackPointExtension>
            <gpxtpx:hr>156</gpxtpx:hr>
          </gpxtpx:TrackPointExtension>
        </extensions>
      </trkpt>
      <trkpt lat="37.84591129630128" lon="112.00735672994034">
        <ele>1205.800048828125</ele>
        <time>2021-04-09T08:55:13Z</time>
        <extensions>
          <gpxtpx:TrackPointExtension>
            <gpxtpx:hr>157</gpxtpx:hr>
          </gpxtpx:TrackPointExtension>
        </extensions>
      </trkpt>
      <trkpt lat="37.845850647569044" lon="112.0075719783314">
        <ele>1206.0</ele>
        <time>2021-04-09T08:55:18Z</time>
        <extensions>
          <gpxtpx:TrackPointExtension>
            <gpxtpx:hr>158</gpxtpx:hr>
          </gpxtpx:TrackPointExtension>
        </extensions>
      </trkpt>
      <trkpt lat="37.84582013129962" lon="112.007744374699">
        <ele>1206.0</ele>
        <time>2021-04-09T08:55:22Z</time>
        <extensions>
          <gpxtpx:TrackPointExtension>
            <gpxtpx:hr>158</gpxtpx:hr>
          </gpxtpx:TrackPointExtension>
        </extensions>
      </trkpt>
      <trkpt lat="37.84574556101349" lon="112.00793272068069">
        <ele>1206.199951171875</ele>
        <time>2021-04-09T08:55:27Z</time>
        <extensions>
          <gpxtpx:TrackPointExtension>
            <gpxtpx:hr>158</gpxtpx:hr>
          </gpxtpx:TrackPointExtension>
        </extensions>
      </trkpt>
      <trkpt lat="37.84572279306097" lon="112.00819081584997">
        <ele>1206.199951171875</ele>
        <time>2021-04-09T08:55:33Z</time>
        <extensions>
          <gpxtpx:TrackPointExtension>
            <gpxtpx:hr>158</gpxtpx:hr>
          </gpxtpx:TrackPointExtension>
        </extensions>
      </trkpt>
      <trkpt lat="37.845682143831446" lon="112.0084080576329">
        <ele>1206.5999755859375</ele>
        <time>2021-04-09T08:55:39Z</time>
        <extensions>
          <gpxtpx:TrackPointExtension>
            <gpxtpx:hr>160</gpxtpx:hr>
          </gpxtpx:TrackPointExtension>
        </extensions>
      </trkpt>
      <trkpt lat="37.84568271090577" lon="112.00855454344378">
        <ele>1206.800048828125</ele>
        <time>2021-04-09T08:55:43Z</time>
        <extensions>
          <gpxtpx:TrackPointExtension>
            <gpxtpx:hr>160</gpxtpx:hr>
          </gpxtpx:TrackPointExtension>
        </extensions>
      </trkpt>
      <trkpt lat="37.84578232076488" lon="112.00869204922238">
        <ele>1206.800048828125</ele>
        <time>2021-04-09T08:55:49Z</time>
        <extensions>
          <gpxtpx:TrackPointExtension>
            <gpxtpx:hr>161</gpxtpx:hr>
          </gpxtpx:TrackPointExtension>
        </extensions>
      </trkpt>
      <trkpt lat="37.84584284807141" lon="112.00885546919194">
        <ele>1207.0</ele>
        <time>2021-04-09T08:55:54Z</time>
        <extensions>
          <gpxtpx:TrackPointExtension>
            <gpxtpx:hr>162</gpxtpx:hr>
          </gpxtpx:TrackPointExtension>
        </extensions>
      </trkpt>
      <trkpt lat="37.845825465975715" lon="112.00898402101582">
        <ele>1207.199951171875</ele>
        <time>2021-04-09T08:55:58Z</time>
        <extensions>
          <gpxtpx:TrackPointExtension>
            <gpxtpx:hr>161</gpxtpx:hr>
          </gpxtpx:TrackPointExtension>
        </extensions>
      </trkpt>
      <trkpt lat="37.84588243841518" lon="112.00933578353487">
        <ele>1207.199951171875</ele>
        <time>2021-04-09T08:56:07Z</time>
        <extensions>
          <gpxtpx:TrackPointExtension>
            <gpxtpx:hr>161</gpxtpx:hr>
          </gpxtpx:TrackPointExtension>
        </extensions>
      </trkpt>
      <trkpt lat="37.84589558708139" lon="112.00962576901149">
        <ele>1207.199951171875</ele>
        <time>2021-04-09T08:56:15Z</time>
        <extensions>
          <gpxtpx:TrackPointExtension>
            <gpxtpx:hr>161</gpxtpx:hr>
          </gpxtpx:TrackPointExtension>
        </extensions>
      </trkpt>
      <trkpt lat="37.845913185589154" lon="112.00976328704449">
        <ele>1207.0</ele>
        <time>2021-04-09T08:56:19Z</time>
        <extensions>
          <gpxtpx:TrackPointExtension>
            <gpxtpx:hr>162</gpxtpx:hr>
          </gpxtpx:TrackPointExtension>
        </extensions>
      </trkpt>
      <trkpt lat="37.845917390055895" lon="112.01003434168425">
        <ele>1206.199951171875</ele>
        <time>2021-04-09T08:56:26Z</time>
        <extensions>
          <gpxtpx:TrackPointExtension>
            <gpxtpx:hr>163</gpxtpx:hr>
          </gpxtpx:TrackPointExtension>
        </extensions>
      </trkpt>
      <trkpt lat="37.845951527342166" lon="112.01033030738405">
        <ele>1205.4000244140625</ele>
        <time>2021-04-09T08:56:34Z</time>
        <extensions>
          <gpxtpx:TrackPointExtension>
            <gpxtpx:hr>162</gpxtpx:hr>
          </gpxtpx:TrackPointExtension>
        </extensions>
      </trkpt>
      <trkpt lat="37.84582401318704" lon="112.01049873709647">
        <ele>1206.0</ele>
        <time>2021-04-09T08:56:40Z</time>
        <extensions>
          <gpxtpx:TrackPointExtension>
            <gpxtpx:hr>162</gpxtpx:hr>
          </gpxtpx:TrackPointExtension>
        </extensions>
      </trkpt>
      <trkpt lat="37.845796749040275" lon="112.01058743220868">
        <ele>1207.0</ele>
        <time>2021-04-09T08:56:44Z</time>
        <extensions>
          <gpxtpx:TrackPointExtension>
            <gpxtpx:hr>161</gpxtpx:hr>
          </gpxtpx:TrackPointExtension>
        </extensions>
      </trkpt>
      <trkpt lat="37.845856280361666" lon="112.01075085765304">
        <ele>1207.5999755859375</ele>
        <time>2021-04-09T08:56:49Z</time>
        <extensions>
          <gpxtpx:TrackPointExtension>
            <gpxtpx:hr>163</gpxtpx:hr>
          </gpxtpx:TrackPointExtension>
        </extensions>
      </trkpt>
      <trkpt lat="37.84598376190274" lon="112.01093520290489">
        <ele>1207.199951171875</ele>
        <time>2021-04-09T08:56:56Z</time>
        <extensions>
          <gpxtpx:TrackPointExtension>
            <gpxtpx:hr>164</gpxtpx:hr>
          </gpxtpx:TrackPointExtension>
        </extensions>
      </trkpt>
      <trkpt lat="37.846088542994245" lon="112.01101591057743">
        <ele>1206.4000244140625</ele>
        <time>2021-04-09T08:57:00Z</time>
        <extensions>
          <gpxtpx:TrackPointExtension>
            <gpxtpx:hr>163</gpxtpx:hr>
          </gpxtpx:TrackPointExtension>
        </extensions>
      </trkpt>
      <trkpt lat="37.84611701793837" lon="112.01119727891557">
        <ele>1204.4000244140625</ele>
        <time>2021-04-09T08:57:05Z</time>
        <extensions>
          <gpxtpx:TrackPointExtension>
            <gpxtpx:hr>162</gpxtpx:hr>
          </gpxtpx:TrackPointExtension>
        </extensions>
      </trkpt>
      <trkpt lat="37.84619677784404" lon="112.01128396927984">
        <ele>1203.5999755859375</ele>
        <time>2021-04-09T08:57:09Z</time>
        <extensions>
          <gpxtpx:TrackPointExtension>
            <gpxtpx:hr>162</gpxtpx:hr>
          </gpxtpx:TrackPointExtension>
        </extensions>
      </trkpt>
      <trkpt lat="37.8463127326832" lon="112.01130587955609">
        <ele>1202.5999755859375</ele>
        <time>2021-04-09T08:57:13Z</time>
        <extensions>
          <gpxtpx:TrackPointExtension>
            <gpxtpx:hr>164</gpxtpx:hr>
          </gpxtpx:TrackPointExtension>
        </extensions>
      </trkpt>
      <trkpt lat="37.846413461268185" lon="112.01140452623282">
        <ele>1201.4000244140625</ele>
        <time>2021-04-09T08:57:17Z</time>
        <extensions>
          <gpxtpx:TrackPointExtension>
            <gpxtpx:hr>165</gpxtpx:hr>
          </gpxtpx:TrackPointExtension>
        </extensions>
      </trkpt>
      <trkpt lat="37.846467903731615" lon="112.01159884803921">
        <ele>1200.199951171875</ele>
        <time>2021-04-09T08:57:22Z</time>
        <extensions>
          <gpxtpx:TrackPointExtension>
            <gpxtpx:hr>165</gpxtpx:hr>
          </gpxtpx:TrackPointExtension>
        </extensions>
      </trkpt>
      <trkpt lat="37.84648345066377" lon="112.01175530591318">
        <ele>1199.5999755859375</ele>
        <time>2021-04-09T08:57:26Z</time>
        <extensions>
          <gpxtpx:TrackPointExtension>
            <gpxtpx:hr>162</gpxtpx:hr>
          </gpxtpx:TrackPointExtension>
        </extensions>
      </trkpt>
      <trkpt lat="37.846488848523954" lon="112.0119625902293">
        <ele>1199.4000244140625</ele>
        <time>2021-04-09T08:57:31Z</time>
        <extensions>
          <gpxtpx:TrackPointExtension>
            <gpxtpx:hr>159</gpxtpx:hr>
          </gpxtpx:TrackPointExtension>
        </extensions>
      </trkpt>
      <trkpt lat="37.84650427471815" lon="112.01216090507202">
        <ele>1199.199951171875</ele>
        <time>2021-04-09T08:57:36Z</time>
        <extensions>
          <gpxtpx:TrackPointExtension>
            <gpxtpx:hr>158</gpxtpx:hr>
          </gpxtpx:TrackPointExtension>
        </extensions>
      </trkpt>
      <trkpt lat="37.84649816914925" lon="112.01254159629926">
        <ele>1198.5999755859375</ele>
        <time>2021-04-09T08:57:45Z</time>
        <extensions>
          <gpxtpx:TrackPointExtension>
            <gpxtpx:hr>158</gpxtpx:hr>
          </gpxtpx:TrackPointExtension>
        </extensions>
      </trkpt>
      <trkpt lat="37.846488670999896" lon="112.01271300876536">
        <ele>1198.0</ele>
        <time>2021-04-09T08:57:49Z</time>
        <extensions>
          <gpxtpx:TrackPointExtension>
            <gpxtpx:hr>158</gpxtpx:hr>
          </gpxtpx:TrackPointExtension>
        </extensions>
      </trkpt>
      <trkpt lat="37.84650124610067" lon="112.01286050120918">
        <ele>1197.5999755859375</ele>
        <time>2021-04-09T08:57:53Z</time>
        <extensions>
          <gpxtpx:TrackPointExtension>
            <gpxtpx:hr>158</gpxtpx:hr>
          </gpxtpx:TrackPointExtension>
        </extensions>
      </trkpt>
      <trkpt lat="37.84654651578053" lon="112.01311562151307">
        <ele>1197.199951171875</ele>
        <time>2021-04-09T08:58:00Z</time>
        <extensions>
          <gpxtpx:TrackPointExtension>
            <gpxtpx:hr>158</gpxtpx:hr>
          </gpxtpx:TrackPointExtension>
        </extensions>
      </trkpt>
      <trkpt lat="37.84657957467611" lon="112.0134434959499">
        <ele>1196.0</ele>
        <time>2021-04-09T08:58:08Z</time>
        <extensions>
          <gpxtpx:TrackPointExtension>
            <gpxtpx:hr>158</gpxtpx:hr>
          </gpxtpx:TrackPointExtension>
        </extensions>
      </trkpt>
      <trkpt lat="37.84660374865915" lon="112.01373150967807">
        <ele>1195.800048828125</ele>
        <time>2021-04-09T08:58:16Z</time>
        <extensions>
          <gpxtpx:TrackPointExtension>
            <gpxtpx:hr>156</gpxtpx:hr>
          </gpxtpx:TrackPointExtension>
        </extensions>
      </trkpt>
      <trkpt lat="37.84664532518939" lon="112.01388099499435">
        <ele>1195.800048828125</ele>
        <time>2021-04-09T08:58:21Z</time>
        <extensions>
          <gpxtpx:TrackPointExtension>
            <gpxtpx:hr>155</gpxtpx:hr>
          </gpxtpx:TrackPointExtension>
        </extensions>
      </trkpt>
      <trkpt lat="37.846711748616215" lon="112.01408529121949">
        <ele>1196.0</ele>
        <time>2021-04-09T08:58:28Z</time>
        <extensions>
          <gpxtpx:TrackPointExtension>
            <gpxtpx:hr>153</gpxtpx:hr>
          </gpxtpx:TrackPointExtension>
        </extensions>
      </trkpt>
      <trkpt lat="37.84678414798481" lon="112.01429855714407">
        <ele>1195.800048828125</ele>
        <time>2021-04-09T08:58:35Z</time>
        <extensions>
          <gpxtpx:TrackPointExtension>
            <gpxtpx:hr>152</gpxtpx:hr>
          </gpxtpx:TrackPointExtension>
        </extensions>
      </trkpt>
      <trkpt lat="37.8467742520799" lon="112.01461049912045">
        <ele>1195.0</ele>
        <time>2021-04-09T08:58:44Z</time>
        <extensions>
          <gpxtpx:TrackPointExtension>
            <gpxtpx:hr>152</gpxtpx:hr>
          </gpxtpx:TrackPointExtension>
        </extensions>
      </trkpt>
      <trkpt lat="37.846880935562915" lon="112.01472709097143">
        <ele>1194.4000244140625</ele>
        <time>2021-04-09T08:58:50Z</time>
        <extensions>
          <gpxtpx:TrackPointExtension>
            <gpxtpx:hr>149</gpxtpx:hr>
          </gpxtpx:TrackPointExtension>
        </extensions>
      </trkpt>
      <trkpt lat="37.8470058617558" lon="112.01475996455717">
        <ele>1193.800048828125</ele>
        <time>2021-04-09T08:58:55Z</time>
        <extensions>
          <gpxtpx:TrackPointExtension>
            <gpxtpx:hr>149</gpxtpx:hr>
          </gpxtpx:TrackPointExtension>
        </extensions>
      </trkpt>
      <trkpt lat="37.84699950151988" lon="112.0148855399527">
        <ele>1193.5999755859375</ele>
        <time>2021-04-09T08:58:59Z</time>
        <extensions>
          <gpxtpx:TrackPointExtension>
            <gpxtpx:hr>149</gpxtpx:hr>
          </gpxtpx:TrackPointExtension>
        </extensions>
      </trkpt>
      <trkpt lat="37.84691484985793" lon="112.01510879475423">
        <ele>1193.5999755859375</ele>
        <time>2021-04-09T08:59:06Z</time>
        <extensions>
          <gpxtpx:TrackPointExtension>
            <gpxtpx:hr>148</gpxtpx:hr>
          </gpxtpx:TrackPointExtension>
        </extensions>
      </trkpt>
      <trkpt lat="37.84685837420549" lon="112.01527224922036">
        <ele>1193.4000244140625</ele>
        <time>2021-04-09T08:59:11Z</time>
        <extensions>
          <gpxtpx:TrackPointExtension>
            <gpxtpx:hr>148</gpxtpx:hr>
          </gpxtpx:TrackPointExtension>
        </extensions>
      </trkpt>
      <trkpt lat="37.846770751994704" lon="112.01548553995099">
        <ele>1193.4000244140625</ele>
        <time>2021-04-09T08:59:18Z</time>
        <extensions>
          <gpxtpx:TrackPointExtension>
            <gpxtpx:hr>148</gpxtpx:hr>
          </gpxtpx:TrackPointExtension>
        </extensions>
      </trkpt>
      <trkpt lat="37.84679516866072" lon="112.01569184180964">
        <ele>1192.5999755859375</ele>
        <time>2021-04-09T08:59:24Z</time>
        <extensions>
          <gpxtpx:TrackPointExtension>
            <gpxtpx:hr>149</gpxtpx:hr>
          </gpxtpx:TrackPointExtension>
        </extensions>
      </trkpt>
      <trkpt lat="37.84683843062411" lon="112.01595395475954">
        <ele>1191.5999755859375</ele>
        <time>2021-04-09T08:59:31Z</time>
        <extensions>
          <gpxtpx:TrackPointExtension>
            <gpxtpx:hr>148</gpxtpx:hr>
          </gpxtpx:TrackPointExtension>
        </extensions>
      </trkpt>
      <trkpt lat="37.846879891406026" lon="112.01614630366764">
        <ele>1190.4000244140625</ele>
        <time>2021-04-09T08:59:36Z</time>
        <extensions>
          <gpxtpx:TrackPointExtension>
            <gpxtpx:hr>148</gpxtpx:hr>
          </gpxtpx:TrackPointExtension>
        </extensions>
      </trkpt>
      <trkpt lat="37.84697143161112" lon="112.0163137309857">
        <ele>1190.199951171875</ele>
        <time>2021-04-09T08:59:41Z</time>
        <extensions>
          <gpxtpx:TrackPointExtension>
            <gpxtpx:hr>149</gpxtpx:hr>
          </gpxtpx:TrackPointExtension>
        </extensions>
      </trkpt>
      <trkpt lat="37.84714013442909" lon="112.01642832665603">
        <ele>1190.0</ele>
        <time>2021-04-09T08:59:48Z</time>
        <extensions>
          <gpxtpx:TrackPointExtension>
            <gpxtpx:hr>150</gpxtpx:hr>
          </gpxtpx:TrackPointExtension>
        </extensions>
      </trkpt>
      <trkpt lat="37.84733504202057" lon="112.01647215642662">
        <ele>1190.0</ele>
        <time>2021-04-09T08:59:55Z</time>
        <extensions>
          <gpxtpx:TrackPointExtension>
            <gpxtpx:hr>151</gpxtpx:hr>
          </gpxtpx:TrackPointExtension>
        </extensions>
      </trkpt>
      <trkpt lat="37.84752193426538" lon="112.0165209705186">
        <ele>1189.5999755859375</ele>
        <time>2021-04-09T09:00:01Z</time>
        <extensions>
          <gpxtpx:TrackPointExtension>
            <gpxtpx:hr>151</gpxtpx:hr>
          </gpxtpx:TrackPointExtension>
        </extensions>
      </trkpt>
      <trkpt lat="37.84770174367507" lon="112.01659868879527">
        <ele>1189.4000244140625</ele>
        <time>2021-04-09T09:00:07Z</time>
        <extensions>
          <gpxtpx:TrackPointExtension>
            <gpxtpx:hr>152</gpxtpx:hr>
          </gpxtpx:TrackPointExtension>
        </extensions>
      </trkpt>
      <trkpt lat="37.847940624842956" lon="112.0166544734719">
        <ele>1188.199951171875</ele>
        <time>2021-04-09T09:00:15Z</time>
        <extensions>
          <gpxtpx:TrackPointExtension>
            <gpxtpx:hr>153</gpxtpx:hr>
          </gpxtpx:TrackPointExtension>
        </extensions>
      </trkpt>
      <trkpt lat="37.84818353774709" lon="112.01669929439447">
        <ele>1188.0</ele>
        <time>2021-04-09T09:00:23Z</time>
        <extensions>
          <gpxtpx:TrackPointExtension>
            <gpxtpx:hr>152</gpxtpx:hr>
          </gpxtpx:TrackPointExtension>
        </extensions>
      </trkpt>
      <trkpt lat="37.848364451851" lon="112.01674013611607">
        <ele>1187.800048828125</ele>
        <time>2021-04-09T09:00:29Z</time>
        <extensions>
          <gpxtpx:TrackPointExtension>
            <gpxtpx:hr>154</gpxtpx:hr>
          </gpxtpx:TrackPointExtension>
        </extensions>
      </trkpt>
      <trkpt lat="37.848607401496444" lon="112.0167720004218">
        <ele>1187.5999755859375</ele>
        <time>2021-04-09T09:00:37Z</time>
        <extensions>
          <gpxtpx:TrackPointExtension>
            <gpxtpx:hr>154</gpxtpx:hr>
          </gpxtpx:TrackPointExtension>
        </extensions>
      </trkpt>
      <trkpt lat="37.848835337480196" lon="112.01680785323005">
        <ele>1187.4000244140625</ele>
        <time>2021-04-09T09:00:45Z</time>
        <extensions>
          <gpxtpx:TrackPointExtension>
            <gpxtpx:hr>154</gpxtpx:hr>
          </gpxtpx:TrackPointExtension>
        </extensions>
      </trkpt>
      <trkpt lat="37.849120170307984" lon="112.0168835661137">
        <ele>1187.5999755859375</ele>
        <time>2021-04-09T09:00:55Z</time>
        <extensions>
          <gpxtpx:TrackPointExtension>
            <gpxtpx:hr>157</gpxtpx:hr>
          </gpxtpx:TrackPointExtension>
        </extensions>
      </trkpt>
      <trkpt lat="37.849252961472565" lon="112.01696527739168">
        <ele>1187.199951171875</ele>
        <time>2021-04-09T09:01:00Z</time>
        <extensions>
          <gpxtpx:TrackPointExtension>
            <gpxtpx:hr>158</gpxtpx:hr>
          </gpxtpx:TrackPointExtension>
        </extensions>
      </trkpt>
      <trkpt lat="37.84924898633567" lon="112.01731112520783">
        <ele>1187.0</ele>
        <time>2021-04-09T09:01:09Z</time>
        <extensions>
          <gpxtpx:TrackPointExtension>
            <gpxtpx:hr>156</gpxtpx:hr>
          </gpxtpx:TrackPointExtension>
        </extensions>
      </trkpt>
      <trkpt lat="37.84920516371711" lon="112.01760116610191">
        <ele>1187.0</ele>
        <time>2021-04-09T09:01:16Z</time>
        <extensions>
          <gpxtpx:TrackPointExtension>
            <gpxtpx:hr>157</gpxtpx:hr>
          </gpxtpx:TrackPointExtension>
        </extensions>
      </trkpt>
      <trkpt lat="37.84918246915644" lon="112.01784735193125">
        <ele>1186.5999755859375</ele>
        <time>2021-04-09T09:01:22Z</time>
        <extensions>
          <gpxtpx:TrackPointExtension>
            <gpxtpx:hr>158</gpxtpx:hr>
          </gpxtpx:TrackPointExtension>
        </extensions>
      </trkpt>
      <trkpt lat="37.84914463107069" lon="112.01814437294767">
        <ele>1186.4000244140625</ele>
        <time>2021-04-09T09:01:29Z</time>
        <extensions>
          <gpxtpx:TrackPointExtension>
            <gpxtpx:hr>159</gpxtpx:hr>
          </gpxtpx:TrackPointExtension>
        </extensions>
      </trkpt>
      <trkpt lat="37.84915372732938" lon="112.01846830180128">
        <ele>1186.4000244140625</ele>
        <time>2021-04-09T09:01:37Z</time>
        <extensions>
          <gpxtpx:TrackPointExtension>
            <gpxtpx:hr>159</gpxtpx:hr>
          </gpxtpx:TrackPointExtension>
        </extensions>
      </trkpt>
      <trkpt lat="37.84914902889682" lon="112.01871847780836">
        <ele>1186.199951171875</ele>
        <time>2021-04-09T09:01:43Z</time>
        <extensions>
          <gpxtpx:TrackPointExtension>
            <gpxtpx:hr>160</gpxtpx:hr>
          </gpxtpx:TrackPointExtension>
        </extensions>
      </trkpt>
      <trkpt lat="37.84913295032989" lon="112.01910520834441">
        <ele>1185.5999755859375</ele>
        <time>2021-04-09T09:01:52Z</time>
        <extensions>
          <gpxtpx:TrackPointExtension>
            <gpxtpx:hr>161</gpxtpx:hr>
          </gpxtpx:TrackPointExtension>
        </extensions>
      </trkpt>
      <trkpt lat="37.849114136808254" lon="112.01939725312428">
        <ele>1185.199951171875</ele>
        <time>2021-04-09T09:01:59Z</time>
        <extensions>
          <gpxtpx:TrackPointExtension>
            <gpxtpx:hr>160</gpxtpx:hr>
          </gpxtpx:TrackPointExtension>
        </extensions>
      </trkpt>
      <trkpt lat="37.8491035663511" lon="112.01960258258221">
        <ele>1185.199951171875</ele>
        <time>2021-04-09T09:02:04Z</time>
        <extensions>
          <gpxtpx:TrackPointExtension>
            <gpxtpx:hr>160</gpxtpx:hr>
          </gpxtpx:TrackPointExtension>
        </extensions>
      </trkpt>
      <trkpt lat="37.84909200488617" lon="112.0198049230539">
        <ele>1184.5999755859375</ele>
        <time>2021-04-09T09:02:09Z</time>
        <extensions>
          <gpxtpx:TrackPointExtension>
            <gpxtpx:hr>160</gpxtpx:hr>
          </gpxtpx:TrackPointExtension>
        </extensions>
      </trkpt>
      <trkpt lat="37.84910328307438" lon="112.02006706709513">
        <ele>1184.4000244140625</ele>
        <time>2021-04-09T09:02:15Z</time>
        <extensions>
          <gpxtpx:TrackPointExtension>
            <gpxtpx:hr>162</gpxtpx:hr>
          </gpxtpx:TrackPointExtension>
        </extensions>
      </trkpt>
      <trkpt lat="37.84911657952992" lon="112.02032323220782">
        <ele>1184.199951171875</ele>
        <time>2021-04-09T09:02:21Z</time>
        <extensions>
          <gpxtpx:TrackPointExtension>
            <gpxtpx:hr>162</gpxtpx:hr>
          </gpxtpx:TrackPointExtension>
        </extensions>
      </trkpt>
      <trkpt lat="37.84910982758307" lon="112.0205963466006">
        <ele>1184.0</ele>
        <time>2021-04-09T09:02:27Z</time>
        <extensions>
          <gpxtpx:TrackPointExtension>
            <gpxtpx:hr>162</gpxtpx:hr>
          </gpxtpx:TrackPointExtension>
        </extensions>
      </trkpt>
      <trkpt lat="37.849108359579034" lon="112.02076679462691">
        <ele>1184.0</ele>
        <time>2021-04-09T09:02:31Z</time>
        <extensions>
          <gpxtpx:TrackPointExtension>
            <gpxtpx:hr>162</gpxtpx:hr>
          </gpxtpx:TrackPointExtension>
        </extensions>
      </trkpt>
      <trkpt lat="37.84911566988107" lon="112.02101897832105">
        <ele>1183.5999755859375</ele>
        <time>2021-04-09T09:02:37Z</time>
        <extensions>
          <gpxtpx:TrackPointExtension>
            <gpxtpx:hr>163</gpxtpx:hr>
          </gpxtpx:TrackPointExtension>
        </extensions>
      </trkpt>
      <trkpt lat="37.84911584160893" lon="112.02132200087455">
        <ele>1183.0</ele>
        <time>2021-04-09T09:02:44Z</time>
        <extensions>
          <gpxtpx:TrackPointExtension>
            <gpxtpx:hr>164</gpxtpx:hr>
          </gpxtpx:TrackPointExtension>
        </extensions>
      </trkpt>
      <trkpt lat="37.84911442799761" lon="112.02147351331206">
        <ele>1182.800048828125</ele>
        <time>2021-04-09T09:02:48Z</time>
        <extensions>
          <gpxtpx:TrackPointExtension>
            <gpxtpx:hr>164</gpxtpx:hr>
          </gpxtpx:TrackPointExtension>
        </extensions>
      </trkpt>
    </trkseg>
  </trk>
</gpx>