<?xml version="1.0" encoding="UTF-8"?>
<gpx xmlns="http://www.topografix.com/GPX/1/1" xmlns:gpxtpx="http://www.garmin.com/xmlschemas/TrackPointExtension/v1" xmlns:xsi="http://www.w3.org/2001/XMLSchema-instance" xsi:schemaLocation="http://www.topografix.com/GPX/1/1 http://www.topografix.com/GPX/1/1/gpx.xsd" version="1.1" creator="gpx.py -- https://github.com/tkrajina/gpxpy">
  <trk>
    <name>gpx from keep</name>
    <type>Run</type>
    <trkseg>
      <trkpt lat="37.847197541424755" lon="112.02949047931628">
        <ele>1120.67</ele>
        <time>2019-03-16T07:29:01.267000Z</time>
      </trkpt>
      <trkpt lat="37.84723974536333" lon="112.02951506418435">
        <ele>1119.26</ele>
        <time>2019-03-16T07:29:04.567000Z</time>
      </trkpt>
      <trkpt lat="37.84727726683367" lon="112.02946117229455">
        <ele>1115.9</ele>
        <time>2019-03-16T07:29:07.567000Z</time>
      </trkpt>
      <trkpt lat="37.84731607147781" lon="112.02923741421513">
        <ele>1112.01</ele>
        <time>2019-03-16T07:29:19.467000Z</time>
      </trkpt>
      <trkpt lat="37.84733808244007" lon="112.02917991179473">
        <ele>1111.19</ele>
        <time>2019-03-16T07:29:22.567000Z</time>
      </trkpt>
      <trkpt lat="37.84734813293604" lon="112.02905565537651">
        <ele>1110.03</ele>
        <time>2019-03-16T07:29:28.567000Z</time>
      </trkpt>
      <trkpt lat="37.84732857256408" lon="112.02892550808868">
        <ele>1110.55</ele>
        <time>2019-03-16T07:29:34.567000Z</time>
      </trkpt>
      <trkpt lat="37.84737223572173" lon="112.02862380438624">
        <ele>1106.74</ele>
        <time>2019-03-16T07:29:52.467000Z</time>
      </trkpt>
      <trkpt lat="37.84736467043243" lon="112.02819880623592">
        <ele>1102.16</ele>
        <time>2019-03-16T07:30:07.467000Z</time>
      </trkpt>
      <trkpt lat="37.847330780624205" lon="112.02794968699759">
        <ele>1103.64</ele>
        <time>2019-03-16T07:30:13.567000Z</time>
      </trkpt>
      <trkpt lat="37.84732978775363" lon="112.02785179534531">
        <ele>1106.77</ele>
        <time>2019-03-16T07:30:16.567000Z</time>
      </trkpt>
      <trkpt lat="37.847373573391856" lon="112.02755614483438">
        <ele>1102.24</ele>
        <time>2019-03-16T07:30:25.567000Z</time>
      </trkpt>
      <trkpt lat="37.84740484527363" lon="112.02743449996758">
        <ele>1103.22</ele>
        <time>2019-03-16T07:30:28.567000Z</time>
      </trkpt>
      <trkpt lat="37.84755170028898" lon="112.02712998747045">
        <ele>1105.91</ele>
        <time>2019-03-16T07:30:37.567000Z</time>
      </trkpt>
      <trkpt lat="37.847687710615304" lon="112.02685880224323">
        <ele>1102.56</ele>
        <time>2019-03-16T07:30:46.567000Z</time>
      </trkpt>
      <trkpt lat="37.847901276694536" lon="112.02653219469933">
        <ele>1108.79</ele>
        <time>2019-03-16T07:30:58.567000Z</time>
      </trkpt>
      <trkpt lat="37.84797522883938" lon="112.02647962649218">
        <ele>1109.16</ele>
        <time>2019-03-16T07:31:01.567000Z</time>
      </trkpt>
      <trkpt lat="37.8481354597056" lon="112.02645768799488">
        <ele>1109.01</ele>
        <time>2019-03-16T07:31:07.567000Z</time>
      </trkpt>
      <trkpt lat="37.84824575370087" lon="112.02644372614641">
        <ele>1109.1</ele>
        <time>2019-03-16T07:31:10.467000Z</time>
      </trkpt>
      <trkpt lat="37.848453143047294" lon="112.02644701389177">
        <ele>1106.11</ele>
        <time>2019-03-16T07:31:16.567000Z</time>
      </trkpt>
      <trkpt lat="37.848673623245524" lon="112.02654286349396">
        <ele>1098.07</ele>
        <time>2019-03-16T07:31:25.567000Z</time>
      </trkpt>
      <trkpt lat="37.84874514271603" lon="112.02654412647847">
        <ele>1095.89</ele>
        <time>2019-03-16T07:31:28.567000Z</time>
      </trkpt>
      <trkpt lat="37.84882033334315" lon="112.02653381749485">
        <ele>1095.53</ele>
        <time>2019-03-16T07:31:31.467000Z</time>
      </trkpt>
      <trkpt lat="37.84890298420678" lon="112.0262282796923">
        <ele>1095.8</ele>
        <time>2019-03-16T07:31:43.467000Z</time>
      </trkpt>
      <trkpt lat="37.84889084857047" lon="112.02608503576025">
        <ele>1101.42</ele>
        <time>2019-03-16T07:31:46.567000Z</time>
      </trkpt>
      <trkpt lat="37.84891111669712" lon="112.02598874140446">
        <ele>1099.72</ele>
        <time>2019-03-16T07:31:49.467000Z</time>
      </trkpt>
      <trkpt lat="37.84893014359148" lon="112.02560714854697">
        <ele>1101.82</ele>
        <time>2019-03-16T07:31:58.567000Z</time>
      </trkpt>
      <trkpt lat="37.84892944221053" lon="112.02537304848924">
        <ele>1103.24</ele>
        <time>2019-03-16T07:32:04.567000Z</time>
      </trkpt>
      <trkpt lat="37.848937261855504" lon="112.02527312516038">
        <ele>1101.31</ele>
        <time>2019-03-16T07:32:07.567000Z</time>
      </trkpt>
      <trkpt lat="37.84898091925718" lon="112.02510434314003">
        <ele>1100.16</ele>
        <time>2019-03-16T07:32:13.567000Z</time>
      </trkpt>
      <trkpt lat="37.848995563787796" lon="112.02499100655398">
        <ele>1103.46</ele>
        <time>2019-03-16T07:32:16.567000Z</time>
      </trkpt>
      <trkpt lat="37.84901343968415" lon="112.0248997259458">
        <ele>1104.92</ele>
        <time>2019-03-16T07:32:19.467000Z</time>
      </trkpt>
      <trkpt lat="37.849022236831416" lon="112.02478636988945">
        <ele>1105.14</ele>
        <time>2019-03-16T07:32:22.567000Z</time>
      </trkpt>
      <trkpt lat="37.84901327251379" lon="112.02455794257558">
        <ele>1104.51</ele>
        <time>2019-03-16T07:32:28.567000Z</time>
      </trkpt>
      <trkpt lat="37.849055745327455" lon="112.02411828370958">
        <ele>1109.46</ele>
        <time>2019-03-16T07:32:40.567000Z</time>
      </trkpt>
      <trkpt lat="37.84908474282824" lon="112.02370235080255">
        <ele>1104.96</ele>
        <time>2019-03-16T07:32:52.467000Z</time>
      </trkpt>
      <trkpt lat="37.84908965282008" lon="112.02350949011367">
        <ele>1101.88</ele>
        <time>2019-03-16T07:32:58.567000Z</time>
      </trkpt>
      <trkpt lat="37.84905765548953" lon="112.02308396043934">
        <ele>1097.74</ele>
        <time>2019-03-16T07:33:10.567000Z</time>
      </trkpt>
      <trkpt lat="37.849056692787556" lon="112.02269640816937">
        <ele>1092.68</ele>
        <time>2019-03-16T07:33:22.667000Z</time>
      </trkpt>
      <trkpt lat="37.84907606016566" lon="112.02228359448418">
        <ele>1099.05</ele>
        <time>2019-03-16T07:33:34.467000Z</time>
      </trkpt>
      <trkpt lat="37.849086552803094" lon="112.02195849014579">
        <ele>1092.7</ele>
        <time>2019-03-16T07:33:43.467000Z</time>
      </trkpt>
      <trkpt lat="37.84907687994638" lon="112.02183250490882">
        <ele>1094.62</ele>
        <time>2019-03-16T07:33:46.467000Z</time>
      </trkpt>
      <trkpt lat="37.849074551888236" lon="112.021472188598">
        <ele>1096.31</ele>
        <time>2019-03-16T07:33:55.467000Z</time>
      </trkpt>
      <trkpt lat="37.84908267794371" lon="112.0211201901343">
        <ele>1101.53</ele>
        <time>2019-03-16T07:34:04.567000Z</time>
      </trkpt>
      <trkpt lat="37.84910027818834" lon="112.02081172595472">
        <ele>1101.59</ele>
        <time>2019-03-16T07:34:13.567000Z</time>
      </trkpt>
      <trkpt lat="37.84909096870334" lon="112.02045691892606">
        <ele>1103.35</ele>
        <time>2019-03-16T07:34:22.467000Z</time>
      </trkpt>
      <trkpt lat="37.84908501026056" lon="112.02003886698208">
        <ele>1103.22</ele>
        <time>2019-03-16T07:34:34.567000Z</time>
      </trkpt>
      <trkpt lat="37.849104867641294" lon="112.01982766759633">
        <ele>1102.18</ele>
        <time>2019-03-16T07:34:40.567000Z</time>
      </trkpt>
      <trkpt lat="37.849114233775516" lon="112.01951755175905">
        <ele>1104.39</ele>
        <time>2019-03-16T07:34:49.567000Z</time>
      </trkpt>
      <trkpt lat="37.84910752908331" lon="112.01940843051405">
        <ele>1104.82</ele>
        <time>2019-03-16T07:34:52.567000Z</time>
      </trkpt>
      <trkpt lat="37.849127544127285" lon="112.01921126660783">
        <ele>1105.06</ele>
        <time>2019-03-16T07:34:58.567000Z</time>
      </trkpt>
      <trkpt lat="37.849151811598766" lon="112.01879976153869">
        <ele>1105.4</ele>
        <time>2019-03-16T07:35:10.467000Z</time>
      </trkpt>
      <trkpt lat="37.84917786310389" lon="112.018394149975">
        <ele>1104.6</ele>
        <time>2019-03-16T07:35:22.467000Z</time>
      </trkpt>
      <trkpt lat="37.84920174788804" lon="112.01804001211185">
        <ele>1102.07</ele>
        <time>2019-03-16T07:35:31.567000Z</time>
      </trkpt>
      <trkpt lat="37.8491952367861" lon="112.01793113674825">
        <ele>1102.98</ele>
        <time>2019-03-16T07:35:34.567000Z</time>
      </trkpt>
      <trkpt lat="37.84923182634405" lon="112.0177292213678">
        <ele>1102.67</ele>
        <time>2019-03-16T07:35:40.567000Z</time>
      </trkpt>
      <trkpt lat="37.849278825715" lon="112.01730752942333">
        <ele>1103.28</ele>
        <time>2019-03-16T07:35:52.467000Z</time>
      </trkpt>
      <trkpt lat="37.84933086310317" lon="112.01692257671462">
        <ele>1104.33</ele>
        <time>2019-03-16T07:36:04.567000Z</time>
      </trkpt>
      <trkpt lat="37.84938198887476" lon="112.01648346818217">
        <ele>1105.29</ele>
        <time>2019-03-16T07:36:16.467000Z</time>
      </trkpt>
      <trkpt lat="37.84942073256022" lon="112.01606815119499">
        <ele>1106.83</ele>
        <time>2019-03-16T07:36:28.467000Z</time>
      </trkpt>
      <trkpt lat="37.8494608269947" lon="112.01578558185727">
        <ele>1108.59</ele>
        <time>2019-03-16T07:36:37.467000Z</time>
      </trkpt>
      <trkpt lat="37.84949043089506" lon="112.01543862435071">
        <ele>1110.52</ele>
        <time>2019-03-16T07:36:46.567000Z</time>
      </trkpt>
      <trkpt lat="37.84952154881879" lon="112.01508697774675">
        <ele>1110.51</ele>
        <time>2019-03-16T07:36:55.567000Z</time>
      </trkpt>
      <trkpt lat="37.84957254932557" lon="112.01466794493805">
        <ele>1107.37</ele>
        <time>2019-03-16T07:37:07.567000Z</time>
      </trkpt>
      <trkpt lat="37.84962116724075" lon="112.01422743775717">
        <ele>1107.25</ele>
        <time>2019-03-16T07:37:19.467000Z</time>
      </trkpt>
      <trkpt lat="37.849669595854756" lon="112.01379692284155">
        <ele>1102.59</ele>
        <time>2019-03-16T07:37:31.467000Z</time>
      </trkpt>
      <trkpt lat="37.84969266896814" lon="112.01345041956662">
        <ele>1105.32</ele>
        <time>2019-03-16T07:37:40.567000Z</time>
      </trkpt>
      <trkpt lat="37.84971772546564" lon="112.01308974337857">
        <ele>1107.07</ele>
        <time>2019-03-16T07:37:49.467000Z</time>
      </trkpt>
      <trkpt lat="37.84974430429225" lon="112.01264944790516">
        <ele>1106.02</ele>
        <time>2019-03-16T07:38:01.567000Z</time>
      </trkpt>
      <trkpt lat="37.84978581700499" lon="112.01223828698649">
        <ele>1106.3</ele>
        <time>2019-03-16T07:38:13.567000Z</time>
      </trkpt>
      <trkpt lat="37.84982537087134" lon="112.01181216742607">
        <ele>1106.77</ele>
        <time>2019-03-16T07:38:25.567000Z</time>
      </trkpt>
      <trkpt lat="37.84986161561201" lon="112.01143908986226">
        <ele>1102.78</ele>
        <time>2019-03-16T07:38:37.567000Z</time>
      </trkpt>
      <trkpt lat="37.849894192050925" lon="112.0110178852725">
        <ele>1105.74</ele>
        <time>2019-03-16T07:38:49.567000Z</time>
      </trkpt>
      <trkpt lat="37.84990729954645" lon="112.0106567841968">
        <ele>1110.38</ele>
        <time>2019-03-16T07:38:58.567000Z</time>
      </trkpt>
      <trkpt lat="37.849914622633406" lon="112.01024683203664">
        <ele>1111.96</ele>
        <time>2019-03-16T07:39:10.567000Z</time>
      </trkpt>
      <trkpt lat="37.849926497146555" lon="112.00991883940654">
        <ele>1112.14</ele>
        <time>2019-03-16T07:39:19.567000Z</time>
      </trkpt>
      <trkpt lat="37.84989893856947" lon="112.00959061143335">
        <ele>1109.58</ele>
        <time>2019-03-16T07:39:28.467000Z</time>
      </trkpt>
      <trkpt lat="37.84980183025356" lon="112.00925727443132">
        <ele>1108.78</ele>
        <time>2019-03-16T07:39:37.567000Z</time>
      </trkpt>
      <trkpt lat="37.849643885244205" lon="112.00897656300154">
        <ele>1111.25</ele>
        <time>2019-03-16T07:39:46.567000Z</time>
      </trkpt>
      <trkpt lat="37.84941944758588" lon="112.00863596803353">
        <ele>1114.16</ele>
        <time>2019-03-16T07:39:58.567000Z</time>
      </trkpt>
      <trkpt lat="37.849216671686946" lon="112.00831822539341">
        <ele>1117.22</ele>
        <time>2019-03-16T07:40:10.567000Z</time>
      </trkpt>
      <trkpt lat="37.848996815748386" lon="112.00798817269484">
        <ele>1118.79</ele>
        <time>2019-03-16T07:40:22.467000Z</time>
      </trkpt>
      <trkpt lat="37.84879388075641" lon="112.00766566112273">
        <ele>1118.1</ele>
        <time>2019-03-16T07:40:34.567000Z</time>
      </trkpt>
      <trkpt lat="37.848608038975314" lon="112.00740354431288">
        <ele>1120.81</ele>
        <time>2019-03-16T07:40:43.567000Z</time>
      </trkpt>
      <trkpt lat="37.84848852082076" lon="112.00721682250361">
        <ele>1119.93</ele>
        <time>2019-03-16T07:40:49.467000Z</time>
      </trkpt>
      <trkpt lat="37.84823479967199" lon="112.00695561720279">
        <ele>1120.81</ele>
        <time>2019-03-16T07:41:01.567000Z</time>
      </trkpt>
      <trkpt lat="37.84809739726903" lon="112.00689954476329">
        <ele>1117.53</ele>
        <time>2019-03-16T07:41:07.567000Z</time>
      </trkpt>
      <trkpt lat="37.847823665451315" lon="112.00685977471247">
        <ele>1119.64</ele>
        <time>2019-03-16T07:41:16.567000Z</time>
      </trkpt>
      <trkpt lat="37.8475062134171" lon="112.006815204769">
        <ele>1122.81</ele>
        <time>2019-03-16T07:41:28.567000Z</time>
      </trkpt>
      <trkpt lat="37.84732561122012" lon="112.0067639331059">
        <ele>1124.51</ele>
        <time>2019-03-16T07:41:34.567000Z</time>
      </trkpt>
      <trkpt lat="37.846970849050166" lon="112.00671603332633">
        <ele>1125.87</ele>
        <time>2019-03-16T07:41:46.567000Z</time>
      </trkpt>
      <trkpt lat="37.8466236875332" lon="112.0066841045274">
        <ele>1130.93</ele>
        <time>2019-03-16T07:41:58.567000Z</time>
      </trkpt>
      <trkpt lat="37.84635385565873" lon="112.00664163432191">
        <ele>1133.85</ele>
        <time>2019-03-16T07:42:07.467000Z</time>
      </trkpt>
      <trkpt lat="37.8460525244062" lon="112.00661526546413">
        <ele>1131.28</ele>
        <time>2019-03-16T07:42:19.567000Z</time>
      </trkpt>
      <trkpt lat="37.8457208291206" lon="112.00648592030713">
        <ele>1135.02</ele>
        <time>2019-03-16T07:42:31.567000Z</time>
      </trkpt>
      <trkpt lat="37.84541172465612" lon="112.00637532622908">
        <ele>1134.3</ele>
        <time>2019-03-16T07:42:43.567000Z</time>
      </trkpt>
      <trkpt lat="37.84514875158403" lon="112.00629912393975">
        <ele>1135.4</ele>
        <time>2019-03-16T07:42:52.467000Z</time>
      </trkpt>
      <trkpt lat="37.844823357248146" lon="112.0061892502008">
        <ele>1138.14</ele>
        <time>2019-03-16T07:43:04.567000Z</time>
      </trkpt>
      <trkpt lat="37.844584245131" lon="112.00613646921546">
        <ele>1138.28</ele>
        <time>2019-03-16T07:43:13.467000Z</time>
      </trkpt>
      <trkpt lat="37.84443176521203" lon="112.00614156096647">
        <ele>1136.58</ele>
        <time>2019-03-16T07:43:19.567000Z</time>
      </trkpt>
      <trkpt lat="37.84411743971349" lon="112.00626854176961">
        <ele>1133.27</ele>
        <time>2019-03-16T07:43:31.467000Z</time>
      </trkpt>
      <trkpt lat="37.843863674203845" lon="112.00639182187852">
        <ele>1134.71</ele>
        <time>2019-03-16T07:43:40.567000Z</time>
      </trkpt>
      <trkpt lat="37.843569633034" lon="112.00662449949715">
        <ele>1134.63</ele>
        <time>2019-03-16T07:43:52.567000Z</time>
      </trkpt>
      <trkpt lat="37.843269322488254" lon="112.00686534808719">
        <ele>1136.55</ele>
        <time>2019-03-16T07:44:04.567000Z</time>
      </trkpt>
      <trkpt lat="37.84299728133751" lon="112.00708380528945">
        <ele>1137.52</ele>
        <time>2019-03-16T07:44:16.467000Z</time>
      </trkpt>
      <trkpt lat="37.84271256010253" lon="112.00729448239976">
        <ele>1137.09</ele>
        <time>2019-03-16T07:44:28.467000Z</time>
      </trkpt>
      <trkpt lat="37.84240318979077" lon="112.0075209211606">
        <ele>1137.58</ele>
        <time>2019-03-16T07:44:40.567000Z</time>
      </trkpt>
      <trkpt lat="37.84216899797708" lon="112.007707036654">
        <ele>1139.2</ele>
        <time>2019-03-16T07:44:49.567000Z</time>
      </trkpt>
      <trkpt lat="37.84187068769402" lon="112.00792299517927">
        <ele>1139.69</ele>
        <time>2019-03-16T07:45:01.467000Z</time>
      </trkpt>
      <trkpt lat="37.84161681340788" lon="112.00804863686089">
        <ele>1142.96</ele>
        <time>2019-03-16T07:45:10.567000Z</time>
      </trkpt>
      <trkpt lat="37.84135130725416" lon="112.00813358570468">
        <ele>1147.79</ele>
        <time>2019-03-16T07:45:19.567000Z</time>
      </trkpt>
      <trkpt lat="37.841022817591984" lon="112.00814547969203">
        <ele>1141.52</ele>
        <time>2019-03-16T07:45:31.567000Z</time>
      </trkpt>
      <trkpt lat="37.840785025856356" lon="112.00811255946653">
        <ele>1140.57</ele>
        <time>2019-03-16T07:45:40.567000Z</time>
      </trkpt>
      <trkpt lat="37.84045448205833" lon="112.00803726696832">
        <ele>1141.85</ele>
        <time>2019-03-16T07:45:52.567000Z</time>
      </trkpt>
      <trkpt lat="37.840112789927375" lon="112.00799705720553">
        <ele>1141.48</ele>
        <time>2019-03-16T07:46:04.467000Z</time>
      </trkpt>
      <trkpt lat="37.83977833230014" lon="112.00805239446123">
        <ele>1142.84</ele>
        <time>2019-03-16T07:46:16.567000Z</time>
      </trkpt>
      <trkpt lat="37.839503533339766" lon="112.00807841898704">
        <ele>1146.2</ele>
        <time>2019-03-16T07:46:25.567000Z</time>
      </trkpt>
      <trkpt lat="37.83916327460137" lon="112.00810999454843">
        <ele>1148.53</ele>
        <time>2019-03-16T07:46:37.467000Z</time>
      </trkpt>
      <trkpt lat="37.8388447871386" lon="112.00816782188232">
        <ele>1148.03</ele>
        <time>2019-03-16T07:46:49.567000Z</time>
      </trkpt>
      <trkpt lat="37.83849599953079" lon="112.00822269930093">
        <ele>1152.41</ele>
        <time>2019-03-16T07:47:01.567000Z</time>
      </trkpt>
      <trkpt lat="37.8382260273321" lon="112.00818086868722">
        <ele>1153.88</ele>
        <time>2019-03-16T07:47:10.567000Z</time>
      </trkpt>
      <trkpt lat="37.83791932046742" lon="112.00804104111593">
        <ele>1148.29</ele>
        <time>2019-03-16T07:47:22.567000Z</time>
      </trkpt>
      <trkpt lat="37.83759562548821" lon="112.00793969666572">
        <ele>1153.36</ele>
        <time>2019-03-16T07:47:34.467000Z</time>
      </trkpt>
      <trkpt lat="37.83729499080853" lon="112.00784328242801">
        <ele>1150.38</ele>
        <time>2019-03-16T07:47:46.567000Z</time>
      </trkpt>
      <trkpt lat="37.83696821593419" lon="112.00774187813872">
        <ele>1146.93</ele>
        <time>2019-03-16T07:47:58.467000Z</time>
      </trkpt>
      <trkpt lat="37.836628710080966" lon="112.00761763240617">
        <ele>1152.21</ele>
        <time>2019-03-16T07:48:10.467000Z</time>
      </trkpt>
      <trkpt lat="37.836302063675575" lon="112.00747876562704">
        <ele>1153.41</ele>
        <time>2019-03-16T07:48:22.567000Z</time>
      </trkpt>
      <trkpt lat="37.83595282949857" lon="112.007389072618">
        <ele>1156.78</ele>
        <time>2019-03-16T07:48:34.567000Z</time>
      </trkpt>
      <trkpt lat="37.83567833770791" lon="112.00735230263449">
        <ele>1159.14</ele>
        <time>2019-03-16T07:48:43.567000Z</time>
      </trkpt>
      <trkpt lat="37.835516376169124" lon="112.00731938186934">
        <ele>1156.38</ele>
        <time>2019-03-16T07:48:49.567000Z</time>
      </trkpt>
      <trkpt lat="37.835434114396605" lon="112.007279609889">
        <ele>1155.13</ele>
        <time>2019-03-16T07:48:52.467000Z</time>
      </trkpt>
      <trkpt lat="37.835379420454274" lon="112.00718833412496">
        <ele>1155.61</ele>
        <time>2019-03-16T07:48:55.467000Z</time>
      </trkpt>
      <trkpt lat="37.83529334108176" lon="112.00696617989261">
        <ele>1156.16</ele>
        <time>2019-03-16T07:49:01.467000Z</time>
      </trkpt>
      <trkpt lat="37.83522264826663" lon="112.00689892607008">
        <ele>1156.85</ele>
        <time>2019-03-16T07:49:04.567000Z</time>
      </trkpt>
      <trkpt lat="37.83514006677842" lon="112.0068638945212">
        <ele>1156.96</ele>
        <time>2019-03-16T07:49:07.567000Z</time>
      </trkpt>
      <trkpt lat="37.83484669718115" lon="112.00687873826155">
        <ele>1156.29</ele>
        <time>2019-03-16T07:49:16.567000Z</time>
      </trkpt>
      <trkpt lat="37.834599229183134" lon="112.00693176411392">
        <ele>1160.07</ele>
        <time>2019-03-16T07:49:25.567000Z</time>
      </trkpt>
      <trkpt lat="37.83435607597734" lon="112.00685753146475">
        <ele>1159.14</ele>
        <time>2019-03-16T07:49:34.467000Z</time>
      </trkpt>
      <trkpt lat="37.83413968351043" lon="112.00680039972613">
        <ele>1156.42</ele>
        <time>2019-03-16T07:49:43.567000Z</time>
      </trkpt>
      <trkpt lat="37.83380585822" lon="112.0066740946037">
        <ele>1161.36</ele>
        <time>2019-03-16T07:49:55.567000Z</time>
      </trkpt>
      <trkpt lat="37.83345440417463" lon="112.00657770167538">
        <ele>1166.35</ele>
        <time>2019-03-16T07:50:07.567000Z</time>
      </trkpt>
      <trkpt lat="37.833187469527545" lon="112.00646289684666">
        <ele>1165.89</ele>
        <time>2019-03-16T07:50:16.567000Z</time>
      </trkpt>
      <trkpt lat="37.832878424829616" lon="112.00634561234776">
        <ele>1164.59</ele>
        <time>2019-03-16T07:50:28.467000Z</time>
      </trkpt>
      <trkpt lat="37.83261403036043" lon="112.00623161772742">
        <ele>1165.94</ele>
        <time>2019-03-16T07:50:37.467000Z</time>
      </trkpt>
      <trkpt lat="37.83227468545221" lon="112.00610510313442">
        <ele>1167.31</ele>
        <time>2019-03-16T07:50:49.567000Z</time>
      </trkpt>
      <trkpt lat="37.83193985457775" lon="112.00608747520081">
        <ele>1166.25</ele>
        <time>2019-03-16T07:51:01.567000Z</time>
      </trkpt>
      <trkpt lat="37.83166960437874" lon="112.0060871077135">
        <ele>1168.15</ele>
        <time>2019-03-16T07:51:10.567000Z</time>
      </trkpt>
      <trkpt lat="37.83135357557222" lon="112.00612563302948">
        <ele>1167.75</ele>
        <time>2019-03-16T07:51:22.467000Z</time>
      </trkpt>
      <trkpt lat="37.8310384759093" lon="112.00614068690618">
        <ele>1166.53</ele>
        <time>2019-03-16T07:51:34.567000Z</time>
      </trkpt>
      <trkpt lat="37.83078680648157" lon="112.00616090050613">
        <ele>1173.25</ele>
        <time>2019-03-16T07:51:43.467000Z</time>
      </trkpt>
      <trkpt lat="37.83053155530616" lon="112.00613374123355">
        <ele>1168.77</ele>
        <time>2019-03-16T07:51:52.567000Z</time>
      </trkpt>
      <trkpt lat="37.83028139547464" lon="112.00614298414489">
        <ele>1172.05</ele>
        <time>2019-03-16T07:52:01.567000Z</time>
      </trkpt>
      <trkpt lat="37.82992625476178" lon="112.00613021669149">
        <ele>1177.52</ele>
        <time>2019-03-16T07:52:13.467000Z</time>
      </trkpt>
      <trkpt lat="37.82959014459378" lon="112.00613190994494">
        <ele>1178.83</ele>
        <time>2019-03-16T07:52:25.567000Z</time>
      </trkpt>
      <trkpt lat="37.8292441754121" lon="112.00616056494378">
        <ele>1178.53</ele>
        <time>2019-03-16T07:52:37.467000Z</time>
      </trkpt>
      <trkpt lat="37.82888753474265" lon="112.0061490275767">
        <ele>1177.97</ele>
        <time>2019-03-16T07:52:49.467000Z</time>
      </trkpt>
      <trkpt lat="37.82860752543953" lon="112.00617310167821">
        <ele>1178.17</ele>
        <time>2019-03-16T07:52:58.567000Z</time>
      </trkpt>
      <trkpt lat="37.82829283499792" lon="112.00616697424867">
        <ele>1177.38</ele>
        <time>2019-03-16T07:53:10.567000Z</time>
      </trkpt>
      <trkpt lat="37.827973636678905" lon="112.00621820039532">
        <ele>1180.42</ele>
        <time>2019-03-16T07:53:22.567000Z</time>
      </trkpt>
      <trkpt lat="37.82769531805968" lon="112.00626028560882">
        <ele>1182.29</ele>
        <time>2019-03-16T07:53:31.467000Z</time>
      </trkpt>
      <trkpt lat="37.8273823690681" lon="112.00629285056459">
        <ele>1183.91</ele>
        <time>2019-03-16T07:53:43.567000Z</time>
      </trkpt>
      <trkpt lat="37.82722348031492" lon="112.00632878429603">
        <ele>1182.08</ele>
        <time>2019-03-16T07:53:49.567000Z</time>
      </trkpt>
      <trkpt lat="37.82706180989767" lon="112.00632066530137">
        <ele>1182.91</ele>
        <time>2019-03-16T07:53:55.567000Z</time>
      </trkpt>
      <trkpt lat="37.82690445115557" lon="112.00635671903267">
        <ele>1182.68</ele>
        <time>2019-03-16T07:54:01.467000Z</time>
      </trkpt>
      <trkpt lat="37.82659993122551" lon="112.00636403234158">
        <ele>1177.21</ele>
        <time>2019-03-16T07:54:13.567000Z</time>
      </trkpt>
      <trkpt lat="37.82632883358758" lon="112.0064307290832">
        <ele>1184.9</ele>
        <time>2019-03-16T07:54:22.567000Z</time>
      </trkpt>
      <trkpt lat="37.82615505488565" lon="112.00646755304376">
        <ele>1187.99</ele>
        <time>2019-03-16T07:54:28.467000Z</time>
      </trkpt>
      <trkpt lat="37.82582361445764" lon="112.0064623158116">
        <ele>1189.97</ele>
        <time>2019-03-16T07:54:40.567000Z</time>
      </trkpt>
      <trkpt lat="37.82551652434204" lon="112.00646474883835">
        <ele>1184.52</ele>
        <time>2019-03-16T07:54:52.467000Z</time>
      </trkpt>
      <trkpt lat="37.82523704241908" lon="112.00641966859591">
        <ele>1189.23</ele>
        <time>2019-03-16T07:55:01.467000Z</time>
      </trkpt>
      <trkpt lat="37.824906799317084" lon="112.00634415693094">
        <ele>1189.26</ele>
        <time>2019-03-16T07:55:13.567000Z</time>
      </trkpt>
      <trkpt lat="37.82457596695659" lon="112.00628757648816">
        <ele>1192.97</ele>
        <time>2019-03-16T07:55:25.567000Z</time>
      </trkpt>
      <trkpt lat="37.824224273804596" lon="112.00620963494097">
        <ele>1194.08</ele>
        <time>2019-03-16T07:55:37.567000Z</time>
      </trkpt>
      <trkpt lat="37.82395315092375" lon="112.00613667298693">
        <ele>1192.23</ele>
        <time>2019-03-16T07:55:46.567000Z</time>
      </trkpt>
      <trkpt lat="37.82363195877854" lon="112.00608404277365">
        <ele>1188.41</ele>
        <time>2019-03-16T07:55:58.567000Z</time>
      </trkpt>
      <trkpt lat="37.823295968708926" lon="112.00608838617737">
        <ele>1189.96</ele>
        <time>2019-03-16T07:56:10.567000Z</time>
      </trkpt>
      <trkpt lat="37.82294536973901" lon="112.00612304156813">
        <ele>1196.27</ele>
        <time>2019-03-16T07:56:22.567000Z</time>
      </trkpt>
      <trkpt lat="37.82277048988765" lon="112.00613032364717">
        <ele>1196.69</ele>
        <time>2019-03-16T07:56:28.567000Z</time>
      </trkpt>
      <trkpt lat="37.822445345303436" lon="112.00601041939284">
        <ele>1201.68</ele>
        <time>2019-03-16T07:56:40.567000Z</time>
      </trkpt>
      <trkpt lat="37.82220648097794" lon="112.00589394463539">
        <ele>1202.28</ele>
        <time>2019-03-16T07:56:49.567000Z</time>
      </trkpt>
      <trkpt lat="37.8219194229501" lon="112.00566893407962">
        <ele>1200.87</ele>
        <time>2019-03-16T07:57:01.467000Z</time>
      </trkpt>
      <trkpt lat="37.82167921695649" lon="112.00549603638768">
        <ele>1206.5</ele>
        <time>2019-03-16T07:57:10.567000Z</time>
      </trkpt>
      <trkpt lat="37.821384128302974" lon="112.00523625460134">
        <ele>1207.24</ele>
        <time>2019-03-16T07:57:22.567000Z</time>
      </trkpt>
      <trkpt lat="37.82113213148332" lon="112.00502347538854">
        <ele>1210.37</ele>
        <time>2019-03-16T07:57:34.467000Z</time>
      </trkpt>
      <trkpt lat="37.820852986005335" lon="112.00484825870367">
        <ele>1210.95</ele>
        <time>2019-03-16T07:57:46.467000Z</time>
      </trkpt>
      <trkpt lat="37.82061575067911" lon="112.0046714917589">
        <ele>1213.76</ele>
        <time>2019-03-16T07:58:07.467000Z</time>
      </trkpt>
      <trkpt lat="37.82039517422318" lon="112.0044472725088">
        <ele>1214.25</ele>
        <time>2019-03-16T07:58:31.467000Z</time>
      </trkpt>
      <trkpt lat="37.82047879743048" lon="112.0045605073962">
        <ele>1214.85</ele>
        <time>2019-03-16T07:58:40.467000Z</time>
      </trkpt>
      <trkpt lat="37.820623531744445" lon="112.0047082435727">
        <ele>1213.18</ele>
        <time>2019-03-16T07:58:52.567000Z</time>
      </trkpt>
      <trkpt lat="37.820888777259746" lon="112.00488951053782">
        <ele>1207.4</ele>
        <time>2019-03-16T07:59:13.567000Z</time>
      </trkpt>
      <trkpt lat="37.82105016187647" lon="112.0050380769371">
        <ele>1203.31</ele>
        <time>2019-03-16T07:59:25.467000Z</time>
      </trkpt>
      <trkpt lat="37.82133234664194" lon="112.00524118880396">
        <ele>1203.37</ele>
        <time>2019-03-16T07:59:37.567000Z</time>
      </trkpt>
      <trkpt lat="37.82155608452599" lon="112.00542659177111">
        <ele>1204.87</ele>
        <time>2019-03-16T07:59:46.567000Z</time>
      </trkpt>
      <trkpt lat="37.821794035203595" lon="112.00562441137163">
        <ele>1202.02</ele>
        <time>2019-03-16T07:59:55.567000Z</time>
      </trkpt>
      <trkpt lat="37.82208176648136" lon="112.00585243998222">
        <ele>1196.47</ele>
        <time>2019-03-16T08:00:07.567000Z</time>
      </trkpt>
      <trkpt lat="37.822368577820505" lon="112.00605051080832">
        <ele>1196.08</ele>
        <time>2019-03-16T08:00:19.567000Z</time>
      </trkpt>
      <trkpt lat="37.82266935119734" lon="112.00617545062677">
        <ele>1193.17</ele>
        <time>2019-03-16T08:00:28.467000Z</time>
      </trkpt>
      <trkpt lat="37.82286708771529" lon="112.00626961546695">
        <ele>1186.93</ele>
        <time>2019-03-16T08:00:34.467000Z</time>
      </trkpt>
      <trkpt lat="37.823036158862486" lon="112.00620842675762">
        <ele>1186.07</ele>
        <time>2019-03-16T08:00:40.467000Z</time>
      </trkpt>
      <trkpt lat="37.823121674677004" lon="112.00619450562915">
        <ele>1183.26</ele>
        <time>2019-03-16T08:00:43.567000Z</time>
      </trkpt>
      <trkpt lat="37.82320515830501" lon="112.00618426463966">
        <ele>1183.12</ele>
        <time>2019-03-16T08:00:46.567000Z</time>
      </trkpt>
      <trkpt lat="37.82338326050542" lon="112.00612957151709">
        <ele>1187.51</ele>
        <time>2019-03-16T08:00:52.567000Z</time>
      </trkpt>
      <trkpt lat="37.82354543566466" lon="112.00609490154886">
        <ele>1187.57</ele>
        <time>2019-03-16T08:00:58.567000Z</time>
      </trkpt>
      <trkpt lat="37.82389883330793" lon="112.00613725602747">
        <ele>1180.91</ele>
        <time>2019-03-16T08:01:10.567000Z</time>
      </trkpt>
      <trkpt lat="37.82424134597253" lon="112.00625268188192">
        <ele>1181.83</ele>
        <time>2019-03-16T08:01:22.567000Z</time>
      </trkpt>
      <trkpt lat="37.82455577741268" lon="112.00632998346822">
        <ele>1184.84</ele>
        <time>2019-03-16T08:01:34.567000Z</time>
      </trkpt>
      <trkpt lat="37.824889730317025" lon="112.00639103486105">
        <ele>1185.7</ele>
        <time>2019-03-16T08:01:46.467000Z</time>
      </trkpt>
      <trkpt lat="37.82518659322256" lon="112.00644844672432">
        <ele>1184.13</ele>
        <time>2019-03-16T08:01:55.467000Z</time>
      </trkpt>
      <trkpt lat="37.82547200816199" lon="112.00651509498923">
        <ele>1184.75</ele>
        <time>2019-03-16T08:02:04.567000Z</time>
      </trkpt>
      <trkpt lat="37.82575572929274" lon="112.00653398918186">
        <ele>1182.39</ele>
        <time>2019-03-16T08:02:13.467000Z</time>
      </trkpt>
      <trkpt lat="37.82610254726164" lon="112.00654434436959">
        <ele>1178.37</ele>
        <time>2019-03-16T08:02:25.467000Z</time>
      </trkpt>
      <trkpt lat="37.8263753336059" lon="112.00648369044296">
        <ele>1177.38</ele>
        <time>2019-03-16T08:02:34.467000Z</time>
      </trkpt>
      <trkpt lat="37.82661751051721" lon="112.0064040383646">
        <ele>1174.15</ele>
        <time>2019-03-16T08:02:43.567000Z</time>
      </trkpt>
      <trkpt lat="37.826899977883535" lon="112.0063769171134">
        <ele>1177.52</ele>
        <time>2019-03-16T08:02:52.567000Z</time>
      </trkpt>
      <trkpt lat="37.82718902242971" lon="112.00636472287518">
        <ele>1172.89</ele>
        <time>2019-03-16T08:03:01.567000Z</time>
      </trkpt>
      <trkpt lat="37.82750603220397" lon="112.00635503816024">
        <ele>1175.55</ele>
        <time>2019-03-16T08:03:10.567000Z</time>
      </trkpt>
      <trkpt lat="37.82779101806007" lon="112.00633726464942">
        <ele>1172.76</ele>
        <time>2019-03-16T08:03:19.567000Z</time>
      </trkpt>
      <trkpt lat="37.828120683626636" lon="112.00627015363027">
        <ele>1171.09</ele>
        <time>2019-03-16T08:03:31.567000Z</time>
      </trkpt>
      <trkpt lat="37.82838978685505" lon="112.0062266663966">
        <ele>1167.64</ele>
        <time>2019-03-16T08:03:40.567000Z</time>
      </trkpt>
      <trkpt lat="37.828699540703035" lon="112.00621843020355">
        <ele>1166.59</ele>
        <time>2019-03-16T08:03:49.467000Z</time>
      </trkpt>
      <trkpt lat="37.828978985788446" lon="112.00621034262866">
        <ele>1165.94</ele>
        <time>2019-03-16T08:03:58.567000Z</time>
      </trkpt>
      <trkpt lat="37.82925269031375" lon="112.00618670772447">
        <ele>1165.33</ele>
        <time>2019-03-16T08:04:07.567000Z</time>
      </trkpt>
      <trkpt lat="37.82956080938582" lon="112.00618326179868">
        <ele>1167.06</ele>
        <time>2019-03-16T08:04:16.567000Z</time>
      </trkpt>
      <trkpt lat="37.829874988390486" lon="112.00615773515024">
        <ele>1164.87</ele>
        <time>2019-03-16T08:04:25.567000Z</time>
      </trkpt>
      <trkpt lat="37.83016224391652" lon="112.00616409514312">
        <ele>1163.45</ele>
        <time>2019-03-16T08:04:34.567000Z</time>
      </trkpt>
      <trkpt lat="37.83044797741836" lon="112.00618886517134">
        <ele>1159.47</ele>
        <time>2019-03-16T08:04:43.567000Z</time>
      </trkpt>
      <trkpt lat="37.83080501913656" lon="112.00621248707311">
        <ele>1158.21</ele>
        <time>2019-03-16T08:04:55.467000Z</time>
      </trkpt>
      <trkpt lat="37.83109912775499" lon="112.00620681833882">
        <ele>1159.3</ele>
        <time>2019-03-16T08:05:04.567000Z</time>
      </trkpt>
      <trkpt lat="37.831400382931086" lon="112.00619807828383">
        <ele>1157.23</ele>
        <time>2019-03-16T08:05:13.567000Z</time>
      </trkpt>
      <trkpt lat="37.831758829075476" lon="112.00617281390744">
        <ele>1160.3</ele>
        <time>2019-03-16T08:05:25.467000Z</time>
      </trkpt>
      <trkpt lat="37.8319485107462" lon="112.00614815826499">
        <ele>1159.96</ele>
        <time>2019-03-16T08:05:31.467000Z</time>
      </trkpt>
      <trkpt lat="37.83222765793801" lon="112.00614616758168">
        <ele>1158.78</ele>
        <time>2019-03-16T08:05:40.467000Z</time>
      </trkpt>
      <trkpt lat="37.83248998614834" lon="112.0062174825549">
        <ele>1160.62</ele>
        <time>2019-03-16T08:05:49.567000Z</time>
      </trkpt>
      <trkpt lat="37.832659359268604" lon="112.00630811732799">
        <ele>1157.86</ele>
        <time>2019-03-16T08:05:55.567000Z</time>
      </trkpt>
      <trkpt lat="37.832963004559424" lon="112.00646103857444">
        <ele>1153.66</ele>
        <time>2019-03-16T08:06:07.467000Z</time>
      </trkpt>
      <trkpt lat="37.83330657796851" lon="112.00655549241006">
        <ele>1154.99</ele>
        <time>2019-03-16T08:06:19.467000Z</time>
      </trkpt>
      <trkpt lat="37.83357949814894" lon="112.00663440211416">
        <ele>1153.52</ele>
        <time>2019-03-16T08:06:28.467000Z</time>
      </trkpt>
      <trkpt lat="37.83391839968851" lon="112.00675674792366">
        <ele>1152.2</ele>
        <time>2019-03-16T08:06:40.467000Z</time>
      </trkpt>
      <trkpt lat="37.834200718144245" lon="112.00684777777363">
        <ele>1149.08</ele>
        <time>2019-03-16T08:06:49.467000Z</time>
      </trkpt>
      <trkpt lat="37.83448720452794" lon="112.0069685447728">
        <ele>1147.36</ele>
        <time>2019-03-16T08:06:58.567000Z</time>
      </trkpt>
      <trkpt lat="37.834574718353174" lon="112.00699935886801">
        <ele>1147.48</ele>
        <time>2019-03-16T08:07:01.467000Z</time>
      </trkpt>
      <trkpt lat="37.83468420632913" lon="112.0070181740319">
        <ele>1147.28</ele>
        <time>2019-03-16T08:07:04.467000Z</time>
      </trkpt>
      <trkpt lat="37.83479636238374" lon="112.0070176626236">
        <ele>1146.2</ele>
        <time>2019-03-16T08:07:07.467000Z</time>
      </trkpt>
      <trkpt lat="37.83496490392314" lon="112.0069520051894">
        <ele>1143.12</ele>
        <time>2019-03-16T08:07:13.467000Z</time>
      </trkpt>
      <trkpt lat="37.83505450774415" lon="112.00693601602823">
        <ele>1144.37</ele>
        <time>2019-03-16T08:07:16.567000Z</time>
      </trkpt>
      <trkpt lat="37.83514270704047" lon="112.0069319119457">
        <ele>1144.98</ele>
        <time>2019-03-16T08:07:19.467000Z</time>
      </trkpt>
      <trkpt lat="37.83526416449527" lon="112.00695157679327">
        <ele>1144.93</ele>
        <time>2019-03-16T08:07:25.467000Z</time>
      </trkpt>
      <trkpt lat="37.83539960210246" lon="112.00725003452624">
        <ele>1145.12</ele>
        <time>2019-03-16T08:07:34.467000Z</time>
      </trkpt>
      <trkpt lat="37.83545186330748" lon="112.0073372853543">
        <ele>1143.78</ele>
        <time>2019-03-16T08:07:37.467000Z</time>
      </trkpt>
      <trkpt lat="37.8355342676092" lon="112.00738298181157">
        <ele>1143.14</ele>
        <time>2019-03-16T08:07:40.567000Z</time>
      </trkpt>
      <trkpt lat="37.835797788089714" lon="112.00745646455438">
        <ele>1145.99</ele>
        <time>2019-03-16T08:07:49.567000Z</time>
      </trkpt>
      <trkpt lat="37.8358862088047" lon="112.00748188151528">
        <ele>1146.42</ele>
        <time>2019-03-16T08:07:52.567000Z</time>
      </trkpt>
      <trkpt lat="37.83598441306719" lon="112.00747832368874">
        <ele>1146.9</ele>
        <time>2019-03-16T08:07:55.567000Z</time>
      </trkpt>
      <trkpt lat="37.83608416415328" lon="112.0074938742543">
        <ele>1145.86</ele>
        <time>2019-03-16T08:07:58.467000Z</time>
      </trkpt>
      <trkpt lat="37.836360626033965" lon="112.00757591353543">
        <ele>1145.75</ele>
        <time>2019-03-16T08:08:07.567000Z</time>
      </trkpt>
      <trkpt lat="37.83662945967789" lon="112.00766898522106">
        <ele>1145.79</ele>
        <time>2019-03-16T08:08:16.567000Z</time>
      </trkpt>
      <trkpt lat="37.83696936412978" lon="112.00778616713865">
        <ele>1144.38</ele>
        <time>2019-03-16T08:08:28.467000Z</time>
      </trkpt>
      <trkpt lat="37.83725451082663" lon="112.00786602558466">
        <ele>1146.54</ele>
        <time>2019-03-16T08:08:37.567000Z</time>
      </trkpt>
      <trkpt lat="37.83759039019654" lon="112.00799377623682">
        <ele>1146.72</ele>
        <time>2019-03-16T08:08:49.467000Z</time>
      </trkpt>
      <trkpt lat="37.83777756518389" lon="112.00805835604784">
        <ele>1145.68</ele>
        <time>2019-03-16T08:08:55.467000Z</time>
      </trkpt>
      <trkpt lat="37.837954842816714" lon="112.00808982947231">
        <ele>1142.46</ele>
        <time>2019-03-16T08:09:01.467000Z</time>
      </trkpt>
      <trkpt lat="37.83822071355839" lon="112.00818348278821">
        <ele>1145.46</ele>
        <time>2019-03-16T08:09:10.467000Z</time>
      </trkpt>
      <trkpt lat="37.8383843545707" lon="112.00824323281171">
        <ele>1142.18</ele>
        <time>2019-03-16T08:09:16.467000Z</time>
      </trkpt>
      <trkpt lat="37.838472893223994" lon="112.00825638425263">
        <ele>1141.65</ele>
        <time>2019-03-16T08:09:19.467000Z</time>
      </trkpt>
      <trkpt lat="37.83876491549656" lon="112.00823223319574">
        <ele>1141.35</ele>
        <time>2019-03-16T08:09:28.467000Z</time>
      </trkpt>
      <trkpt lat="37.83907247871885" lon="112.00816691612356">
        <ele>1140.49</ele>
        <time>2019-03-16T08:09:37.567000Z</time>
      </trkpt>
      <trkpt lat="37.839180671494134" lon="112.00815276381304">
        <ele>1141.77</ele>
        <time>2019-03-16T08:09:40.467000Z</time>
      </trkpt>
      <trkpt lat="37.83946597723127" lon="112.00812061167748">
        <ele>1141.83</ele>
        <time>2019-03-16T08:09:49.467000Z</time>
      </trkpt>
      <trkpt lat="37.839788855413" lon="112.00807135707204">
        <ele>1139.07</ele>
        <time>2019-03-16T08:10:01.467000Z</time>
      </trkpt>
      <trkpt lat="37.8401041028917" lon="112.0080253317161">
        <ele>1134.08</ele>
        <time>2019-03-16T08:10:13.567000Z</time>
      </trkpt>
      <trkpt lat="37.840293139412175" lon="112.0080144419617">
        <ele>1133.93</ele>
        <time>2019-03-16T08:10:19.467000Z</time>
      </trkpt>
      <trkpt lat="37.840576029762694" lon="112.00806809406986">
        <ele>1132.58</ele>
        <time>2019-03-16T08:10:28.467000Z</time>
      </trkpt>
      <trkpt lat="37.84087607682799" lon="112.00811866502004">
        <ele>1131.97</ele>
        <time>2019-03-16T08:10:37.567000Z</time>
      </trkpt>
      <trkpt lat="37.84116587904544" lon="112.00818404944218">
        <ele>1130.7</ele>
        <time>2019-03-16T08:10:46.467000Z</time>
      </trkpt>
      <trkpt lat="37.84146200886323" lon="112.00817753361736">
        <ele>1132.96</ele>
        <time>2019-03-16T08:10:55.567000Z</time>
      </trkpt>
      <trkpt lat="37.84164390343269" lon="112.00813499903222">
        <ele>1133.58</ele>
        <time>2019-03-16T08:11:01.567000Z</time>
      </trkpt>
      <trkpt lat="37.841895431976006" lon="112.00796907175834">
        <ele>1133.48</ele>
        <time>2019-03-16T08:11:10.567000Z</time>
      </trkpt>
      <trkpt lat="37.84197805242066" lon="112.00792554981305">
        <ele>1131.11</ele>
        <time>2019-03-16T08:11:13.567000Z</time>
      </trkpt>
      <trkpt lat="37.84222777540108" lon="112.00774088306139">
        <ele>1127.51</ele>
        <time>2019-03-16T08:11:22.467000Z</time>
      </trkpt>
      <trkpt lat="37.842479181753205" lon="112.00753824147898">
        <ele>1128.4</ele>
        <time>2019-03-16T08:11:31.467000Z</time>
      </trkpt>
      <trkpt lat="37.842722065411635" lon="112.00735659882687">
        <ele>1130.12</ele>
        <time>2019-03-16T08:11:40.567000Z</time>
      </trkpt>
      <trkpt lat="37.84295563614913" lon="112.00715205449407">
        <ele>1132.02</ele>
        <time>2019-03-16T08:11:49.567000Z</time>
      </trkpt>
      <trkpt lat="37.84318305645977" lon="112.00698243450422">
        <ele>1131.24</ele>
        <time>2019-03-16T08:11:58.567000Z</time>
      </trkpt>
      <trkpt lat="37.843412082733416" lon="112.00674401854226">
        <ele>1130.1</ele>
        <time>2019-03-16T08:12:07.467000Z</time>
      </trkpt>
      <trkpt lat="37.84371241518367" lon="112.00653891930442">
        <ele>1126.19</ele>
        <time>2019-03-16T08:12:19.467000Z</time>
      </trkpt>
      <trkpt lat="37.84397788080866" lon="112.00634806716278">
        <ele>1127.66</ele>
        <time>2019-03-16T08:12:28.467000Z</time>
      </trkpt>
      <trkpt lat="37.8442481395592" lon="112.00620840122372">
        <ele>1127.93</ele>
        <time>2019-03-16T08:12:37.567000Z</time>
      </trkpt>
      <trkpt lat="37.84448230872721" lon="112.0061352051823">
        <ele>1122.87</ele>
        <time>2019-03-16T08:12:46.567000Z</time>
      </trkpt>
      <trkpt lat="37.84476259366529" lon="112.0061595898561">
        <ele>1125.13</ele>
        <time>2019-03-16T08:12:55.467000Z</time>
      </trkpt>
      <trkpt lat="37.84502243726858" lon="112.0062398935448">
        <ele>1123.64</ele>
        <time>2019-03-16T08:13:04.467000Z</time>
      </trkpt>
      <trkpt lat="37.8452931222066" lon="112.00630790219235">
        <ele>1127.55</ele>
        <time>2019-03-16T08:13:13.467000Z</time>
      </trkpt>
      <trkpt lat="37.84557656604507" lon="112.00639541230865">
        <ele>1126.21</ele>
        <time>2019-03-16T08:13:22.467000Z</time>
      </trkpt>
      <trkpt lat="37.84584966094823" lon="112.00650213978693">
        <ele>1123.91</ele>
        <time>2019-03-16T08:13:31.567000Z</time>
      </trkpt>
      <trkpt lat="37.84620357247746" lon="112.00661957416449">
        <ele>1123.36</ele>
        <time>2019-03-16T08:13:43.467000Z</time>
      </trkpt>
      <trkpt lat="37.84649883055426" lon="112.00666011500815">
        <ele>1124.37</ele>
        <time>2019-03-16T08:13:52.567000Z</time>
      </trkpt>
      <trkpt lat="37.846785808951566" lon="112.00667718176544">
        <ele>1121.66</ele>
        <time>2019-03-16T08:14:01.467000Z</time>
      </trkpt>
      <trkpt lat="37.84707667474591" lon="112.00670519912963">
        <ele>1120.79</ele>
        <time>2019-03-16T08:14:10.567000Z</time>
      </trkpt>
      <trkpt lat="37.84732798416613" lon="112.00672162897314">
        <ele>1119.42</ele>
        <time>2019-03-16T08:14:19.467000Z</time>
      </trkpt>
      <trkpt lat="37.847422301823876" lon="112.00674167584506">
        <ele>1119.48</ele>
        <time>2019-03-16T08:14:22.467000Z</time>
      </trkpt>
      <trkpt lat="37.84770036186567" lon="112.00678229818946">
        <ele>1117.46</ele>
        <time>2019-03-16T08:14:31.567000Z</time>
      </trkpt>
      <trkpt lat="37.8480160956142" lon="112.00683502135261">
        <ele>1115.35</ele>
        <time>2019-03-16T08:14:40.567000Z</time>
      </trkpt>
      <trkpt lat="37.84822166787404" lon="112.00688561085849">
        <ele>1117.73</ele>
        <time>2019-03-16T08:14:46.467000Z</time>
      </trkpt>
      <trkpt lat="37.848429695256776" lon="112.00699866439234">
        <ele>1118.47</ele>
        <time>2019-03-16T08:14:52.567000Z</time>
      </trkpt>
      <trkpt lat="37.84866666401978" lon="112.00734421927636">
        <ele>1120.28</ele>
        <time>2019-03-16T08:15:04.567000Z</time>
      </trkpt>
      <trkpt lat="37.84875758130675" lon="112.0075169229795">
        <ele>1120.88</ele>
        <time>2019-03-16T08:15:10.467000Z</time>
      </trkpt>
      <trkpt lat="37.84881184425787" lon="112.0076162662666">
        <ele>1121.42</ele>
        <time>2019-03-16T08:15:13.467000Z</time>
      </trkpt>
      <trkpt lat="37.84897861578484" lon="112.00789105680619">
        <ele>1117.7</ele>
        <time>2019-03-16T08:15:22.567000Z</time>
      </trkpt>
      <trkpt lat="37.849110815337625" lon="112.00807289220398">
        <ele>1119.16</ele>
        <time>2019-03-16T08:15:28.467000Z</time>
      </trkpt>
      <trkpt lat="37.84929173154235" lon="112.00836253080779">
        <ele>1119.07</ele>
        <time>2019-03-16T08:15:37.567000Z</time>
      </trkpt>
      <trkpt lat="37.849447871134224" lon="112.00864610418306">
        <ele>1117.98</ele>
        <time>2019-03-16T08:15:46.467000Z</time>
      </trkpt>
      <trkpt lat="37.84961391695647" lon="112.00895226750875">
        <ele>1115.02</ele>
        <time>2019-03-16T08:15:55.467000Z</time>
      </trkpt>
      <trkpt lat="37.849787042748986" lon="112.0092477537894">
        <ele>1113.31</ele>
        <time>2019-03-16T08:16:04.467000Z</time>
      </trkpt>
      <trkpt lat="37.84982930584728" lon="112.00935033552369">
        <ele>1112.58</ele>
        <time>2019-03-16T08:16:07.467000Z</time>
      </trkpt>
      <trkpt lat="37.849884388093564" lon="112.00970177204948">
        <ele>1117.16</ele>
        <time>2019-03-16T08:16:16.467000Z</time>
      </trkpt>
      <trkpt lat="37.84988414088857" lon="112.01007068613134">
        <ele>1113.36</ele>
        <time>2019-03-16T08:16:25.467000Z</time>
      </trkpt>
      <trkpt lat="37.84987844512674" lon="112.0104411170481">
        <ele>1113.94</ele>
        <time>2019-03-16T08:16:34.467000Z</time>
      </trkpt>
      <trkpt lat="37.84985153907675" lon="112.01081615291008">
        <ele>1112.56</ele>
        <time>2019-03-16T08:16:43.567000Z</time>
      </trkpt>
      <trkpt lat="37.849798569972734" lon="112.01124759564722">
        <ele>1113.08</ele>
        <time>2019-03-16T08:16:55.467000Z</time>
      </trkpt>
      <trkpt lat="37.849804280459985" lon="112.01136228171097">
        <ele>1113.6</ele>
        <time>2019-03-16T08:16:58.467000Z</time>
      </trkpt>
      <trkpt lat="37.849762609373975" lon="112.01170940303074">
        <ele>1115.61</ele>
        <time>2019-03-16T08:17:07.567000Z</time>
      </trkpt>
      <trkpt lat="37.849731124485274" lon="112.01183227473003">
        <ele>1116.44</ele>
        <time>2019-03-16T08:17:10.467000Z</time>
      </trkpt>
      <trkpt lat="37.84971806195417" lon="112.01195666506788">
        <ele>1115.79</ele>
        <time>2019-03-16T08:17:13.567000Z</time>
      </trkpt>
      <trkpt lat="37.849715096577384" lon="112.0123147800581">
        <ele>1115.07</ele>
        <time>2019-03-16T08:17:22.567000Z</time>
      </trkpt>
      <trkpt lat="37.84970486082986" lon="112.01254618012048">
        <ele>1114.46</ele>
        <time>2019-03-16T08:17:28.567000Z</time>
      </trkpt>
      <trkpt lat="37.84967870672173" lon="112.01278219100077">
        <ele>1113.99</ele>
        <time>2019-03-16T08:17:34.567000Z</time>
      </trkpt>
      <trkpt lat="37.84965475521399" lon="112.01323283161186">
        <ele>1110.35</ele>
        <time>2019-03-16T08:17:46.567000Z</time>
      </trkpt>
      <trkpt lat="37.84963600140219" lon="112.01357429894018">
        <ele>1109.34</ele>
        <time>2019-03-16T08:17:55.567000Z</time>
      </trkpt>
      <trkpt lat="37.84959844609984" lon="112.01393963256471">
        <ele>1109.14</ele>
        <time>2019-03-16T08:18:04.467000Z</time>
      </trkpt>
      <trkpt lat="37.849590514295905" lon="112.01429143819556">
        <ele>1105.08</ele>
        <time>2019-03-16T08:18:13.567000Z</time>
      </trkpt>
      <trkpt lat="37.84954893990822" lon="112.01465972530806">
        <ele>1105.77</ele>
        <time>2019-03-16T08:18:22.567000Z</time>
      </trkpt>
      <trkpt lat="37.84948946128558" lon="112.01502868103736">
        <ele>1108.22</ele>
        <time>2019-03-16T08:18:31.567000Z</time>
      </trkpt>
      <trkpt lat="37.84943689677614" lon="112.01539763788865">
        <ele>1109.11</ele>
        <time>2019-03-16T08:18:40.467000Z</time>
      </trkpt>
      <trkpt lat="37.849408336178854" lon="112.01586114308523">
        <ele>1103.24</ele>
        <time>2019-03-16T08:18:52.467000Z</time>
      </trkpt>
      <trkpt lat="37.849386315572126" lon="112.01620323460037">
        <ele>1101.62</ele>
        <time>2019-03-16T08:19:01.567000Z</time>
      </trkpt>
      <trkpt lat="37.84933335331869" lon="112.01658686916716">
        <ele>1103.86</ele>
        <time>2019-03-16T08:19:10.467000Z</time>
      </trkpt>
      <trkpt lat="37.84928185776695" lon="112.01696549714734">
        <ele>1105.57</ele>
        <time>2019-03-16T08:19:19.467000Z</time>
      </trkpt>
      <trkpt lat="37.84922009235309" lon="112.0173388466219">
        <ele>1110.3</ele>
        <time>2019-03-16T08:19:28.567000Z</time>
      </trkpt>
      <trkpt lat="37.849200525127756" lon="112.0175662647003">
        <ele>1108.46</ele>
        <time>2019-03-16T08:19:34.467000Z</time>
      </trkpt>
      <trkpt lat="37.84922126642935" lon="112.0177996902819">
        <ele>1110.64</ele>
        <time>2019-03-16T08:19:40.567000Z</time>
      </trkpt>
      <trkpt lat="37.849217988738964" lon="112.01793893969977">
        <ele>1109.92</ele>
        <time>2019-03-16T08:19:43.467000Z</time>
      </trkpt>
      <trkpt lat="37.849173573275095" lon="112.01827710527107">
        <ele>1110.23</ele>
        <time>2019-03-16T08:19:52.567000Z</time>
      </trkpt>
      <trkpt lat="37.8491321613073" lon="112.01871674491427">
        <ele>1109.2</ele>
        <time>2019-03-16T08:20:04.467000Z</time>
      </trkpt>
      <trkpt lat="37.84913290631195" lon="112.01905646292327">
        <ele>1107.73</ele>
        <time>2019-03-16T08:20:13.567000Z</time>
      </trkpt>
      <trkpt lat="37.8491004634093" lon="112.01941285587887">
        <ele>1103.43</ele>
        <time>2019-03-16T08:20:22.467000Z</time>
      </trkpt>
      <trkpt lat="37.8490991558255" lon="112.01975897401348">
        <ele>1103.66</ele>
        <time>2019-03-16T08:20:31.467000Z</time>
      </trkpt>
      <trkpt lat="37.84908174548996" lon="112.02015981876553">
        <ele>1107.31</ele>
        <time>2019-03-16T08:20:40.567000Z</time>
      </trkpt>
      <trkpt lat="37.84902999463049" lon="112.02056772803304">
        <ele>1107.55</ele>
        <time>2019-03-16T08:20:49.567000Z</time>
      </trkpt>
      <trkpt lat="37.849020845176184" lon="112.02067657789354">
        <ele>1106.31</ele>
        <time>2019-03-16T08:20:52.567000Z</time>
      </trkpt>
      <trkpt lat="37.84906107075981" lon="112.02109976870652">
        <ele>1106.38</ele>
        <time>2019-03-16T08:21:04.467000Z</time>
      </trkpt>
      <trkpt lat="37.84906994668125" lon="112.02122371423106">
        <ele>1107.84</ele>
        <time>2019-03-16T08:21:07.567000Z</time>
      </trkpt>
      <trkpt lat="37.8490634569878" lon="112.02159529408532">
        <ele>1108.17</ele>
        <time>2019-03-16T08:21:16.567000Z</time>
      </trkpt>
      <trkpt lat="37.849061467871664" lon="112.02170415742592">
        <ele>1107.42</ele>
        <time>2019-03-16T08:21:19.467000Z</time>
      </trkpt>
      <trkpt lat="37.84908960398274" lon="112.02212231943766">
        <ele>1101.31</ele>
        <time>2019-03-16T08:21:31.467000Z</time>
      </trkpt>
      <trkpt lat="37.84907173974318" lon="112.02251215254434">
        <ele>1103.56</ele>
        <time>2019-03-16T08:21:40.467000Z</time>
      </trkpt>
      <trkpt lat="37.84905997762977" lon="112.02274984622107">
        <ele>1101.4</ele>
        <time>2019-03-16T08:21:46.467000Z</time>
      </trkpt>
      <trkpt lat="37.84906889105556" lon="112.02308847313758">
        <ele>1098.44</ele>
        <time>2019-03-16T08:21:55.467000Z</time>
      </trkpt>
      <trkpt lat="37.84903831935031" lon="112.02335411303349">
        <ele>1097.98</ele>
        <time>2019-03-16T08:22:01.467000Z</time>
      </trkpt>
      <trkpt lat="37.84904081572976" lon="112.02370783668846">
        <ele>1099.62</ele>
        <time>2019-03-16T08:22:10.567000Z</time>
      </trkpt>
      <trkpt lat="37.849019726848944" lon="112.02383078605354">
        <ele>1099.26</ele>
        <time>2019-03-16T08:22:13.567000Z</time>
      </trkpt>
      <trkpt lat="37.84901769776266" lon="112.02406927958643">
        <ele>1100.92</ele>
        <time>2019-03-16T08:22:19.567000Z</time>
      </trkpt>
      <trkpt lat="37.84895088219187" lon="112.02440508668722">
        <ele>1100.33</ele>
        <time>2019-03-16T08:22:28.467000Z</time>
      </trkpt>
      <trkpt lat="37.848923300260715" lon="112.02445739199493">
        <ele>1095.24</ele>
        <time>2019-03-16T08:22:34.467000Z</time>
      </trkpt>
      <trkpt lat="37.848975271454755" lon="112.02420223663965">
        <ele>1095.93</ele>
        <time>2019-03-16T08:22:40.467000Z</time>
      </trkpt>
      <trkpt lat="37.84898195626631" lon="112.02411607094696">
        <ele>1095.94</ele>
        <time>2019-03-16T08:22:43.467000Z</time>
      </trkpt>
      <trkpt lat="37.849060984851505" lon="112.02371307197483">
        <ele>1099.72</ele>
        <time>2019-03-16T08:22:52.467000Z</time>
      </trkpt>
      <trkpt lat="37.84908631115406" lon="112.02358139479377">
        <ele>1104.14</ele>
        <time>2019-03-16T08:22:55.567000Z</time>
      </trkpt>
      <trkpt lat="37.84909902423937" lon="112.02343765587867">
        <ele>1103.36</ele>
        <time>2019-03-16T08:22:58.567000Z</time>
      </trkpt>
      <trkpt lat="37.84909144227293" lon="112.02321943416135">
        <ele>1101.88</ele>
        <time>2019-03-16T08:23:04.467000Z</time>
      </trkpt>
      <trkpt lat="37.84908117038154" lon="112.02280191678862">
        <ele>1101.59</ele>
        <time>2019-03-16T08:23:16.567000Z</time>
      </trkpt>
      <trkpt lat="37.84908115657338" lon="112.02245075655902">
        <ele>1104.45</ele>
        <time>2019-03-16T08:23:25.467000Z</time>
      </trkpt>
      <trkpt lat="37.84908792855597" lon="112.02197765659922">
        <ele>1107.85</ele>
        <time>2019-03-16T08:23:37.467000Z</time>
      </trkpt>
      <trkpt lat="37.84907684782639" lon="112.02155619673971">
        <ele>1109.21</ele>
        <time>2019-03-16T08:23:49.467000Z</time>
      </trkpt>
      <trkpt lat="37.84908981646311" lon="112.02112135563158">
        <ele>1109.38</ele>
        <time>2019-03-16T08:24:01.467000Z</time>
      </trkpt>
      <trkpt lat="37.84908386860994" lon="112.02070869945402">
        <ele>1107.65</ele>
        <time>2019-03-16T08:24:13.467000Z</time>
      </trkpt>
      <trkpt lat="37.849095733118546" lon="112.02028166033247">
        <ele>1105.8</ele>
        <time>2019-03-16T08:24:25.567000Z</time>
      </trkpt>
      <trkpt lat="37.849110400956" lon="112.01984153361946">
        <ele>1106.38</ele>
        <time>2019-03-16T08:24:37.467000Z</time>
      </trkpt>
      <trkpt lat="37.84909645441317" lon="112.01941568896271">
        <ele>1104.86</ele>
        <time>2019-03-16T08:24:49.467000Z</time>
      </trkpt>
      <trkpt lat="37.84912445130774" lon="112.01901304853057">
        <ele>1105.25</ele>
        <time>2019-03-16T08:25:01.467000Z</time>
      </trkpt>
      <trkpt lat="37.84912859628184" lon="112.01868001952893">
        <ele>1105.89</ele>
        <time>2019-03-16T08:25:10.467000Z</time>
      </trkpt>
      <trkpt lat="37.84916514371586" lon="112.01836506354849">
        <ele>1109.86</ele>
        <time>2019-03-16T08:25:19.467000Z</time>
      </trkpt>
      <trkpt lat="37.84917948654117" lon="112.0179994112513">
        <ele>1109.63</ele>
        <time>2019-03-16T08:25:28.567000Z</time>
      </trkpt>
      <trkpt lat="37.84922585481254" lon="112.01758023210053">
        <ele>1105.62</ele>
        <time>2019-03-16T08:25:43.467000Z</time>
      </trkpt>
      <trkpt lat="37.84928254257244" lon="112.01714603197308">
        <ele>1104.51</ele>
        <time>2019-03-16T08:25:55.567000Z</time>
      </trkpt>
      <trkpt lat="37.84931985629615" lon="112.01676478032562">
        <ele>1106.78</ele>
        <time>2019-03-16T08:26:04.467000Z</time>
      </trkpt>
      <trkpt lat="37.849367135690095" lon="112.01632804230475">
        <ele>1104.95</ele>
        <time>2019-03-16T08:26:16.467000Z</time>
      </trkpt>
      <trkpt lat="37.8493806554569" lon="112.01621621763942">
        <ele>1105.6</ele>
        <time>2019-03-16T08:26:19.567000Z</time>
      </trkpt>
      <trkpt lat="37.84936377355913" lon="112.01597481670025">
        <ele>1106.98</ele>
        <time>2019-03-16T08:26:25.567000Z</time>
      </trkpt>
      <trkpt lat="37.8494282955589" lon="112.01554674189846">
        <ele>1107.6</ele>
        <time>2019-03-16T08:26:37.467000Z</time>
      </trkpt>
      <trkpt lat="37.84948574027132" lon="112.01513903087968">
        <ele>1108.96</ele>
        <time>2019-03-16T08:26:49.567000Z</time>
      </trkpt>
      <trkpt lat="37.84949885078225" lon="112.0147904884874">
        <ele>1110.47</ele>
        <time>2019-03-16T08:26:58.467000Z</time>
      </trkpt>
      <trkpt lat="37.84954952363547" lon="112.01433976455591">
        <ele>1109.83</ele>
        <time>2019-03-16T08:27:10.467000Z</time>
      </trkpt>
      <trkpt lat="37.84957270150311" lon="112.01399220944849">
        <ele>1111.19</ele>
        <time>2019-03-16T08:27:19.467000Z</time>
      </trkpt>
      <trkpt lat="37.849627301112676" lon="112.013549343379">
        <ele>1109.53</ele>
        <time>2019-03-16T08:27:31.467000Z</time>
      </trkpt>
      <trkpt lat="37.849637734532266" lon="112.01320001465035">
        <ele>1108.73</ele>
        <time>2019-03-16T08:27:40.467000Z</time>
      </trkpt>
      <trkpt lat="37.84969397182074" lon="112.01275730634539">
        <ele>1109.02</ele>
        <time>2019-03-16T08:27:52.567000Z</time>
      </trkpt>
      <trkpt lat="37.849707101122526" lon="112.01240065396063">
        <ele>1109.46</ele>
        <time>2019-03-16T08:28:01.567000Z</time>
      </trkpt>
      <trkpt lat="37.84975758712244" lon="112.01197998540587">
        <ele>1108.79</ele>
        <time>2019-03-16T08:28:13.467000Z</time>
      </trkpt>
      <trkpt lat="37.849793008100264" lon="112.011552342096">
        <ele>1113.24</ele>
        <time>2019-03-16T08:28:25.567000Z</time>
      </trkpt>
      <trkpt lat="37.84980089508497" lon="112.01119996782106">
        <ele>1113.67</ele>
        <time>2019-03-16T08:28:34.567000Z</time>
      </trkpt>
      <trkpt lat="37.84982784660099" lon="112.0107659621925">
        <ele>1112.31</ele>
        <time>2019-03-16T08:28:46.567000Z</time>
      </trkpt>
      <trkpt lat="37.84985644688842" lon="112.01042545509011">
        <ele>1113.31</ele>
        <time>2019-03-16T08:28:55.467000Z</time>
      </trkpt>
      <trkpt lat="37.8498761944257" lon="112.01021615609174">
        <ele>1113.52</ele>
        <time>2019-03-16T08:29:01.467000Z</time>
      </trkpt>
      <trkpt lat="37.849871639258794" lon="112.00978127800325">
        <ele>1115.48</ele>
        <time>2019-03-16T08:29:13.467000Z</time>
      </trkpt>
      <trkpt lat="37.84985427159361" lon="112.0094650512498">
        <ele>1115.39</ele>
        <time>2019-03-16T08:29:22.567000Z</time>
      </trkpt>
      <trkpt lat="37.849832715634285" lon="112.00935632235628">
        <ele>1114.78</ele>
        <time>2019-03-16T08:29:25.567000Z</time>
      </trkpt>
      <trkpt lat="37.84967943937881" lon="112.00905480900097">
        <ele>1120.0</ele>
        <time>2019-03-16T08:29:34.467000Z</time>
      </trkpt>
      <trkpt lat="37.84946424075932" lon="112.00869803248735">
        <ele>1119.12</ele>
        <time>2019-03-16T08:29:46.467000Z</time>
      </trkpt>
      <trkpt lat="37.849240104251365" lon="112.00837036915456">
        <ele>1121.15</ele>
        <time>2019-03-16T08:29:58.467000Z</time>
      </trkpt>
      <trkpt lat="37.84901835740314" lon="112.00802304507383">
        <ele>1123.38</ele>
        <time>2019-03-16T08:30:10.467000Z</time>
      </trkpt>
      <trkpt lat="37.84892337894208" lon="112.00784299272645">
        <ele>1120.5</ele>
        <time>2019-03-16T08:30:16.467000Z</time>
      </trkpt>
      <trkpt lat="37.84870078397884" lon="112.00751568132154">
        <ele>1122.0</ele>
        <time>2019-03-16T08:30:28.567000Z</time>
      </trkpt>
      <trkpt lat="37.84848488915562" lon="112.00717779986397">
        <ele>1123.75</ele>
        <time>2019-03-16T08:30:40.567000Z</time>
      </trkpt>
      <trkpt lat="37.84837353239231" lon="112.00701888013495">
        <ele>1124.13</ele>
        <time>2019-03-16T08:30:46.467000Z</time>
      </trkpt>
      <trkpt lat="37.848242986841846" lon="112.0068866125276">
        <ele>1123.43</ele>
        <time>2019-03-16T08:30:52.467000Z</time>
      </trkpt>
      <trkpt lat="37.84816959482714" lon="112.0068384700331">
        <ele>1123.24</ele>
        <time>2019-03-16T08:30:55.467000Z</time>
      </trkpt>
      <trkpt lat="37.84783784238582" lon="112.00678393957719">
        <ele>1122.46</ele>
        <time>2019-03-16T08:31:07.467000Z</time>
      </trkpt>
      <trkpt lat="37.84751805073847" lon="112.00674859028219">
        <ele>1122.06</ele>
        <time>2019-03-16T08:31:19.467000Z</time>
      </trkpt>
      <trkpt lat="37.84717922879636" lon="112.0067060207045">
        <ele>1122.28</ele>
        <time>2019-03-16T08:31:31.467000Z</time>
      </trkpt>
      <trkpt lat="37.846853997094584" lon="112.00666901137107">
        <ele>1120.5</ele>
        <time>2019-03-16T08:31:43.567000Z</time>
      </trkpt>
      <trkpt lat="37.8465824368638" lon="112.00666799387072">
        <ele>1121.17</ele>
        <time>2019-03-16T08:31:52.567000Z</time>
      </trkpt>
      <trkpt lat="37.84625782371494" lon="112.0065940521576">
        <ele>1122.34</ele>
        <time>2019-03-16T08:32:04.467000Z</time>
      </trkpt>
      <trkpt lat="37.8459406898977" lon="112.00650199925501">
        <ele>1122.6</ele>
        <time>2019-03-16T08:32:16.467000Z</time>
      </trkpt>
      <trkpt lat="37.84561630487993" lon="112.00637744443058">
        <ele>1124.7</ele>
        <time>2019-03-16T08:32:28.467000Z</time>
      </trkpt>
      <trkpt lat="37.84546349176022" lon="112.00629796089565">
        <ele>1126.34</ele>
        <time>2019-03-16T08:32:34.467000Z</time>
      </trkpt>
      <trkpt lat="37.84511300837725" lon="112.00621418900514">
        <ele>1126.16</ele>
        <time>2019-03-16T08:32:46.567000Z</time>
      </trkpt>
      <trkpt lat="37.8447602745768" lon="112.00611804642685">
        <ele>1127.75</ele>
        <time>2019-03-16T08:32:58.467000Z</time>
      </trkpt>
      <trkpt lat="37.84460397314549" lon="112.00608192569888">
        <ele>1130.06</ele>
        <time>2019-03-16T08:33:04.467000Z</time>
      </trkpt>
      <trkpt lat="37.84435004517821" lon="112.00614219177633">
        <ele>1132.44</ele>
        <time>2019-03-16T08:33:13.567000Z</time>
      </trkpt>
      <trkpt lat="37.84402744096862" lon="112.0063035748005">
        <ele>1131.04</ele>
        <time>2019-03-16T08:33:25.467000Z</time>
      </trkpt>
      <trkpt lat="37.84373557437248" lon="112.00649353975759">
        <ele>1132.21</ele>
        <time>2019-03-16T08:33:37.567000Z</time>
      </trkpt>
      <trkpt lat="37.843538524051446" lon="112.00665078149075">
        <ele>1132.66</ele>
        <time>2019-03-16T08:33:46.567000Z</time>
      </trkpt>
      <trkpt lat="37.843312091581915" lon="112.00684235616235">
        <ele>1134.05</ele>
        <time>2019-03-16T08:33:55.467000Z</time>
      </trkpt>
      <trkpt lat="37.84325225373755" lon="112.00689621029605">
        <ele>1133.5</ele>
        <time>2019-03-16T08:33:58.467000Z</time>
      </trkpt>
      <trkpt lat="37.843097657163064" lon="112.00698200748167">
        <ele>1136.24</ele>
        <time>2019-03-16T08:34:04.567000Z</time>
      </trkpt>
      <trkpt lat="37.842865574506206" lon="112.00716110178878">
        <ele>1139.31</ele>
        <time>2019-03-16T08:34:13.467000Z</time>
      </trkpt>
      <trkpt lat="37.84257583354511" lon="112.00737610935988">
        <ele>1139.8</ele>
        <time>2019-03-16T08:34:25.467000Z</time>
      </trkpt>
      <trkpt lat="37.84230743394883" lon="112.00761561879352">
        <ele>1134.74</ele>
        <time>2019-03-16T08:34:37.467000Z</time>
      </trkpt>
      <trkpt lat="37.84206049152627" lon="112.0077865534254">
        <ele>1134.74</ele>
        <time>2019-03-16T08:34:46.567000Z</time>
      </trkpt>
      <trkpt lat="37.841774090711745" lon="112.0079890209576">
        <ele>1134.45</ele>
        <time>2019-03-16T08:34:58.467000Z</time>
      </trkpt>
      <trkpt lat="37.84143821523472" lon="112.00808986161545">
        <ele>1138.65</ele>
        <time>2019-03-16T08:35:10.467000Z</time>
      </trkpt>
      <trkpt lat="37.84127035689714" lon="112.00812728599561">
        <ele>1140.77</ele>
        <time>2019-03-16T08:35:16.567000Z</time>
      </trkpt>
      <trkpt lat="37.840939055031924" lon="112.0080929465496">
        <ele>1139.47</ele>
        <time>2019-03-16T08:35:28.567000Z</time>
      </trkpt>
      <trkpt lat="37.840603971837844" lon="112.00803037504825">
        <ele>1142.2</ele>
        <time>2019-03-16T08:35:40.567000Z</time>
      </trkpt>
      <trkpt lat="37.840269908575245" lon="112.00796586342041">
        <ele>1146.59</ele>
        <time>2019-03-16T08:35:52.467000Z</time>
      </trkpt>
      <trkpt lat="37.84010058830645" lon="112.00796264477775">
        <ele>1144.95</ele>
        <time>2019-03-16T08:35:58.467000Z</time>
      </trkpt>
      <trkpt lat="37.83983407087303" lon="112.00802131162752">
        <ele>1145.65</ele>
        <time>2019-03-16T08:36:07.567000Z</time>
      </trkpt>
      <trkpt lat="37.839501731722216" lon="112.00804424645997">
        <ele>1150.05</ele>
        <time>2019-03-16T08:36:19.567000Z</time>
      </trkpt>
      <trkpt lat="37.839182723028316" lon="112.00807657186982">
        <ele>1150.72</ele>
        <time>2019-03-16T08:36:31.467000Z</time>
      </trkpt>
      <trkpt lat="37.838845685128774" lon="112.00812572871557">
        <ele>1151.6</ele>
        <time>2019-03-16T08:36:43.567000Z</time>
      </trkpt>
      <trkpt lat="37.838525947333544" lon="112.00817653553865">
        <ele>1152.26</ele>
        <time>2019-03-16T08:36:55.567000Z</time>
      </trkpt>
      <trkpt lat="37.8384443476593" lon="112.0081845169073">
        <ele>1152.01</ele>
        <time>2019-03-16T08:36:58.467000Z</time>
      </trkpt>
      <trkpt lat="37.8381806238308" lon="112.0081082036634">
        <ele>1154.36</ele>
        <time>2019-03-16T08:37:07.467000Z</time>
      </trkpt>
      <trkpt lat="37.8378875986261" lon="112.00800239854806">
        <ele>1152.66</ele>
        <time>2019-03-16T08:37:19.467000Z</time>
      </trkpt>
      <trkpt lat="37.837592764630024" lon="112.00792131534064">
        <ele>1154.14</ele>
        <time>2019-03-16T08:37:31.567000Z</time>
      </trkpt>
      <trkpt lat="37.837301269575036" lon="112.00781639040953">
        <ele>1151.14</ele>
        <time>2019-03-16T08:37:43.467000Z</time>
      </trkpt>
      <trkpt lat="37.83713549623542" lon="112.00774593685881">
        <ele>1151.42</ele>
        <time>2019-03-16T08:37:49.467000Z</time>
      </trkpt>
      <trkpt lat="37.83681478187203" lon="112.00765458329977">
        <ele>1149.54</ele>
        <time>2019-03-16T08:38:01.567000Z</time>
      </trkpt>
      <trkpt lat="37.8364790060625" lon="112.0075299275772">
        <ele>1152.03</ele>
        <time>2019-03-16T08:38:13.467000Z</time>
      </trkpt>
      <trkpt lat="37.83614174157106" lon="112.0074334539487">
        <ele>1154.72</ele>
        <time>2019-03-16T08:38:25.467000Z</time>
      </trkpt>
      <trkpt lat="37.835798397804545" lon="112.00735261152757">
        <ele>1157.43</ele>
        <time>2019-03-16T08:38:37.467000Z</time>
      </trkpt>
      <trkpt lat="37.835447704360845" lon="112.00727855968871">
        <ele>1158.97</ele>
        <time>2019-03-16T08:38:49.467000Z</time>
      </trkpt>
      <trkpt lat="37.83537894109805" lon="112.00720346516624">
        <ele>1157.49</ele>
        <time>2019-03-16T08:38:52.467000Z</time>
      </trkpt>
      <trkpt lat="37.83532066224682" lon="112.00699387149231">
        <ele>1153.57</ele>
        <time>2019-03-16T08:38:58.567000Z</time>
      </trkpt>
      <trkpt lat="37.83526647883754" lon="112.00691211653579">
        <ele>1154.81</ele>
        <time>2019-03-16T08:39:01.467000Z</time>
      </trkpt>
      <trkpt lat="37.8351803370713" lon="112.00687039457357">
        <ele>1154.56</ele>
        <time>2019-03-16T08:39:04.467000Z</time>
      </trkpt>
      <trkpt lat="37.83499342642611" lon="112.00685773549111">
        <ele>1156.73</ele>
        <time>2019-03-16T08:39:10.567000Z</time>
      </trkpt>
      <trkpt lat="37.8346567992011" lon="112.00693123353774">
        <ele>1157.18</ele>
        <time>2019-03-16T08:39:22.467000Z</time>
      </trkpt>
      <trkpt lat="37.83435625569742" lon="112.00685065100772">
        <ele>1156.72</ele>
        <time>2019-03-16T08:39:34.467000Z</time>
      </trkpt>
      <trkpt lat="37.83405631114359" lon="112.00674302674476">
        <ele>1156.07</ele>
        <time>2019-03-16T08:39:58.467000Z</time>
      </trkpt>
      <trkpt lat="37.83377068742345" lon="112.00665462367074">
        <ele>1157.6</ele>
        <time>2019-03-16T08:40:19.567000Z</time>
      </trkpt>
      <trkpt lat="37.83347037311069" lon="112.00655021976148">
        <ele>1160.47</ele>
        <time>2019-03-16T08:40:40.467000Z</time>
      </trkpt>
      <trkpt lat="37.833172028453845" lon="112.0064352752404">
        <ele>1162.8</ele>
        <time>2019-03-16T08:41:01.467000Z</time>
      </trkpt>
      <trkpt lat="37.83289853444858" lon="112.00633519150612">
        <ele>1163.92</ele>
        <time>2019-03-16T08:41:22.467000Z</time>
      </trkpt>
      <trkpt lat="37.83261509010989" lon="112.00622487730035">
        <ele>1162.72</ele>
        <time>2019-03-16T08:41:40.567000Z</time>
      </trkpt>
      <trkpt lat="37.832319295768194" lon="112.00611289319154">
        <ele>1161.7</ele>
        <time>2019-03-16T08:41:55.567000Z</time>
      </trkpt>
      <trkpt lat="37.831967505010745" lon="112.00609880563209">
        <ele>1162.02</ele>
        <time>2019-03-16T08:42:07.467000Z</time>
      </trkpt>
      <trkpt lat="37.83165582528809" lon="112.00611222937522">
        <ele>1163.31</ele>
        <time>2019-03-16T08:42:19.467000Z</time>
      </trkpt>
      <trkpt lat="37.83134089553305" lon="112.00612480309763">
        <ele>1162.87</ele>
        <time>2019-03-16T08:42:31.467000Z</time>
      </trkpt>
      <trkpt lat="37.83102016608487" lon="112.00614579739116">
        <ele>1167.85</ele>
        <time>2019-03-16T08:42:43.467000Z</time>
      </trkpt>
      <trkpt lat="37.830709847080726" lon="112.00617854231237">
        <ele>1162.49</ele>
        <time>2019-03-16T08:42:55.467000Z</time>
      </trkpt>
      <trkpt lat="37.830386155774754" lon="112.00614918354303">
        <ele>1166.77</ele>
        <time>2019-03-16T08:43:07.467000Z</time>
      </trkpt>
      <trkpt lat="37.830082194624" lon="112.00612355482232">
        <ele>1166.96</ele>
        <time>2019-03-16T08:43:19.567000Z</time>
      </trkpt>
      <trkpt lat="37.829763744514615" lon="112.00612651798812">
        <ele>1167.74</ele>
        <time>2019-03-16T08:43:31.467000Z</time>
      </trkpt>
      <trkpt lat="37.82953627500012" lon="112.00614396118804">
        <ele>1169.19</ele>
        <time>2019-03-16T08:43:40.467000Z</time>
      </trkpt>
      <trkpt lat="37.829235243900264" lon="112.00614796406508">
        <ele>1169.38</ele>
        <time>2019-03-16T08:43:52.467000Z</time>
      </trkpt>
      <trkpt lat="37.82891224023288" lon="112.00616058114419">
        <ele>1169.82</ele>
        <time>2019-03-16T08:44:04.467000Z</time>
      </trkpt>
      <trkpt lat="37.82859897812246" lon="112.0061447019989">
        <ele>1170.58</ele>
        <time>2019-03-16T08:44:16.467000Z</time>
      </trkpt>
      <trkpt lat="37.82832329546519" lon="112.0061391713505">
        <ele>1171.62</ele>
        <time>2019-03-16T08:44:28.467000Z</time>
      </trkpt>
      <trkpt lat="37.8280331112512" lon="112.00619134252534">
        <ele>1172.5</ele>
        <time>2019-03-16T08:44:40.567000Z</time>
      </trkpt>
      <trkpt lat="37.82769208305836" lon="112.00624593829299">
        <ele>1175.0</ele>
        <time>2019-03-16T08:44:52.467000Z</time>
      </trkpt>
      <trkpt lat="37.82737711288013" lon="112.00628742518299">
        <ele>1178.93</ele>
        <time>2019-03-16T08:45:04.567000Z</time>
      </trkpt>
      <trkpt lat="37.82713995542054" lon="112.00632780529718">
        <ele>1175.33</ele>
        <time>2019-03-16T08:45:13.467000Z</time>
      </trkpt>
      <trkpt lat="37.82689456972769" lon="112.00634887594643">
        <ele>1179.22</ele>
        <time>2019-03-16T08:45:22.567000Z</time>
      </trkpt>
      <trkpt lat="37.82657502156775" lon="112.00634189863158">
        <ele>1179.47</ele>
        <time>2019-03-16T08:45:34.467000Z</time>
      </trkpt>
      <trkpt lat="37.826257358887375" lon="112.0064215697831">
        <ele>1181.57</ele>
        <time>2019-03-16T08:45:46.567000Z</time>
      </trkpt>
      <trkpt lat="37.82609446415176" lon="112.0064596425964">
        <ele>1180.91</ele>
        <time>2019-03-16T08:45:52.567000Z</time>
      </trkpt>
      <trkpt lat="37.82576677470002" lon="112.00646960680638">
        <ele>1183.24</ele>
        <time>2019-03-16T08:46:04.467000Z</time>
      </trkpt>
      <trkpt lat="37.825525594832925" lon="112.0064773095518">
        <ele>1184.81</ele>
        <time>2019-03-16T08:46:13.467000Z</time>
      </trkpt>
      <trkpt lat="37.825191471991836" lon="112.00640931836827">
        <ele>1187.24</ele>
        <time>2019-03-16T08:46:25.467000Z</time>
      </trkpt>
      <trkpt lat="37.824878779476954" lon="112.00634887748888">
        <ele>1186.64</ele>
        <time>2019-03-16T08:46:37.467000Z</time>
      </trkpt>
      <trkpt lat="37.82454211643639" lon="112.00627433598036">
        <ele>1188.3</ele>
        <time>2019-03-16T08:46:49.467000Z</time>
      </trkpt>
      <trkpt lat="37.824284814730596" lon="112.00623340584518">
        <ele>1189.35</ele>
        <time>2019-03-16T08:46:58.467000Z</time>
      </trkpt>
      <trkpt lat="37.8239422238631" lon="112.00612960669066">
        <ele>1191.12</ele>
        <time>2019-03-16T08:47:10.567000Z</time>
      </trkpt>
      <trkpt lat="37.82366252447142" lon="112.00608494123784">
        <ele>1191.54</ele>
        <time>2019-03-16T08:47:19.467000Z</time>
      </trkpt>
      <trkpt lat="37.823300986977884" lon="112.00607292218261">
        <ele>1191.59</ele>
        <time>2019-03-16T08:47:31.567000Z</time>
      </trkpt>
      <trkpt lat="37.82297177476894" lon="112.00613958504069">
        <ele>1189.56</ele>
        <time>2019-03-16T08:47:43.467000Z</time>
      </trkpt>
      <trkpt lat="37.82274499852804" lon="112.00615409841258">
        <ele>1192.0</ele>
        <time>2019-03-16T08:47:52.567000Z</time>
      </trkpt>
      <trkpt lat="37.82247430849429" lon="112.00604907033221">
        <ele>1192.77</ele>
        <time>2019-03-16T08:48:04.567000Z</time>
      </trkpt>
      <trkpt lat="37.822157799561694" lon="112.00585478276133">
        <ele>1195.75</ele>
        <time>2019-03-16T08:48:16.567000Z</time>
      </trkpt>
      <trkpt lat="37.821911224061736" lon="112.00570151605123">
        <ele>1199.23</ele>
        <time>2019-03-16T08:48:25.467000Z</time>
      </trkpt>
      <trkpt lat="37.821644315572705" lon="112.00545499438543">
        <ele>1197.99</ele>
        <time>2019-03-16T08:48:37.567000Z</time>
      </trkpt>
      <trkpt lat="37.82149259913122" lon="112.00525992489464">
        <ele>1196.43</ele>
        <time>2019-03-16T08:48:46.567000Z</time>
      </trkpt>
      <trkpt lat="37.82116862195321" lon="112.00503797582624">
        <ele>1201.6</ele>
        <time>2019-03-16T08:48:58.567000Z</time>
      </trkpt>
      <trkpt lat="37.82085436643499" lon="112.00486266944685">
        <ele>1202.56</ele>
        <time>2019-03-16T08:49:10.567000Z</time>
      </trkpt>
      <trkpt lat="37.82070605885083" lon="112.0047536983045">
        <ele>1204.05</ele>
        <time>2019-03-16T08:49:16.467000Z</time>
      </trkpt>
      <trkpt lat="37.82049961486185" lon="112.00452818243879">
        <ele>1206.55</ele>
        <time>2019-03-16T08:49:25.467000Z</time>
      </trkpt>
      <trkpt lat="37.82044122757297" lon="112.00446710077215">
        <ele>1207.47</ele>
        <time>2019-03-16T08:49:28.567000Z</time>
      </trkpt>
      <trkpt lat="37.820555494265804" lon="112.00455336900856">
        <ele>1212.67</ele>
        <time>2019-03-16T08:49:49.467000Z</time>
      </trkpt>
      <trkpt lat="37.82081637512102" lon="112.0048192475275">
        <ele>1209.97</ele>
        <time>2019-03-16T08:50:04.567000Z</time>
      </trkpt>
      <trkpt lat="37.821047109592556" lon="112.00496337297166">
        <ele>1208.76</ele>
        <time>2019-03-16T08:50:25.567000Z</time>
      </trkpt>
      <trkpt lat="37.82129892648519" lon="112.00518069234673">
        <ele>1204.26</ele>
        <time>2019-03-16T08:50:40.467000Z</time>
      </trkpt>
      <trkpt lat="37.821576361583666" lon="112.00537933563166">
        <ele>1198.58</ele>
        <time>2019-03-16T08:50:52.467000Z</time>
      </trkpt>
      <trkpt lat="37.82181822716408" lon="112.00558088081075">
        <ele>1200.19</ele>
        <time>2019-03-16T08:51:01.567000Z</time>
      </trkpt>
      <trkpt lat="37.822057866656635" lon="112.00577369890648">
        <ele>1201.99</ele>
        <time>2019-03-16T08:51:10.567000Z</time>
      </trkpt>
      <trkpt lat="37.822310051959725" lon="112.005919625201">
        <ele>1200.93</ele>
        <time>2019-03-16T08:51:19.467000Z</time>
      </trkpt>
      <trkpt lat="37.82251591722691" lon="112.0060622218716">
        <ele>1200.7</ele>
        <time>2019-03-16T08:51:28.467000Z</time>
      </trkpt>
      <trkpt lat="37.82276207112412" lon="112.0061640657953">
        <ele>1196.39</ele>
        <time>2019-03-16T08:51:37.467000Z</time>
      </trkpt>
      <trkpt lat="37.822952561437155" lon="112.00616904432208">
        <ele>1193.92</ele>
        <time>2019-03-16T08:51:43.567000Z</time>
      </trkpt>
      <trkpt lat="37.82328938928105" lon="112.00610416720123">
        <ele>1189.7</ele>
        <time>2019-03-16T08:51:55.467000Z</time>
      </trkpt>
      <trkpt lat="37.8236353493801" lon="112.0061004537423">
        <ele>1188.67</ele>
        <time>2019-03-16T08:52:07.467000Z</time>
      </trkpt>
      <trkpt lat="37.82390795875924" lon="112.00613901374062">
        <ele>1190.08</ele>
        <time>2019-03-16T08:52:16.567000Z</time>
      </trkpt>
      <trkpt lat="37.824265190059656" lon="112.0062231496259">
        <ele>1188.48</ele>
        <time>2019-03-16T08:52:28.467000Z</time>
      </trkpt>
      <trkpt lat="37.824418733730255" lon="112.00628008142779">
        <ele>1190.18</ele>
        <time>2019-03-16T08:52:34.467000Z</time>
      </trkpt>
      <trkpt lat="37.824747448274735" lon="112.00634641035415">
        <ele>1187.91</ele>
        <time>2019-03-16T08:52:46.567000Z</time>
      </trkpt>
      <trkpt lat="37.82508199289215" lon="112.00641727808731">
        <ele>1189.27</ele>
        <time>2019-03-16T08:52:58.467000Z</time>
      </trkpt>
      <trkpt lat="37.82534898452152" lon="112.00647006363926">
        <ele>1187.46</ele>
        <time>2019-03-16T08:53:07.467000Z</time>
      </trkpt>
      <trkpt lat="37.82549131605143" lon="112.00650862979813">
        <ele>1186.44</ele>
        <time>2019-03-16T08:53:13.567000Z</time>
      </trkpt>
      <trkpt lat="37.82583174291249" lon="112.00652976676957">
        <ele>1183.54</ele>
        <time>2019-03-16T08:53:25.467000Z</time>
      </trkpt>
      <trkpt lat="37.826120602876316" lon="112.00653814434101">
        <ele>1184.02</ele>
        <time>2019-03-16T08:53:34.467000Z</time>
      </trkpt>
      <trkpt lat="37.82630266423494" lon="112.00651730630241">
        <ele>1183.14</ele>
        <time>2019-03-16T08:53:40.467000Z</time>
      </trkpt>
      <trkpt lat="37.82646999676284" lon="112.00646116377575">
        <ele>1182.71</ele>
        <time>2019-03-16T08:53:46.567000Z</time>
      </trkpt>
      <trkpt lat="37.82678881347433" lon="112.00640196069527">
        <ele>1180.78</ele>
        <time>2019-03-16T08:53:58.467000Z</time>
      </trkpt>
      <trkpt lat="37.82709171622231" lon="112.00636393830672">
        <ele>1183.96</ele>
        <time>2019-03-16T08:54:07.567000Z</time>
      </trkpt>
      <trkpt lat="37.82740087508065" lon="112.00634539498125">
        <ele>1183.12</ele>
        <time>2019-03-16T08:54:16.467000Z</time>
      </trkpt>
      <trkpt lat="37.827683238286795" lon="112.00630517442602">
        <ele>1181.16</ele>
        <time>2019-03-16T08:54:25.467000Z</time>
      </trkpt>
      <trkpt lat="37.82804866432066" lon="112.00625741908217">
        <ele>1179.4</ele>
        <time>2019-03-16T08:54:37.567000Z</time>
      </trkpt>
      <trkpt lat="37.82839877337317" lon="112.00620653071803">
        <ele>1179.57</ele>
        <time>2019-03-16T08:54:49.567000Z</time>
      </trkpt>
      <trkpt lat="37.82868543626061" lon="112.0061995800204">
        <ele>1177.61</ele>
        <time>2019-03-16T08:54:58.567000Z</time>
      </trkpt>
      <trkpt lat="37.8289656645927" lon="112.0061841316819">
        <ele>1180.89</ele>
        <time>2019-03-16T08:55:07.567000Z</time>
      </trkpt>
      <trkpt lat="37.829272799164976" lon="112.00618022254548">
        <ele>1176.22</ele>
        <time>2019-03-16T08:55:19.467000Z</time>
      </trkpt>
      <trkpt lat="37.8295388259937" lon="112.00617522765435">
        <ele>1174.96</ele>
        <time>2019-03-16T08:55:28.567000Z</time>
      </trkpt>
      <trkpt lat="37.82988610263291" lon="112.00616616734794">
        <ele>1172.43</ele>
        <time>2019-03-16T08:55:40.467000Z</time>
      </trkpt>
      <trkpt lat="37.83018415870465" lon="112.00616088900003">
        <ele>1173.29</ele>
        <time>2019-03-16T08:55:49.467000Z</time>
      </trkpt>
      <trkpt lat="37.830455399312534" lon="112.00617426030654">
        <ele>1170.33</ele>
        <time>2019-03-16T08:55:58.467000Z</time>
      </trkpt>
      <trkpt lat="37.83072802223278" lon="112.00617691756119">
        <ele>1169.6</ele>
        <time>2019-03-16T08:56:07.467000Z</time>
      </trkpt>
      <trkpt lat="37.83107502651887" lon="112.00616636389579">
        <ele>1167.65</ele>
        <time>2019-03-16T08:56:19.467000Z</time>
      </trkpt>
      <trkpt lat="37.831416157770335" lon="112.00615363545559">
        <ele>1167.31</ele>
        <time>2019-03-16T08:56:31.467000Z</time>
      </trkpt>
      <trkpt lat="37.83168923494725" lon="112.0061491942823">
        <ele>1166.91</ele>
        <time>2019-03-16T08:56:40.567000Z</time>
      </trkpt>
      <trkpt lat="37.83202985022294" lon="112.00612498030522">
        <ele>1167.59</ele>
        <time>2019-03-16T08:56:52.467000Z</time>
      </trkpt>
      <trkpt lat="37.83233554002326" lon="112.00615466332327">
        <ele>1165.55</ele>
        <time>2019-03-16T08:57:04.467000Z</time>
      </trkpt>
      <trkpt lat="37.83259775984991" lon="112.00625800639388">
        <ele>1162.62</ele>
        <time>2019-03-16T08:57:13.467000Z</time>
      </trkpt>
      <trkpt lat="37.832872660150606" lon="112.00633926862551">
        <ele>1166.69</ele>
        <time>2019-03-16T08:57:22.467000Z</time>
      </trkpt>
      <trkpt lat="37.83320296277781" lon="112.00646741568848">
        <ele>1162.81</ele>
        <time>2019-03-16T08:57:34.467000Z</time>
      </trkpt>
      <trkpt lat="37.833464406772784" lon="112.00656679227191">
        <ele>1160.84</ele>
        <time>2019-03-16T08:57:43.567000Z</time>
      </trkpt>
      <trkpt lat="37.83374657544309" lon="112.00667019991285">
        <ele>1161.25</ele>
        <time>2019-03-16T08:57:52.567000Z</time>
      </trkpt>
      <trkpt lat="37.83401589621024" lon="112.00676558890598">
        <ele>1158.72</ele>
        <time>2019-03-16T08:58:01.567000Z</time>
      </trkpt>
      <trkpt lat="37.83428891526386" lon="112.00684113101072">
        <ele>1160.17</ele>
        <time>2019-03-16T08:58:10.567000Z</time>
      </trkpt>
      <trkpt lat="37.83462411963041" lon="112.00694221457763">
        <ele>1156.83</ele>
        <time>2019-03-16T08:58:22.467000Z</time>
      </trkpt>
      <trkpt lat="37.834707310507724" lon="112.00696209512513">
        <ele>1156.93</ele>
        <time>2019-03-16T08:58:25.467000Z</time>
      </trkpt>
      <trkpt lat="37.83505243772339" lon="112.00688852697836">
        <ele>1157.16</ele>
        <time>2019-03-16T08:58:37.567000Z</time>
      </trkpt>
      <trkpt lat="37.83522137839887" lon="112.00690217629814">
        <ele>1155.77</ele>
        <time>2019-03-16T08:58:43.567000Z</time>
      </trkpt>
      <trkpt lat="37.83530756037102" lon="112.0069487185911">
        <ele>1155.68</ele>
        <time>2019-03-16T08:58:46.467000Z</time>
      </trkpt>
      <trkpt lat="37.83536370424751" lon="112.00704125427657">
        <ele>1156.34</ele>
        <time>2019-03-16T08:58:49.567000Z</time>
      </trkpt>
      <trkpt lat="37.835423401924075" lon="112.00722210602785">
        <ele>1155.75</ele>
        <time>2019-03-16T08:58:55.567000Z</time>
      </trkpt>
      <trkpt lat="37.83549177515544" lon="112.0072963005013">
        <ele>1158.18</ele>
        <time>2019-03-16T08:58:58.567000Z</time>
      </trkpt>
      <trkpt lat="37.83578213808872" lon="112.00735941215383">
        <ele>1158.4</ele>
        <time>2019-03-16T08:59:07.467000Z</time>
      </trkpt>
      <trkpt lat="37.836105758925854" lon="112.00745789535523">
        <ele>1160.37</ele>
        <time>2019-03-16T08:59:19.467000Z</time>
      </trkpt>
      <trkpt lat="37.83645785074995" lon="112.00754948441539">
        <ele>1160.61</ele>
        <time>2019-03-16T08:59:31.567000Z</time>
      </trkpt>
      <trkpt lat="37.836728913177495" lon="112.00760865534285">
        <ele>1159.05</ele>
        <time>2019-03-16T08:59:40.567000Z</time>
      </trkpt>
      <trkpt lat="37.836917683504474" lon="112.0076752585998">
        <ele>1156.67</ele>
        <time>2019-03-16T08:59:46.467000Z</time>
      </trkpt>
      <trkpt lat="37.837106759678015" lon="112.00778087483127">
        <ele>1153.2</ele>
        <time>2019-03-16T08:59:55.467000Z</time>
      </trkpt>
      <trkpt lat="37.83742802061249" lon="112.00790367348371">
        <ele>1149.89</ele>
        <time>2019-03-16T09:00:07.567000Z</time>
      </trkpt>
      <trkpt lat="37.83769692208434" lon="112.00799207350259">
        <ele>1149.25</ele>
        <time>2019-03-16T09:00:16.467000Z</time>
      </trkpt>
      <trkpt lat="37.83796899728664" lon="112.00807689342376">
        <ele>1147.49</ele>
        <time>2019-03-16T09:00:25.567000Z</time>
      </trkpt>
      <trkpt lat="37.83825460436966" lon="112.00817577318243">
        <ele>1147.56</ele>
        <time>2019-03-16T09:00:34.567000Z</time>
      </trkpt>
      <trkpt lat="37.83843564115247" lon="112.00823742247147">
        <ele>1143.06</ele>
        <time>2019-03-16T09:00:40.567000Z</time>
      </trkpt>
      <trkpt lat="37.838799913551036" lon="112.00820565617734">
        <ele>1146.01</ele>
        <time>2019-03-16T09:00:52.567000Z</time>
      </trkpt>
      <trkpt lat="37.838882492761826" lon="112.00819541585409">
        <ele>1144.1</ele>
        <time>2019-03-16T09:00:55.467000Z</time>
      </trkpt>
      <trkpt lat="37.83923279269015" lon="112.00813066327817">
        <ele>1143.79</ele>
        <time>2019-03-16T09:01:07.567000Z</time>
      </trkpt>
      <trkpt lat="37.83957225951479" lon="112.0081110268911">
        <ele>1140.49</ele>
        <time>2019-03-16T09:01:19.467000Z</time>
      </trkpt>
      <trkpt lat="37.83992558661111" lon="112.00805866049109">
        <ele>1142.33</ele>
        <time>2019-03-16T09:01:31.467000Z</time>
      </trkpt>
      <trkpt lat="37.84023064427556" lon="112.00801061224671">
        <ele>1144.13</ele>
        <time>2019-03-16T09:01:40.467000Z</time>
      </trkpt>
      <trkpt lat="37.84051967391137" lon="112.00802263161378">
        <ele>1144.29</ele>
        <time>2019-03-16T09:01:49.467000Z</time>
      </trkpt>
      <trkpt lat="37.840872407181756" lon="112.0080772916736">
        <ele>1142.52</ele>
        <time>2019-03-16T09:02:01.467000Z</time>
      </trkpt>
      <trkpt lat="37.84122569372041" lon="112.00814263066287">
        <ele>1140.92</ele>
        <time>2019-03-16T09:02:13.467000Z</time>
      </trkpt>
      <trkpt lat="37.841394434332535" lon="112.00814893520483">
        <ele>1140.47</ele>
        <time>2019-03-16T09:02:19.467000Z</time>
      </trkpt>
      <trkpt lat="37.84158872401325" lon="112.0080995533927">
        <ele>1139.92</ele>
        <time>2019-03-16T09:02:25.467000Z</time>
      </trkpt>
      <trkpt lat="37.84183352971215" lon="112.00795977704735">
        <ele>1137.75</ele>
        <time>2019-03-16T09:02:34.467000Z</time>
      </trkpt>
      <trkpt lat="37.8421398148835" lon="112.00777983962853">
        <ele>1132.96</ele>
        <time>2019-03-16T09:02:46.467000Z</time>
      </trkpt>
      <trkpt lat="37.84242696010619" lon="112.00754279507507">
        <ele>1132.27</ele>
        <time>2019-03-16T09:02:58.567000Z</time>
      </trkpt>
      <trkpt lat="37.84274628106697" lon="112.00732741415862">
        <ele>1129.57</ele>
        <time>2019-03-16T09:03:10.567000Z</time>
      </trkpt>
      <trkpt lat="37.84299044453696" lon="112.00710903230654">
        <ele>1131.88</ele>
        <time>2019-03-16T09:03:19.567000Z</time>
      </trkpt>
      <trkpt lat="37.84322668451003" lon="112.00690658244821">
        <ele>1131.96</ele>
        <time>2019-03-16T09:03:28.467000Z</time>
      </trkpt>
      <trkpt lat="37.843459732809215" lon="112.0067164622317">
        <ele>1133.26</ele>
        <time>2019-03-16T09:03:37.467000Z</time>
      </trkpt>
      <trkpt lat="37.84371025513326" lon="112.0065259175849">
        <ele>1136.11</ele>
        <time>2019-03-16T09:03:46.467000Z</time>
      </trkpt>
      <trkpt lat="37.843942517081466" lon="112.00637302441737">
        <ele>1131.42</ele>
        <time>2019-03-16T09:03:55.467000Z</time>
      </trkpt>
      <trkpt lat="37.84426034646355" lon="112.00621845968972">
        <ele>1128.39</ele>
        <time>2019-03-16T09:04:07.567000Z</time>
      </trkpt>
      <trkpt lat="37.84451168129002" lon="112.00610217677041">
        <ele>1130.66</ele>
        <time>2019-03-16T09:04:16.467000Z</time>
      </trkpt>
      <trkpt lat="37.84481160238449" lon="112.00614034365984">
        <ele>1130.88</ele>
        <time>2019-03-16T09:04:25.467000Z</time>
      </trkpt>
      <trkpt lat="37.8450824124115" lon="112.00620803902919">
        <ele>1129.06</ele>
        <time>2019-03-16T09:04:34.467000Z</time>
      </trkpt>
      <trkpt lat="37.84542057526418" lon="112.00631742387245">
        <ele>1129.34</ele>
        <time>2019-03-16T09:04:46.467000Z</time>
      </trkpt>
      <trkpt lat="37.84573503939915" lon="112.00644448796366">
        <ele>1126.29</ele>
        <time>2019-03-16T09:04:58.467000Z</time>
      </trkpt>
      <trkpt lat="37.84603171436639" lon="112.00651639963797">
        <ele>1128.66</ele>
        <time>2019-03-16T09:05:07.467000Z</time>
      </trkpt>
      <trkpt lat="37.84630633129313" lon="112.0065860785182">
        <ele>1127.22</ele>
        <time>2019-03-16T09:05:16.567000Z</time>
      </trkpt>
      <trkpt lat="37.84659619024121" lon="112.00664412398729">
        <ele>1127.67</ele>
        <time>2019-03-16T09:05:25.567000Z</time>
      </trkpt>
      <trkpt lat="37.846769713082836" lon="112.00669309099516">
        <ele>1127.82</ele>
        <time>2019-03-16T09:05:31.567000Z</time>
      </trkpt>
      <trkpt lat="37.84706441736857" lon="112.00671962172066">
        <ele>1124.01</ele>
        <time>2019-03-16T09:05:40.567000Z</time>
      </trkpt>
      <trkpt lat="37.84741247269622" lon="112.00676206989012">
        <ele>1121.52</ele>
        <time>2019-03-16T09:05:52.567000Z</time>
      </trkpt>
      <trkpt lat="37.84770407578657" lon="112.0067973641196">
        <ele>1122.13</ele>
        <time>2019-03-16T09:06:01.467000Z</time>
      </trkpt>
      <trkpt lat="37.84798171927251" lon="112.00684399162051">
        <ele>1122.56</ele>
        <time>2019-03-16T09:06:10.467000Z</time>
      </trkpt>
      <trkpt lat="37.84817428507111" lon="112.00687333381511">
        <ele>1124.01</ele>
        <time>2019-03-16T09:06:16.467000Z</time>
      </trkpt>
      <trkpt lat="37.84834371987853" lon="112.00697327604458">
        <ele>1122.56</ele>
        <time>2019-03-16T09:06:22.567000Z</time>
      </trkpt>
      <trkpt lat="37.84854125566204" lon="112.0072218703098">
        <ele>1123.59</ele>
        <time>2019-03-16T09:06:31.567000Z</time>
      </trkpt>
      <trkpt lat="37.848601795436" lon="112.00730668876152">
        <ele>1123.75</ele>
        <time>2019-03-16T09:06:34.467000Z</time>
      </trkpt>
      <trkpt lat="37.84866435619196" lon="112.00739838467406">
        <ele>1120.91</ele>
        <time>2019-03-16T09:06:37.567000Z</time>
      </trkpt>
      <trkpt lat="37.84888134332608" lon="112.00776516981773">
        <ele>1122.75</ele>
        <time>2019-03-16T09:06:49.467000Z</time>
      </trkpt>
      <trkpt lat="37.849050733667134" lon="112.00803686325209">
        <ele>1122.75</ele>
        <time>2019-03-16T09:06:58.467000Z</time>
      </trkpt>
      <trkpt lat="37.849235421536974" lon="112.00829892310135">
        <ele>1118.73</ele>
        <time>2019-03-16T09:07:07.567000Z</time>
      </trkpt>
      <trkpt lat="37.84942860153484" lon="112.00857033374888">
        <ele>1117.82</ele>
        <time>2019-03-16T09:07:16.467000Z</time>
      </trkpt>
      <trkpt lat="37.84961935996043" lon="112.00884590287174">
        <ele>1117.05</ele>
        <time>2019-03-16T09:07:25.467000Z</time>
      </trkpt>
      <trkpt lat="37.84979757293792" lon="112.00914306433522">
        <ele>1115.83</ele>
        <time>2019-03-16T09:07:34.467000Z</time>
      </trkpt>
      <trkpt lat="37.84989838132103" lon="112.00936836377335">
        <ele>1115.89</ele>
        <time>2019-03-16T09:07:40.567000Z</time>
      </trkpt>
      <trkpt lat="37.849940844107394" lon="112.00970820029738">
        <ele>1114.6</ele>
        <time>2019-03-16T09:07:49.467000Z</time>
      </trkpt>
      <trkpt lat="37.849925352313036" lon="112.01005944802793">
        <ele>1115.85</ele>
        <time>2019-03-16T09:07:58.567000Z</time>
      </trkpt>
      <trkpt lat="37.849909567534155" lon="112.01041498276535">
        <ele>1112.67</ele>
        <time>2019-03-16T09:08:07.467000Z</time>
      </trkpt>
      <trkpt lat="37.849885694020266" lon="112.01077445419911">
        <ele>1110.29</ele>
        <time>2019-03-16T09:08:16.467000Z</time>
      </trkpt>
      <trkpt lat="37.84984907710373" lon="112.0112228547406">
        <ele>1105.1</ele>
        <time>2019-03-16T09:08:28.567000Z</time>
      </trkpt>
      <trkpt lat="37.849813824082695" lon="112.01158164838475">
        <ele>1105.35</ele>
        <time>2019-03-16T09:08:37.567000Z</time>
      </trkpt>
      <trkpt lat="37.84977199854681" lon="112.01192326330043">
        <ele>1105.67</ele>
        <time>2019-03-16T09:08:46.467000Z</time>
      </trkpt>
      <trkpt lat="37.849758741045456" lon="112.01229471047498">
        <ele>1107.19</ele>
        <time>2019-03-16T09:08:55.467000Z</time>
      </trkpt>
      <trkpt lat="37.849718192788956" lon="112.0125109962478">
        <ele>1104.59</ele>
        <time>2019-03-16T09:09:01.467000Z</time>
      </trkpt>
      <trkpt lat="37.84968567369292" lon="112.01291638327213">
        <ele>1108.79</ele>
        <time>2019-03-16T09:09:10.467000Z</time>
      </trkpt>
      <trkpt lat="37.84965518314673" lon="112.01328802136003">
        <ele>1109.7</ele>
        <time>2019-03-16T09:09:19.467000Z</time>
      </trkpt>
      <trkpt lat="37.84961804900646" lon="112.0137367150071">
        <ele>1105.91</ele>
        <time>2019-03-16T09:09:31.467000Z</time>
      </trkpt>
      <trkpt lat="37.84960784530653" lon="112.01412457910241">
        <ele>1106.86</ele>
        <time>2019-03-16T09:09:40.467000Z</time>
      </trkpt>
      <trkpt lat="37.849586667969554" lon="112.01449997639166">
        <ele>1107.33</ele>
        <time>2019-03-16T09:09:49.567000Z</time>
      </trkpt>
      <trkpt lat="37.84955543446973" lon="112.01488386607998">
        <ele>1107.97</ele>
        <time>2019-03-16T09:09:58.467000Z</time>
      </trkpt>
      <trkpt lat="37.84950765376015" lon="112.01524470577941">
        <ele>1109.13</ele>
        <time>2019-03-16T09:10:07.467000Z</time>
      </trkpt>
      <trkpt lat="37.849460199572995" lon="112.01560936539089">
        <ele>1110.03</ele>
        <time>2019-03-16T09:10:16.467000Z</time>
      </trkpt>
      <trkpt lat="37.84941183130994" lon="112.01596828783742">
        <ele>1110.35</ele>
        <time>2019-03-16T09:10:25.467000Z</time>
      </trkpt>
      <trkpt lat="37.84937746244037" lon="112.01632560664468">
        <ele>1111.13</ele>
        <time>2019-03-16T09:10:34.467000Z</time>
      </trkpt>
      <trkpt lat="37.849350179323466" lon="112.01675721918791">
        <ele>1104.81</ele>
        <time>2019-03-16T09:10:46.467000Z</time>
      </trkpt>
      <trkpt lat="37.84933216451328" lon="112.01697433214429">
        <ele>1103.61</ele>
        <time>2019-03-16T09:10:52.567000Z</time>
      </trkpt>
      <trkpt lat="37.8492792654732" lon="112.01733203395132">
        <ele>1104.53</ele>
        <time>2019-03-16T09:11:01.567000Z</time>
      </trkpt>
      <trkpt lat="37.84923226974673" lon="112.01767722561111">
        <ele>1103.0</ele>
        <time>2019-03-16T09:11:10.567000Z</time>
      </trkpt>
      <trkpt lat="37.84919733969941" lon="112.01804275191398">
        <ele>1105.14</ele>
        <time>2019-03-16T09:11:19.567000Z</time>
      </trkpt>
      <trkpt lat="37.84916041388622" lon="112.01849183142131">
        <ele>1100.65</ele>
        <time>2019-03-16T09:11:31.467000Z</time>
      </trkpt>
      <trkpt lat="37.84915821723561" lon="112.01887968851732">
        <ele>1104.55</ele>
        <time>2019-03-16T09:11:40.467000Z</time>
      </trkpt>
      <trkpt lat="37.84914809753075" lon="112.01925865488249">
        <ele>1108.57</ele>
        <time>2019-03-16T09:11:49.467000Z</time>
      </trkpt>
      <trkpt lat="37.8491160049743" lon="112.01969621132392">
        <ele>1104.21</ele>
        <time>2019-03-16T09:12:01.567000Z</time>
      </trkpt>
      <trkpt lat="37.849129914493254" lon="112.02014309002966">
        <ele>1102.79</ele>
        <time>2019-03-16T09:12:13.567000Z</time>
      </trkpt>
      <trkpt lat="37.84911140633175" lon="112.02051374828689">
        <ele>1102.57</ele>
        <time>2019-03-16T09:12:22.567000Z</time>
      </trkpt>
      <trkpt lat="37.849113872393396" lon="112.02074141438132">
        <ele>1102.31</ele>
        <time>2019-03-16T09:12:28.567000Z</time>
      </trkpt>
      <trkpt lat="37.849133218473284" lon="112.02096682028872">
        <ele>1099.24</ele>
        <time>2019-03-16T09:12:34.567000Z</time>
      </trkpt>
      <trkpt lat="37.84910850068968" lon="112.02135458289162">
        <ele>1102.41</ele>
        <time>2019-03-16T09:12:43.467000Z</time>
      </trkpt>
      <trkpt lat="37.84911356554151" lon="112.02171306582065">
        <ele>1103.19</ele>
        <time>2019-03-16T09:12:52.467000Z</time>
      </trkpt>
      <trkpt lat="37.84910220858091" lon="112.02207306723207">
        <ele>1100.17</ele>
        <time>2019-03-16T09:13:01.567000Z</time>
      </trkpt>
      <trkpt lat="37.84909821224738" lon="112.0224345016205">
        <ele>1100.44</ele>
        <time>2019-03-16T09:13:10.567000Z</time>
      </trkpt>
      <trkpt lat="37.849103869315556" lon="112.02280602907531">
        <ele>1101.7</ele>
        <time>2019-03-16T09:13:19.467000Z</time>
      </trkpt>
      <trkpt lat="37.849113520599104" lon="112.0231612845656">
        <ele>1100.43</ele>
        <time>2019-03-16T09:13:28.467000Z</time>
      </trkpt>
      <trkpt lat="37.84912390488918" lon="112.02344036236777">
        <ele>1103.97</ele>
        <time>2019-03-16T09:13:34.467000Z</time>
      </trkpt>
      <trkpt lat="37.849105478309575" lon="112.0238637215169">
        <ele>1108.96</ele>
        <time>2019-03-16T09:13:43.467000Z</time>
      </trkpt>
      <trkpt lat="37.8490847894076" lon="112.02430947443722">
        <ele>1106.64</ele>
        <time>2019-03-16T09:13:55.467000Z</time>
      </trkpt>
      <trkpt lat="37.84909116466893" lon="112.02441164802718">
        <ele>1106.34</ele>
        <time>2019-03-16T09:13:58.467000Z</time>
      </trkpt>
      <trkpt lat="37.8490734633843" lon="112.0245961842114">
        <ele>1105.25</ele>
        <time>2019-03-16T09:14:04.567000Z</time>
      </trkpt>
      <trkpt lat="37.84907069805707" lon="112.02496341736615">
        <ele>1107.27</ele>
        <time>2019-03-16T09:14:13.567000Z</time>
      </trkpt>
      <trkpt lat="37.84907588057723" lon="112.02521332740122">
        <ele>1106.81</ele>
        <time>2019-03-16T09:14:19.467000Z</time>
      </trkpt>
      <trkpt lat="37.849036930206694" lon="112.02543827834349">
        <ele>1105.56</ele>
        <time>2019-03-16T09:14:25.467000Z</time>
      </trkpt>
      <trkpt lat="37.84899300703844" lon="112.02572691207855">
        <ele>1104.99</ele>
        <time>2019-03-16T09:14:31.567000Z</time>
      </trkpt>
      <trkpt lat="37.848977625114266" lon="112.02580702448319">
        <ele>1103.29</ele>
        <time>2019-03-16T09:14:34.467000Z</time>
      </trkpt>
      <trkpt lat="37.84895387458458" lon="112.02593902274403">
        <ele>1101.92</ele>
        <time>2019-03-16T09:14:40.467000Z</time>
      </trkpt>
      <trkpt lat="37.84889189380765" lon="112.02620348586318">
        <ele>1102.64</ele>
        <time>2019-03-16T09:14:55.467000Z</time>
      </trkpt>
      <trkpt lat="37.84889078842214" lon="112.02626936555656">
        <ele>1104.01</ele>
        <time>2019-03-16T09:15:01.467000Z</time>
      </trkpt>
      <trkpt lat="37.84889117979296" lon="112.02639435782693">
        <ele>1102.72</ele>
        <time>2019-03-16T09:15:10.467000Z</time>
      </trkpt>
      <trkpt lat="37.84894380849487" lon="112.02656230194208">
        <ele>1101.64</ele>
        <time>2019-03-16T09:15:22.467000Z</time>
      </trkpt>
      <trkpt lat="37.84905426378863" lon="112.02652914439639">
        <ele>1100.6</ele>
        <time>2019-03-16T09:15:28.467000Z</time>
      </trkpt>
      <trkpt lat="37.84909860908089" lon="112.02649628753962">
        <ele>1101.94</ele>
        <time>2019-03-16T09:15:37.567000Z</time>
      </trkpt>
      <trkpt lat="37.849034229772094" lon="112.02650141915171">
        <ele>1101.12</ele>
        <time>2019-03-16T09:16:07.567000Z</time>
      </trkpt>
      <trkpt lat="37.84897432623508" lon="112.02647720497491">
        <ele>1098.67</ele>
        <time>2019-03-16T09:16:13.467000Z</time>
      </trkpt>
      <trkpt lat="37.84890670740175" lon="112.02626956778225">
        <ele>1099.96</ele>
        <time>2019-03-16T09:16:31.467000Z</time>
      </trkpt>
      <trkpt lat="37.848929632524964" lon="112.02618280715106">
        <ele>1103.72</ele>
        <time>2019-03-16T09:16:40.467000Z</time>
      </trkpt>
      <trkpt lat="37.8489278064106" lon="112.02603685708742">
        <ele>1106.16</ele>
        <time>2019-03-16T09:16:46.467000Z</time>
      </trkpt>
      <trkpt lat="37.84890932453786" lon="112.02597577821595">
        <ele>1108.22</ele>
        <time>2019-03-16T09:16:55.467000Z</time>
      </trkpt>
      <trkpt lat="37.84893565739172" lon="112.02587346471046">
        <ele>1107.27</ele>
        <time>2019-03-16T09:17:01.467000Z</time>
      </trkpt>
      <trkpt lat="37.848938490767864" lon="112.02561723676496">
        <ele>1111.97</ele>
        <time>2019-03-16T09:17:16.467000Z</time>
      </trkpt>
      <trkpt lat="37.84894307503891" lon="112.02554787838108">
        <ele>1109.74</ele>
        <time>2019-03-16T09:17:19.467000Z</time>
      </trkpt>
      <trkpt lat="37.84897787058633" lon="112.02542934337735">
        <ele>1109.52</ele>
        <time>2019-03-16T09:17:25.467000Z</time>
      </trkpt>
      <trkpt lat="37.849003600549345" lon="112.02521940960537">
        <ele>1105.29</ele>
        <time>2019-03-16T09:17:31.467000Z</time>
      </trkpt>
      <trkpt lat="37.8490132975418" lon="112.02501846142181">
        <ele>1101.46</ele>
        <time>2019-03-16T09:17:37.567000Z</time>
      </trkpt>
      <trkpt lat="37.84907744226972" lon="112.02475670258947">
        <ele>1107.48</ele>
        <time>2019-03-16T09:17:46.467000Z</time>
      </trkpt>
      <trkpt lat="37.84907443353794" lon="112.0244376202751">
        <ele>1105.27</ele>
        <time>2019-03-16T09:17:55.567000Z</time>
      </trkpt>
      <trkpt lat="37.84905730869629" lon="112.02432931398845">
        <ele>1106.51</ele>
        <time>2019-03-16T09:17:58.467000Z</time>
      </trkpt>
      <trkpt lat="37.84906306110073" lon="112.02421041710147">
        <ele>1105.79</ele>
        <time>2019-03-16T09:18:01.567000Z</time>
      </trkpt>
      <trkpt lat="37.84907452452908" lon="112.02410838058391">
        <ele>1105.19</ele>
        <time>2019-03-16T09:18:04.467000Z</time>
      </trkpt>
      <trkpt lat="37.84905831553812" lon="112.02373323171796">
        <ele>1107.53</ele>
        <time>2019-03-16T09:18:13.467000Z</time>
      </trkpt>
      <trkpt lat="37.84903257622424" lon="112.02331038233487">
        <ele>1103.48</ele>
        <time>2019-03-16T09:18:25.467000Z</time>
      </trkpt>
      <trkpt lat="37.84902798855649" lon="112.02322091310893">
        <ele>1104.25</ele>
        <time>2019-03-16T09:18:28.567000Z</time>
      </trkpt>
      <trkpt lat="37.84907156041792" lon="112.02282797773304">
        <ele>1104.63</ele>
        <time>2019-03-16T09:18:40.467000Z</time>
      </trkpt>
      <trkpt lat="37.8490946407101" lon="112.02248405210862">
        <ele>1105.86</ele>
        <time>2019-03-16T09:18:49.467000Z</time>
      </trkpt>
      <trkpt lat="37.8490828305619" lon="112.02207635319644">
        <ele>1106.8</ele>
        <time>2019-03-16T09:19:01.467000Z</time>
      </trkpt>
      <trkpt lat="37.849065763374206" lon="112.021852435902">
        <ele>1106.2</ele>
        <time>2019-03-16T09:19:07.467000Z</time>
      </trkpt>
      <trkpt lat="37.84908699891602" lon="112.0215652681377">
        <ele>1103.85</ele>
        <time>2019-03-16T09:19:16.567000Z</time>
      </trkpt>
      <trkpt lat="37.84911020085909" lon="112.0211587614974">
        <ele>1103.65</ele>
        <time>2019-03-16T09:19:28.467000Z</time>
      </trkpt>
      <trkpt lat="37.8491339742121" lon="112.02075708669011">
        <ele>1101.36</ele>
        <time>2019-03-16T09:19:40.467000Z</time>
      </trkpt>
      <trkpt lat="37.849139749103855" lon="112.02033740682137">
        <ele>1106.91</ele>
        <time>2019-03-16T09:19:52.467000Z</time>
      </trkpt>
      <trkpt lat="37.84912535350644" lon="112.02014478003002">
        <ele>1103.5</ele>
        <time>2019-03-16T09:19:58.567000Z</time>
      </trkpt>
      <trkpt lat="37.84913289370819" lon="112.01993696354921">
        <ele>1104.34</ele>
        <time>2019-03-16T09:20:04.467000Z</time>
      </trkpt>
      <trkpt lat="37.84911604778497" lon="112.019602784525">
        <ele>1106.81</ele>
        <time>2019-03-16T09:20:13.467000Z</time>
      </trkpt>
      <trkpt lat="37.849123379318" lon="112.01925402646353">
        <ele>1106.18</ele>
        <time>2019-03-16T09:20:22.467000Z</time>
      </trkpt>
      <trkpt lat="37.849138381770246" lon="112.0191536098266">
        <ele>1104.01</ele>
        <time>2019-03-16T09:20:25.567000Z</time>
      </trkpt>
      <trkpt lat="37.84915025615785" lon="112.01871824287278">
        <ele>1102.79</ele>
        <time>2019-03-16T09:20:37.467000Z</time>
      </trkpt>
      <trkpt lat="37.84918139914254" lon="112.01831441325417">
        <ele>1107.89</ele>
        <time>2019-03-16T09:20:49.467000Z</time>
      </trkpt>
      <trkpt lat="37.849195490604664" lon="112.0182104550001">
        <ele>1106.52</ele>
        <time>2019-03-16T09:20:52.567000Z</time>
      </trkpt>
      <trkpt lat="37.849198419370865" lon="112.01799017318949">
        <ele>1107.44</ele>
        <time>2019-03-16T09:20:58.467000Z</time>
      </trkpt>
      <trkpt lat="37.84922030163333" lon="112.01789884757156">
        <ele>1107.82</ele>
        <time>2019-03-16T09:21:01.567000Z</time>
      </trkpt>
      <trkpt lat="37.84924811554285" lon="112.01760169454525">
        <ele>1105.93</ele>
        <time>2019-03-16T09:21:10.467000Z</time>
      </trkpt>
      <trkpt lat="37.8492916849546" lon="112.01726688612816">
        <ele>1107.6</ele>
        <time>2019-03-16T09:21:19.467000Z</time>
      </trkpt>
      <trkpt lat="37.84931257785671" lon="112.01716744196598">
        <ele>1108.1</ele>
        <time>2019-03-16T09:21:22.467000Z</time>
      </trkpt>
      <trkpt lat="37.84932878755252" lon="112.01695928568824">
        <ele>1109.36</ele>
        <time>2019-03-16T09:21:28.467000Z</time>
      </trkpt>
      <trkpt lat="37.849352836111215" lon="112.01687032817645">
        <ele>1109.32</ele>
        <time>2019-03-16T09:21:31.467000Z</time>
      </trkpt>
      <trkpt lat="37.849371778070996" lon="112.01676797315051">
        <ele>1110.36</ele>
        <time>2019-03-16T09:21:34.467000Z</time>
      </trkpt>
      <trkpt lat="37.849392309420686" lon="112.01633042969215">
        <ele>1112.09</ele>
        <time>2019-03-16T09:21:46.467000Z</time>
      </trkpt>
      <trkpt lat="37.84945703183479" lon="112.01589679540794">
        <ele>1112.44</ele>
        <time>2019-03-16T09:21:58.467000Z</time>
      </trkpt>
      <trkpt lat="37.849501585505976" lon="112.01546222173386">
        <ele>1109.53</ele>
        <time>2019-03-16T09:22:10.467000Z</time>
      </trkpt>
      <trkpt lat="37.84952020205171" lon="112.01510075538161">
        <ele>1109.41</ele>
        <time>2019-03-16T09:22:19.467000Z</time>
      </trkpt>
      <trkpt lat="37.849533531267525" lon="112.01485645640506">
        <ele>1109.24</ele>
        <time>2019-03-16T09:22:25.467000Z</time>
      </trkpt>
      <trkpt lat="37.849594955110135" lon="112.01449883864161">
        <ele>1105.04</ele>
        <time>2019-03-16T09:22:37.467000Z</time>
      </trkpt>
      <trkpt lat="37.84961873720085" lon="112.01440988620244">
        <ele>1105.01</ele>
        <time>2019-03-16T09:22:40.567000Z</time>
      </trkpt>
      <trkpt lat="37.84966178831167" lon="112.0139884525081">
        <ele>1109.17</ele>
        <time>2019-03-16T09:22:52.567000Z</time>
      </trkpt>
      <trkpt lat="37.84968278148251" lon="112.01372892735067">
        <ele>1109.15</ele>
        <time>2019-03-16T09:22:58.567000Z</time>
      </trkpt>
      <trkpt lat="37.84967776016836" lon="112.01340621847352">
        <ele>1107.56</ele>
        <time>2019-03-16T09:23:07.467000Z</time>
      </trkpt>
      <trkpt lat="37.84970914414596" lon="112.01307114032909">
        <ele>1107.31</ele>
        <time>2019-03-16T09:23:16.567000Z</time>
      </trkpt>
      <trkpt lat="37.849702892814314" lon="112.01282966612294">
        <ele>1107.42</ele>
        <time>2019-03-16T09:23:22.567000Z</time>
      </trkpt>
      <trkpt lat="37.84973564534653" lon="112.01239616208088">
        <ele>1109.75</ele>
        <time>2019-03-16T09:23:34.467000Z</time>
      </trkpt>
      <trkpt lat="37.84977291109117" lon="112.01194946368089">
        <ele>1106.75</ele>
        <time>2019-03-16T09:23:46.467000Z</time>
      </trkpt>
      <trkpt lat="37.84980477117614" lon="112.0116606791645">
        <ele>1108.12</ele>
        <time>2019-03-16T09:23:55.467000Z</time>
      </trkpt>
      <trkpt lat="37.84979342036081" lon="112.01151179377992">
        <ele>1110.05</ele>
        <time>2019-03-16T09:24:04.567000Z</time>
      </trkpt>
      <trkpt lat="37.849784064032164" lon="112.01140819580647">
        <ele>1112.01</ele>
        <time>2019-03-16T09:24:10.567000Z</time>
      </trkpt>
      <trkpt lat="37.8498045319319" lon="112.01099382817048">
        <ele>1115.74</ele>
        <time>2019-03-16T09:24:37.467000Z</time>
      </trkpt>
      <trkpt lat="37.849788823570385" lon="112.01086107583936">
        <ele>1116.47</ele>
        <time>2019-03-16T09:24:43.467000Z</time>
      </trkpt>
      <trkpt lat="37.849847913753784" lon="112.0104605481701">
        <ele>1113.74</ele>
        <time>2019-03-16T09:24:58.467000Z</time>
      </trkpt>
      <trkpt lat="37.84986952842543" lon="112.01036496473702">
        <ele>1114.31</ele>
        <time>2019-03-16T09:25:01.567000Z</time>
      </trkpt>
      <trkpt lat="37.849902532792576" lon="112.01009834004284">
        <ele>1109.98</ele>
        <time>2019-03-16T09:25:10.567000Z</time>
      </trkpt>
      <trkpt lat="37.84991911858064" lon="112.00967184421611">
        <ele>1112.58</ele>
        <time>2019-03-16T09:25:22.567000Z</time>
      </trkpt>
      <trkpt lat="37.84987767536485" lon="112.00936388660658">
        <ele>1111.52</ele>
        <time>2019-03-16T09:25:31.467000Z</time>
      </trkpt>
      <trkpt lat="37.84974932545421" lon="112.00906986362696">
        <ele>1111.25</ele>
        <time>2019-03-16T09:25:40.567000Z</time>
      </trkpt>
      <trkpt lat="37.8495646610887" lon="112.00878710657926">
        <ele>1112.37</ele>
        <time>2019-03-16T09:25:49.467000Z</time>
      </trkpt>
      <trkpt lat="37.849422740430455" lon="112.00861977984336">
        <ele>1113.08</ele>
        <time>2019-03-16T09:25:55.567000Z</time>
      </trkpt>
      <trkpt lat="37.84922311250369" lon="112.00835563437884">
        <ele>1113.97</ele>
        <time>2019-03-16T09:26:04.467000Z</time>
      </trkpt>
      <trkpt lat="37.849015904654706" lon="112.00802988429852">
        <ele>1113.75</ele>
        <time>2019-03-16T09:26:16.467000Z</time>
      </trkpt>
      <trkpt lat="37.848835923210466" lon="112.0076973286684">
        <ele>1115.41</ele>
        <time>2019-03-16T09:26:28.567000Z</time>
      </trkpt>
      <trkpt lat="37.848622116083035" lon="112.00739205841508">
        <ele>1114.54</ele>
        <time>2019-03-16T09:26:40.467000Z</time>
      </trkpt>
      <trkpt lat="37.848446716631905" lon="112.00712270081958">
        <ele>1119.21</ele>
        <time>2019-03-16T09:26:49.467000Z</time>
      </trkpt>
      <trkpt lat="37.84838991844487" lon="112.00704049201734">
        <ele>1117.46</ele>
        <time>2019-03-16T09:26:52.567000Z</time>
      </trkpt>
      <trkpt lat="37.8482458795551" lon="112.00691134155443">
        <ele>1114.2</ele>
        <time>2019-03-16T09:26:58.467000Z</time>
      </trkpt>
      <trkpt lat="37.847927441811784" lon="112.00678827781343">
        <ele>1116.89</ele>
        <time>2019-03-16T09:27:10.467000Z</time>
      </trkpt>
      <trkpt lat="37.84764133801349" lon="112.00675189611857">
        <ele>1121.63</ele>
        <time>2019-03-16T09:27:19.467000Z</time>
      </trkpt>
      <trkpt lat="37.847297025258854" lon="112.00671509478671">
        <ele>1122.83</ele>
        <time>2019-03-16T09:27:31.567000Z</time>
      </trkpt>
      <trkpt lat="37.84709061191866" lon="112.00668057106056">
        <ele>1123.0</ele>
        <time>2019-03-16T09:27:40.567000Z</time>
      </trkpt>
      <trkpt lat="37.84692136423809" lon="112.00669242985938">
        <ele>1123.76</ele>
        <time>2019-03-16T09:27:46.467000Z</time>
      </trkpt>
      <trkpt lat="37.846836068848575" lon="112.00667918945013">
        <ele>1124.74</ele>
        <time>2019-03-16T09:27:49.467000Z</time>
      </trkpt>
      <trkpt lat="37.84674769457199" lon="112.00664918143293">
        <ele>1123.96</ele>
        <time>2019-03-16T09:27:52.467000Z</time>
      </trkpt>
      <trkpt lat="37.84648940541562" lon="112.00660354634611">
        <ele>1123.52</ele>
        <time>2019-03-16T09:28:01.467000Z</time>
      </trkpt>
      <trkpt lat="37.84630521137982" lon="112.0065935719518">
        <ele>1127.38</ele>
        <time>2019-03-16T09:28:07.567000Z</time>
      </trkpt>
      <trkpt lat="37.84599003956888" lon="112.00653344057146">
        <ele>1132.3</ele>
        <time>2019-03-16T09:28:19.467000Z</time>
      </trkpt>
      <trkpt lat="37.8456976204762" lon="112.00640581704486">
        <ele>1128.81</ele>
        <time>2019-03-16T09:28:31.567000Z</time>
      </trkpt>
      <trkpt lat="37.84561544559864" lon="112.00637060881496">
        <ele>1128.57</ele>
        <time>2019-03-16T09:28:34.467000Z</time>
      </trkpt>
      <trkpt lat="37.84532946882751" lon="112.00631249839897">
        <ele>1125.46</ele>
        <time>2019-03-16T09:28:43.467000Z</time>
      </trkpt>
      <trkpt lat="37.845246385312684" lon="112.00629873701611">
        <ele>1127.92</ele>
        <time>2019-03-16T09:28:46.567000Z</time>
      </trkpt>
      <trkpt lat="37.84491724466278" lon="112.00619706695359">
        <ele>1133.97</ele>
        <time>2019-03-16T09:28:58.467000Z</time>
      </trkpt>
      <trkpt lat="37.84459555637386" lon="112.00612447464027">
        <ele>1133.04</ele>
        <time>2019-03-16T09:29:10.467000Z</time>
      </trkpt>
      <trkpt lat="37.84445054967378" lon="112.00612244942323">
        <ele>1130.04</ele>
        <time>2019-03-16T09:29:16.467000Z</time>
      </trkpt>
      <trkpt lat="37.84429927759188" lon="112.00620359180586">
        <ele>1129.51</ele>
        <time>2019-03-16T09:29:22.467000Z</time>
      </trkpt>
      <trkpt lat="37.84405293384471" lon="112.00633496992658">
        <ele>1130.43</ele>
        <time>2019-03-16T09:29:31.567000Z</time>
      </trkpt>
      <trkpt lat="37.843807565947266" lon="112.00647701130877">
        <ele>1134.24</ele>
        <time>2019-03-16T09:29:40.467000Z</time>
      </trkpt>
      <trkpt lat="37.84365732233821" lon="112.00655592233343">
        <ele>1130.99</ele>
        <time>2019-03-16T09:29:46.467000Z</time>
      </trkpt>
      <trkpt lat="37.84336597569607" lon="112.00678411574114">
        <ele>1135.36</ele>
        <time>2019-03-16T09:29:58.467000Z</time>
      </trkpt>
      <trkpt lat="37.84308236173725" lon="112.00704062790608">
        <ele>1134.29</ele>
        <time>2019-03-16T09:30:10.567000Z</time>
      </trkpt>
      <trkpt lat="37.842860672402246" lon="112.0072339575221">
        <ele>1132.16</ele>
        <time>2019-03-16T09:30:19.567000Z</time>
      </trkpt>
      <trkpt lat="37.842579471284324" lon="112.00745819599304">
        <ele>1137.17</ele>
        <time>2019-03-16T09:30:31.467000Z</time>
      </trkpt>
      <trkpt lat="37.84232975281534" lon="112.00761530113152">
        <ele>1140.98</ele>
        <time>2019-03-16T09:30:40.567000Z</time>
      </trkpt>
      <trkpt lat="37.84208471096497" lon="112.00775217596718">
        <ele>1148.71</ele>
        <time>2019-03-16T09:30:49.567000Z</time>
      </trkpt>
      <trkpt lat="37.84185754159685" lon="112.00793605568921">
        <ele>1143.94</ele>
        <time>2019-03-16T09:30:58.567000Z</time>
      </trkpt>
      <trkpt lat="37.841604021733644" lon="112.00805110137853">
        <ele>1148.02</ele>
        <time>2019-03-16T09:31:07.467000Z</time>
      </trkpt>
      <trkpt lat="37.84130856368646" lon="112.00813663201325">
        <ele>1149.6</ele>
        <time>2019-03-16T09:31:16.467000Z</time>
      </trkpt>
      <trkpt lat="37.841022785636184" lon="112.00815613295256">
        <ele>1150.71</ele>
        <time>2019-03-16T09:31:25.467000Z</time>
      </trkpt>
      <trkpt lat="37.84078998831051" lon="112.00811659177893">
        <ele>1150.73</ele>
        <time>2019-03-16T09:31:37.467000Z</time>
      </trkpt>
      <trkpt lat="37.84051722186211" lon="112.00803217599919">
        <ele>1147.12</ele>
        <time>2019-03-16T09:32:01.567000Z</time>
      </trkpt>
      <trkpt lat="37.84025298779972" lon="112.00794952237486">
        <ele>1146.54</ele>
        <time>2019-03-16T09:32:28.467000Z</time>
      </trkpt>
      <trkpt lat="37.83994794003399" lon="112.00800177910767">
        <ele>1146.57</ele>
        <time>2019-03-16T09:32:52.567000Z</time>
      </trkpt>
      <trkpt lat="37.839798120275475" lon="112.00804384574309">
        <ele>1148.05</ele>
        <time>2019-03-16T09:32:58.467000Z</time>
      </trkpt>
      <trkpt lat="37.83953162508603" lon="112.008093727475">
        <ele>1148.63</ele>
        <time>2019-03-16T09:33:07.567000Z</time>
      </trkpt>
      <trkpt lat="37.83923168121629" lon="112.00811469376657">
        <ele>1146.48</ele>
        <time>2019-03-16T09:33:19.467000Z</time>
      </trkpt>
      <trkpt lat="37.83891363200439" lon="112.00816761492676">
        <ele>1144.06</ele>
        <time>2019-03-16T09:33:31.467000Z</time>
      </trkpt>
      <trkpt lat="37.83859302756125" lon="112.0082261888325">
        <ele>1146.48</ele>
        <time>2019-03-16T09:33:43.467000Z</time>
      </trkpt>
      <trkpt lat="37.83829345505082" lon="112.00822310610204">
        <ele>1150.42</ele>
        <time>2019-03-16T09:33:55.467000Z</time>
      </trkpt>
      <trkpt lat="37.83815994115524" lon="112.00815046227868">
        <ele>1150.9</ele>
        <time>2019-03-16T09:34:01.467000Z</time>
      </trkpt>
      <trkpt lat="37.83788241886903" lon="112.00802200268664">
        <ele>1152.36</ele>
        <time>2019-03-16T09:34:13.467000Z</time>
      </trkpt>
      <trkpt lat="37.83763218823522" lon="112.00794969439868">
        <ele>1155.34</ele>
        <time>2019-03-16T09:34:22.467000Z</time>
      </trkpt>
      <trkpt lat="37.837419816157244" lon="112.00782585560677">
        <ele>1153.41</ele>
        <time>2019-03-16T09:34:31.467000Z</time>
      </trkpt>
      <trkpt lat="37.83733617085159" lon="112.00779273287566">
        <ele>1153.22</ele>
        <time>2019-03-16T09:34:34.467000Z</time>
      </trkpt>
      <trkpt lat="37.83705551845057" lon="112.00774148979244">
        <ele>1155.05</ele>
        <time>2019-03-16T09:34:43.567000Z</time>
      </trkpt>
      <trkpt lat="37.83696219215548" lon="112.00772819922571">
        <ele>1155.31</ele>
        <time>2019-03-16T09:34:46.467000Z</time>
      </trkpt>
      <trkpt lat="37.83661942387914" lon="112.00762224385856">
        <ele>1155.32</ele>
        <time>2019-03-16T09:34:58.467000Z</time>
      </trkpt>
      <trkpt lat="37.836314883492456" lon="112.00749243797782">
        <ele>1156.07</ele>
        <time>2019-03-16T09:35:10.467000Z</time>
      </trkpt>
      <trkpt lat="37.83600405332581" lon="112.00735665841772">
        <ele>1158.89</ele>
        <time>2019-03-16T09:35:22.467000Z</time>
      </trkpt>
      <trkpt lat="37.83570336445133" lon="112.0073147324438">
        <ele>1162.36</ele>
        <time>2019-03-16T09:35:31.467000Z</time>
      </trkpt>
      <trkpt lat="37.83551993314415" lon="112.00729244773123">
        <ele>1161.44</ele>
        <time>2019-03-16T09:35:37.567000Z</time>
      </trkpt>
      <trkpt lat="37.835433587852265" lon="112.00725832542453">
        <ele>1161.01</ele>
        <time>2019-03-16T09:35:40.467000Z</time>
      </trkpt>
      <trkpt lat="37.835374871541475" lon="112.00719459207116">
        <ele>1160.8</ele>
        <time>2019-03-16T09:35:43.467000Z</time>
      </trkpt>
      <trkpt lat="37.83533883829723" lon="112.00708679486351">
        <ele>1161.04</ele>
        <time>2019-03-16T09:35:46.467000Z</time>
      </trkpt>
      <trkpt lat="37.83529341743049" lon="112.00699919144911">
        <ele>1161.27</ele>
        <time>2019-03-16T09:35:49.567000Z</time>
      </trkpt>
      <trkpt lat="37.835241507065255" lon="112.00691222969522">
        <ele>1160.84</ele>
        <time>2019-03-16T09:35:52.567000Z</time>
      </trkpt>
      <trkpt lat="37.83515714632125" lon="112.00686599983507">
        <ele>1161.51</ele>
        <time>2019-03-16T09:35:55.467000Z</time>
      </trkpt>
      <trkpt lat="37.83481277008547" lon="112.00685673237372">
        <ele>1158.13</ele>
        <time>2019-03-16T09:36:07.467000Z</time>
      </trkpt>
      <trkpt lat="37.83473836469484" lon="112.00686926593687">
        <ele>1156.06</ele>
        <time>2019-03-16T09:36:10.567000Z</time>
      </trkpt>
      <trkpt lat="37.83466531829097" lon="112.00687212309327">
        <ele>1157.05</ele>
        <time>2019-03-16T09:36:13.467000Z</time>
      </trkpt>
      <trkpt lat="37.8345764296211" lon="112.0068764554315">
        <ele>1158.44</ele>
        <time>2019-03-16T09:36:16.467000Z</time>
      </trkpt>
      <trkpt lat="37.83424588051032" lon="112.00678010588064">
        <ele>1162.23</ele>
        <time>2019-03-16T09:36:28.467000Z</time>
      </trkpt>
      <trkpt lat="37.833912001622984" lon="112.0066759882552">
        <ele>1160.8</ele>
        <time>2019-03-16T09:36:40.567000Z</time>
      </trkpt>
      <trkpt lat="37.83374071963762" lon="112.0066359719968">
        <ele>1160.48</ele>
        <time>2019-03-16T09:36:46.467000Z</time>
      </trkpt>
      <trkpt lat="37.83358229822938" lon="112.00656498071824">
        <ele>1161.67</ele>
        <time>2019-03-16T09:36:52.467000Z</time>
      </trkpt>
      <trkpt lat="37.83333529219186" lon="112.00648145908497">
        <ele>1164.52</ele>
        <time>2019-03-16T09:37:01.567000Z</time>
      </trkpt>
      <trkpt lat="37.83299552599522" lon="112.0064001697206">
        <ele>1164.12</ele>
        <time>2019-03-16T09:37:13.467000Z</time>
      </trkpt>
      <trkpt lat="37.83264657686403" lon="112.00628750686096">
        <ele>1167.24</ele>
        <time>2019-03-16T09:37:25.467000Z</time>
      </trkpt>
      <trkpt lat="37.83240837736434" lon="112.00616876534706">
        <ele>1164.94</ele>
        <time>2019-03-16T09:37:34.467000Z</time>
      </trkpt>
      <trkpt lat="37.8322398132895" lon="112.00611777105149">
        <ele>1162.97</ele>
        <time>2019-03-16T09:37:40.467000Z</time>
      </trkpt>
      <trkpt lat="37.83189925263679" lon="112.00608708404965">
        <ele>1165.76</ele>
        <time>2019-03-16T09:37:52.467000Z</time>
      </trkpt>
      <trkpt lat="37.83162795043014" lon="112.00607773676197">
        <ele>1166.75</ele>
        <time>2019-03-16T09:38:01.467000Z</time>
      </trkpt>
      <trkpt lat="37.831299785152154" lon="112.00610212189025">
        <ele>1163.88</ele>
        <time>2019-03-16T09:38:13.567000Z</time>
      </trkpt>
      <trkpt lat="37.83102718220577" lon="112.00613709180314">
        <ele>1166.02</ele>
        <time>2019-03-16T09:38:22.467000Z</time>
      </trkpt>
      <trkpt lat="37.83073349905275" lon="112.00616296590421">
        <ele>1171.05</ele>
        <time>2019-03-16T09:38:31.467000Z</time>
      </trkpt>
      <trkpt lat="37.830470271035374" lon="112.00618696841755">
        <ele>1170.76</ele>
        <time>2019-03-16T09:38:40.467000Z</time>
      </trkpt>
      <trkpt lat="37.8301673976137" lon="112.00618386505431">
        <ele>1173.66</ele>
        <time>2019-03-16T09:38:52.467000Z</time>
      </trkpt>
      <trkpt lat="37.8300092788651" lon="112.00619097870059">
        <ele>1175.51</ele>
        <time>2019-03-16T09:38:58.567000Z</time>
      </trkpt>
      <trkpt lat="37.829868851088825" lon="112.00616538837444">
        <ele>1172.7</ele>
        <time>2019-03-16T09:39:04.467000Z</time>
      </trkpt>
      <trkpt lat="37.829543942916324" lon="112.00618279129114">
        <ele>1174.69</ele>
        <time>2019-03-16T09:39:16.467000Z</time>
      </trkpt>
      <trkpt lat="37.82924170599344" lon="112.00617634593708">
        <ele>1180.12</ele>
        <time>2019-03-16T09:39:37.467000Z</time>
      </trkpt>
      <trkpt lat="37.82911935622212" lon="112.00618478760298">
        <ele>1180.62</ele>
        <time>2019-03-16T09:39:46.467000Z</time>
      </trkpt>
      <trkpt lat="37.82898148254998" lon="112.00616978409766">
        <ele>1177.64</ele>
        <time>2019-03-16T09:39:58.467000Z</time>
      </trkpt>
      <trkpt lat="37.82867221742408" lon="112.00622538429747">
        <ele>1182.74</ele>
        <time>2019-03-16T09:40:19.467000Z</time>
      </trkpt>
      <trkpt lat="37.828398007245184" lon="112.00622561688007">
        <ele>1184.72</ele>
        <time>2019-03-16T09:40:40.467000Z</time>
      </trkpt>
      <trkpt lat="37.82811916661314" lon="112.00621375875814">
        <ele>1180.12</ele>
        <time>2019-03-16T09:40:55.567000Z</time>
      </trkpt>
      <trkpt lat="37.82783331260891" lon="112.0062549640718">
        <ele>1180.32</ele>
        <time>2019-03-16T09:41:07.467000Z</time>
      </trkpt>
      <trkpt lat="37.827506237973815" lon="112.00629787126006">
        <ele>1178.66</ele>
        <time>2019-03-16T09:41:19.467000Z</time>
      </trkpt>
      <trkpt lat="37.827160504241746" lon="112.00635103614452">
        <ele>1182.31</ele>
        <time>2019-03-16T09:41:31.467000Z</time>
      </trkpt>
      <trkpt lat="37.82683186295216" lon="112.00638816979718">
        <ele>1189.06</ele>
        <time>2019-03-16T09:41:43.467000Z</time>
      </trkpt>
      <trkpt lat="37.826517069110025" lon="112.00642092525972">
        <ele>1188.84</ele>
        <time>2019-03-16T09:41:55.567000Z</time>
      </trkpt>
      <trkpt lat="37.826228146704416" lon="112.00651326527118">
        <ele>1187.71</ele>
        <time>2019-03-16T09:42:19.467000Z</time>
      </trkpt>
      <trkpt lat="37.8259015167357" lon="112.00651980874467">
        <ele>1189.2</ele>
        <time>2019-03-16T09:42:43.467000Z</time>
      </trkpt>
      <trkpt lat="37.82582018879378" lon="112.00650165860965">
        <ele>1189.79</ele>
        <time>2019-03-16T09:42:49.467000Z</time>
      </trkpt>
      <trkpt lat="37.82573477949766" lon="112.00648769554765">
        <ele>1190.81</ele>
        <time>2019-03-16T09:42:55.467000Z</time>
      </trkpt>
      <trkpt lat="37.82548856833856" lon="112.0065090657415">
        <ele>1189.94</ele>
        <time>2019-03-16T09:43:13.467000Z</time>
      </trkpt>
      <trkpt lat="37.82519777184583" lon="112.0064053880613">
        <ele>1191.26</ele>
        <time>2019-03-16T09:43:25.467000Z</time>
      </trkpt>
      <trkpt lat="37.82489825837808" lon="112.0063570486151">
        <ele>1193.13</ele>
        <time>2019-03-16T09:43:37.467000Z</time>
      </trkpt>
      <trkpt lat="37.82475242841633" lon="112.00632517705245">
        <ele>1191.36</ele>
        <time>2019-03-16T09:43:43.567000Z</time>
      </trkpt>
      <trkpt lat="37.824488248374415" lon="112.00631514119205">
        <ele>1195.81</ele>
        <time>2019-03-16T09:43:52.467000Z</time>
      </trkpt>
      <trkpt lat="37.82440173487369" lon="112.00630112557504">
        <ele>1194.19</ele>
        <time>2019-03-16T09:43:55.467000Z</time>
      </trkpt>
      <trkpt lat="37.82408089816143" lon="112.0061570401319">
        <ele>1192.02</ele>
        <time>2019-03-16T09:44:07.467000Z</time>
      </trkpt>
      <trkpt lat="37.823740036239215" lon="112.00608096459494">
        <ele>1191.03</ele>
        <time>2019-03-16T09:44:19.467000Z</time>
      </trkpt>
      <trkpt lat="37.823433409206125" lon="112.00607501071616">
        <ele>1194.68</ele>
        <time>2019-03-16T09:44:34.467000Z</time>
      </trkpt>
      <trkpt lat="37.8233560682455" lon="112.00609105007808">
        <ele>1191.77</ele>
        <time>2019-03-16T09:44:40.567000Z</time>
      </trkpt>
      <trkpt lat="37.82314490251726" lon="112.00611064379036">
        <ele>1197.07</ele>
        <time>2019-03-16T09:44:55.467000Z</time>
      </trkpt>
      <trkpt lat="37.823430719126094" lon="112.00609730546219">
        <ele>1190.72</ele>
        <time>2019-03-16T09:45:16.567000Z</time>
      </trkpt>
      <trkpt lat="37.823729919863666" lon="112.00611191355829">
        <ele>1191.41</ele>
        <time>2019-03-16T09:45:34.567000Z</time>
      </trkpt>
      <trkpt lat="37.82402476223616" lon="112.00617096442244">
        <ele>1190.56</ele>
        <time>2019-03-16T09:45:58.467000Z</time>
      </trkpt>
      <trkpt lat="37.824376836303394" lon="112.00627378749122">
        <ele>1195.56</ele>
        <time>2019-03-16T09:46:13.467000Z</time>
      </trkpt>
      <trkpt lat="37.82465700871093" lon="112.00633263854469">
        <ele>1195.1</ele>
        <time>2019-03-16T09:46:34.567000Z</time>
      </trkpt>
      <trkpt lat="37.824968771151795" lon="112.00639129931417">
        <ele>1189.75</ele>
        <time>2019-03-16T09:46:58.467000Z</time>
      </trkpt>
      <trkpt lat="37.82527526331885" lon="112.00644243967945">
        <ele>1189.79</ele>
        <time>2019-03-16T09:47:19.467000Z</time>
      </trkpt>
      <trkpt lat="37.825585866248645" lon="112.0065128112502">
        <ele>1187.23</ele>
        <time>2019-03-16T09:47:43.467000Z</time>
      </trkpt>
      <trkpt lat="37.82594078750722" lon="112.00653894960143">
        <ele>1186.4</ele>
        <time>2019-03-16T09:48:01.567000Z</time>
      </trkpt>
      <trkpt lat="37.826256826362" lon="112.00650393440746">
        <ele>1182.6</ele>
        <time>2019-03-16T09:48:13.467000Z</time>
      </trkpt>
      <trkpt lat="37.82642573404304" lon="112.00644222532182">
        <ele>1181.24</ele>
        <time>2019-03-16T09:48:19.567000Z</time>
      </trkpt>
      <trkpt lat="37.82677553602752" lon="112.00640149103833">
        <ele>1183.6</ele>
        <time>2019-03-16T09:48:31.467000Z</time>
      </trkpt>
      <trkpt lat="37.82704550525418" lon="112.00637425012569">
        <ele>1182.45</ele>
        <time>2019-03-16T09:48:40.567000Z</time>
      </trkpt>
      <trkpt lat="37.82732971963947" lon="112.00634320326623">
        <ele>1183.16</ele>
        <time>2019-03-16T09:48:49.467000Z</time>
      </trkpt>
      <trkpt lat="37.82764456317157" lon="112.00630176268787">
        <ele>1179.67</ele>
        <time>2019-03-16T09:49:01.467000Z</time>
      </trkpt>
      <trkpt lat="37.82798923189104" lon="112.00624635909583">
        <ele>1178.33</ele>
        <time>2019-03-16T09:49:13.467000Z</time>
      </trkpt>
      <trkpt lat="37.82832571824246" lon="112.00619688588324">
        <ele>1175.38</ele>
        <time>2019-03-16T09:49:25.467000Z</time>
      </trkpt>
      <trkpt lat="37.82868173052591" lon="112.00617115194306">
        <ele>1174.48</ele>
        <time>2019-03-16T09:49:37.467000Z</time>
      </trkpt>
      <trkpt lat="37.829018329888214" lon="112.00616385289615">
        <ele>1171.12</ele>
        <time>2019-03-16T09:49:49.567000Z</time>
      </trkpt>
      <trkpt lat="37.82938313427328" lon="112.00612698949159">
        <ele>1171.08</ele>
        <time>2019-03-16T09:50:01.567000Z</time>
      </trkpt>
      <trkpt lat="37.82946341814628" lon="112.00611787895336">
        <ele>1170.86</ele>
        <time>2019-03-16T09:50:04.467000Z</time>
      </trkpt>
      <trkpt lat="37.82958661265622" lon="112.00612405723163">
        <ele>1174.42</ele>
        <time>2019-03-16T09:50:13.567000Z</time>
      </trkpt>
      <trkpt lat="37.82990217422523" lon="112.00611604605044">
        <ele>1167.63</ele>
        <time>2019-03-16T09:50:43.467000Z</time>
      </trkpt>
      <trkpt lat="37.83006117386418" lon="112.00610321377656">
        <ele>1166.43</ele>
        <time>2019-03-16T09:50:55.567000Z</time>
      </trkpt>
      <trkpt lat="37.83036839528958" lon="112.0061363329218">
        <ele>1164.35</ele>
        <time>2019-03-16T09:51:16.467000Z</time>
      </trkpt>
      <trkpt lat="37.83064219598081" lon="112.0061500111935">
        <ele>1161.7</ele>
        <time>2019-03-16T09:51:37.467000Z</time>
      </trkpt>
      <trkpt lat="37.83096715496779" lon="112.00611638608775">
        <ele>1159.35</ele>
        <time>2019-03-16T09:51:55.467000Z</time>
      </trkpt>
      <trkpt lat="37.83124624588681" lon="112.00611763329434">
        <ele>1161.71</ele>
        <time>2019-03-16T09:52:07.467000Z</time>
      </trkpt>
      <trkpt lat="37.8315877021998" lon="112.00611013588625">
        <ele>1165.89</ele>
        <time>2019-03-16T09:52:19.567000Z</time>
      </trkpt>
      <trkpt lat="37.83190029859894" lon="112.00610784048158">
        <ele>1164.77</ele>
        <time>2019-03-16T09:52:31.467000Z</time>
      </trkpt>
      <trkpt lat="37.83222162823492" lon="112.00609238049475">
        <ele>1170.97</ele>
        <time>2019-03-16T09:52:43.467000Z</time>
      </trkpt>
      <trkpt lat="37.83247212999408" lon="112.00614232929102">
        <ele>1161.65</ele>
        <time>2019-03-16T09:52:52.467000Z</time>
      </trkpt>
      <trkpt lat="37.832710307766575" lon="112.00625338955865">
        <ele>1162.78</ele>
        <time>2019-03-16T09:53:01.467000Z</time>
      </trkpt>
      <trkpt lat="37.833022799226825" lon="112.006397170032">
        <ele>1164.56</ele>
        <time>2019-03-16T09:53:13.467000Z</time>
      </trkpt>
      <trkpt lat="37.833304862955764" lon="112.00648234742629">
        <ele>1164.85</ele>
        <time>2019-03-16T09:53:22.467000Z</time>
      </trkpt>
      <trkpt lat="37.833585818330846" lon="112.00656680308516">
        <ele>1164.36</ele>
        <time>2019-03-16T09:53:31.567000Z</time>
      </trkpt>
      <trkpt lat="37.833899407383136" lon="112.00667194375481">
        <ele>1161.47</ele>
        <time>2019-03-16T09:53:43.467000Z</time>
      </trkpt>
      <trkpt lat="37.83422652659532" lon="112.006780725635">
        <ele>1161.33</ele>
        <time>2019-03-16T09:53:55.467000Z</time>
      </trkpt>
      <trkpt lat="37.83456472580753" lon="112.00691405629865">
        <ele>1157.15</ele>
        <time>2019-03-16T09:54:07.567000Z</time>
      </trkpt>
      <trkpt lat="37.83471466781831" lon="112.00695175533441">
        <ele>1154.05</ele>
        <time>2019-03-16T09:54:13.467000Z</time>
      </trkpt>
      <trkpt lat="37.835014952447324" lon="112.00687057153439">
        <ele>1150.01</ele>
        <time>2019-03-16T09:54:25.467000Z</time>
      </trkpt>
      <trkpt lat="37.83509502293884" lon="112.0068567517055">
        <ele>1149.13</ele>
        <time>2019-03-16T09:54:28.567000Z</time>
      </trkpt>
      <trkpt lat="37.83516873894014" lon="112.0068613136926">
        <ele>1148.61</ele>
        <time>2019-03-16T09:54:31.467000Z</time>
      </trkpt>
      <trkpt lat="37.835242924746716" lon="112.00689972871649">
        <ele>1150.43</ele>
        <time>2019-03-16T09:54:34.467000Z</time>
      </trkpt>
      <trkpt lat="37.83539717483249" lon="112.00719767652467">
        <ele>1154.74</ele>
        <time>2019-03-16T09:54:43.567000Z</time>
      </trkpt>
      <trkpt lat="37.8354548619178" lon="112.00728823400482">
        <ele>1154.86</ele>
        <time>2019-03-16T09:54:46.467000Z</time>
      </trkpt>
      <trkpt lat="37.835526878840554" lon="112.00733808397274">
        <ele>1153.68</ele>
        <time>2019-03-16T09:54:49.467000Z</time>
      </trkpt>
      <trkpt lat="37.835852292139464" lon="112.00740590535071">
        <ele>1154.81</ele>
        <time>2019-03-16T09:55:01.467000Z</time>
      </trkpt>
      <trkpt lat="37.83594752457874" lon="112.00740788420303">
        <ele>1155.65</ele>
        <time>2019-03-16T09:55:04.567000Z</time>
      </trkpt>
      <trkpt lat="37.836029417647694" lon="112.00742334451404">
        <ele>1154.25</ele>
        <time>2019-03-16T09:55:07.467000Z</time>
      </trkpt>
      <trkpt lat="37.83630399937886" lon="112.00749732906534">
        <ele>1152.92</ele>
        <time>2019-03-16T09:55:16.467000Z</time>
      </trkpt>
      <trkpt lat="37.83662507794569" lon="112.00758643815955">
        <ele>1156.73</ele>
        <time>2019-03-16T09:55:28.467000Z</time>
      </trkpt>
      <trkpt lat="37.83688788958627" lon="112.00766592499231">
        <ele>1152.09</ele>
        <time>2019-03-16T09:55:37.467000Z</time>
      </trkpt>
      <trkpt lat="37.83720101585913" lon="112.00778986369058">
        <ele>1151.04</ele>
        <time>2019-03-16T09:55:49.467000Z</time>
      </trkpt>
      <trkpt lat="37.837461684649824" lon="112.00788633345032">
        <ele>1150.82</ele>
        <time>2019-03-16T09:55:58.467000Z</time>
      </trkpt>
      <trkpt lat="37.83773710225141" lon="112.00797785732227">
        <ele>1148.16</ele>
        <time>2019-03-16T09:56:07.567000Z</time>
      </trkpt>
      <trkpt lat="37.838083092442" lon="112.008099623718">
        <ele>1148.99</ele>
        <time>2019-03-16T09:56:25.467000Z</time>
      </trkpt>
      <trkpt lat="37.83816583134869" lon="112.00811891309488">
        <ele>1149.72</ele>
        <time>2019-03-16T09:56:31.467000Z</time>
      </trkpt>
      <trkpt lat="37.83837090088703" lon="112.00820655937326">
        <ele>1144.01</ele>
        <time>2019-03-16T09:56:49.467000Z</time>
      </trkpt>
      <trkpt lat="37.838672616919936" lon="112.00816576334816">
        <ele>1141.33</ele>
        <time>2019-03-16T09:57:10.567000Z</time>
      </trkpt>
      <trkpt lat="37.838993354859745" lon="112.00811791674069">
        <ele>1138.72</ele>
        <time>2019-03-16T09:57:34.467000Z</time>
      </trkpt>
      <trkpt lat="37.83930914248204" lon="112.00806316968108">
        <ele>1140.6</ele>
        <time>2019-03-16T09:57:55.467000Z</time>
      </trkpt>
      <trkpt lat="37.839585221606775" lon="112.00804056540025">
        <ele>1138.49</ele>
        <time>2019-03-16T09:58:16.467000Z</time>
      </trkpt>
      <trkpt lat="37.83972846026953" lon="112.00801005178732">
        <ele>1136.1</ele>
        <time>2019-03-16T09:58:28.467000Z</time>
      </trkpt>
      <trkpt lat="37.840013379390605" lon="112.00798709740506">
        <ele>1134.37</ele>
        <time>2019-03-16T09:58:52.467000Z</time>
      </trkpt>
      <trkpt lat="37.84013559491607" lon="112.00796646992782">
        <ele>1136.19</ele>
        <time>2019-03-16T09:58:58.467000Z</time>
      </trkpt>
      <trkpt lat="37.840447493844465" lon="112.00800699910863">
        <ele>1137.33</ele>
        <time>2019-03-16T09:59:10.467000Z</time>
      </trkpt>
      <trkpt lat="37.840712163290306" lon="112.00804835252471">
        <ele>1139.06</ele>
        <time>2019-03-16T09:59:19.467000Z</time>
      </trkpt>
      <trkpt lat="37.84106608811892" lon="112.00811776935592">
        <ele>1141.19</ele>
        <time>2019-03-16T09:59:31.467000Z</time>
      </trkpt>
      <trkpt lat="37.841384499262425" lon="112.00813827656573">
        <ele>1137.25</ele>
        <time>2019-03-16T09:59:43.467000Z</time>
      </trkpt>
      <trkpt lat="37.84170509371627" lon="112.00804418764281">
        <ele>1133.55</ele>
        <time>2019-03-16T09:59:55.467000Z</time>
      </trkpt>
      <trkpt lat="37.84194419603197" lon="112.00788945168853">
        <ele>1133.04</ele>
        <time>2019-03-16T10:00:04.467000Z</time>
      </trkpt>
      <trkpt lat="37.84219315242654" lon="112.00768013032088">
        <ele>1135.99</ele>
        <time>2019-03-16T10:00:13.567000Z</time>
      </trkpt>
      <trkpt lat="37.8424319790622" lon="112.00750443181663">
        <ele>1136.98</ele>
        <time>2019-03-16T10:00:22.567000Z</time>
      </trkpt>
      <trkpt lat="37.842660727288724" lon="112.00731459106872">
        <ele>1135.64</ele>
        <time>2019-03-16T10:00:31.567000Z</time>
      </trkpt>
      <trkpt lat="37.842780223814856" lon="112.00720582745652">
        <ele>1134.38</ele>
        <time>2019-03-16T10:00:37.567000Z</time>
      </trkpt>
      <trkpt lat="37.843059540573314" lon="112.00700358103684">
        <ele>1132.65</ele>
        <time>2019-03-16T10:00:49.567000Z</time>
      </trkpt>
      <trkpt lat="37.843295241873825" lon="112.00681898517205">
        <ele>1132.4</ele>
        <time>2019-03-16T10:00:58.467000Z</time>
      </trkpt>
      <trkpt lat="37.84356893883906" lon="112.00659881241921">
        <ele>1128.14</ele>
        <time>2019-03-16T10:01:10.467000Z</time>
      </trkpt>
      <trkpt lat="37.84388153801112" lon="112.0063695048746">
        <ele>1130.43</ele>
        <time>2019-03-16T10:01:22.467000Z</time>
      </trkpt>
      <trkpt lat="37.844151077552596" lon="112.0062460293305">
        <ele>1129.22</ele>
        <time>2019-03-16T10:01:31.467000Z</time>
      </trkpt>
      <trkpt lat="37.84448595499192" lon="112.00611532586402">
        <ele>1130.69</ele>
        <time>2019-03-16T10:01:43.567000Z</time>
      </trkpt>
      <trkpt lat="37.8447462984016" lon="112.00613379219578">
        <ele>1132.68</ele>
        <time>2019-03-16T10:01:52.467000Z</time>
      </trkpt>
      <trkpt lat="37.845028539343716" lon="112.00621485699097">
        <ele>1135.18</ele>
        <time>2019-03-16T10:02:01.567000Z</time>
      </trkpt>
      <trkpt lat="37.84512880305198" lon="112.00624413627673">
        <ele>1135.28</ele>
        <time>2019-03-16T10:02:04.567000Z</time>
      </trkpt>
      <trkpt lat="37.8454326578681" lon="112.00629826607884">
        <ele>1133.19</ele>
        <time>2019-03-16T10:02:13.467000Z</time>
      </trkpt>
      <trkpt lat="37.84575450115689" lon="112.00641721725495">
        <ele>1132.96</ele>
        <time>2019-03-16T10:02:25.467000Z</time>
      </trkpt>
      <trkpt lat="37.84601236452328" lon="112.00652315940509">
        <ele>1135.08</ele>
        <time>2019-03-16T10:02:34.467000Z</time>
      </trkpt>
      <trkpt lat="37.846096216827675" lon="112.00655676371791">
        <ele>1134.84</ele>
        <time>2019-03-16T10:02:37.467000Z</time>
      </trkpt>
      <trkpt lat="37.84640745899419" lon="112.0065713028938">
        <ele>1128.79</ele>
        <time>2019-03-16T10:02:46.567000Z</time>
      </trkpt>
      <trkpt lat="37.84668469897468" lon="112.00661257089455">
        <ele>1129.39</ele>
        <time>2019-03-16T10:02:55.567000Z</time>
      </trkpt>
      <trkpt lat="37.84704606216443" lon="112.00664749734572">
        <ele>1128.21</ele>
        <time>2019-03-16T10:03:07.567000Z</time>
      </trkpt>
      <trkpt lat="37.84741326201871" lon="112.0067159212424">
        <ele>1126.06</ele>
        <time>2019-03-16T10:03:19.567000Z</time>
      </trkpt>
      <trkpt lat="37.84750760958475" lon="112.00673550034143">
        <ele>1126.18</ele>
        <time>2019-03-16T10:03:22.567000Z</time>
      </trkpt>
      <trkpt lat="37.847836435421414" lon="112.00677650532795">
        <ele>1126.7</ele>
        <time>2019-03-16T10:03:31.567000Z</time>
      </trkpt>
      <trkpt lat="37.84805974617894" lon="112.0068005963777">
        <ele>1126.99</ele>
        <time>2019-03-16T10:03:37.567000Z</time>
      </trkpt>
      <trkpt lat="37.84816237666326" lon="112.00683102203101">
        <ele>1127.74</ele>
        <time>2019-03-16T10:03:40.467000Z</time>
      </trkpt>
      <trkpt lat="37.84834862520749" lon="112.0069442747027">
        <ele>1126.62</ele>
        <time>2019-03-16T10:03:46.467000Z</time>
      </trkpt>
      <trkpt lat="37.848558541007336" lon="112.00721015318545">
        <ele>1125.31</ele>
        <time>2019-03-16T10:03:55.567000Z</time>
      </trkpt>
      <trkpt lat="37.84861598672255" lon="112.00731431762786">
        <ele>1124.69</ele>
        <time>2019-03-16T10:03:58.467000Z</time>
      </trkpt>
      <trkpt lat="37.848676516203625" lon="112.00742255010256">
        <ele>1124.87</ele>
        <time>2019-03-16T10:04:01.467000Z</time>
      </trkpt>
      <trkpt lat="37.848737599245695" lon="112.00752289780544">
        <ele>1123.85</ele>
        <time>2019-03-16T10:04:04.467000Z</time>
      </trkpt>
      <trkpt lat="37.84890382682945" lon="112.00781562877003">
        <ele>1124.07</ele>
        <time>2019-03-16T10:04:13.467000Z</time>
      </trkpt>
      <trkpt lat="37.84910424976221" lon="112.00810667514007">
        <ele>1124.23</ele>
        <time>2019-03-16T10:04:22.467000Z</time>
      </trkpt>
      <trkpt lat="37.84923491536976" lon="112.00830310400816">
        <ele>1123.48</ele>
        <time>2019-03-16T10:04:28.467000Z</time>
      </trkpt>
      <trkpt lat="37.84940738605962" lon="112.00860655307422">
        <ele>1123.05</ele>
        <time>2019-03-16T10:04:37.467000Z</time>
      </trkpt>
      <trkpt lat="37.84960595166291" lon="112.00891012234774">
        <ele>1124.04</ele>
        <time>2019-03-16T10:04:46.467000Z</time>
      </trkpt>
      <trkpt lat="37.849791653202686" lon="112.00921392105808">
        <ele>1121.01</ele>
        <time>2019-03-16T10:05:01.467000Z</time>
      </trkpt>
      <trkpt lat="37.84990185508901" lon="112.00952783608959">
        <ele>1117.37</ele>
        <time>2019-03-16T10:05:25.467000Z</time>
      </trkpt>
      <trkpt lat="37.849887735473445" lon="112.00989014727597">
        <ele>1120.53</ele>
        <time>2019-03-16T10:05:46.467000Z</time>
      </trkpt>
      <trkpt lat="37.84987946298352" lon="112.010191663879">
        <ele>1118.85</ele>
        <time>2019-03-16T10:06:01.467000Z</time>
      </trkpt>
      <trkpt lat="37.8498710892344" lon="112.0106285734928">
        <ele>1116.43</ele>
        <time>2019-03-16T10:06:31.467000Z</time>
      </trkpt>
      <trkpt lat="37.84983499156209" lon="112.0109876372976">
        <ele>1119.42</ele>
        <time>2019-03-16T10:06:46.467000Z</time>
      </trkpt>
      <trkpt lat="37.84982318768467" lon="112.01139385632398">
        <ele>1114.46</ele>
        <time>2019-03-16T10:07:07.567000Z</time>
      </trkpt>
      <trkpt lat="37.84979634213688" lon="112.01176227284033">
        <ele>1114.09</ele>
        <time>2019-03-16T10:07:25.467000Z</time>
      </trkpt>
      <trkpt lat="37.849752813214074" lon="112.01208023403332">
        <ele>1110.66</ele>
        <time>2019-03-16T10:07:34.467000Z</time>
      </trkpt>
      <trkpt lat="37.849735810807246" lon="112.01245342999093">
        <ele>1112.37</ele>
        <time>2019-03-16T10:07:43.567000Z</time>
      </trkpt>
      <trkpt lat="37.84971993032716" lon="112.0128843716578">
        <ele>1111.19</ele>
        <time>2019-03-16T10:07:55.467000Z</time>
      </trkpt>
      <trkpt lat="37.84969518581641" lon="112.01330891785588">
        <ele>1109.85</ele>
        <time>2019-03-16T10:08:07.467000Z</time>
      </trkpt>
      <trkpt lat="37.84966846705497" lon="112.01365792486">
        <ele>1109.37</ele>
        <time>2019-03-16T10:08:16.567000Z</time>
      </trkpt>
      <trkpt lat="37.84963667986586" lon="112.01404369936296">
        <ele>1111.15</ele>
        <time>2019-03-16T10:08:37.467000Z</time>
      </trkpt>
      <trkpt lat="37.84960978966098" lon="112.0142058378033">
        <ele>1111.6</ele>
        <time>2019-03-16T10:08:46.467000Z</time>
      </trkpt>
      <trkpt lat="37.84959796970597" lon="112.01440233186162">
        <ele>1109.92</ele>
        <time>2019-03-16T10:08:58.567000Z</time>
      </trkpt>
      <trkpt lat="37.84957478698947" lon="112.01474445224719">
        <ele>1109.68</ele>
        <time>2019-03-16T10:09:16.467000Z</time>
      </trkpt>
      <trkpt lat="37.849526128824294" lon="112.01512176838509">
        <ele>1107.29</ele>
        <time>2019-03-16T10:09:37.567000Z</time>
      </trkpt>
      <trkpt lat="37.84949465529457" lon="112.01531358226913">
        <ele>1109.28</ele>
        <time>2019-03-16T10:09:46.467000Z</time>
      </trkpt>
      <trkpt lat="37.84950014709281" lon="112.01544936906299">
        <ele>1108.83</ele>
        <time>2019-03-16T10:09:52.467000Z</time>
      </trkpt>
      <trkpt lat="37.84944957697137" lon="112.01578883219416">
        <ele>1109.56</ele>
        <time>2019-03-16T10:10:01.467000Z</time>
      </trkpt>
      <trkpt lat="37.84939057739457" lon="112.01617210951723">
        <ele>1107.03</ele>
        <time>2019-03-16T10:10:13.467000Z</time>
      </trkpt>
      <trkpt lat="37.849348675980664" lon="112.016509334351">
        <ele>1107.11</ele>
        <time>2019-03-16T10:10:22.467000Z</time>
      </trkpt>
      <trkpt lat="37.84929422162193" lon="112.01692691226383">
        <ele>1105.95</ele>
        <time>2019-03-16T10:10:34.467000Z</time>
      </trkpt>
      <trkpt lat="37.84927279515273" lon="112.0172763698223">
        <ele>1110.26</ele>
        <time>2019-03-16T10:10:52.467000Z</time>
      </trkpt>
      <trkpt lat="37.849218143160115" lon="112.01766482392836">
        <ele>1110.79</ele>
        <time>2019-03-16T10:11:13.567000Z</time>
      </trkpt>
      <trkpt lat="37.84917289256644" lon="112.01805917977957">
        <ele>1107.73</ele>
        <time>2019-03-16T10:11:37.567000Z</time>
      </trkpt>
      <trkpt lat="37.84914999516982" lon="112.01847642975335">
        <ele>1110.66</ele>
        <time>2019-03-16T10:11:58.567000Z</time>
      </trkpt>
      <trkpt lat="37.84915196756823" lon="112.01888288904766">
        <ele>1110.14</ele>
        <time>2019-03-16T10:12:19.467000Z</time>
      </trkpt>
      <trkpt lat="37.8491279286789" lon="112.01926948669522">
        <ele>1108.24</ele>
        <time>2019-03-16T10:12:31.467000Z</time>
      </trkpt>
      <trkpt lat="37.849117988767695" lon="112.01963457315391">
        <ele>1105.3</ele>
        <time>2019-03-16T10:12:43.567000Z</time>
      </trkpt>
      <trkpt lat="37.84911968322948" lon="112.02004128652821">
        <ele>1107.64</ele>
        <time>2019-03-16T10:12:55.567000Z</time>
      </trkpt>
      <trkpt lat="37.84914506957672" lon="112.0203420871072">
        <ele>1108.28</ele>
        <time>2019-03-16T10:13:04.467000Z</time>
      </trkpt>
      <trkpt lat="37.849120560534224" lon="112.02077588187579">
        <ele>1106.19</ele>
        <time>2019-03-16T10:13:16.467000Z</time>
      </trkpt>
      <trkpt lat="37.849102074906476" lon="112.02116744259312">
        <ele>1105.38</ele>
        <time>2019-03-16T10:13:25.467000Z</time>
      </trkpt>
      <trkpt lat="37.84907618186368" lon="112.02152151732572">
        <ele>1106.63</ele>
        <time>2019-03-16T10:13:34.467000Z</time>
      </trkpt>
      <trkpt lat="37.84908395706089" lon="112.02187170796628">
        <ele>1105.69</ele>
        <time>2019-03-16T10:13:43.467000Z</time>
      </trkpt>
      <trkpt lat="37.84908342397924" lon="112.02221521890199">
        <ele>1105.88</ele>
        <time>2019-03-16T10:13:52.467000Z</time>
      </trkpt>
      <trkpt lat="37.84909015881193" lon="112.0225784529586">
        <ele>1105.31</ele>
        <time>2019-03-16T10:14:01.467000Z</time>
      </trkpt>
      <trkpt lat="37.849096842400456" lon="112.02289729313533">
        <ele>1103.83</ele>
        <time>2019-03-16T10:14:22.567000Z</time>
      </trkpt>
      <trkpt lat="37.84904368231636" lon="112.02321205848499">
        <ele>1097.63</ele>
        <time>2019-03-16T10:14:37.467000Z</time>
      </trkpt>
      <trkpt lat="37.849035569200524" lon="112.02332505727071">
        <ele>1097.14</ele>
        <time>2019-03-16T10:14:43.567000Z</time>
      </trkpt>
      <trkpt lat="37.84902137153678" lon="112.02339570231527">
        <ele>1095.91</ele>
        <time>2019-03-16T10:14:46.567000Z</time>
      </trkpt>
      <trkpt lat="37.849009555998755" lon="112.02371705241386">
        <ele>1097.0</ele>
        <time>2019-03-16T10:15:04.467000Z</time>
      </trkpt>
      <trkpt lat="37.848998871853546" lon="112.02382017751717">
        <ele>1094.19</ele>
        <time>2019-03-16T10:15:10.467000Z</time>
      </trkpt>
      <trkpt lat="37.8490229453644" lon="112.02414866846424">
        <ele>1095.97</ele>
        <time>2019-03-16T10:15:28.467000Z</time>
      </trkpt>
      <trkpt lat="37.849022803615235" lon="112.02459359684944">
        <ele>1100.35</ele>
        <time>2019-03-16T10:15:55.467000Z</time>
      </trkpt>
      <trkpt lat="37.84902140885854" lon="112.02485392497427">
        <ele>1099.85</ele>
        <time>2019-03-16T10:16:16.567000Z</time>
      </trkpt>
      <trkpt lat="37.84900760048133" lon="112.02501261954187">
        <ele>1104.61</ele>
        <time>2019-03-16T10:16:22.567000Z</time>
      </trkpt>
      <trkpt lat="37.8490076778627" lon="112.02521215801617">
        <ele>1103.6</ele>
        <time>2019-03-16T10:16:31.567000Z</time>
      </trkpt>
      <trkpt lat="37.84902165166848" lon="112.02531088524971">
        <ele>1103.39</ele>
        <time>2019-03-16T10:16:37.467000Z</time>
      </trkpt>
      <trkpt lat="37.84902971763641" lon="112.02541763873057">
        <ele>1102.55</ele>
        <time>2019-03-16T10:16:43.467000Z</time>
      </trkpt>
      <trkpt lat="37.849028415362945" lon="112.02559751132829">
        <ele>1102.88</ele>
        <time>2019-03-16T10:16:52.467000Z</time>
      </trkpt>
      <trkpt lat="37.84901264657026" lon="112.02569997047087">
        <ele>1102.88</ele>
        <time>2019-03-16T10:17:01.467000Z</time>
      </trkpt>
      <trkpt lat="37.8489986201067" lon="112.02586247529628">
        <ele>1100.84</ele>
        <time>2019-03-16T10:17:13.567000Z</time>
      </trkpt>
      <trkpt lat="37.8489713231133" lon="112.02606808831918">
        <ele>1098.13</ele>
        <time>2019-03-16T10:17:22.467000Z</time>
      </trkpt>
      <trkpt lat="37.84891960365228" lon="112.02619901956166">
        <ele>1100.33</ele>
        <time>2019-03-16T10:17:28.467000Z</time>
      </trkpt>
      <trkpt lat="37.848903315055225" lon="112.02627498268593">
        <ele>1100.69</ele>
        <time>2019-03-16T10:17:31.567000Z</time>
      </trkpt>
      <trkpt lat="37.84890203949868" lon="112.02633862357517">
        <ele>1100.68</ele>
        <time>2019-03-16T10:17:34.467000Z</time>
      </trkpt>
      <trkpt lat="37.84888122248222" lon="112.02643996538545">
        <ele>1099.62</ele>
        <time>2019-03-16T10:17:40.467000Z</time>
      </trkpt>
      <trkpt lat="37.8489077028477" lon="112.02659549444412">
        <ele>1099.53</ele>
        <time>2019-03-16T10:17:49.467000Z</time>
      </trkpt>
      <trkpt lat="37.848921887566846" lon="112.02665762556559">
        <ele>1100.07</ele>
        <time>2019-03-16T10:17:52.467000Z</time>
      </trkpt>
      <trkpt lat="37.848945656168674" lon="112.02685830170434">
        <ele>1097.04</ele>
        <time>2019-03-16T10:18:04.467000Z</time>
      </trkpt>
      <trkpt lat="37.84888757008335" lon="112.02718948678117">
        <ele>1096.92</ele>
        <time>2019-03-16T10:18:22.467000Z</time>
      </trkpt>
      <trkpt lat="37.848877215820444" lon="112.02735615540956">
        <ele>1100.1</ele>
        <time>2019-03-16T10:18:31.567000Z</time>
      </trkpt>
      <trkpt lat="37.84887103293636" lon="112.02741389211573">
        <ele>1099.51</ele>
        <time>2019-03-16T10:18:34.467000Z</time>
      </trkpt>
      <trkpt lat="37.848876606564104" lon="112.02748037578795">
        <ele>1099.56</ele>
        <time>2019-03-16T10:18:37.467000Z</time>
      </trkpt>
      <trkpt lat="37.848903073821546" lon="112.02756454960122">
        <ele>1093.37</ele>
        <time>2019-03-16T10:18:43.467000Z</time>
      </trkpt>
      <trkpt lat="37.848888676463254" lon="112.02764401038483">
        <ele>1093.53</ele>
        <time>2019-03-16T10:18:49.567000Z</time>
      </trkpt>
      <trkpt lat="37.84885077605252" lon="112.02769989007388">
        <ele>1100.45</ele>
        <time>2019-03-16T10:19:43.467000Z</time>
      </trkpt>
      <trkpt lat="37.848855309817964" lon="112.02772493512367">
        <ele>1096.98</ele>
        <time>2019-03-16T10:20:22.467000Z</time>
      </trkpt>
    </trkseg>
  </trk>
</gpx>