<?xml version="1.0" encoding="UTF-8"?>
<gpx xmlns="http://www.topografix.com/GPX/1/1" xmlns:gpxtpx="http://www.garmin.com/xmlschemas/TrackPointExtension/v1" xmlns:xsi="http://www.w3.org/2001/XMLSchema-instance" xsi:schemaLocation="http://www.topografix.com/GPX/1/1 http://www.topografix.com/GPX/1/1/gpx.xsd" version="1.1" creator="gpx.py -- https://github.com/tkrajina/gpxpy">
  <trk>
    <name>gpx from keep</name>
    <type>Run</type>
    <trkseg>
      <trkpt lat="37.84916408020959" lon="112.02395686654708">
        <ele>1136.0</ele>
        <time>2018-11-25T08:14:57.455000Z</time>
      </trkpt>
      <trkpt lat="37.84910399725269" lon="112.02379976156315">
        <ele>1111.0</ele>
        <time>2018-11-25T08:15:00.555000Z</time>
      </trkpt>
      <trkpt lat="37.84908139893367" lon="112.0238000531503">
        <ele>1114.0</ele>
        <time>2018-11-25T08:15:03.455000Z</time>
      </trkpt>
      <trkpt lat="37.84905300331004" lon="112.02364488802712">
        <ele>1107.0</ele>
        <time>2018-11-25T08:15:12.555000Z</time>
      </trkpt>
      <trkpt lat="37.849076494288745" lon="112.02358064290658">
        <ele>1108.0</ele>
        <time>2018-11-25T08:15:15.555000Z</time>
      </trkpt>
      <trkpt lat="37.849074177748186" lon="112.02341919337759">
        <ele>1108.0</ele>
        <time>2018-11-25T08:15:24.555000Z</time>
      </trkpt>
      <trkpt lat="37.84904288426123" lon="112.02321756797993">
        <ele>1105.0</ele>
        <time>2018-11-25T08:15:36.655000Z</time>
      </trkpt>
      <trkpt lat="37.84904468956939" lon="112.0229498615481">
        <ele>1104.0</ele>
        <time>2018-11-25T08:15:54.555000Z</time>
      </trkpt>
      <trkpt lat="37.84903340913446" lon="112.02285326103355">
        <ele>1103.0</ele>
        <time>2018-11-25T08:16:00.555000Z</time>
      </trkpt>
      <trkpt lat="37.84904439006765" lon="112.02279408558563">
        <ele>1104.0</ele>
        <time>2018-11-25T08:16:03.555000Z</time>
      </trkpt>
      <trkpt lat="37.849035200317175" lon="112.0227038515748">
        <ele>1101.0</ele>
        <time>2018-11-25T08:16:09.555000Z</time>
      </trkpt>
      <trkpt lat="37.849068319336496" lon="112.02253326744322">
        <ele>1102.0</ele>
        <time>2018-11-25T08:16:18.655000Z</time>
      </trkpt>
      <trkpt lat="37.849076365117206" lon="112.02243733722864">
        <ele>1094.0</ele>
        <time>2018-11-25T08:16:24.555000Z</time>
      </trkpt>
      <trkpt lat="37.84908167902286" lon="112.0223319614768">
        <ele>1093.0</ele>
        <time>2018-11-25T08:16:30.555000Z</time>
      </trkpt>
      <trkpt lat="37.84906918004189" lon="112.02226533882991">
        <ele>1091.0</ele>
        <time>2018-11-25T08:16:33.555000Z</time>
      </trkpt>
      <trkpt lat="37.84905310065999" lon="112.02205912358262">
        <ele>1091.0</ele>
        <time>2018-11-25T08:16:42.555000Z</time>
      </trkpt>
      <trkpt lat="37.8490334201945" lon="112.02173042346917">
        <ele>1086.0</ele>
        <time>2018-11-25T08:16:51.555000Z</time>
      </trkpt>
      <trkpt lat="37.849005717549446" lon="112.02133310085557">
        <ele>1086.0</ele>
        <time>2018-11-25T08:17:03.555000Z</time>
      </trkpt>
      <trkpt lat="37.84898307343539" lon="112.02111650980804">
        <ele>1083.0</ele>
        <time>2018-11-25T08:17:09.655000Z</time>
      </trkpt>
      <trkpt lat="37.848996356262326" lon="112.02077245843397">
        <ele>1083.0</ele>
        <time>2018-11-25T08:17:18.555000Z</time>
      </trkpt>
      <trkpt lat="37.84899707089913" lon="112.02036069023208">
        <ele>1085.0</ele>
        <time>2018-11-25T08:17:30.555000Z</time>
      </trkpt>
      <trkpt lat="37.84901679192271" lon="112.02024991155668">
        <ele>1088.0</ele>
        <time>2018-11-25T08:17:33.555000Z</time>
      </trkpt>
      <trkpt lat="37.84902985968042" lon="112.02012978857827">
        <ele>1088.0</ele>
        <time>2018-11-25T08:17:36.555000Z</time>
      </trkpt>
      <trkpt lat="37.84904565545818" lon="112.01966275992999">
        <ele>1092.0</ele>
        <time>2018-11-25T08:17:48.555000Z</time>
      </trkpt>
      <trkpt lat="37.84906336147094" lon="112.01933656142451">
        <ele>1102.0</ele>
        <time>2018-11-25T08:17:57.555000Z</time>
      </trkpt>
      <trkpt lat="37.849109308525215" lon="112.019073253574">
        <ele>1099.0</ele>
        <time>2018-11-25T08:18:06.555000Z</time>
      </trkpt>
      <trkpt lat="37.84910907726022" lon="112.01880437170821">
        <ele>1096.0</ele>
        <time>2018-11-25T08:18:21.555000Z</time>
      </trkpt>
      <trkpt lat="37.849102326787666" lon="112.01874373791377">
        <ele>1096.0</ele>
        <time>2018-11-25T08:18:24.555000Z</time>
      </trkpt>
      <trkpt lat="37.849087140449804" lon="112.01857255959325">
        <ele>1096.0</ele>
        <time>2018-11-25T08:18:30.555000Z</time>
      </trkpt>
      <trkpt lat="37.849090281913824" lon="112.01848052048669">
        <ele>1096.0</ele>
        <time>2018-11-25T08:18:33.555000Z</time>
      </trkpt>
      <trkpt lat="37.84912550359809" lon="112.01822317697217">
        <ele>1096.0</ele>
        <time>2018-11-25T08:18:39.555000Z</time>
      </trkpt>
      <trkpt lat="37.84912385166114" lon="112.01798077003714">
        <ele>1102.0</ele>
        <time>2018-11-25T08:18:45.555000Z</time>
      </trkpt>
      <trkpt lat="37.84917839209057" lon="112.01780603273573">
        <ele>1101.0</ele>
        <time>2018-11-25T08:18:51.555000Z</time>
      </trkpt>
      <trkpt lat="37.8492071556048" lon="112.01769709487876">
        <ele>1101.0</ele>
        <time>2018-11-25T08:18:54.555000Z</time>
      </trkpt>
      <trkpt lat="37.849231352530175" lon="112.01757608641952">
        <ele>1103.0</ele>
        <time>2018-11-25T08:18:57.555000Z</time>
      </trkpt>
      <trkpt lat="37.849241344199775" lon="112.0174684609452">
        <ele>1104.0</ele>
        <time>2018-11-25T08:19:00.555000Z</time>
      </trkpt>
      <trkpt lat="37.84929119989626" lon="112.01702021804338">
        <ele>1102.0</ele>
        <time>2018-11-25T08:19:15.555000Z</time>
      </trkpt>
      <trkpt lat="37.84932520200577" lon="112.01691271473693">
        <ele>1103.0</ele>
        <time>2018-11-25T08:19:18.555000Z</time>
      </trkpt>
      <trkpt lat="37.84935568709762" lon="112.01669769731794">
        <ele>1098.0</ele>
        <time>2018-11-25T08:19:24.555000Z</time>
      </trkpt>
      <trkpt lat="37.84938818827013" lon="112.01639800486883">
        <ele>1099.0</ele>
        <time>2018-11-25T08:19:33.555000Z</time>
      </trkpt>
      <trkpt lat="37.84944502458052" lon="112.01601116109961">
        <ele>1096.0</ele>
        <time>2018-11-25T08:19:45.555000Z</time>
      </trkpt>
      <trkpt lat="37.849440553444005" lon="112.01579531268808">
        <ele>1101.0</ele>
        <time>2018-11-25T08:19:51.555000Z</time>
      </trkpt>
      <trkpt lat="37.84944722753227" lon="112.01568214891373">
        <ele>1100.0</ele>
        <time>2018-11-25T08:19:54.555000Z</time>
      </trkpt>
      <trkpt lat="37.8494956566568" lon="112.01526782334516">
        <ele>1101.0</ele>
        <time>2018-11-25T08:20:06.555000Z</time>
      </trkpt>
      <trkpt lat="37.84950147485361" lon="112.01484849918563">
        <ele>1100.0</ele>
        <time>2018-11-25T08:20:18.555000Z</time>
      </trkpt>
      <trkpt lat="37.84950801521303" lon="112.01473888357515">
        <ele>1101.0</ele>
        <time>2018-11-25T08:20:21.555000Z</time>
      </trkpt>
      <trkpt lat="37.84957414615432" lon="112.01429826290604">
        <ele>1100.0</ele>
        <time>2018-11-25T08:20:33.555000Z</time>
      </trkpt>
      <trkpt lat="37.84960031045335" lon="112.01403599696287">
        <ele>1102.0</ele>
        <time>2018-11-25T08:20:39.555000Z</time>
      </trkpt>
      <trkpt lat="37.849599566817595" lon="112.01392500790553">
        <ele>1100.0</ele>
        <time>2018-11-25T08:20:42.555000Z</time>
      </trkpt>
      <trkpt lat="37.84962048864939" lon="112.01356113597672">
        <ele>1106.0</ele>
        <time>2018-11-25T08:20:51.555000Z</time>
      </trkpt>
      <trkpt lat="37.84966259112603" lon="112.01323766263285">
        <ele>1109.0</ele>
        <time>2018-11-25T08:21:00.555000Z</time>
      </trkpt>
      <trkpt lat="37.849665625002444" lon="112.01296314842543">
        <ele>1107.0</ele>
        <time>2018-11-25T08:21:09.555000Z</time>
      </trkpt>
      <trkpt lat="37.84968426396961" lon="112.01285909379924">
        <ele>1105.0</ele>
        <time>2018-11-25T08:21:12.555000Z</time>
      </trkpt>
      <trkpt lat="37.84970702381518" lon="112.01249216683864">
        <ele>1102.0</ele>
        <time>2018-11-25T08:21:21.555000Z</time>
      </trkpt>
      <trkpt lat="37.849739723948886" lon="112.0121291513822">
        <ele>1101.0</ele>
        <time>2018-11-25T08:21:30.655000Z</time>
      </trkpt>
      <trkpt lat="37.84977934965645" lon="112.01167299498742">
        <ele>1102.0</ele>
        <time>2018-11-25T08:21:39.555000Z</time>
      </trkpt>
      <trkpt lat="37.84979247282493" lon="112.01153446064588">
        <ele>1104.0</ele>
        <time>2018-11-25T08:21:42.555000Z</time>
      </trkpt>
      <trkpt lat="37.84977392516315" lon="112.01128406645402">
        <ele>1106.0</ele>
        <time>2018-11-25T08:21:48.555000Z</time>
      </trkpt>
      <trkpt lat="37.84974983053222" lon="112.01117715980682">
        <ele>1109.0</ele>
        <time>2018-11-25T08:21:51.555000Z</time>
      </trkpt>
      <trkpt lat="37.84973488194529" lon="112.01115514103897">
        <ele>1110.0</ele>
        <time>2018-11-25T08:21:57.555000Z</time>
      </trkpt>
      <trkpt lat="37.849676360127454" lon="112.01121055600805">
        <ele>1111.0</ele>
        <time>2018-11-25T08:22:00.555000Z</time>
      </trkpt>
      <trkpt lat="37.8496973437493" lon="112.01115240636103">
        <ele>1113.0</ele>
        <time>2018-11-25T08:22:03.555000Z</time>
      </trkpt>
      <trkpt lat="37.84975053330317" lon="112.01116308884204">
        <ele>1113.0</ele>
        <time>2018-11-25T08:22:06.555000Z</time>
      </trkpt>
      <trkpt lat="37.84981121602228" lon="112.01113556764766">
        <ele>1114.0</ele>
        <time>2018-11-25T08:22:09.555000Z</time>
      </trkpt>
      <trkpt lat="37.84981495860985" lon="112.01107724705193">
        <ele>1112.0</ele>
        <time>2018-11-25T08:22:12.555000Z</time>
      </trkpt>
      <trkpt lat="37.84981784214965" lon="112.01104100982147">
        <ele>1112.0</ele>
        <time>2018-11-25T08:22:15.555000Z</time>
      </trkpt>
      <trkpt lat="37.84985366021578" lon="112.01088334685255">
        <ele>1113.0</ele>
        <time>2018-11-25T08:22:21.555000Z</time>
      </trkpt>
      <trkpt lat="37.84987264923333" lon="112.0105395984135">
        <ele>1114.0</ele>
        <time>2018-11-25T08:22:30.555000Z</time>
      </trkpt>
      <trkpt lat="37.849884078380505" lon="112.01044978749748">
        <ele>1113.0</ele>
        <time>2018-11-25T08:22:33.555000Z</time>
      </trkpt>
      <trkpt lat="37.84991078894509" lon="112.01026177063162">
        <ele>1112.0</ele>
        <time>2018-11-25T08:22:39.555000Z</time>
      </trkpt>
      <trkpt lat="37.84991368661426" lon="112.00984337324545">
        <ele>1107.0</ele>
        <time>2018-11-25T08:22:48.555000Z</time>
      </trkpt>
      <trkpt lat="37.849899947527895" lon="112.00946244035951">
        <ele>1108.0</ele>
        <time>2018-11-25T08:22:57.555000Z</time>
      </trkpt>
      <trkpt lat="37.84989442990938" lon="112.00935573343675">
        <ele>1105.0</ele>
        <time>2018-11-25T08:23:00.555000Z</time>
      </trkpt>
      <trkpt lat="37.849715034665756" lon="112.00900874149384">
        <ele>1111.0</ele>
        <time>2018-11-25T08:23:12.555000Z</time>
      </trkpt>
      <trkpt lat="37.84966188425132" lon="112.00892683253373">
        <ele>1110.0</ele>
        <time>2018-11-25T08:23:15.555000Z</time>
      </trkpt>
      <trkpt lat="37.84959637078721" lon="112.00884988970765">
        <ele>1110.0</ele>
        <time>2018-11-25T08:23:18.555000Z</time>
      </trkpt>
      <trkpt lat="37.849442538003636" lon="112.00858383960187">
        <ele>1109.0</ele>
        <time>2018-11-25T08:23:27.555000Z</time>
      </trkpt>
      <trkpt lat="37.84937889470824" lon="112.00850853600032">
        <ele>1108.0</ele>
        <time>2018-11-25T08:23:30.555000Z</time>
      </trkpt>
      <trkpt lat="37.849269946784275" lon="112.00832079630905">
        <ele>1109.0</ele>
        <time>2018-11-25T08:23:36.555000Z</time>
      </trkpt>
      <trkpt lat="37.849135222138614" lon="112.00815744343173">
        <ele>1114.0</ele>
        <time>2018-11-25T08:23:42.555000Z</time>
      </trkpt>
      <trkpt lat="37.84895371907121" lon="112.0078772311608">
        <ele>1115.0</ele>
        <time>2018-11-25T08:23:51.555000Z</time>
      </trkpt>
      <trkpt lat="37.84872900499738" lon="112.00754516910591">
        <ele>1114.0</ele>
        <time>2018-11-25T08:24:03.555000Z</time>
      </trkpt>
      <trkpt lat="37.848683081782355" lon="112.00746761578395">
        <ele>1115.0</ele>
        <time>2018-11-25T08:24:06.555000Z</time>
      </trkpt>
      <trkpt lat="37.84861876159454" lon="112.00739250508671">
        <ele>1117.0</ele>
        <time>2018-11-25T08:24:09.655000Z</time>
      </trkpt>
      <trkpt lat="37.84840423951104" lon="112.00704833544266">
        <ele>1124.0</ele>
        <time>2018-11-25T08:24:21.555000Z</time>
      </trkpt>
      <trkpt lat="37.84833976715893" lon="112.00696051611338">
        <ele>1122.0</ele>
        <time>2018-11-25T08:24:24.555000Z</time>
      </trkpt>
      <trkpt lat="37.84820050402025" lon="112.00683360027983">
        <ele>1119.0</ele>
        <time>2018-11-25T08:24:30.555000Z</time>
      </trkpt>
      <trkpt lat="37.84791417337913" lon="112.00677834081806">
        <ele>1121.0</ele>
        <time>2018-11-25T08:24:39.555000Z</time>
      </trkpt>
      <trkpt lat="37.8478059875857" lon="112.00676813278487">
        <ele>1123.0</ele>
        <time>2018-11-25T08:24:42.555000Z</time>
      </trkpt>
      <trkpt lat="37.847471823527705" lon="112.00674682113421">
        <ele>1121.0</ele>
        <time>2018-11-25T08:24:54.555000Z</time>
      </trkpt>
      <trkpt lat="37.84722568690234" lon="112.00670965452804">
        <ele>1120.0</ele>
        <time>2018-11-25T08:25:03.555000Z</time>
      </trkpt>
      <trkpt lat="37.846969658821095" lon="112.00672033165442">
        <ele>1116.0</ele>
        <time>2018-11-25T08:25:12.555000Z</time>
      </trkpt>
      <trkpt lat="37.84669420202116" lon="112.00666623664583">
        <ele>1122.0</ele>
        <time>2018-11-25T08:25:21.555000Z</time>
      </trkpt>
      <trkpt lat="37.84643767410814" lon="112.0066357413355">
        <ele>1122.0</ele>
        <time>2018-11-25T08:25:30.655000Z</time>
      </trkpt>
      <trkpt lat="37.84613107079653" lon="112.00663684103657">
        <ele>1127.0</ele>
        <time>2018-11-25T08:25:42.555000Z</time>
      </trkpt>
      <trkpt lat="37.84604878926478" lon="112.00661886168747">
        <ele>1129.0</ele>
        <time>2018-11-25T08:25:45.555000Z</time>
      </trkpt>
      <trkpt lat="37.84588944241276" lon="112.00651396308372">
        <ele>1132.0</ele>
        <time>2018-11-25T08:25:51.555000Z</time>
      </trkpt>
      <trkpt lat="37.84579015612947" lon="112.00647370435495">
        <ele>1130.0</ele>
        <time>2018-11-25T08:25:54.555000Z</time>
      </trkpt>
      <trkpt lat="37.845476808562985" lon="112.00636968394909">
        <ele>1131.0</ele>
        <time>2018-11-25T08:26:03.555000Z</time>
      </trkpt>
      <trkpt lat="37.84539491255805" lon="112.00634020714388">
        <ele>1133.0</ele>
        <time>2018-11-25T08:26:06.655000Z</time>
      </trkpt>
      <trkpt lat="37.845240798514105" lon="112.00626374061092">
        <ele>1133.0</ele>
        <time>2018-11-25T08:26:12.555000Z</time>
      </trkpt>
      <trkpt lat="37.84491094998821" lon="112.0061975301654">
        <ele>1134.0</ele>
        <time>2018-11-25T08:26:24.555000Z</time>
      </trkpt>
      <trkpt lat="37.84459609676583" lon="112.00615206401407">
        <ele>1137.0</ele>
        <time>2018-11-25T08:26:36.555000Z</time>
      </trkpt>
      <trkpt lat="37.84435445386461" lon="112.00614378473155">
        <ele>1130.0</ele>
        <time>2018-11-25T08:26:45.655000Z</time>
      </trkpt>
      <trkpt lat="37.84406286635806" lon="112.00630888798858">
        <ele>1126.0</ele>
        <time>2018-11-25T08:26:57.555000Z</time>
      </trkpt>
      <trkpt lat="37.84398780591575" lon="112.00634959632151">
        <ele>1127.0</ele>
        <time>2018-11-25T08:27:00.655000Z</time>
      </trkpt>
      <trkpt lat="37.84377123511569" lon="112.00646362373139">
        <ele>1126.0</ele>
        <time>2018-11-25T08:27:09.555000Z</time>
      </trkpt>
      <trkpt lat="37.84349715819616" lon="112.006703608178">
        <ele>1134.0</ele>
        <time>2018-11-25T08:27:21.555000Z</time>
      </trkpt>
      <trkpt lat="37.84326070188788" lon="112.0068903454405">
        <ele>1138.0</ele>
        <time>2018-11-25T08:27:30.655000Z</time>
      </trkpt>
      <trkpt lat="37.843033369860905" lon="112.00709041653599">
        <ele>1135.0</ele>
        <time>2018-11-25T08:27:39.555000Z</time>
      </trkpt>
      <trkpt lat="37.8428234745951" lon="112.00722128175866">
        <ele>1129.0</ele>
        <time>2018-11-25T08:27:48.655000Z</time>
      </trkpt>
      <trkpt lat="37.84253601813622" lon="112.007434204968">
        <ele>1132.0</ele>
        <time>2018-11-25T08:28:00.555000Z</time>
      </trkpt>
      <trkpt lat="37.84230182571612" lon="112.007613919731">
        <ele>1127.0</ele>
        <time>2018-11-25T08:28:09.555000Z</time>
      </trkpt>
      <trkpt lat="37.84215418451459" lon="112.00769896585645">
        <ele>1131.0</ele>
        <time>2018-11-25T08:28:15.655000Z</time>
      </trkpt>
      <trkpt lat="37.84202277630941" lon="112.00780900255585">
        <ele>1136.0</ele>
        <time>2018-11-25T08:28:21.555000Z</time>
      </trkpt>
      <trkpt lat="37.84173720290632" lon="112.00798767948294">
        <ele>1134.0</ele>
        <time>2018-11-25T08:28:33.555000Z</time>
      </trkpt>
      <trkpt lat="37.84148501138151" lon="112.00808785798449">
        <ele>1131.0</ele>
        <time>2018-11-25T08:28:42.555000Z</time>
      </trkpt>
      <trkpt lat="37.841191867067586" lon="112.00811335976692">
        <ele>1134.0</ele>
        <time>2018-11-25T08:28:51.655000Z</time>
      </trkpt>
      <trkpt lat="37.84086215961785" lon="112.0080998894364">
        <ele>1133.0</ele>
        <time>2018-11-25T08:29:03.655000Z</time>
      </trkpt>
      <trkpt lat="37.840595228184846" lon="112.00805626302112">
        <ele>1136.0</ele>
        <time>2018-11-25T08:29:12.655000Z</time>
      </trkpt>
      <trkpt lat="37.84026047418391" lon="112.00799098667135">
        <ele>1137.0</ele>
        <time>2018-11-25T08:29:24.555000Z</time>
      </trkpt>
      <trkpt lat="37.84003724689942" lon="112.00797028841173">
        <ele>1138.0</ele>
        <time>2018-11-25T08:29:33.555000Z</time>
      </trkpt>
      <trkpt lat="37.839734961439326" lon="112.00804816217573">
        <ele>1143.0</ele>
        <time>2018-11-25T08:29:45.555000Z</time>
      </trkpt>
      <trkpt lat="37.83951992027204" lon="112.00806260642709">
        <ele>1147.0</ele>
        <time>2018-11-25T08:29:54.555000Z</time>
      </trkpt>
      <trkpt lat="37.83942097967844" lon="112.00804960189731">
        <ele>1148.0</ele>
        <time>2018-11-25T08:29:57.555000Z</time>
      </trkpt>
      <trkpt lat="37.83918988692983" lon="112.00808135203675">
        <ele>1146.0</ele>
        <time>2018-11-25T08:30:06.555000Z</time>
      </trkpt>
      <trkpt lat="37.8389250797666" lon="112.00811060067488">
        <ele>1149.0</ele>
        <time>2018-11-25T08:30:15.555000Z</time>
      </trkpt>
      <trkpt lat="37.838847396363576" lon="112.0081482084889">
        <ele>1147.0</ele>
        <time>2018-11-25T08:30:18.555000Z</time>
      </trkpt>
      <trkpt lat="37.83868100202435" lon="112.00815323416545">
        <ele>1151.0</ele>
        <time>2018-11-25T08:30:24.555000Z</time>
      </trkpt>
      <trkpt lat="37.838544089047524" lon="112.00818808582424">
        <ele>1154.0</ele>
        <time>2018-11-25T08:30:30.555000Z</time>
      </trkpt>
      <trkpt lat="37.83846937790015" lon="112.00817904396203">
        <ele>1154.0</ele>
        <time>2018-11-25T08:30:33.555000Z</time>
      </trkpt>
      <trkpt lat="37.83839404573272" lon="112.00820797183984">
        <ele>1153.0</ele>
        <time>2018-11-25T08:30:36.555000Z</time>
      </trkpt>
      <trkpt lat="37.83823863031719" lon="112.0082144192394">
        <ele>1158.0</ele>
        <time>2018-11-25T08:30:42.555000Z</time>
      </trkpt>
      <trkpt lat="37.838007548035236" lon="112.00815452382037">
        <ele>1156.0</ele>
        <time>2018-11-25T08:30:51.555000Z</time>
      </trkpt>
      <trkpt lat="37.83777796157269" lon="112.00804073076866">
        <ele>1156.0</ele>
        <time>2018-11-25T08:31:00.555000Z</time>
      </trkpt>
      <trkpt lat="37.837733723343746" lon="112.0079814586814">
        <ele>1155.0</ele>
        <time>2018-11-25T08:31:03.555000Z</time>
      </trkpt>
      <trkpt lat="37.83766071834125" lon="112.00793666082598">
        <ele>1155.0</ele>
        <time>2018-11-25T08:31:06.555000Z</time>
      </trkpt>
      <trkpt lat="37.83740052331983" lon="112.00780507203014">
        <ele>1160.0</ele>
        <time>2018-11-25T08:31:15.555000Z</time>
      </trkpt>
      <trkpt lat="37.837081670312465" lon="112.00772681782433">
        <ele>1156.0</ele>
        <time>2018-11-25T08:31:27.555000Z</time>
      </trkpt>
      <trkpt lat="37.83677361265457" lon="112.00760168216982">
        <ele>1154.0</ele>
        <time>2018-11-25T08:31:39.555000Z</time>
      </trkpt>
      <trkpt lat="37.836621829063844" lon="112.00753906297135">
        <ele>1153.0</ele>
        <time>2018-11-25T08:31:45.555000Z</time>
      </trkpt>
      <trkpt lat="37.8362980687594" lon="112.00743365556768">
        <ele>1157.0</ele>
        <time>2018-11-25T08:31:57.555000Z</time>
      </trkpt>
      <trkpt lat="37.83598215133705" lon="112.00734021479367">
        <ele>1159.0</ele>
        <time>2018-11-25T08:32:09.555000Z</time>
      </trkpt>
      <trkpt lat="37.835706006736594" lon="112.00731975278255">
        <ele>1162.0</ele>
        <time>2018-11-25T08:32:18.555000Z</time>
      </trkpt>
      <trkpt lat="37.835534511283846" lon="112.00729049073776">
        <ele>1162.0</ele>
        <time>2018-11-25T08:32:24.555000Z</time>
      </trkpt>
      <trkpt lat="37.83545101952351" lon="112.00725156697789">
        <ele>1160.0</ele>
        <time>2018-11-25T08:32:27.555000Z</time>
      </trkpt>
      <trkpt lat="37.835371378447235" lon="112.00718486418042">
        <ele>1159.0</ele>
        <time>2018-11-25T08:32:30.555000Z</time>
      </trkpt>
      <trkpt lat="37.835324669589355" lon="112.00708335190444">
        <ele>1156.0</ele>
        <time>2018-11-25T08:32:33.555000Z</time>
      </trkpt>
      <trkpt lat="37.835271840294816" lon="112.00699715830078">
        <ele>1155.0</ele>
        <time>2018-11-25T08:32:36.555000Z</time>
      </trkpt>
      <trkpt lat="37.83520756939479" lon="112.00689876215911">
        <ele>1154.0</ele>
        <time>2018-11-25T08:32:39.555000Z</time>
      </trkpt>
      <trkpt lat="37.83513393737721" lon="112.00686610781611">
        <ele>1154.0</ele>
        <time>2018-11-25T08:32:42.555000Z</time>
      </trkpt>
      <trkpt lat="37.83491948662471" lon="112.00683367632482">
        <ele>1153.0</ele>
        <time>2018-11-25T08:32:51.655000Z</time>
      </trkpt>
      <trkpt lat="37.83483349060044" lon="112.0068541883801">
        <ele>1155.0</ele>
        <time>2018-11-25T08:32:54.655000Z</time>
      </trkpt>
      <trkpt lat="37.83474550656774" lon="112.00689333470261">
        <ele>1155.0</ele>
        <time>2018-11-25T08:32:57.655000Z</time>
      </trkpt>
      <trkpt lat="37.83465702435245" lon="112.00691967368084">
        <ele>1154.0</ele>
        <time>2018-11-25T08:33:00.555000Z</time>
      </trkpt>
      <trkpt lat="37.83456811335322" lon="112.00691467823668">
        <ele>1156.0</ele>
        <time>2018-11-25T08:33:03.555000Z</time>
      </trkpt>
      <trkpt lat="37.83423778594998" lon="112.00687531176466">
        <ele>1152.0</ele>
        <time>2018-11-25T08:33:15.555000Z</time>
      </trkpt>
      <trkpt lat="37.83407739668563" lon="112.00677772968251">
        <ele>1152.0</ele>
        <time>2018-11-25T08:33:21.555000Z</time>
      </trkpt>
      <trkpt lat="37.83401004378362" lon="112.00675090500256">
        <ele>1152.0</ele>
        <time>2018-11-25T08:33:24.555000Z</time>
      </trkpt>
      <trkpt lat="37.83371075302363" lon="112.00665734306843">
        <ele>1153.0</ele>
        <time>2018-11-25T08:33:36.555000Z</time>
      </trkpt>
      <trkpt lat="37.83365491570077" lon="112.00664232358606">
        <ele>1151.0</ele>
        <time>2018-11-25T08:33:39.555000Z</time>
      </trkpt>
      <trkpt lat="37.83354821253623" lon="112.00657287701743">
        <ele>1151.0</ele>
        <time>2018-11-25T08:33:45.555000Z</time>
      </trkpt>
      <trkpt lat="37.833260253274815" lon="112.00646791725987">
        <ele>1158.0</ele>
        <time>2018-11-25T08:33:57.555000Z</time>
      </trkpt>
      <trkpt lat="37.83311992546712" lon="112.0064215895207">
        <ele>1162.0</ele>
        <time>2018-11-25T08:34:03.555000Z</time>
      </trkpt>
      <trkpt lat="37.833033119798245" lon="112.00637994965848">
        <ele>1162.0</ele>
        <time>2018-11-25T08:34:06.555000Z</time>
      </trkpt>
      <trkpt lat="37.832951452027366" lon="112.00632341114843">
        <ele>1164.0</ele>
        <time>2018-11-25T08:34:09.555000Z</time>
      </trkpt>
      <trkpt lat="37.83267668585779" lon="112.0062806427304">
        <ele>1160.0</ele>
        <time>2018-11-25T08:34:18.555000Z</time>
      </trkpt>
      <trkpt lat="37.832581188023624" lon="112.00626495905225">
        <ele>1157.0</ele>
        <time>2018-11-25T08:34:21.655000Z</time>
      </trkpt>
      <trkpt lat="37.83241212964125" lon="112.00617548900091">
        <ele>1158.0</ele>
        <time>2018-11-25T08:34:27.555000Z</time>
      </trkpt>
      <trkpt lat="37.832084299402446" lon="112.00610395809618">
        <ele>1161.0</ele>
        <time>2018-11-25T08:34:39.555000Z</time>
      </trkpt>
      <trkpt lat="37.83174753653837" lon="112.00608381110936">
        <ele>1166.0</ele>
        <time>2018-11-25T08:34:51.555000Z</time>
      </trkpt>
      <trkpt lat="37.83165423129891" lon="112.00609780015408">
        <ele>1172.0</ele>
        <time>2018-11-25T08:34:54.555000Z</time>
      </trkpt>
      <trkpt lat="37.831308527640154" lon="112.00612592070263">
        <ele>1168.0</ele>
        <time>2018-11-25T08:35:06.555000Z</time>
      </trkpt>
      <trkpt lat="37.831059496127324" lon="112.0061486015844">
        <ele>1168.0</ele>
        <time>2018-11-25T08:35:15.555000Z</time>
      </trkpt>
      <trkpt lat="37.83098028573211" lon="112.00616638253587">
        <ele>1167.0</ele>
        <time>2018-11-25T08:35:18.555000Z</time>
      </trkpt>
      <trkpt lat="37.830633483078564" lon="112.00619082989951">
        <ele>1165.0</ele>
        <time>2018-11-25T08:35:30.555000Z</time>
      </trkpt>
      <trkpt lat="37.830431234809105" lon="112.00614878302137">
        <ele>1167.0</ele>
        <time>2018-11-25T08:35:39.555000Z</time>
      </trkpt>
      <trkpt lat="37.83010840066874" lon="112.0061212905419">
        <ele>1170.0</ele>
        <time>2018-11-25T08:35:51.555000Z</time>
      </trkpt>
      <trkpt lat="37.829914315168516" lon="112.0060967057042">
        <ele>1176.0</ele>
        <time>2018-11-25T08:35:57.555000Z</time>
      </trkpt>
      <trkpt lat="37.82961394187872" lon="112.00610752489659">
        <ele>1172.0</ele>
        <time>2018-11-25T08:36:09.555000Z</time>
      </trkpt>
      <trkpt lat="37.8293346126022" lon="112.00611876791636">
        <ele>1170.0</ele>
        <time>2018-11-25T08:36:21.555000Z</time>
      </trkpt>
      <trkpt lat="37.82911541922143" lon="112.00611506081617">
        <ele>1168.0</ele>
        <time>2018-11-25T08:36:30.555000Z</time>
      </trkpt>
      <trkpt lat="37.82879495203097" lon="112.00615126389582">
        <ele>1170.0</ele>
        <time>2018-11-25T08:36:42.555000Z</time>
      </trkpt>
      <trkpt lat="37.82871136953264" lon="112.00613872908798">
        <ele>1169.0</ele>
        <time>2018-11-25T08:36:45.555000Z</time>
      </trkpt>
      <trkpt lat="37.82846143392353" lon="112.00616934902725">
        <ele>1173.0</ele>
        <time>2018-11-25T08:36:54.555000Z</time>
      </trkpt>
      <trkpt lat="37.828381145254404" lon="112.00618997967374">
        <ele>1170.0</ele>
        <time>2018-11-25T08:36:57.555000Z</time>
      </trkpt>
      <trkpt lat="37.828142219515634" lon="112.00617775809665">
        <ele>1169.0</ele>
        <time>2018-11-25T08:37:06.555000Z</time>
      </trkpt>
      <trkpt lat="37.827846699214334" lon="112.0062223980559">
        <ele>1170.0</ele>
        <time>2018-11-25T08:37:18.555000Z</time>
      </trkpt>
      <trkpt lat="37.827673046198555" lon="112.0062777711657">
        <ele>1172.0</ele>
        <time>2018-11-25T08:37:27.555000Z</time>
      </trkpt>
      <trkpt lat="37.82746304434238" lon="112.00629675661351">
        <ele>1171.0</ele>
        <time>2018-11-25T08:37:36.555000Z</time>
      </trkpt>
      <trkpt lat="37.827202278344366" lon="112.006347195288">
        <ele>1174.0</ele>
        <time>2018-11-25T08:37:45.555000Z</time>
      </trkpt>
      <trkpt lat="37.826970830078984" lon="112.00637131858458">
        <ele>1176.0</ele>
        <time>2018-11-25T08:37:54.555000Z</time>
      </trkpt>
      <trkpt lat="37.82680319133311" lon="112.00636120123191">
        <ele>1179.0</ele>
        <time>2018-11-25T08:38:00.555000Z</time>
      </trkpt>
      <trkpt lat="37.8265570987667" lon="112.0063554328096">
        <ele>1181.0</ele>
        <time>2018-11-25T08:38:09.555000Z</time>
      </trkpt>
      <trkpt lat="37.82625352354074" lon="112.006450380476">
        <ele>1184.0</ele>
        <time>2018-11-25T08:38:21.555000Z</time>
      </trkpt>
      <trkpt lat="37.82617551627989" lon="112.00646982748883">
        <ele>1182.0</ele>
        <time>2018-11-25T08:38:24.555000Z</time>
      </trkpt>
      <trkpt lat="37.82586557244563" lon="112.00649425991071">
        <ele>1186.0</ele>
        <time>2018-11-25T08:38:36.555000Z</time>
      </trkpt>
      <trkpt lat="37.82577729689222" lon="112.00647733842756">
        <ele>1185.0</ele>
        <time>2018-11-25T08:38:39.555000Z</time>
      </trkpt>
      <trkpt lat="37.82555718499958" lon="112.00647377239463">
        <ele>1191.0</ele>
        <time>2018-11-25T08:38:48.555000Z</time>
      </trkpt>
      <trkpt lat="37.825487430170874" lon="112.00648905781775">
        <ele>1194.0</ele>
        <time>2018-11-25T08:38:51.555000Z</time>
      </trkpt>
      <trkpt lat="37.8251500312223" lon="112.00642348653251">
        <ele>1193.0</ele>
        <time>2018-11-25T08:39:03.555000Z</time>
      </trkpt>
      <trkpt lat="37.82490746450404" lon="112.006385502729">
        <ele>1188.0</ele>
        <time>2018-11-25T08:39:12.555000Z</time>
      </trkpt>
      <trkpt lat="37.82484918381309" lon="112.00634732931604">
        <ele>1189.0</ele>
        <time>2018-11-25T08:39:15.655000Z</time>
      </trkpt>
      <trkpt lat="37.82477069077352" lon="112.00631748437405">
        <ele>1186.0</ele>
        <time>2018-11-25T08:39:18.555000Z</time>
      </trkpt>
      <trkpt lat="37.82468733363952" lon="112.00628695522184">
        <ele>1185.0</ele>
        <time>2018-11-25T08:39:21.655000Z</time>
      </trkpt>
      <trkpt lat="37.82437371628863" lon="112.00623212481149">
        <ele>1187.0</ele>
        <time>2018-11-25T08:39:33.555000Z</time>
      </trkpt>
      <trkpt lat="37.824081829916956" lon="112.00615639594163">
        <ele>1186.0</ele>
        <time>2018-11-25T08:39:45.555000Z</time>
      </trkpt>
      <trkpt lat="37.823809283463376" lon="112.00605912128471">
        <ele>1184.0</ele>
        <time>2018-11-25T08:39:54.555000Z</time>
      </trkpt>
      <trkpt lat="37.823558911246" lon="112.00601973444198">
        <ele>1189.0</ele>
        <time>2018-11-25T08:40:03.555000Z</time>
      </trkpt>
      <trkpt lat="37.82339737820827" lon="112.00603620561803">
        <ele>1192.0</ele>
        <time>2018-11-25T08:40:09.555000Z</time>
      </trkpt>
      <trkpt lat="37.82332765761507" lon="112.00605525835265">
        <ele>1188.0</ele>
        <time>2018-11-25T08:40:12.555000Z</time>
      </trkpt>
      <trkpt lat="37.823255957402495" lon="112.00606842426551">
        <ele>1187.0</ele>
        <time>2018-11-25T08:40:15.555000Z</time>
      </trkpt>
      <trkpt lat="37.823090895626386" lon="112.00606840460007">
        <ele>1190.0</ele>
        <time>2018-11-25T08:40:21.555000Z</time>
      </trkpt>
      <trkpt lat="37.82300256480769" lon="112.00610016872433">
        <ele>1186.0</ele>
        <time>2018-11-25T08:40:24.555000Z</time>
      </trkpt>
      <trkpt lat="37.822919204456376" lon="112.00612537975401">
        <ele>1184.0</ele>
        <time>2018-11-25T08:40:27.555000Z</time>
      </trkpt>
      <trkpt lat="37.82274314017869" lon="112.00610881887975">
        <ele>1187.0</ele>
        <time>2018-11-25T08:40:33.555000Z</time>
      </trkpt>
      <trkpt lat="37.82265537036743" lon="112.00608554156555">
        <ele>1189.0</ele>
        <time>2018-11-25T08:40:36.555000Z</time>
      </trkpt>
      <trkpt lat="37.82253531726829" lon="112.00601975701159">
        <ele>1193.0</ele>
        <time>2018-11-25T08:40:42.555000Z</time>
      </trkpt>
      <trkpt lat="37.82247297241601" lon="112.00599679533434">
        <ele>1189.0</ele>
        <time>2018-11-25T08:40:45.555000Z</time>
      </trkpt>
      <trkpt lat="37.82242076468614" lon="112.00595559664696">
        <ele>1194.0</ele>
        <time>2018-11-25T08:40:48.555000Z</time>
      </trkpt>
      <trkpt lat="37.8223578169347" lon="112.00591972383525">
        <ele>1196.0</ele>
        <time>2018-11-25T08:40:51.555000Z</time>
      </trkpt>
      <trkpt lat="37.822216640894254" lon="112.00587160859914">
        <ele>1198.0</ele>
        <time>2018-11-25T08:40:57.555000Z</time>
      </trkpt>
      <trkpt lat="37.8219729458532" lon="112.00570530331755">
        <ele>1199.0</ele>
        <time>2018-11-25T08:41:09.555000Z</time>
      </trkpt>
      <trkpt lat="37.82180733973841" lon="112.00560250928703">
        <ele>1202.0</ele>
        <time>2018-11-25T08:41:15.655000Z</time>
      </trkpt>
      <trkpt lat="37.82161382959573" lon="112.00542960154948">
        <ele>1202.0</ele>
        <time>2018-11-25T08:41:24.555000Z</time>
      </trkpt>
      <trkpt lat="37.82140421097372" lon="112.00527120601319">
        <ele>1206.0</ele>
        <time>2018-11-25T08:41:33.555000Z</time>
      </trkpt>
      <trkpt lat="37.82128049551107" lon="112.00521198077635">
        <ele>1208.0</ele>
        <time>2018-11-25T08:41:39.555000Z</time>
      </trkpt>
      <trkpt lat="37.821170729134714" lon="112.00511914471083">
        <ele>1209.0</ele>
        <time>2018-11-25T08:41:45.555000Z</time>
      </trkpt>
      <trkpt lat="37.82113103665172" lon="112.00505339123292">
        <ele>1210.0</ele>
        <time>2018-11-25T08:41:48.555000Z</time>
      </trkpt>
      <trkpt lat="37.82108639599983" lon="112.00498558215315">
        <ele>1210.0</ele>
        <time>2018-11-25T08:41:51.555000Z</time>
      </trkpt>
      <trkpt lat="37.82102273141762" lon="112.00491721244312">
        <ele>1209.0</ele>
        <time>2018-11-25T08:41:54.555000Z</time>
      </trkpt>
      <trkpt lat="37.820955395836" lon="112.00488495411882">
        <ele>1211.0</ele>
        <time>2018-11-25T08:41:57.555000Z</time>
      </trkpt>
      <trkpt lat="37.820891808395494" lon="112.00487049597257">
        <ele>1212.0</ele>
        <time>2018-11-25T08:42:00.555000Z</time>
      </trkpt>
      <trkpt lat="37.82081124727654" lon="112.00475167779764">
        <ele>1208.0</ele>
        <time>2018-11-25T08:42:09.555000Z</time>
      </trkpt>
      <trkpt lat="37.820636294381174" lon="112.00464790169289">
        <ele>1207.0</ele>
        <time>2018-11-25T08:42:24.655000Z</time>
      </trkpt>
      <trkpt lat="37.82049483573604" lon="112.00452322553859">
        <ele>1211.0</ele>
        <time>2018-11-25T08:42:36.555000Z</time>
      </trkpt>
      <trkpt lat="37.82041982748898" lon="112.00442846172085">
        <ele>1213.0</ele>
        <time>2018-11-25T08:42:42.555000Z</time>
      </trkpt>
      <trkpt lat="37.8204006167492" lon="112.00434735185598">
        <ele>1211.0</ele>
        <time>2018-11-25T08:42:48.555000Z</time>
      </trkpt>
      <trkpt lat="37.82046148794333" lon="112.00440491924911">
        <ele>1208.0</ele>
        <time>2018-11-25T08:42:57.655000Z</time>
      </trkpt>
      <trkpt lat="37.82058552057491" lon="112.00457060073035">
        <ele>1208.0</ele>
        <time>2018-11-25T08:43:03.555000Z</time>
      </trkpt>
      <trkpt lat="37.82072946450753" lon="112.00467546971934">
        <ele>1208.0</ele>
        <time>2018-11-25T08:43:12.555000Z</time>
      </trkpt>
      <trkpt lat="37.82083439324231" lon="112.00483217122503">
        <ele>1206.0</ele>
        <time>2018-11-25T08:43:21.655000Z</time>
      </trkpt>
      <trkpt lat="37.82097203204182" lon="112.00491297865715">
        <ele>1206.0</ele>
        <time>2018-11-25T08:43:27.555000Z</time>
      </trkpt>
      <trkpt lat="37.82106772734681" lon="112.00500877351314">
        <ele>1205.0</ele>
        <time>2018-11-25T08:43:33.555000Z</time>
      </trkpt>
      <trkpt lat="37.82113328440441" lon="112.00503781859803">
        <ele>1206.0</ele>
        <time>2018-11-25T08:43:36.555000Z</time>
      </trkpt>
      <trkpt lat="37.82141052463564" lon="112.00525710755726">
        <ele>1205.0</ele>
        <time>2018-11-25T08:43:48.555000Z</time>
      </trkpt>
      <trkpt lat="37.821628370830794" lon="112.00538317242454">
        <ele>1206.0</ele>
        <time>2018-11-25T08:43:57.555000Z</time>
      </trkpt>
      <trkpt lat="37.82181453691818" lon="112.0055565456555">
        <ele>1204.0</ele>
        <time>2018-11-25T08:44:06.555000Z</time>
      </trkpt>
      <trkpt lat="37.82210802357592" lon="112.005772200374">
        <ele>1199.0</ele>
        <time>2018-11-25T08:44:18.555000Z</time>
      </trkpt>
      <trkpt lat="37.82235340541341" lon="112.0059135424565">
        <ele>1199.0</ele>
        <time>2018-11-25T08:44:27.655000Z</time>
      </trkpt>
      <trkpt lat="37.82248657451899" lon="112.00601867674717">
        <ele>1198.0</ele>
        <time>2018-11-25T08:44:33.555000Z</time>
      </trkpt>
      <trkpt lat="37.82280043265439" lon="112.00616075979342">
        <ele>1191.0</ele>
        <time>2018-11-25T08:44:45.555000Z</time>
      </trkpt>
      <trkpt lat="37.82315730379826" lon="112.00611780367717">
        <ele>1186.0</ele>
        <time>2018-11-25T08:44:57.555000Z</time>
      </trkpt>
      <trkpt lat="37.82333283956904" lon="112.00608993755472">
        <ele>1182.0</ele>
        <time>2018-11-25T08:45:03.555000Z</time>
      </trkpt>
      <trkpt lat="37.82349772979305" lon="112.00611154265849">
        <ele>1184.0</ele>
        <time>2018-11-25T08:45:09.555000Z</time>
      </trkpt>
      <trkpt lat="37.82366708436373" lon="112.0060917898978">
        <ele>1180.0</ele>
        <time>2018-11-25T08:45:15.555000Z</time>
      </trkpt>
      <trkpt lat="37.823904846431105" lon="112.00610308915587">
        <ele>1180.0</ele>
        <time>2018-11-25T08:45:24.555000Z</time>
      </trkpt>
      <trkpt lat="37.8242333252356" lon="112.00620127844718">
        <ele>1181.0</ele>
        <time>2018-11-25T08:45:36.555000Z</time>
      </trkpt>
      <trkpt lat="37.82430541692501" lon="112.00623231834568">
        <ele>1182.0</ele>
        <time>2018-11-25T08:45:39.555000Z</time>
      </trkpt>
      <trkpt lat="37.82448265867261" lon="112.0062573209501">
        <ele>1183.0</ele>
        <time>2018-11-25T08:45:45.555000Z</time>
      </trkpt>
      <trkpt lat="37.82471988263805" lon="112.00633297004465">
        <ele>1180.0</ele>
        <time>2018-11-25T08:45:54.555000Z</time>
      </trkpt>
      <trkpt lat="37.8248007907557" lon="112.00632564322437">
        <ele>1180.0</ele>
        <time>2018-11-25T08:45:57.555000Z</time>
      </trkpt>
      <trkpt lat="37.82514118071613" lon="112.00636709676084">
        <ele>1180.0</ele>
        <time>2018-11-25T08:46:09.555000Z</time>
      </trkpt>
      <trkpt lat="37.825410724891356" lon="112.00644512761829">
        <ele>1180.0</ele>
        <time>2018-11-25T08:46:18.555000Z</time>
      </trkpt>
      <trkpt lat="37.82548696948199" lon="112.0064636270867">
        <ele>1182.0</ele>
        <time>2018-11-25T08:46:21.555000Z</time>
      </trkpt>
      <trkpt lat="37.82557356308767" lon="112.006460365001">
        <ele>1178.0</ele>
        <time>2018-11-25T08:46:24.555000Z</time>
      </trkpt>
      <trkpt lat="37.82565757026962" lon="112.00648814586039">
        <ele>1175.0</ele>
        <time>2018-11-25T08:46:27.555000Z</time>
      </trkpt>
      <trkpt lat="37.82588723996925" lon="112.00650162233727">
        <ele>1170.0</ele>
        <time>2018-11-25T08:46:36.555000Z</time>
      </trkpt>
      <trkpt lat="37.82615098644346" lon="112.00653139371943">
        <ele>1166.0</ele>
        <time>2018-11-25T08:46:45.555000Z</time>
      </trkpt>
      <trkpt lat="37.82631322240425" lon="112.00650419983687">
        <ele>1170.0</ele>
        <time>2018-11-25T08:46:51.555000Z</time>
      </trkpt>
      <trkpt lat="37.82657458412008" lon="112.00639327976718">
        <ele>1171.0</ele>
        <time>2018-11-25T08:47:00.555000Z</time>
      </trkpt>
      <trkpt lat="37.826844663987764" lon="112.00638138716626">
        <ele>1167.0</ele>
        <time>2018-11-25T08:47:09.555000Z</time>
      </trkpt>
      <trkpt lat="37.82714853875853" lon="112.00634810089207">
        <ele>1165.0</ele>
        <time>2018-11-25T08:47:18.555000Z</time>
      </trkpt>
      <trkpt lat="37.82742835420646" lon="112.00632036319502">
        <ele>1161.0</ele>
        <time>2018-11-25T08:47:27.555000Z</time>
      </trkpt>
      <trkpt lat="37.82776989688638" lon="112.00625948098725">
        <ele>1166.0</ele>
        <time>2018-11-25T08:47:39.555000Z</time>
      </trkpt>
      <trkpt lat="37.82804577346542" lon="112.00624588395968">
        <ele>1163.0</ele>
        <time>2018-11-25T08:47:48.555000Z</time>
      </trkpt>
      <trkpt lat="37.82824992166257" lon="112.00620252577635">
        <ele>1158.0</ele>
        <time>2018-11-25T08:47:54.555000Z</time>
      </trkpt>
      <trkpt lat="37.82839958593586" lon="112.00620889294827">
        <ele>1155.0</ele>
        <time>2018-11-25T08:48:00.555000Z</time>
      </trkpt>
      <trkpt lat="37.8287463134172" lon="112.00618448006105">
        <ele>1155.0</ele>
        <time>2018-11-25T08:48:12.555000Z</time>
      </trkpt>
      <trkpt lat="37.828850724306605" lon="112.00616429703904">
        <ele>1154.0</ele>
        <time>2018-11-25T08:48:15.555000Z</time>
      </trkpt>
      <trkpt lat="37.82902296225196" lon="112.00616745596773">
        <ele>1156.0</ele>
        <time>2018-11-25T08:48:21.555000Z</time>
      </trkpt>
      <trkpt lat="37.829214390455334" lon="112.00613891328004">
        <ele>1156.0</ele>
        <time>2018-11-25T08:48:27.555000Z</time>
      </trkpt>
      <trkpt lat="37.82954108696893" lon="112.00617101185888">
        <ele>1159.0</ele>
        <time>2018-11-25T08:48:36.555000Z</time>
      </trkpt>
      <trkpt lat="37.829654464560655" lon="112.00617293612945">
        <ele>1162.0</ele>
        <time>2018-11-25T08:48:39.555000Z</time>
      </trkpt>
      <trkpt lat="37.82994853014901" lon="112.00617630246364">
        <ele>1164.0</ele>
        <time>2018-11-25T08:48:48.555000Z</time>
      </trkpt>
      <trkpt lat="37.83014515673254" lon="112.00619894907777">
        <ele>1166.0</ele>
        <time>2018-11-25T08:48:54.555000Z</time>
      </trkpt>
      <trkpt lat="37.83034124597961" lon="112.00617976860693">
        <ele>1168.0</ele>
        <time>2018-11-25T08:49:00.555000Z</time>
      </trkpt>
      <trkpt lat="37.83067702995117" lon="112.00620987808229">
        <ele>1164.0</ele>
        <time>2018-11-25T08:49:12.555000Z</time>
      </trkpt>
      <trkpt lat="37.83099123100036" lon="112.00618833085359">
        <ele>1158.0</ele>
        <time>2018-11-25T08:49:24.555000Z</time>
      </trkpt>
      <trkpt lat="37.831184997401685" lon="112.00619287614866">
        <ele>1159.0</ele>
        <time>2018-11-25T08:49:30.555000Z</time>
      </trkpt>
      <trkpt lat="37.831394620490705" lon="112.0061635137355">
        <ele>1159.0</ele>
        <time>2018-11-25T08:49:36.555000Z</time>
      </trkpt>
      <trkpt lat="37.831686013575066" lon="112.00617064068167">
        <ele>1163.0</ele>
        <time>2018-11-25T08:49:45.555000Z</time>
      </trkpt>
      <trkpt lat="37.831949112406605" lon="112.00614524199587">
        <ele>1166.0</ele>
        <time>2018-11-25T08:49:54.555000Z</time>
      </trkpt>
      <trkpt lat="37.83213292914295" lon="112.00614744500908">
        <ele>1166.0</ele>
        <time>2018-11-25T08:50:00.555000Z</time>
      </trkpt>
      <trkpt lat="37.83222327612602" lon="112.00613711972333">
        <ele>1164.0</ele>
        <time>2018-11-25T08:50:03.555000Z</time>
      </trkpt>
      <trkpt lat="37.83240154901231" lon="112.00618014474728">
        <ele>1162.0</ele>
        <time>2018-11-25T08:50:09.555000Z</time>
      </trkpt>
      <trkpt lat="37.83258892686297" lon="112.0061997973768">
        <ele>1159.0</ele>
        <time>2018-11-25T08:50:15.555000Z</time>
      </trkpt>
      <trkpt lat="37.832853478590216" lon="112.00631480433479">
        <ele>1153.0</ele>
        <time>2018-11-25T08:50:24.655000Z</time>
      </trkpt>
      <trkpt lat="37.83312154890386" lon="112.00642174670672">
        <ele>1154.0</ele>
        <time>2018-11-25T08:50:33.555000Z</time>
      </trkpt>
      <trkpt lat="37.83338036909747" lon="112.00653625744293">
        <ele>1159.0</ele>
        <time>2018-11-25T08:50:42.555000Z</time>
      </trkpt>
      <trkpt lat="37.83364353308159" lon="112.00662248967467">
        <ele>1159.0</ele>
        <time>2018-11-25T08:50:51.555000Z</time>
      </trkpt>
      <trkpt lat="37.833812217770436" lon="112.00669557398388">
        <ele>1158.0</ele>
        <time>2018-11-25T08:50:57.655000Z</time>
      </trkpt>
      <trkpt lat="37.83408436643459" lon="112.00678470620144">
        <ele>1154.0</ele>
        <time>2018-11-25T08:51:06.555000Z</time>
      </trkpt>
      <trkpt lat="37.83437603828127" lon="112.00686308318969">
        <ele>1155.0</ele>
        <time>2018-11-25T08:51:15.555000Z</time>
      </trkpt>
      <trkpt lat="37.83472104022544" lon="112.00698060174155">
        <ele>1156.0</ele>
        <time>2018-11-25T08:51:27.555000Z</time>
      </trkpt>
      <trkpt lat="37.83500572183947" lon="112.00687518490702">
        <ele>1151.0</ele>
        <time>2018-11-25T08:51:36.555000Z</time>
      </trkpt>
      <trkpt lat="37.83508482256447" lon="112.00687243857527">
        <ele>1149.0</ele>
        <time>2018-11-25T08:51:39.555000Z</time>
      </trkpt>
      <trkpt lat="37.83524282535346" lon="112.00688225953365">
        <ele>1150.0</ele>
        <time>2018-11-25T08:51:45.555000Z</time>
      </trkpt>
      <trkpt lat="37.83537369808727" lon="112.00701743002955">
        <ele>1146.0</ele>
        <time>2018-11-25T08:51:51.655000Z</time>
      </trkpt>
      <trkpt lat="37.83541499462868" lon="112.00711102299323">
        <ele>1146.0</ele>
        <time>2018-11-25T08:51:54.555000Z</time>
      </trkpt>
      <trkpt lat="37.835460217364286" lon="112.00720191337926">
        <ele>1147.0</ele>
        <time>2018-11-25T08:51:57.555000Z</time>
      </trkpt>
      <trkpt lat="37.83551972310311" lon="112.00724403501661">
        <ele>1147.0</ele>
        <time>2018-11-25T08:52:00.555000Z</time>
      </trkpt>
      <trkpt lat="37.8356634513725" lon="112.00735643501798">
        <ele>1150.0</ele>
        <time>2018-11-25T08:52:06.555000Z</time>
      </trkpt>
      <trkpt lat="37.83574847168608" lon="112.00740906088568">
        <ele>1152.0</ele>
        <time>2018-11-25T08:52:09.555000Z</time>
      </trkpt>
      <trkpt lat="37.83599814152154" lon="112.00744369388507">
        <ele>1151.0</ele>
        <time>2018-11-25T08:52:18.555000Z</time>
      </trkpt>
      <trkpt lat="37.836071424855525" lon="112.00747596245253">
        <ele>1151.0</ele>
        <time>2018-11-25T08:52:21.555000Z</time>
      </trkpt>
      <trkpt lat="37.836361333712674" lon="112.00753782861473">
        <ele>1153.0</ele>
        <time>2018-11-25T08:52:30.555000Z</time>
      </trkpt>
      <trkpt lat="37.83646083780935" lon="112.00754946158975">
        <ele>1151.0</ele>
        <time>2018-11-25T08:52:33.555000Z</time>
      </trkpt>
      <trkpt lat="37.83674938023828" lon="112.00764379401872">
        <ele>1156.0</ele>
        <time>2018-11-25T08:52:42.555000Z</time>
      </trkpt>
      <trkpt lat="37.837042700303364" lon="112.007742907834">
        <ele>1156.0</ele>
        <time>2018-11-25T08:52:51.555000Z</time>
      </trkpt>
      <trkpt lat="37.83738517526431" lon="112.00788616872029">
        <ele>1154.0</ele>
        <time>2018-11-25T08:53:03.555000Z</time>
      </trkpt>
      <trkpt lat="37.837633966955686" lon="112.00795986760008">
        <ele>1148.0</ele>
        <time>2018-11-25T08:53:12.555000Z</time>
      </trkpt>
      <trkpt lat="37.837709725920476" lon="112.00800402779596">
        <ele>1147.0</ele>
        <time>2018-11-25T08:53:15.555000Z</time>
      </trkpt>
      <trkpt lat="37.83779963328766" lon="112.00801075241885">
        <ele>1142.0</ele>
        <time>2018-11-25T08:53:18.655000Z</time>
      </trkpt>
      <trkpt lat="37.83794594756275" lon="112.00809377754008">
        <ele>1150.0</ele>
        <time>2018-11-25T08:53:24.555000Z</time>
      </trkpt>
      <trkpt lat="37.838176210932424" lon="112.00820765249723">
        <ele>1151.0</ele>
        <time>2018-11-25T08:53:33.555000Z</time>
      </trkpt>
      <trkpt lat="37.83843761308738" lon="112.00827197148126">
        <ele>1150.0</ele>
        <time>2018-11-25T08:53:42.555000Z</time>
      </trkpt>
      <trkpt lat="37.8387912514352" lon="112.00821469973599">
        <ele>1147.0</ele>
        <time>2018-11-25T08:53:54.555000Z</time>
      </trkpt>
      <trkpt lat="37.83909132971538" lon="112.00819616827647">
        <ele>1143.0</ele>
        <time>2018-11-25T08:54:03.555000Z</time>
      </trkpt>
      <trkpt lat="37.83938034375081" lon="112.00816320807292">
        <ele>1143.0</ele>
        <time>2018-11-25T08:54:12.555000Z</time>
      </trkpt>
      <trkpt lat="37.8394704822306" lon="112.00813958788413">
        <ele>1144.0</ele>
        <time>2018-11-25T08:54:15.655000Z</time>
      </trkpt>
      <trkpt lat="37.839776897808534" lon="112.00808288733477">
        <ele>1137.0</ele>
        <time>2018-11-25T08:54:27.555000Z</time>
      </trkpt>
      <trkpt lat="37.84006406493733" lon="112.00804203521714">
        <ele>1135.0</ele>
        <time>2018-11-25T08:54:36.555000Z</time>
      </trkpt>
      <trkpt lat="37.8401614096793" lon="112.00802984218386">
        <ele>1135.0</ele>
        <time>2018-11-25T08:54:39.555000Z</time>
      </trkpt>
      <trkpt lat="37.840462506091384" lon="112.00808037267274">
        <ele>1135.0</ele>
        <time>2018-11-25T08:54:48.555000Z</time>
      </trkpt>
      <trkpt lat="37.84073633631979" lon="112.00811752034126">
        <ele>1136.0</ele>
        <time>2018-11-25T08:54:57.555000Z</time>
      </trkpt>
      <trkpt lat="37.84101513906299" lon="112.00816633772641">
        <ele>1137.0</ele>
        <time>2018-11-25T08:55:06.555000Z</time>
      </trkpt>
      <trkpt lat="37.841288437042714" lon="112.00816291640066">
        <ele>1136.0</ele>
        <time>2018-11-25T08:55:15.555000Z</time>
      </trkpt>
      <trkpt lat="37.841651990653176" lon="112.00805738326049">
        <ele>1136.0</ele>
        <time>2018-11-25T08:55:27.655000Z</time>
      </trkpt>
      <trkpt lat="37.84184124327007" lon="112.00798209668042">
        <ele>1139.0</ele>
        <time>2018-11-25T08:55:33.555000Z</time>
      </trkpt>
      <trkpt lat="37.84191567058155" lon="112.00792739297388">
        <ele>1135.0</ele>
        <time>2018-11-25T08:55:36.555000Z</time>
      </trkpt>
      <trkpt lat="37.84197622534729" lon="112.00789989060686">
        <ele>1134.0</ele>
        <time>2018-11-25T08:55:39.555000Z</time>
      </trkpt>
      <trkpt lat="37.84209115641573" lon="112.0078989332176">
        <ele>1133.0</ele>
        <time>2018-11-25T08:55:42.555000Z</time>
      </trkpt>
      <trkpt lat="37.84218003759077" lon="112.00787268933722">
        <ele>1131.0</ele>
        <time>2018-11-25T08:55:45.555000Z</time>
      </trkpt>
      <trkpt lat="37.84224287654196" lon="112.00780818049378">
        <ele>1129.0</ele>
        <time>2018-11-25T08:55:48.555000Z</time>
      </trkpt>
      <trkpt lat="37.84241946036026" lon="112.00771751700556">
        <ele>1128.0</ele>
        <time>2018-11-25T08:55:54.555000Z</time>
      </trkpt>
      <trkpt lat="37.842713338285655" lon="112.00745807075167">
        <ele>1127.0</ele>
        <time>2018-11-25T08:56:06.555000Z</time>
      </trkpt>
      <trkpt lat="37.8428359202452" lon="112.00726049364553">
        <ele>1129.0</ele>
        <time>2018-11-25T08:56:12.555000Z</time>
      </trkpt>
      <trkpt lat="37.84302036305252" lon="112.00709422900287">
        <ele>1130.0</ele>
        <time>2018-11-25T08:56:18.555000Z</time>
      </trkpt>
      <trkpt lat="37.84328578129294" lon="112.00691884322148">
        <ele>1128.0</ele>
        <time>2018-11-25T08:56:27.555000Z</time>
      </trkpt>
      <trkpt lat="37.84353561820876" lon="112.00671735238835">
        <ele>1134.0</ele>
        <time>2018-11-25T08:56:36.555000Z</time>
      </trkpt>
      <trkpt lat="37.843629340392674" lon="112.00667706481887">
        <ele>1134.0</ele>
        <time>2018-11-25T08:56:39.555000Z</time>
      </trkpt>
      <trkpt lat="37.84387694779249" lon="112.0064492258958">
        <ele>1136.0</ele>
        <time>2018-11-25T08:56:48.555000Z</time>
      </trkpt>
      <trkpt lat="37.84413552049191" lon="112.00633305577672">
        <ele>1134.0</ele>
        <time>2018-11-25T08:56:57.555000Z</time>
      </trkpt>
      <trkpt lat="37.84445919650203" lon="112.00615905134691">
        <ele>1134.0</ele>
        <time>2018-11-25T08:57:09.555000Z</time>
      </trkpt>
      <trkpt lat="37.84455210182505" lon="112.00611984542886">
        <ele>1134.0</ele>
        <time>2018-11-25T08:57:12.555000Z</time>
      </trkpt>
      <trkpt lat="37.844848409363635" lon="112.00619874041031">
        <ele>1131.0</ele>
        <time>2018-11-25T08:57:21.555000Z</time>
      </trkpt>
      <trkpt lat="37.84513727187318" lon="112.00622681814927">
        <ele>1134.0</ele>
        <time>2018-11-25T08:57:30.555000Z</time>
      </trkpt>
      <trkpt lat="37.84531211908001" lon="112.00627774802942">
        <ele>1135.0</ele>
        <time>2018-11-25T08:57:36.555000Z</time>
      </trkpt>
      <trkpt lat="37.84539387005864" lon="112.00632450641896">
        <ele>1132.0</ele>
        <time>2018-11-25T08:57:39.655000Z</time>
      </trkpt>
      <trkpt lat="37.84569704792508" lon="112.00640940249923">
        <ele>1135.0</ele>
        <time>2018-11-25T08:57:48.655000Z</time>
      </trkpt>
      <trkpt lat="37.84600426422527" lon="112.00653946356407">
        <ele>1131.0</ele>
        <time>2018-11-25T08:58:00.555000Z</time>
      </trkpt>
      <trkpt lat="37.84627003817734" lon="112.00661100462983">
        <ele>1126.0</ele>
        <time>2018-11-25T08:58:09.555000Z</time>
      </trkpt>
      <trkpt lat="37.8465512626561" lon="112.0066483563728">
        <ele>1131.0</ele>
        <time>2018-11-25T08:58:18.555000Z</time>
      </trkpt>
      <trkpt lat="37.84686633319714" lon="112.00668370679794">
        <ele>1131.0</ele>
        <time>2018-11-25T08:58:27.555000Z</time>
      </trkpt>
      <trkpt lat="37.847171866493476" lon="112.00671775576113">
        <ele>1135.0</ele>
        <time>2018-11-25T08:58:36.555000Z</time>
      </trkpt>
      <trkpt lat="37.84737291895502" lon="112.00671020329911">
        <ele>1136.0</ele>
        <time>2018-11-25T08:58:42.555000Z</time>
      </trkpt>
      <trkpt lat="37.847666532980725" lon="112.0067826448983">
        <ele>1131.0</ele>
        <time>2018-11-25T08:58:51.555000Z</time>
      </trkpt>
      <trkpt lat="37.847944637019616" lon="112.00680883745696">
        <ele>1128.0</ele>
        <time>2018-11-25T08:59:00.555000Z</time>
      </trkpt>
      <trkpt lat="37.84821666857804" lon="112.00682471095053">
        <ele>1131.0</ele>
        <time>2018-11-25T08:59:09.555000Z</time>
      </trkpt>
      <trkpt lat="37.84829600346801" lon="112.00684551446435">
        <ele>1129.0</ele>
        <time>2018-11-25T08:59:12.555000Z</time>
      </trkpt>
      <trkpt lat="37.848419497802446" lon="112.00698870356426">
        <ele>1126.0</ele>
        <time>2018-11-25T08:59:18.655000Z</time>
      </trkpt>
      <trkpt lat="37.84852426281743" lon="112.00715817715998">
        <ele>1124.0</ele>
        <time>2018-11-25T08:59:24.555000Z</time>
      </trkpt>
      <trkpt lat="37.84858753446742" lon="112.00723061355617">
        <ele>1126.0</ele>
        <time>2018-11-25T08:59:27.555000Z</time>
      </trkpt>
      <trkpt lat="37.848750043675956" lon="112.00750685499949">
        <ele>1129.0</ele>
        <time>2018-11-25T08:59:36.555000Z</time>
      </trkpt>
      <trkpt lat="37.8488715753725" lon="112.0076558525851">
        <ele>1124.0</ele>
        <time>2018-11-25T08:59:42.555000Z</time>
      </trkpt>
      <trkpt lat="37.849051897983" lon="112.007961051006">
        <ele>1123.0</ele>
        <time>2018-11-25T08:59:51.555000Z</time>
      </trkpt>
      <trkpt lat="37.849230075131466" lon="112.00821178168016">
        <ele>1133.0</ele>
        <time>2018-11-25T09:00:00.555000Z</time>
      </trkpt>
      <trkpt lat="37.84925975752238" lon="112.00829784383697">
        <ele>1127.0</ele>
        <time>2018-11-25T09:00:03.555000Z</time>
      </trkpt>
      <trkpt lat="37.84934933319572" lon="112.00839037851432">
        <ele>1124.0</ele>
        <time>2018-11-25T09:00:06.555000Z</time>
      </trkpt>
      <trkpt lat="37.84957973092824" lon="112.00875929349107">
        <ele>1114.0</ele>
        <time>2018-11-25T09:00:18.555000Z</time>
      </trkpt>
      <trkpt lat="37.84969398360994" lon="112.00897191540372">
        <ele>1113.0</ele>
        <time>2018-11-25T09:00:24.555000Z</time>
      </trkpt>
      <trkpt lat="37.84974614813" lon="112.0090953284173">
        <ele>1112.0</ele>
        <time>2018-11-25T09:00:27.555000Z</time>
      </trkpt>
      <trkpt lat="37.849881627572415" lon="112.0092759702176">
        <ele>1112.0</ele>
        <time>2018-11-25T09:00:33.555000Z</time>
      </trkpt>
      <trkpt lat="37.84992394038748" lon="112.00938890653353">
        <ele>1115.0</ele>
        <time>2018-11-25T09:00:36.555000Z</time>
      </trkpt>
      <trkpt lat="37.849973812849704" lon="112.00973543562128">
        <ele>1115.0</ele>
        <time>2018-11-25T09:00:45.555000Z</time>
      </trkpt>
      <trkpt lat="37.849980313520646" lon="112.00983612508806">
        <ele>1114.0</ele>
        <time>2018-11-25T09:00:48.555000Z</time>
      </trkpt>
      <trkpt lat="37.8499644793975" lon="112.00994500750473">
        <ele>1116.0</ele>
        <time>2018-11-25T09:00:51.555000Z</time>
      </trkpt>
      <trkpt lat="37.84994252955438" lon="112.01008145273697">
        <ele>1114.0</ele>
        <time>2018-11-25T09:00:54.555000Z</time>
      </trkpt>
      <trkpt lat="37.84992046944201" lon="112.01019277221849">
        <ele>1113.0</ele>
        <time>2018-11-25T09:00:57.555000Z</time>
      </trkpt>
      <trkpt lat="37.84990773284253" lon="112.01039883462008">
        <ele>1109.0</ele>
        <time>2018-11-25T09:01:03.555000Z</time>
      </trkpt>
      <trkpt lat="37.84985848946044" lon="112.01085807554044">
        <ele>1107.0</ele>
        <time>2018-11-25T09:01:15.555000Z</time>
      </trkpt>
      <trkpt lat="37.84982123482097" lon="112.01128345211399">
        <ele>1107.0</ele>
        <time>2018-11-25T09:01:24.555000Z</time>
      </trkpt>
      <trkpt lat="37.84978906096257" lon="112.01165601995103">
        <ele>1105.0</ele>
        <time>2018-11-25T09:01:33.655000Z</time>
      </trkpt>
      <trkpt lat="37.849752078394125" lon="112.01208990436328">
        <ele>1111.0</ele>
        <time>2018-11-25T09:01:45.555000Z</time>
      </trkpt>
      <trkpt lat="37.84973940305694" lon="112.01243810646575">
        <ele>1108.0</ele>
        <time>2018-11-25T09:01:54.655000Z</time>
      </trkpt>
      <trkpt lat="37.84974484042888" lon="112.01276868729879">
        <ele>1107.0</ele>
        <time>2018-11-25T09:02:03.555000Z</time>
      </trkpt>
      <trkpt lat="37.8496877168099" lon="112.01313673043818">
        <ele>1102.0</ele>
        <time>2018-11-25T09:02:12.555000Z</time>
      </trkpt>
      <trkpt lat="37.84966919597422" lon="112.01353098258214">
        <ele>1105.0</ele>
        <time>2018-11-25T09:02:21.655000Z</time>
      </trkpt>
      <trkpt lat="37.849631721180955" lon="112.01387577861556">
        <ele>1102.0</ele>
        <time>2018-11-25T09:02:30.555000Z</time>
      </trkpt>
      <trkpt lat="37.84959357910518" lon="112.01425099318757">
        <ele>1099.0</ele>
        <time>2018-11-25T09:02:39.555000Z</time>
      </trkpt>
      <trkpt lat="37.849546100484936" lon="112.01467401739298">
        <ele>1097.0</ele>
        <time>2018-11-25T09:02:48.555000Z</time>
      </trkpt>
      <trkpt lat="37.849506032371885" lon="112.01502897842325">
        <ele>1099.0</ele>
        <time>2018-11-25T09:02:57.555000Z</time>
      </trkpt>
      <trkpt lat="37.84948599966727" lon="112.01537984053817">
        <ele>1094.0</ele>
        <time>2018-11-25T09:03:06.555000Z</time>
      </trkpt>
      <trkpt lat="37.849436629595026" lon="112.01574910673595">
        <ele>1093.0</ele>
        <time>2018-11-25T09:03:15.555000Z</time>
      </trkpt>
      <trkpt lat="37.849387354702195" lon="112.01613367117159">
        <ele>1092.0</ele>
        <time>2018-11-25T09:03:24.555000Z</time>
      </trkpt>
      <trkpt lat="37.84936839662296" lon="112.01627284257361">
        <ele>1096.0</ele>
        <time>2018-11-25T09:03:27.555000Z</time>
      </trkpt>
      <trkpt lat="37.849354664417305" lon="112.01668766236524">
        <ele>1098.0</ele>
        <time>2018-11-25T09:03:36.555000Z</time>
      </trkpt>
      <trkpt lat="37.84933258620134" lon="112.01693163373912">
        <ele>1103.0</ele>
        <time>2018-11-25T09:03:48.555000Z</time>
      </trkpt>
      <trkpt lat="37.84933692509769" lon="112.0167721053782">
        <ele>1106.0</ele>
        <time>2018-11-25T09:03:51.555000Z</time>
      </trkpt>
      <trkpt lat="37.84938472726492" lon="112.01653447229">
        <ele>1108.0</ele>
        <time>2018-11-25T09:04:00.555000Z</time>
      </trkpt>
      <trkpt lat="37.849421650573824" lon="112.01616370803875">
        <ele>1106.0</ele>
        <time>2018-11-25T09:04:09.555000Z</time>
      </trkpt>
      <trkpt lat="37.84945834803992" lon="112.015930945212">
        <ele>1108.0</ele>
        <time>2018-11-25T09:04:15.655000Z</time>
      </trkpt>
      <trkpt lat="37.84947552523421" lon="112.01551972996918">
        <ele>1105.0</ele>
        <time>2018-11-25T09:04:24.555000Z</time>
      </trkpt>
      <trkpt lat="37.849497617181996" lon="112.01515216857317">
        <ele>1104.0</ele>
        <time>2018-11-25T09:04:33.555000Z</time>
      </trkpt>
      <trkpt lat="37.84952887553581" lon="112.01476073577912">
        <ele>1102.0</ele>
        <time>2018-11-25T09:04:42.555000Z</time>
      </trkpt>
      <trkpt lat="37.84951844854371" lon="112.01465104288711">
        <ele>1100.0</ele>
        <time>2018-11-25T09:04:45.555000Z</time>
      </trkpt>
      <trkpt lat="37.84952735596001" lon="112.0145271206562">
        <ele>1105.0</ele>
        <time>2018-11-25T09:04:48.555000Z</time>
      </trkpt>
      <trkpt lat="37.849589949492675" lon="112.01433304650996">
        <ele>1108.0</ele>
        <time>2018-11-25T09:04:54.555000Z</time>
      </trkpt>
      <trkpt lat="37.84960789155816" lon="112.01388005114049">
        <ele>1108.0</ele>
        <time>2018-11-25T09:05:06.555000Z</time>
      </trkpt>
      <trkpt lat="37.84961788732435" lon="112.01362950087444">
        <ele>1106.0</ele>
        <time>2018-11-25T09:05:12.555000Z</time>
      </trkpt>
      <trkpt lat="37.84963444723404" lon="112.01350655921638">
        <ele>1107.0</ele>
        <time>2018-11-25T09:05:15.555000Z</time>
      </trkpt>
      <trkpt lat="37.849688305518" lon="112.01327898242207">
        <ele>1109.0</ele>
        <time>2018-11-25T09:05:21.655000Z</time>
      </trkpt>
      <trkpt lat="37.84968317562879" lon="112.01292378026696">
        <ele>1108.0</ele>
        <time>2018-11-25T09:05:30.555000Z</time>
      </trkpt>
      <trkpt lat="37.84967899387804" lon="112.01280505315461">
        <ele>1112.0</ele>
        <time>2018-11-25T09:05:33.555000Z</time>
      </trkpt>
      <trkpt lat="37.8496814503136" lon="112.01249903916113">
        <ele>1111.0</ele>
        <time>2018-11-25T09:05:42.555000Z</time>
      </trkpt>
      <trkpt lat="37.84974423274118" lon="112.01221053279293">
        <ele>1106.0</ele>
        <time>2018-11-25T09:05:51.555000Z</time>
      </trkpt>
      <trkpt lat="37.849761015668314" lon="112.01209814621319">
        <ele>1108.0</ele>
        <time>2018-11-25T09:05:54.555000Z</time>
      </trkpt>
      <trkpt lat="37.849800392015396" lon="112.01167731308387">
        <ele>1106.0</ele>
        <time>2018-11-25T09:06:06.555000Z</time>
      </trkpt>
      <trkpt lat="37.84982706482667" lon="112.01145290212445">
        <ele>1106.0</ele>
        <time>2018-11-25T09:06:12.555000Z</time>
      </trkpt>
      <trkpt lat="37.84986104656552" lon="112.01127212791611">
        <ele>1106.0</ele>
        <time>2018-11-25T09:06:18.555000Z</time>
      </trkpt>
      <trkpt lat="37.84986549055883" lon="112.01097825318335">
        <ele>1110.0</ele>
        <time>2018-11-25T09:06:27.555000Z</time>
      </trkpt>
      <trkpt lat="37.84984621537508" lon="112.01089072715591">
        <ele>1111.0</ele>
        <time>2018-11-25T09:06:30.555000Z</time>
      </trkpt>
      <trkpt lat="37.849839956129365" lon="112.01080514002558">
        <ele>1113.0</ele>
        <time>2018-11-25T09:06:33.555000Z</time>
      </trkpt>
      <trkpt lat="37.849882210649234" lon="112.01057581726181">
        <ele>1113.0</ele>
        <time>2018-11-25T09:06:39.555000Z</time>
      </trkpt>
      <trkpt lat="37.849877224774055" lon="112.01021580645171">
        <ele>1109.0</ele>
        <time>2018-11-25T09:06:51.555000Z</time>
      </trkpt>
      <trkpt lat="37.849897829135074" lon="112.0098030093249">
        <ele>1106.0</ele>
        <time>2018-11-25T09:07:03.555000Z</time>
      </trkpt>
      <trkpt lat="37.849843045594454" lon="112.00938703048361">
        <ele>1103.0</ele>
        <time>2018-11-25T09:07:15.555000Z</time>
      </trkpt>
      <trkpt lat="37.849785466727724" lon="112.00915852457523">
        <ele>1106.0</ele>
        <time>2018-11-25T09:07:21.555000Z</time>
      </trkpt>
      <trkpt lat="37.849614552652874" lon="112.00886922675073">
        <ele>1108.0</ele>
        <time>2018-11-25T09:07:33.555000Z</time>
      </trkpt>
      <trkpt lat="37.84955526782867" lon="112.0087958776619">
        <ele>1110.0</ele>
        <time>2018-11-25T09:07:36.555000Z</time>
      </trkpt>
      <trkpt lat="37.84945748619569" lon="112.00858751124468">
        <ele>1108.0</ele>
        <time>2018-11-25T09:07:45.555000Z</time>
      </trkpt>
      <trkpt lat="37.84929739556803" lon="112.00838747579812">
        <ele>1110.0</ele>
        <time>2018-11-25T09:07:54.555000Z</time>
      </trkpt>
      <trkpt lat="37.84920773726829" lon="112.00822115538335">
        <ele>1114.0</ele>
        <time>2018-11-25T09:08:00.555000Z</time>
      </trkpt>
      <trkpt lat="37.84909927614835" lon="112.0080810188446">
        <ele>1115.0</ele>
        <time>2018-11-25T09:08:06.655000Z</time>
      </trkpt>
      <trkpt lat="37.84900546769031" lon="112.00790001630496">
        <ele>1110.0</ele>
        <time>2018-11-25T09:08:12.555000Z</time>
      </trkpt>
      <trkpt lat="37.848845589066634" lon="112.0076695169106">
        <ele>1116.0</ele>
        <time>2018-11-25T09:08:21.555000Z</time>
      </trkpt>
      <trkpt lat="37.84872654113863" lon="112.00754121705668">
        <ele>1118.0</ele>
        <time>2018-11-25T09:08:27.555000Z</time>
      </trkpt>
      <trkpt lat="37.84852025527332" lon="112.00723920157948">
        <ele>1121.0</ele>
        <time>2018-11-25T09:08:39.555000Z</time>
      </trkpt>
      <trkpt lat="37.848410748138996" lon="112.00706407337518">
        <ele>1122.0</ele>
        <time>2018-11-25T09:08:45.555000Z</time>
      </trkpt>
      <trkpt lat="37.848300660743675" lon="112.00692268864091">
        <ele>1122.0</ele>
        <time>2018-11-25T09:08:51.655000Z</time>
      </trkpt>
      <trkpt lat="37.84815078454676" lon="112.00683809140179">
        <ele>1121.0</ele>
        <time>2018-11-25T09:08:57.655000Z</time>
      </trkpt>
      <trkpt lat="37.84797070680003" lon="112.00679577467137">
        <ele>1123.0</ele>
        <time>2018-11-25T09:09:03.555000Z</time>
      </trkpt>
      <trkpt lat="37.847813354783334" lon="112.00681739801763">
        <ele>1127.0</ele>
        <time>2018-11-25T09:09:09.555000Z</time>
      </trkpt>
      <trkpt lat="37.847552359455655" lon="112.00681526666055">
        <ele>1132.0</ele>
        <time>2018-11-25T09:09:18.655000Z</time>
      </trkpt>
      <trkpt lat="37.847232324041386" lon="112.00674767765604">
        <ele>1131.0</ele>
        <time>2018-11-25T09:09:30.655000Z</time>
      </trkpt>
      <trkpt lat="37.847144178622564" lon="112.0067206188932">
        <ele>1132.0</ele>
        <time>2018-11-25T09:09:33.555000Z</time>
      </trkpt>
      <trkpt lat="37.84705335304768" lon="112.00672370634254">
        <ele>1131.0</ele>
        <time>2018-11-25T09:09:36.555000Z</time>
      </trkpt>
      <trkpt lat="37.84678385475229" lon="112.00668328425321">
        <ele>1133.0</ele>
        <time>2018-11-25T09:09:45.555000Z</time>
      </trkpt>
      <trkpt lat="37.84669093750691" lon="112.00667305449103">
        <ele>1134.0</ele>
        <time>2018-11-25T09:09:48.655000Z</time>
      </trkpt>
      <trkpt lat="37.84660067704583" lon="112.00663573406699">
        <ele>1130.0</ele>
        <time>2018-11-25T09:09:51.655000Z</time>
      </trkpt>
      <trkpt lat="37.84651247966819" lon="112.00662646101117">
        <ele>1130.0</ele>
        <time>2018-11-25T09:09:54.655000Z</time>
      </trkpt>
      <trkpt lat="37.84642786462701" lon="112.00663703507385">
        <ele>1129.0</ele>
        <time>2018-11-25T09:09:57.655000Z</time>
      </trkpt>
      <trkpt lat="37.846279954959236" lon="112.00661399390269">
        <ele>1126.0</ele>
        <time>2018-11-25T09:10:03.555000Z</time>
      </trkpt>
      <trkpt lat="37.84621555036409" lon="112.00662713657911">
        <ele>1124.0</ele>
        <time>2018-11-25T09:10:06.555000Z</time>
      </trkpt>
      <trkpt lat="37.84611465106324" lon="112.00661615905211">
        <ele>1124.0</ele>
        <time>2018-11-25T09:10:12.555000Z</time>
      </trkpt>
      <trkpt lat="37.846019442387636" lon="112.00657389737168">
        <ele>1130.0</ele>
        <time>2018-11-25T09:10:18.555000Z</time>
      </trkpt>
      <trkpt lat="37.84592991393246" lon="112.0066172653292">
        <ele>1130.0</ele>
        <time>2018-11-25T09:10:27.555000Z</time>
      </trkpt>
      <trkpt lat="37.84596217323986" lon="112.0065490285467">
        <ele>1128.0</ele>
        <time>2018-11-25T09:10:30.555000Z</time>
      </trkpt>
      <trkpt lat="37.84601165212512" lon="112.00651847311936">
        <ele>1131.0</ele>
        <time>2018-11-25T09:10:36.555000Z</time>
      </trkpt>
      <trkpt lat="37.84599130204493" lon="112.0064157006798">
        <ele>1131.0</ele>
        <time>2018-11-25T09:10:42.555000Z</time>
      </trkpt>
      <trkpt lat="37.84583291213187" lon="112.0064518761868">
        <ele>1132.0</ele>
        <time>2018-11-25T09:10:51.555000Z</time>
      </trkpt>
      <trkpt lat="37.84572248069069" lon="112.00641191063004">
        <ele>1130.0</ele>
        <time>2018-11-25T09:10:57.555000Z</time>
      </trkpt>
      <trkpt lat="37.845661710191045" lon="112.00641083663726">
        <ele>1132.0</ele>
        <time>2018-11-25T09:11:03.555000Z</time>
      </trkpt>
      <trkpt lat="37.845594082220124" lon="112.00634380779691">
        <ele>1133.0</ele>
        <time>2018-11-25T09:11:09.555000Z</time>
      </trkpt>
      <trkpt lat="37.845520907168904" lon="112.00631732615093">
        <ele>1137.0</ele>
        <time>2018-11-25T09:11:15.555000Z</time>
      </trkpt>
      <trkpt lat="37.84537580886371" lon="112.0062995030059">
        <ele>1135.0</ele>
        <time>2018-11-25T09:11:24.555000Z</time>
      </trkpt>
      <trkpt lat="37.84525956526732" lon="112.00625735088553">
        <ele>1131.0</ele>
        <time>2018-11-25T09:11:33.555000Z</time>
      </trkpt>
      <trkpt lat="37.84521229541718" lon="112.0062792129981">
        <ele>1135.0</ele>
        <time>2018-11-25T09:11:36.555000Z</time>
      </trkpt>
      <trkpt lat="37.84513839065211" lon="112.00625306985098">
        <ele>1136.0</ele>
        <time>2018-11-25T09:11:42.655000Z</time>
      </trkpt>
      <trkpt lat="37.845096895781914" lon="112.00622307144029">
        <ele>1133.0</ele>
        <time>2018-11-25T09:11:45.555000Z</time>
      </trkpt>
      <trkpt lat="37.844882113064884" lon="112.00617140700564">
        <ele>1132.0</ele>
        <time>2018-11-25T09:12:00.555000Z</time>
      </trkpt>
      <trkpt lat="37.84482980715779" lon="112.00613617351371">
        <ele>1135.0</ele>
        <time>2018-11-25T09:12:06.555000Z</time>
      </trkpt>
      <trkpt lat="37.84473984699343" lon="112.00608900822766">
        <ele>1132.0</ele>
        <time>2018-11-25T09:12:12.655000Z</time>
      </trkpt>
      <trkpt lat="37.84457711294716" lon="112.00610666138284">
        <ele>1130.0</ele>
        <time>2018-11-25T09:12:21.555000Z</time>
      </trkpt>
      <trkpt lat="37.84445005987538" lon="112.00610907574537">
        <ele>1132.0</ele>
        <time>2018-11-25T09:12:27.555000Z</time>
      </trkpt>
      <trkpt lat="37.8442199246464" lon="112.00624594847822">
        <ele>1136.0</ele>
        <time>2018-11-25T09:12:36.555000Z</time>
      </trkpt>
      <trkpt lat="37.8440193837663" lon="112.0063751514746">
        <ele>1133.0</ele>
        <time>2018-11-25T09:12:45.555000Z</time>
      </trkpt>
      <trkpt lat="37.84372483170057" lon="112.00655471293807">
        <ele>1130.0</ele>
        <time>2018-11-25T09:12:57.555000Z</time>
      </trkpt>
      <trkpt lat="37.843588251089884" lon="112.00665548756983">
        <ele>1136.0</ele>
        <time>2018-11-25T09:13:03.555000Z</time>
      </trkpt>
      <trkpt lat="37.84352902337702" lon="112.00671897867501">
        <ele>1139.0</ele>
        <time>2018-11-25T09:13:06.555000Z</time>
      </trkpt>
      <trkpt lat="37.84332689330765" lon="112.00684705717157">
        <ele>1141.0</ele>
        <time>2018-11-25T09:13:15.555000Z</time>
      </trkpt>
      <trkpt lat="37.84314687000587" lon="112.00702293128924">
        <ele>1139.0</ele>
        <time>2018-11-25T09:13:24.555000Z</time>
      </trkpt>
      <trkpt lat="37.84289787434037" lon="112.0072009408359">
        <ele>1134.0</ele>
        <time>2018-11-25T09:13:36.555000Z</time>
      </trkpt>
      <trkpt lat="37.842627033409066" lon="112.00746487833965">
        <ele>1129.0</ele>
        <time>2018-11-25T09:13:51.655000Z</time>
      </trkpt>
      <trkpt lat="37.84248209063876" lon="112.00756659690015">
        <ele>1125.0</ele>
        <time>2018-11-25T09:13:57.555000Z</time>
      </trkpt>
      <trkpt lat="37.842346996657696" lon="112.00767627831118">
        <ele>1129.0</ele>
        <time>2018-11-25T09:14:03.555000Z</time>
      </trkpt>
      <trkpt lat="37.84226289976232" lon="112.00769681485538">
        <ele>1128.0</ele>
        <time>2018-11-25T09:14:06.555000Z</time>
      </trkpt>
      <trkpt lat="37.84211902248224" lon="112.00777513688804">
        <ele>1129.0</ele>
        <time>2018-11-25T09:14:12.555000Z</time>
      </trkpt>
      <trkpt lat="37.84189227566008" lon="112.00793731707607">
        <ele>1129.0</ele>
        <time>2018-11-25T09:14:21.655000Z</time>
      </trkpt>
      <trkpt lat="37.84161344182035" lon="112.00806780075486">
        <ele>1138.0</ele>
        <time>2018-11-25T09:14:30.555000Z</time>
      </trkpt>
      <trkpt lat="37.84137653114364" lon="112.00816501152711">
        <ele>1136.0</ele>
        <time>2018-11-25T09:14:39.555000Z</time>
      </trkpt>
      <trkpt lat="37.84103862627576" lon="112.00817236157258">
        <ele>1134.0</ele>
        <time>2018-11-25T09:14:51.555000Z</time>
      </trkpt>
      <trkpt lat="37.840773491563915" lon="112.0081003533968">
        <ele>1134.0</ele>
        <time>2018-11-25T09:15:00.555000Z</time>
      </trkpt>
      <trkpt lat="37.84042235355884" lon="112.00799923471375">
        <ele>1138.0</ele>
        <time>2018-11-25T09:15:12.555000Z</time>
      </trkpt>
      <trkpt lat="37.84011692049008" lon="112.00800873264194">
        <ele>1134.0</ele>
        <time>2018-11-25T09:15:24.555000Z</time>
      </trkpt>
      <trkpt lat="37.83998549107393" lon="112.00799978767934">
        <ele>1135.0</ele>
        <time>2018-11-25T09:15:30.555000Z</time>
      </trkpt>
      <trkpt lat="37.839924416583344" lon="112.0080271350411">
        <ele>1136.0</ele>
        <time>2018-11-25T09:15:33.555000Z</time>
      </trkpt>
      <trkpt lat="37.839665964006315" lon="112.00805306694248">
        <ele>1138.0</ele>
        <time>2018-11-25T09:15:42.555000Z</time>
      </trkpt>
      <trkpt lat="37.8393839058299" lon="112.00806590780635">
        <ele>1145.0</ele>
        <time>2018-11-25T09:15:51.555000Z</time>
      </trkpt>
      <trkpt lat="37.83913569673284" lon="112.00813974544347">
        <ele>1141.0</ele>
        <time>2018-11-25T09:16:00.555000Z</time>
      </trkpt>
      <trkpt lat="37.83886610177005" lon="112.00815833212653">
        <ele>1139.0</ele>
        <time>2018-11-25T09:16:09.555000Z</time>
      </trkpt>
      <trkpt lat="37.83879017958587" lon="112.00814499931872">
        <ele>1139.0</ele>
        <time>2018-11-25T09:16:12.555000Z</time>
      </trkpt>
      <trkpt lat="37.83869096572142" lon="112.0081426165334">
        <ele>1140.0</ele>
        <time>2018-11-25T09:16:15.555000Z</time>
      </trkpt>
      <trkpt lat="37.83843595171008" lon="112.00818530473488">
        <ele>1144.0</ele>
        <time>2018-11-25T09:16:24.555000Z</time>
      </trkpt>
      <trkpt lat="37.838212398150915" lon="112.00817334422212">
        <ele>1144.0</ele>
        <time>2018-11-25T09:16:33.555000Z</time>
      </trkpt>
      <trkpt lat="37.8380538021117" lon="112.0081118591035">
        <ele>1145.0</ele>
        <time>2018-11-25T09:16:39.555000Z</time>
      </trkpt>
      <trkpt lat="37.837785102568056" lon="112.00802731065866">
        <ele>1154.0</ele>
        <time>2018-11-25T09:16:48.555000Z</time>
      </trkpt>
      <trkpt lat="37.837698635788904" lon="112.00799450113533">
        <ele>1152.0</ele>
        <time>2018-11-25T09:16:51.555000Z</time>
      </trkpt>
      <trkpt lat="37.837627357075704" lon="112.00794029490835">
        <ele>1151.0</ele>
        <time>2018-11-25T09:16:54.555000Z</time>
      </trkpt>
      <trkpt lat="37.837532209505255" lon="112.00788955655565">
        <ele>1151.0</ele>
        <time>2018-11-25T09:16:57.655000Z</time>
      </trkpt>
      <trkpt lat="37.83727823611185" lon="112.00781282531898">
        <ele>1147.0</ele>
        <time>2018-11-25T09:17:06.555000Z</time>
      </trkpt>
      <trkpt lat="37.83720462584166" lon="112.00777474600883">
        <ele>1146.0</ele>
        <time>2018-11-25T09:17:09.655000Z</time>
      </trkpt>
      <trkpt lat="37.83714619338942" lon="112.00772024683592">
        <ele>1144.0</ele>
        <time>2018-11-25T09:17:12.555000Z</time>
      </trkpt>
      <trkpt lat="37.836904539104076" lon="112.0076620440818">
        <ele>1150.0</ele>
        <time>2018-11-25T09:17:24.555000Z</time>
      </trkpt>
      <trkpt lat="37.836851322924645" lon="112.00765609501586">
        <ele>1151.0</ele>
        <time>2018-11-25T09:17:27.555000Z</time>
      </trkpt>
      <trkpt lat="37.83677951392728" lon="112.00765029101206">
        <ele>1150.0</ele>
        <time>2018-11-25T09:17:33.555000Z</time>
      </trkpt>
      <trkpt lat="37.83668826634509" lon="112.00762116913964">
        <ele>1152.0</ele>
        <time>2018-11-25T09:17:39.555000Z</time>
      </trkpt>
      <trkpt lat="37.83664702407113" lon="112.00758587180576">
        <ele>1153.0</ele>
        <time>2018-11-25T09:17:42.555000Z</time>
      </trkpt>
      <trkpt lat="37.83644885051592" lon="112.0074278121278">
        <ele>1154.0</ele>
        <time>2018-11-25T09:17:57.555000Z</time>
      </trkpt>
      <trkpt lat="37.836385917974354" lon="112.00741580854795">
        <ele>1155.0</ele>
        <time>2018-11-25T09:18:03.555000Z</time>
      </trkpt>
      <trkpt lat="37.83631268027334" lon="112.00740818881255">
        <ele>1159.0</ele>
        <time>2018-11-25T09:18:09.555000Z</time>
      </trkpt>
      <trkpt lat="37.836179049776085" lon="112.00742023450277">
        <ele>1158.0</ele>
        <time>2018-11-25T09:18:18.555000Z</time>
      </trkpt>
      <trkpt lat="37.83594757362356" lon="112.00739423560682">
        <ele>1163.0</ele>
        <time>2018-11-25T09:18:33.555000Z</time>
      </trkpt>
      <trkpt lat="37.83589356908724" lon="112.00736883389078">
        <ele>1160.0</ele>
        <time>2018-11-25T09:18:36.555000Z</time>
      </trkpt>
      <trkpt lat="37.835771655450536" lon="112.00731877211923">
        <ele>1160.0</ele>
        <time>2018-11-25T09:18:42.555000Z</time>
      </trkpt>
      <trkpt lat="37.83568342069603" lon="112.00729711955718">
        <ele>1159.0</ele>
        <time>2018-11-25T09:18:48.555000Z</time>
      </trkpt>
      <trkpt lat="37.83556478451208" lon="112.00729653793063">
        <ele>1160.0</ele>
        <time>2018-11-25T09:18:57.555000Z</time>
      </trkpt>
      <trkpt lat="37.83563893067465" lon="112.00733861779007">
        <ele>1154.0</ele>
        <time>2018-11-25T09:19:03.555000Z</time>
      </trkpt>
      <trkpt lat="37.83591839038397" lon="112.0073990942523">
        <ele>1154.0</ele>
        <time>2018-11-25T09:19:12.555000Z</time>
      </trkpt>
      <trkpt lat="37.836193199553115" lon="112.00747238538408">
        <ele>1152.0</ele>
        <time>2018-11-25T09:19:21.555000Z</time>
      </trkpt>
      <trkpt lat="37.83654001719847" lon="112.00760209804314">
        <ele>1156.0</ele>
        <time>2018-11-25T09:19:33.555000Z</time>
      </trkpt>
      <trkpt lat="37.83684190090818" lon="112.00770263135794">
        <ele>1158.0</ele>
        <time>2018-11-25T09:19:42.555000Z</time>
      </trkpt>
      <trkpt lat="37.83716170109526" lon="112.00777932570237">
        <ele>1151.0</ele>
        <time>2018-11-25T09:19:54.555000Z</time>
      </trkpt>
      <trkpt lat="37.83745653589325" lon="112.00790572191293">
        <ele>1148.0</ele>
        <time>2018-11-25T09:20:06.555000Z</time>
      </trkpt>
      <trkpt lat="37.83776998984089" lon="112.00802862437718">
        <ele>1144.0</ele>
        <time>2018-11-25T09:20:18.555000Z</time>
      </trkpt>
      <trkpt lat="37.838033311511786" lon="112.00813092657597">
        <ele>1143.0</ele>
        <time>2018-11-25T09:20:27.555000Z</time>
      </trkpt>
      <trkpt lat="37.83830220743846" lon="112.00823554224527">
        <ele>1148.0</ele>
        <time>2018-11-25T09:20:36.555000Z</time>
      </trkpt>
      <trkpt lat="37.83839509911411" lon="112.00827036327489">
        <ele>1150.0</ele>
        <time>2018-11-25T09:20:39.555000Z</time>
      </trkpt>
      <trkpt lat="37.8384852910146" lon="112.00827514335451">
        <ele>1149.0</ele>
        <time>2018-11-25T09:20:42.555000Z</time>
      </trkpt>
      <trkpt lat="37.83867101396029" lon="112.00821913414708">
        <ele>1142.0</ele>
        <time>2018-11-25T09:20:48.555000Z</time>
      </trkpt>
      <trkpt lat="37.83877540921119" lon="112.00820186967665">
        <ele>1139.0</ele>
        <time>2018-11-25T09:20:51.555000Z</time>
      </trkpt>
      <trkpt lat="37.83886524207234" lon="112.00819257073147">
        <ele>1139.0</ele>
        <time>2018-11-25T09:20:54.555000Z</time>
      </trkpt>
      <trkpt lat="37.83913424151144" lon="112.00816405526663">
        <ele>1138.0</ele>
        <time>2018-11-25T09:21:03.555000Z</time>
      </trkpt>
      <trkpt lat="37.839230196170064" lon="112.0081399403497">
        <ele>1136.0</ele>
        <time>2018-11-25T09:21:06.555000Z</time>
      </trkpt>
      <trkpt lat="37.83956855892442" lon="112.00810323375741">
        <ele>1138.0</ele>
        <time>2018-11-25T09:21:18.555000Z</time>
      </trkpt>
      <trkpt lat="37.839911836507014" lon="112.00804312882046">
        <ele>1134.0</ele>
        <time>2018-11-25T09:21:30.555000Z</time>
      </trkpt>
      <trkpt lat="37.84020178334014" lon="112.00799851988357">
        <ele>1134.0</ele>
        <time>2018-11-25T09:21:39.555000Z</time>
      </trkpt>
      <trkpt lat="37.84030623723776" lon="112.00799192770519">
        <ele>1136.0</ele>
        <time>2018-11-25T09:21:42.555000Z</time>
      </trkpt>
      <trkpt lat="37.84057691376566" lon="112.00805286213874">
        <ele>1136.0</ele>
        <time>2018-11-25T09:21:51.555000Z</time>
      </trkpt>
      <trkpt lat="37.840670830526115" lon="112.00807087767764">
        <ele>1135.0</ele>
        <time>2018-11-25T09:21:54.555000Z</time>
      </trkpt>
      <trkpt lat="37.841014314236624" lon="112.00810849372336">
        <ele>1138.0</ele>
        <time>2018-11-25T09:22:06.555000Z</time>
      </trkpt>
      <trkpt lat="37.84111240353532" lon="112.00810525379866">
        <ele>1136.0</ele>
        <time>2018-11-25T09:22:09.555000Z</time>
      </trkpt>
      <trkpt lat="37.84139116258425" lon="112.00812389746264">
        <ele>1137.0</ele>
        <time>2018-11-25T09:22:18.555000Z</time>
      </trkpt>
      <trkpt lat="37.84146176257562" lon="112.00811464016834">
        <ele>1137.0</ele>
        <time>2018-11-25T09:22:21.555000Z</time>
      </trkpt>
      <trkpt lat="37.84154015352084" lon="112.00808163397247">
        <ele>1136.0</ele>
        <time>2018-11-25T09:22:24.555000Z</time>
      </trkpt>
      <trkpt lat="37.84185986700937" lon="112.0079573816716">
        <ele>1136.0</ele>
        <time>2018-11-25T09:22:36.555000Z</time>
      </trkpt>
      <trkpt lat="37.842089247484346" lon="112.00780921991486">
        <ele>1133.0</ele>
        <time>2018-11-25T09:22:45.555000Z</time>
      </trkpt>
      <trkpt lat="37.84224065736359" lon="112.00766287363892">
        <ele>1132.0</ele>
        <time>2018-11-25T09:22:51.555000Z</time>
      </trkpt>
      <trkpt lat="37.84256173475574" lon="112.0074560715032">
        <ele>1131.0</ele>
        <time>2018-11-25T09:23:03.555000Z</time>
      </trkpt>
      <trkpt lat="37.84287850522281" lon="112.00727544314644">
        <ele>1130.0</ele>
        <time>2018-11-25T09:23:15.555000Z</time>
      </trkpt>
      <trkpt lat="37.84296827217797" lon="112.0072101786646">
        <ele>1129.0</ele>
        <time>2018-11-25T09:23:18.555000Z</time>
      </trkpt>
      <trkpt lat="37.84320355644562" lon="112.00696918575673">
        <ele>1130.0</ele>
        <time>2018-11-25T09:23:27.555000Z</time>
      </trkpt>
      <trkpt lat="37.84348792194936" lon="112.00670118069428">
        <ele>1130.0</ele>
        <time>2018-11-25T09:23:39.555000Z</time>
      </trkpt>
      <trkpt lat="37.84373540247787" lon="112.0065524278438">
        <ele>1131.0</ele>
        <time>2018-11-25T09:23:48.655000Z</time>
      </trkpt>
      <trkpt lat="37.843972300170854" lon="112.00634637990963">
        <ele>1130.0</ele>
        <time>2018-11-25T09:23:57.555000Z</time>
      </trkpt>
      <trkpt lat="37.84423152408754" lon="112.00622491685017">
        <ele>1129.0</ele>
        <time>2018-11-25T09:24:06.655000Z</time>
      </trkpt>
      <trkpt lat="37.84451887925789" lon="112.00614413354145">
        <ele>1139.0</ele>
        <time>2018-11-25T09:24:15.655000Z</time>
      </trkpt>
      <trkpt lat="37.844877390688936" lon="112.00617501503284">
        <ele>1132.0</ele>
        <time>2018-11-25T09:24:27.555000Z</time>
      </trkpt>
      <trkpt lat="37.84520653602677" lon="112.00623634828992">
        <ele>1130.0</ele>
        <time>2018-11-25T09:24:36.555000Z</time>
      </trkpt>
      <trkpt lat="37.84537599084645" lon="112.00629742339517">
        <ele>1132.0</ele>
        <time>2018-11-25T09:24:42.555000Z</time>
      </trkpt>
      <trkpt lat="37.84571326419656" lon="112.00644382200102">
        <ele>1132.0</ele>
        <time>2018-11-25T09:24:54.555000Z</time>
      </trkpt>
      <trkpt lat="37.84587364501996" lon="112.00652078309612">
        <ele>1129.0</ele>
        <time>2018-11-25T09:25:00.555000Z</time>
      </trkpt>
      <trkpt lat="37.846140141790414" lon="112.00660867116004">
        <ele>1132.0</ele>
        <time>2018-11-25T09:25:09.555000Z</time>
      </trkpt>
      <trkpt lat="37.84649905403561" lon="112.0066614788131">
        <ele>1126.0</ele>
        <time>2018-11-25T09:25:21.555000Z</time>
      </trkpt>
      <trkpt lat="37.84678451213955" lon="112.00669333053965">
        <ele>1124.0</ele>
        <time>2018-11-25T09:25:30.555000Z</time>
      </trkpt>
      <trkpt lat="37.84709656583368" lon="112.00671643459687">
        <ele>1124.0</ele>
        <time>2018-11-25T09:25:39.555000Z</time>
      </trkpt>
      <trkpt lat="37.847436684342775" lon="112.00677062900829">
        <ele>1126.0</ele>
        <time>2018-11-25T09:25:48.655000Z</time>
      </trkpt>
      <trkpt lat="37.84771558874776" lon="112.00680054609491">
        <ele>1123.0</ele>
        <time>2018-11-25T09:25:57.555000Z</time>
      </trkpt>
      <trkpt lat="37.84804138571884" lon="112.00686048971441">
        <ele>1116.0</ele>
        <time>2018-11-25T09:26:09.555000Z</time>
      </trkpt>
      <trkpt lat="37.84815097200311" lon="112.0068744680378">
        <ele>1116.0</ele>
        <time>2018-11-25T09:26:12.555000Z</time>
      </trkpt>
      <trkpt lat="37.84826875247289" lon="112.00690986203873">
        <ele>1120.0</ele>
        <time>2018-11-25T09:26:15.555000Z</time>
      </trkpt>
      <trkpt lat="37.84842151444304" lon="112.00705289375264">
        <ele>1118.0</ele>
        <time>2018-11-25T09:26:21.655000Z</time>
      </trkpt>
      <trkpt lat="37.84847865995341" lon="112.00715166706757">
        <ele>1117.0</ele>
        <time>2018-11-25T09:26:24.555000Z</time>
      </trkpt>
      <trkpt lat="37.84854071372336" lon="112.00725244520362">
        <ele>1117.0</ele>
        <time>2018-11-25T09:26:27.655000Z</time>
      </trkpt>
      <trkpt lat="37.848601504362776" lon="112.00734839134712">
        <ele>1123.0</ele>
        <time>2018-11-25T09:26:30.555000Z</time>
      </trkpt>
      <trkpt lat="37.848670783907146" lon="112.00743604087795">
        <ele>1123.0</ele>
        <time>2018-11-25T09:26:33.555000Z</time>
      </trkpt>
      <trkpt lat="37.84874526211405" lon="112.00752422435254">
        <ele>1123.0</ele>
        <time>2018-11-25T09:26:36.555000Z</time>
      </trkpt>
      <trkpt lat="37.84887283159363" lon="112.0076923640302">
        <ele>1125.0</ele>
        <time>2018-11-25T09:26:42.555000Z</time>
      </trkpt>
      <trkpt lat="37.848916047195175" lon="112.00778781932738">
        <ele>1128.0</ele>
        <time>2018-11-25T09:26:45.555000Z</time>
      </trkpt>
      <trkpt lat="37.84910503997977" lon="112.00803921439">
        <ele>1122.0</ele>
        <time>2018-11-25T09:26:54.555000Z</time>
      </trkpt>
      <trkpt lat="37.84914912683895" lon="112.0081536376931">
        <ele>1117.0</ele>
        <time>2018-11-25T09:26:57.555000Z</time>
      </trkpt>
      <trkpt lat="37.84926484231599" lon="112.00835882009456">
        <ele>1122.0</ele>
        <time>2018-11-25T09:27:03.555000Z</time>
      </trkpt>
      <trkpt lat="37.84946637659538" lon="112.00861211539329">
        <ele>1122.0</ele>
        <time>2018-11-25T09:27:12.555000Z</time>
      </trkpt>
      <trkpt lat="37.849646864257906" lon="112.00889711209157">
        <ele>1121.0</ele>
        <time>2018-11-25T09:27:21.555000Z</time>
      </trkpt>
      <trkpt lat="37.84971642699975" lon="112.00899285311856">
        <ele>1122.0</ele>
        <time>2018-11-25T09:27:24.555000Z</time>
      </trkpt>
      <trkpt lat="37.84981758770093" lon="112.0091936021121">
        <ele>1120.0</ele>
        <time>2018-11-25T09:27:30.555000Z</time>
      </trkpt>
      <trkpt lat="37.84987251208601" lon="112.0092788395686">
        <ele>1121.0</ele>
        <time>2018-11-25T09:27:33.555000Z</time>
      </trkpt>
      <trkpt lat="37.84991183759113" lon="112.00937264336959">
        <ele>1122.0</ele>
        <time>2018-11-25T09:27:36.555000Z</time>
      </trkpt>
      <trkpt lat="37.84991776304731" lon="112.00945871860431">
        <ele>1122.0</ele>
        <time>2018-11-25T09:27:39.555000Z</time>
      </trkpt>
      <trkpt lat="37.84991867695709" lon="112.00966891218934">
        <ele>1121.0</ele>
        <time>2018-11-25T09:27:45.655000Z</time>
      </trkpt>
      <trkpt lat="37.84993377595612" lon="112.00976538804609">
        <ele>1121.0</ele>
        <time>2018-11-25T09:27:48.655000Z</time>
      </trkpt>
      <trkpt lat="37.84992491637703" lon="112.00986977155073">
        <ele>1120.0</ele>
        <time>2018-11-25T09:27:51.555000Z</time>
      </trkpt>
      <trkpt lat="37.84991670601673" lon="112.0099658166793">
        <ele>1118.0</ele>
        <time>2018-11-25T09:27:54.655000Z</time>
      </trkpt>
      <trkpt lat="37.84991073208227" lon="112.01005872334588">
        <ele>1116.0</ele>
        <time>2018-11-25T09:27:57.655000Z</time>
      </trkpt>
      <trkpt lat="37.84988131257075" lon="112.0104859215375">
        <ele>1112.0</ele>
        <time>2018-11-25T09:28:09.555000Z</time>
      </trkpt>
      <trkpt lat="37.84987460625209" lon="112.01061496772654">
        <ele>1114.0</ele>
        <time>2018-11-25T09:28:12.555000Z</time>
      </trkpt>
      <trkpt lat="37.84983216951934" lon="112.0108582610237">
        <ele>1111.0</ele>
        <time>2018-11-25T09:28:18.555000Z</time>
      </trkpt>
      <trkpt lat="37.84983166913767" lon="112.01120256089982">
        <ele>1115.0</ele>
        <time>2018-11-25T09:28:27.555000Z</time>
      </trkpt>
      <trkpt lat="37.84981364802954" lon="112.01159839253856">
        <ele>1112.0</ele>
        <time>2018-11-25T09:28:36.555000Z</time>
      </trkpt>
      <trkpt lat="37.84980738374857" lon="112.01171895269961">
        <ele>1114.0</ele>
        <time>2018-11-25T09:28:39.555000Z</time>
      </trkpt>
      <trkpt lat="37.849746611923074" lon="112.01211609963018">
        <ele>1115.0</ele>
        <time>2018-11-25T09:28:48.555000Z</time>
      </trkpt>
      <trkpt lat="37.849746636511775" lon="112.01249110198927">
        <ele>1116.0</ele>
        <time>2018-11-25T09:28:57.655000Z</time>
      </trkpt>
      <trkpt lat="37.8497015050784" lon="112.01287652548775">
        <ele>1117.0</ele>
        <time>2018-11-25T09:29:06.555000Z</time>
      </trkpt>
      <trkpt lat="37.84966570336258" lon="112.01331012890995">
        <ele>1114.0</ele>
        <time>2018-11-25T09:29:18.555000Z</time>
      </trkpt>
      <trkpt lat="37.84962850748043" lon="112.013658241939">
        <ele>1108.0</ele>
        <time>2018-11-25T09:29:27.555000Z</time>
      </trkpt>
      <trkpt lat="37.849599058100715" lon="112.01404885616309">
        <ele>1109.0</ele>
        <time>2018-11-25T09:29:36.555000Z</time>
      </trkpt>
      <trkpt lat="37.84957127243196" lon="112.01447290828024">
        <ele>1113.0</ele>
        <time>2018-11-25T09:29:48.655000Z</time>
      </trkpt>
      <trkpt lat="37.84955174117805" lon="112.01482294165632">
        <ele>1105.0</ele>
        <time>2018-11-25T09:29:57.555000Z</time>
      </trkpt>
      <trkpt lat="37.84948922053107" lon="112.01528957120375">
        <ele>1108.0</ele>
        <time>2018-11-25T09:30:06.555000Z</time>
      </trkpt>
      <trkpt lat="37.849442922288375" lon="112.01567138425095">
        <ele>1106.0</ele>
        <time>2018-11-25T09:30:15.555000Z</time>
      </trkpt>
      <trkpt lat="37.84941804514571" lon="112.01578664618242">
        <ele>1108.0</ele>
        <time>2018-11-25T09:30:18.555000Z</time>
      </trkpt>
      <trkpt lat="37.849400434290715" lon="112.0160144547062">
        <ele>1110.0</ele>
        <time>2018-11-25T09:30:24.555000Z</time>
      </trkpt>
      <trkpt lat="37.8493535863869" lon="112.01638879821776">
        <ele>1114.0</ele>
        <time>2018-11-25T09:30:39.555000Z</time>
      </trkpt>
      <trkpt lat="37.84936119213002" lon="112.01645071765344">
        <ele>1114.0</ele>
        <time>2018-11-25T09:30:42.555000Z</time>
      </trkpt>
      <trkpt lat="37.849345040025185" lon="112.01651140191683">
        <ele>1112.0</ele>
        <time>2018-11-25T09:30:45.555000Z</time>
      </trkpt>
      <trkpt lat="37.849311021887964" lon="112.01681449444804">
        <ele>1112.0</ele>
        <time>2018-11-25T09:31:00.555000Z</time>
      </trkpt>
      <trkpt lat="37.84935907766767" lon="112.01683716235281">
        <ele>1114.0</ele>
        <time>2018-11-25T09:31:06.555000Z</time>
      </trkpt>
      <trkpt lat="37.849346419245606" lon="112.01671994374259">
        <ele>1113.0</ele>
        <time>2018-11-25T09:31:18.555000Z</time>
      </trkpt>
      <trkpt lat="37.84928363981943" lon="112.01668926073344">
        <ele>1113.0</ele>
        <time>2018-11-25T09:31:21.555000Z</time>
      </trkpt>
      <trkpt lat="37.84933188647176" lon="112.01693147700438">
        <ele>1113.0</ele>
        <time>2018-11-25T09:31:30.555000Z</time>
      </trkpt>
      <trkpt lat="37.84925532068292" lon="112.01729831523929">
        <ele>1115.0</ele>
        <time>2018-11-25T09:31:42.555000Z</time>
      </trkpt>
      <trkpt lat="37.84924000235979" lon="112.01739936728492">
        <ele>1113.0</ele>
        <time>2018-11-25T09:31:45.555000Z</time>
      </trkpt>
      <trkpt lat="37.84921050443966" lon="112.01783863665874">
        <ele>1118.0</ele>
        <time>2018-11-25T09:31:57.555000Z</time>
      </trkpt>
      <trkpt lat="37.84922215165655" lon="112.01794537330528">
        <ele>1116.0</ele>
        <time>2018-11-25T09:32:00.555000Z</time>
      </trkpt>
      <trkpt lat="37.849232329733496" lon="112.01805967227303">
        <ele>1115.0</ele>
        <time>2018-11-25T09:32:03.555000Z</time>
      </trkpt>
      <trkpt lat="37.849157753325535" lon="112.01847605976087">
        <ele>1122.0</ele>
        <time>2018-11-25T09:32:12.555000Z</time>
      </trkpt>
      <trkpt lat="37.849146193905625" lon="112.01858034663013">
        <ele>1121.0</ele>
        <time>2018-11-25T09:32:15.555000Z</time>
      </trkpt>
      <trkpt lat="37.849110910016734" lon="112.01893924126993">
        <ele>1116.0</ele>
        <time>2018-11-25T09:32:24.555000Z</time>
      </trkpt>
      <trkpt lat="37.84910301731528" lon="112.01907324064179">
        <ele>1116.0</ele>
        <time>2018-11-25T09:32:27.555000Z</time>
      </trkpt>
      <trkpt lat="37.84912246589345" lon="112.0192601407371">
        <ele>1114.0</ele>
        <time>2018-11-25T09:32:33.555000Z</time>
      </trkpt>
      <trkpt lat="37.849121870160474" lon="112.01937305935208">
        <ele>1111.0</ele>
        <time>2018-11-25T09:32:36.555000Z</time>
      </trkpt>
      <trkpt lat="37.84910785020087" lon="112.01977796506635">
        <ele>1111.0</ele>
        <time>2018-11-25T09:32:45.555000Z</time>
      </trkpt>
      <trkpt lat="37.849130490322345" lon="112.01989230000724">
        <ele>1116.0</ele>
        <time>2018-11-25T09:32:48.555000Z</time>
      </trkpt>
      <trkpt lat="37.849120877198814" lon="112.02021270755496">
        <ele>1117.0</ele>
        <time>2018-11-25T09:32:57.555000Z</time>
      </trkpt>
      <trkpt lat="37.84910466574262" lon="112.02033710833426">
        <ele>1115.0</ele>
        <time>2018-11-25T09:33:00.555000Z</time>
      </trkpt>
      <trkpt lat="37.849180796593565" lon="112.0206597042839">
        <ele>1113.0</ele>
        <time>2018-11-25T09:33:09.555000Z</time>
      </trkpt>
      <trkpt lat="37.84917653503414" lon="112.02078797672905">
        <ele>1114.0</ele>
        <time>2018-11-25T09:33:12.555000Z</time>
      </trkpt>
      <trkpt lat="37.849149873460284" lon="112.02091439070004">
        <ele>1114.0</ele>
        <time>2018-11-25T09:33:15.555000Z</time>
      </trkpt>
      <trkpt lat="37.84914220444964" lon="112.0212461949712">
        <ele>1111.0</ele>
        <time>2018-11-25T09:33:24.555000Z</time>
      </trkpt>
      <trkpt lat="37.84914130575406" lon="112.02161840689078">
        <ele>1114.0</ele>
        <time>2018-11-25T09:33:33.555000Z</time>
      </trkpt>
      <trkpt lat="37.849113084295354" lon="112.0220167944061">
        <ele>1114.0</ele>
        <time>2018-11-25T09:33:42.555000Z</time>
      </trkpt>
      <trkpt lat="37.84910132466796" lon="112.02241754750285">
        <ele>1116.0</ele>
        <time>2018-11-25T09:33:51.555000Z</time>
      </trkpt>
      <trkpt lat="37.849083783428895" lon="112.02268008075218">
        <ele>1119.0</ele>
        <time>2018-11-25T09:33:57.555000Z</time>
      </trkpt>
      <trkpt lat="37.84910768532187" lon="112.02303725933334">
        <ele>1113.0</ele>
        <time>2018-11-25T09:34:06.555000Z</time>
      </trkpt>
      <trkpt lat="37.849100071202066" lon="112.02338546786193">
        <ele>1112.0</ele>
        <time>2018-11-25T09:34:15.555000Z</time>
      </trkpt>
      <trkpt lat="37.84911493598373" lon="112.02373872312577">
        <ele>1114.0</ele>
        <time>2018-11-25T09:34:24.655000Z</time>
      </trkpt>
      <trkpt lat="37.84912314353062" lon="112.02386920694532">
        <ele>1113.0</ele>
        <time>2018-11-25T09:34:27.555000Z</time>
      </trkpt>
      <trkpt lat="37.84912259819026" lon="112.02401513677798">
        <ele>1112.0</ele>
        <time>2018-11-25T09:34:30.555000Z</time>
      </trkpt>
      <trkpt lat="37.8490724375415" lon="112.02427167050156">
        <ele>1114.0</ele>
        <time>2018-11-25T09:34:36.555000Z</time>
      </trkpt>
      <trkpt lat="37.84902566468728" lon="112.02440026425403">
        <ele>1118.0</ele>
        <time>2018-11-25T09:34:39.555000Z</time>
      </trkpt>
      <trkpt lat="37.848993623069944" lon="112.02461012487534">
        <ele>1117.0</ele>
        <time>2018-11-25T09:34:45.555000Z</time>
      </trkpt>
      <trkpt lat="37.848942111873946" lon="112.02469729869208">
        <ele>1117.0</ele>
        <time>2018-11-25T09:34:48.555000Z</time>
      </trkpt>
      <trkpt lat="37.84894075296576" lon="112.02479852903704">
        <ele>1117.0</ele>
        <time>2018-11-25T09:34:51.555000Z</time>
      </trkpt>
      <trkpt lat="37.84895211470224" lon="112.02487426698991">
        <ele>1114.0</ele>
        <time>2018-11-25T09:34:54.555000Z</time>
      </trkpt>
      <trkpt lat="37.84899779978489" lon="112.02489798661485">
        <ele>1116.0</ele>
        <time>2018-11-25T09:34:57.555000Z</time>
      </trkpt>
      <trkpt lat="37.84905440334814" lon="112.02491002178041">
        <ele>1118.0</ele>
        <time>2018-11-25T09:35:00.555000Z</time>
      </trkpt>
      <trkpt lat="37.849022603445974" lon="112.02498571034643">
        <ele>1118.0</ele>
        <time>2018-11-25T09:35:03.555000Z</time>
      </trkpt>
      <trkpt lat="37.84903994343285" lon="112.02504719609806">
        <ele>1116.0</ele>
        <time>2018-11-25T09:35:06.555000Z</time>
      </trkpt>
      <trkpt lat="37.84893077657201" lon="112.02521207255653">
        <ele>1121.0</ele>
        <time>2018-11-25T09:35:15.555000Z</time>
      </trkpt>
      <trkpt lat="37.84892455118539" lon="112.02525355015314">
        <ele>1124.0</ele>
        <time>2018-11-25T09:35:18.555000Z</time>
      </trkpt>
      <trkpt lat="37.84893169133525" lon="112.02530740725521">
        <ele>1123.0</ele>
        <time>2018-11-25T09:35:21.555000Z</time>
      </trkpt>
      <trkpt lat="37.848886597907494" lon="112.0253794803439">
        <ele>1123.0</ele>
        <time>2018-11-25T09:35:24.555000Z</time>
      </trkpt>
      <trkpt lat="37.84886999533392" lon="112.02545916030728">
        <ele>1122.0</ele>
        <time>2018-11-25T09:35:27.555000Z</time>
      </trkpt>
      <trkpt lat="37.84889906468202" lon="112.025523005861">
        <ele>1122.0</ele>
        <time>2018-11-25T09:35:30.555000Z</time>
      </trkpt>
      <trkpt lat="37.84891239364956" lon="112.02562313466227">
        <ele>1121.0</ele>
        <time>2018-11-25T09:35:36.555000Z</time>
      </trkpt>
      <trkpt lat="37.848923908962405" lon="112.02569665723503">
        <ele>1114.0</ele>
        <time>2018-11-25T09:35:39.555000Z</time>
      </trkpt>
      <trkpt lat="37.848932331697156" lon="112.02577127430845">
        <ele>1117.0</ele>
        <time>2018-11-25T09:35:42.555000Z</time>
      </trkpt>
      <trkpt lat="37.84894317081312" lon="112.0258473745933">
        <ele>1118.0</ele>
        <time>2018-11-25T09:35:45.555000Z</time>
      </trkpt>
      <trkpt lat="37.84902213840695" lon="112.02608588558644">
        <ele>1118.0</ele>
        <time>2018-11-25T09:35:54.555000Z</time>
      </trkpt>
      <trkpt lat="37.849045678565055" lon="112.02616741513089">
        <ele>1119.0</ele>
        <time>2018-11-25T09:35:57.555000Z</time>
      </trkpt>
      <trkpt lat="37.849067716742184" lon="112.02625793571052">
        <ele>1119.0</ele>
        <time>2018-11-25T09:36:00.555000Z</time>
      </trkpt>
      <trkpt lat="37.84909912577735" lon="112.02634956834572">
        <ele>1120.0</ele>
        <time>2018-11-25T09:36:03.555000Z</time>
      </trkpt>
      <trkpt lat="37.8491004954816" lon="112.02643817063816">
        <ele>1110.0</ele>
        <time>2018-11-25T09:36:06.555000Z</time>
      </trkpt>
      <trkpt lat="37.849095329882346" lon="112.02653101671746">
        <ele>1113.0</ele>
        <time>2018-11-25T09:36:09.555000Z</time>
      </trkpt>
      <trkpt lat="37.84905369498899" lon="112.02637707791547">
        <ele>1113.0</ele>
        <time>2018-11-25T09:36:21.555000Z</time>
      </trkpt>
      <trkpt lat="37.848986677279925" lon="112.02626563988137">
        <ele>1103.0</ele>
        <time>2018-11-25T09:36:27.555000Z</time>
      </trkpt>
      <trkpt lat="37.84895112956053" lon="112.02626806165792">
        <ele>1101.0</ele>
        <time>2018-11-25T09:36:30.555000Z</time>
      </trkpt>
      <trkpt lat="37.848894708068485" lon="112.0262936706655">
        <ele>1103.0</ele>
        <time>2018-11-25T09:36:33.555000Z</time>
      </trkpt>
      <trkpt lat="37.84884144362169" lon="112.02630795850807">
        <ele>1106.0</ele>
        <time>2018-11-25T09:36:36.555000Z</time>
      </trkpt>
      <trkpt lat="37.84883072021347" lon="112.02636223358235">
        <ele>1107.0</ele>
        <time>2018-11-25T09:36:39.555000Z</time>
      </trkpt>
      <trkpt lat="37.848865640289134" lon="112.02639681504614">
        <ele>1108.0</ele>
        <time>2018-11-25T09:36:42.555000Z</time>
      </trkpt>
      <trkpt lat="37.848859284712695" lon="112.02652732687946">
        <ele>1106.0</ele>
        <time>2018-11-25T09:36:48.555000Z</time>
      </trkpt>
      <trkpt lat="37.84884622787731" lon="112.0266734254253">
        <ele>1112.0</ele>
        <time>2018-11-25T09:36:54.555000Z</time>
      </trkpt>
      <trkpt lat="37.84889384290538" lon="112.02671207612498">
        <ele>1109.0</ele>
        <time>2018-11-25T09:36:57.555000Z</time>
      </trkpt>
      <trkpt lat="37.84890904570027" lon="112.02679540754882">
        <ele>1108.0</ele>
        <time>2018-11-25T09:37:00.555000Z</time>
      </trkpt>
      <trkpt lat="37.848892745553385" lon="112.02687953183352">
        <ele>1108.0</ele>
        <time>2018-11-25T09:37:06.555000Z</time>
      </trkpt>
      <trkpt lat="37.84891583587293" lon="112.02692912648283">
        <ele>1108.0</ele>
        <time>2018-11-25T09:37:09.555000Z</time>
      </trkpt>
      <trkpt lat="37.84894106544866" lon="112.02703549519555">
        <ele>1105.0</ele>
        <time>2018-11-25T09:37:15.555000Z</time>
      </trkpt>
      <trkpt lat="37.8488831088667" lon="112.02718124707637">
        <ele>1103.0</ele>
        <time>2018-11-25T09:37:24.555000Z</time>
      </trkpt>
      <trkpt lat="37.84887518196285" lon="112.0272364156133">
        <ele>1103.0</ele>
        <time>2018-11-25T09:37:27.655000Z</time>
      </trkpt>
      <trkpt lat="37.84888146442806" lon="112.02730621198647">
        <ele>1102.0</ele>
        <time>2018-11-25T09:37:30.655000Z</time>
      </trkpt>
      <trkpt lat="37.848918545105" lon="112.02747445149723">
        <ele>1105.0</ele>
        <time>2018-11-25T09:37:36.555000Z</time>
      </trkpt>
      <trkpt lat="37.848911148587185" lon="112.0275779903426">
        <ele>1103.0</ele>
        <time>2018-11-25T09:37:39.555000Z</time>
      </trkpt>
      <trkpt lat="37.848863186888195" lon="112.02790058542254">
        <ele>1103.0</ele>
        <time>2018-11-25T09:37:48.655000Z</time>
      </trkpt>
      <trkpt lat="37.848850368115265" lon="112.02816133087535">
        <ele>1099.0</ele>
        <time>2018-11-25T09:37:54.655000Z</time>
      </trkpt>
      <trkpt lat="37.84878688259064" lon="112.02835474052404">
        <ele>1099.0</ele>
        <time>2018-11-25T09:38:00.655000Z</time>
      </trkpt>
      <trkpt lat="37.84876811589674" lon="112.02845375213897">
        <ele>1101.0</ele>
        <time>2018-11-25T09:38:03.555000Z</time>
      </trkpt>
      <trkpt lat="37.848733077520045" lon="112.02876190122453">
        <ele>1105.0</ele>
        <time>2018-11-25T09:38:12.555000Z</time>
      </trkpt>
      <trkpt lat="37.84870368808874" lon="112.02892459705183">
        <ele>1103.0</ele>
        <time>2018-11-25T09:38:18.555000Z</time>
      </trkpt>
      <trkpt lat="37.84870178795853" lon="112.02900845092326">
        <ele>1102.0</ele>
        <time>2018-11-25T09:38:21.555000Z</time>
      </trkpt>
      <trkpt lat="37.84873908176457" lon="112.02910676662309">
        <ele>1100.0</ele>
        <time>2018-11-25T09:38:24.555000Z</time>
      </trkpt>
      <trkpt lat="37.84882837380318" lon="112.02950916960272">
        <ele>1100.0</ele>
        <time>2018-11-25T09:38:36.555000Z</time>
      </trkpt>
      <trkpt lat="37.84888153575354" lon="112.02960451928317">
        <ele>1096.0</ele>
        <time>2018-11-25T09:38:39.555000Z</time>
      </trkpt>
      <trkpt lat="37.8488774179807" lon="112.02985160508189">
        <ele>1096.0</ele>
        <time>2018-11-25T09:38:45.555000Z</time>
      </trkpt>
      <trkpt lat="37.848910129721006" lon="112.02997366809402">
        <ele>1099.0</ele>
        <time>2018-11-25T09:38:48.655000Z</time>
      </trkpt>
      <trkpt lat="37.848947518736516" lon="112.03008265151114">
        <ele>1099.0</ele>
        <time>2018-11-25T09:38:51.555000Z</time>
      </trkpt>
      <trkpt lat="37.84895354201678" lon="112.03020730847425">
        <ele>1099.0</ele>
        <time>2018-11-25T09:38:54.655000Z</time>
      </trkpt>
      <trkpt lat="37.849072230814244" lon="112.03052549576503">
        <ele>1100.0</ele>
        <time>2018-11-25T09:39:03.555000Z</time>
      </trkpt>
      <trkpt lat="37.849092061054364" lon="112.03064726916315">
        <ele>1100.0</ele>
        <time>2018-11-25T09:39:06.555000Z</time>
      </trkpt>
      <trkpt lat="37.84927123479264" lon="112.03103874401138">
        <ele>1098.0</ele>
        <time>2018-11-25T09:39:18.655000Z</time>
      </trkpt>
      <trkpt lat="37.84931340177783" lon="112.03124280742989">
        <ele>1100.0</ele>
        <time>2018-11-25T09:39:24.655000Z</time>
      </trkpt>
      <trkpt lat="37.84928153228326" lon="112.03135061659871">
        <ele>1100.0</ele>
        <time>2018-11-25T09:39:27.555000Z</time>
      </trkpt>
      <trkpt lat="37.849290446946924" lon="112.0314333392075">
        <ele>1098.0</ele>
        <time>2018-11-25T09:39:30.555000Z</time>
      </trkpt>
      <trkpt lat="37.84934851167644" lon="112.03152806165873">
        <ele>1100.0</ele>
        <time>2018-11-25T09:39:36.555000Z</time>
      </trkpt>
      <trkpt lat="37.849391706314975" lon="112.03154024145311">
        <ele>1102.0</ele>
        <time>2018-11-25T09:39:39.555000Z</time>
      </trkpt>
      <trkpt lat="37.84940558146414" lon="112.03160318407309">
        <ele>1099.0</ele>
        <time>2018-11-25T09:39:42.555000Z</time>
      </trkpt>
      <trkpt lat="37.84936943997055" lon="112.03163161961827">
        <ele>1102.0</ele>
        <time>2018-11-25T09:39:45.555000Z</time>
      </trkpt>
      <trkpt lat="37.849340423503136" lon="112.03167077536153">
        <ele>1101.0</ele>
        <time>2018-11-25T09:39:48.655000Z</time>
      </trkpt>
      <trkpt lat="37.84917532924789" lon="112.03177391240118">
        <ele>1104.0</ele>
        <time>2018-11-25T09:39:54.655000Z</time>
      </trkpt>
      <trkpt lat="37.84907515760059" lon="112.03174037458639">
        <ele>1101.0</ele>
        <time>2018-11-25T09:40:00.555000Z</time>
      </trkpt>
      <trkpt lat="37.84901245284807" lon="112.0317657365752">
        <ele>1101.0</ele>
        <time>2018-11-25T09:40:03.555000Z</time>
      </trkpt>
      <trkpt lat="37.84890360661952" lon="112.03188645227048">
        <ele>1105.0</ele>
        <time>2018-11-25T09:40:09.555000Z</time>
      </trkpt>
      <trkpt lat="37.84883998450271" lon="112.03187905886604">
        <ele>1101.0</ele>
        <time>2018-11-25T09:40:12.555000Z</time>
      </trkpt>
      <trkpt lat="37.848752085517944" lon="112.0319649303344">
        <ele>1104.0</ele>
        <time>2018-11-25T09:40:18.555000Z</time>
      </trkpt>
      <trkpt lat="37.84870207301287" lon="112.03199600902396">
        <ele>1108.0</ele>
        <time>2018-11-25T09:40:21.655000Z</time>
      </trkpt>
      <trkpt lat="37.84860155816132" lon="112.03205486944123">
        <ele>1104.0</ele>
        <time>2018-11-25T09:40:27.555000Z</time>
      </trkpt>
      <trkpt lat="37.84855693663821" lon="112.03205602280964">
        <ele>1104.0</ele>
        <time>2018-11-25T09:40:30.555000Z</time>
      </trkpt>
      <trkpt lat="37.848460847861375" lon="112.03206767811204">
        <ele>1105.0</ele>
        <time>2018-11-25T09:40:36.555000Z</time>
      </trkpt>
      <trkpt lat="37.84842005600661" lon="112.03210957011683">
        <ele>1107.0</ele>
        <time>2018-11-25T09:40:39.555000Z</time>
      </trkpt>
      <trkpt lat="37.848396123727476" lon="112.03215523056478">
        <ele>1109.0</ele>
        <time>2018-11-25T09:40:42.555000Z</time>
      </trkpt>
      <trkpt lat="37.848330408895386" lon="112.03223043237357">
        <ele>1113.0</ele>
        <time>2018-11-25T09:40:48.555000Z</time>
      </trkpt>
      <trkpt lat="37.84826990885443" lon="112.03230330230343">
        <ele>1113.0</ele>
        <time>2018-11-25T09:40:54.555000Z</time>
      </trkpt>
      <trkpt lat="37.84821852364476" lon="112.03223830731976">
        <ele>1110.0</ele>
        <time>2018-11-25T09:40:57.555000Z</time>
      </trkpt>
      <trkpt lat="37.848197476867874" lon="112.03198299811986">
        <ele>1111.0</ele>
        <time>2018-11-25T09:41:03.555000Z</time>
      </trkpt>
      <trkpt lat="37.84816735886626" lon="112.03191122112062">
        <ele>1113.0</ele>
        <time>2018-11-25T09:41:06.555000Z</time>
      </trkpt>
      <trkpt lat="37.848037891378716" lon="112.03168974313228">
        <ele>1118.0</ele>
        <time>2018-11-25T09:41:15.555000Z</time>
      </trkpt>
      <trkpt lat="37.84797227762304" lon="112.03157746237761">
        <ele>1118.0</ele>
        <time>2018-11-25T09:41:21.555000Z</time>
      </trkpt>
      <trkpt lat="37.84792730692768" lon="112.03148377004834">
        <ele>1121.0</ele>
        <time>2018-11-25T09:41:27.555000Z</time>
      </trkpt>
      <trkpt lat="37.84802463591153" lon="112.03149009359338">
        <ele>1116.0</ele>
        <time>2018-11-25T09:41:30.555000Z</time>
      </trkpt>
      <trkpt lat="37.84811085499452" lon="112.03153936973945">
        <ele>1116.0</ele>
        <time>2018-11-25T09:41:33.555000Z</time>
      </trkpt>
      <trkpt lat="37.84811967383559" lon="112.03161748450957">
        <ele>1114.0</ele>
        <time>2018-11-25T09:41:36.555000Z</time>
      </trkpt>
      <trkpt lat="37.84819008516798" lon="112.03162026513765">
        <ele>1115.0</ele>
        <time>2018-11-25T09:41:39.555000Z</time>
      </trkpt>
      <trkpt lat="37.848234856380984" lon="112.03158768187859">
        <ele>1114.0</ele>
        <time>2018-11-25T09:41:42.555000Z</time>
      </trkpt>
      <trkpt lat="37.848292681393595" lon="112.03157343358501">
        <ele>1114.0</ele>
        <time>2018-11-25T09:41:45.555000Z</time>
      </trkpt>
      <trkpt lat="37.84835981431122" lon="112.0316379499893">
        <ele>1114.0</ele>
        <time>2018-11-25T09:41:48.555000Z</time>
      </trkpt>
      <trkpt lat="37.848356841228004" lon="112.03170542094831">
        <ele>1114.0</ele>
        <time>2018-11-25T09:41:54.555000Z</time>
      </trkpt>
      <trkpt lat="37.848356841228004" lon="112.03170542094831">
        <ele>1114.0</ele>
        <time>2018-11-25T09:41:59.755000Z</time>
      </trkpt>
    </trkseg>
  </trk>
</gpx>