<?xml version="1.0" encoding="UTF-8"?>
<gpx xmlns="http://www.topografix.com/GPX/1/1" xmlns:gpxtpx="http://www.garmin.com/xmlschemas/TrackPointExtension/v1" xmlns:xsi="http://www.w3.org/2001/XMLSchema-instance" xsi:schemaLocation="http://www.topografix.com/GPX/1/1 http://www.topografix.com/GPX/1/1/gpx.xsd" version="1.1" creator="gpx.py -- https://github.com/tkrajina/gpxpy">
  <trk>
    <name>gpx from keep</name>
    <type>Run</type>
    <trkseg>
      <trkpt lat="37.847190639115716" lon="112.02885982920452">
        <ele>1152.0</ele>
        <time>2021-09-20T23:22:14Z</time>
        <extensions>
          <gpxtpx:TrackPointExtension>
            <gpxtpx:hr>73</gpxtpx:hr>
          </gpxtpx:TrackPointExtension>
        </extensions>
      </trkpt>
      <trkpt lat="37.84726710029235" lon="112.0286833464607">
        <ele>1152.0</ele>
        <time>2021-09-20T23:22:19Z</time>
        <extensions>
          <gpxtpx:TrackPointExtension>
            <gpxtpx:hr>81</gpxtpx:hr>
          </gpxtpx:TrackPointExtension>
        </extensions>
      </trkpt>
      <trkpt lat="37.84728145562257" lon="112.02854475892858">
        <ele>1152.199951171875</ele>
        <time>2021-09-20T23:22:23Z</time>
        <extensions>
          <gpxtpx:TrackPointExtension>
            <gpxtpx:hr>86</gpxtpx:hr>
          </gpxtpx:TrackPointExtension>
        </extensions>
      </trkpt>
      <trkpt lat="37.84730186337578" lon="112.02838623108615">
        <ele>1152.199951171875</ele>
        <time>2021-09-20T23:22:27Z</time>
        <extensions>
          <gpxtpx:TrackPointExtension>
            <gpxtpx:hr>96</gpxtpx:hr>
          </gpxtpx:TrackPointExtension>
        </extensions>
      </trkpt>
      <trkpt lat="37.847324244089236" lon="112.02823867095644">
        <ele>1152.4000244140625</ele>
        <time>2021-09-20T23:22:31Z</time>
        <extensions>
          <gpxtpx:TrackPointExtension>
            <gpxtpx:hr>105</gpxtpx:hr>
          </gpxtpx:TrackPointExtension>
        </extensions>
      </trkpt>
      <trkpt lat="37.84733257203771" lon="112.02811105331938">
        <ele>1152.4000244140625</ele>
        <time>2021-09-20T23:22:35Z</time>
        <extensions>
          <gpxtpx:TrackPointExtension>
            <gpxtpx:hr>109</gpxtpx:hr>
          </gpxtpx:TrackPointExtension>
        </extensions>
      </trkpt>
      <trkpt lat="37.84733720426289" lon="112.02786479412333">
        <ele>1152.800048828125</ele>
        <time>2021-09-20T23:22:42Z</time>
        <extensions>
          <gpxtpx:TrackPointExtension>
            <gpxtpx:hr>114</gpxtpx:hr>
          </gpxtpx:TrackPointExtension>
        </extensions>
      </trkpt>
      <trkpt lat="37.84736651385343" lon="112.02774614851586">
        <ele>1152.800048828125</ele>
        <time>2021-09-20T23:22:46Z</time>
        <extensions>
          <gpxtpx:TrackPointExtension>
            <gpxtpx:hr>117</gpxtpx:hr>
          </gpxtpx:TrackPointExtension>
        </extensions>
      </trkpt>
      <trkpt lat="37.8473899794629" lon="112.02756668799613">
        <ele>1153.0</ele>
        <time>2021-09-20T23:22:51Z</time>
        <extensions>
          <gpxtpx:TrackPointExtension>
            <gpxtpx:hr>119</gpxtpx:hr>
          </gpxtpx:TrackPointExtension>
        </extensions>
      </trkpt>
      <trkpt lat="37.8474244708879" lon="112.02737825444616">
        <ele>1153.0</ele>
        <time>2021-09-20T23:22:57Z</time>
        <extensions>
          <gpxtpx:TrackPointExtension>
            <gpxtpx:hr>122</gpxtpx:hr>
          </gpxtpx:TrackPointExtension>
        </extensions>
      </trkpt>
      <trkpt lat="37.84745699387727" lon="112.02717785868201">
        <ele>1153.5999755859375</ele>
        <time>2021-09-20T23:23:03Z</time>
        <extensions>
          <gpxtpx:TrackPointExtension>
            <gpxtpx:hr>125</gpxtpx:hr>
          </gpxtpx:TrackPointExtension>
        </extensions>
      </trkpt>
      <trkpt lat="37.84749934649876" lon="112.02704425977365">
        <ele>1153.4000244140625</ele>
        <time>2021-09-20T23:23:07Z</time>
        <extensions>
          <gpxtpx:TrackPointExtension>
            <gpxtpx:hr>126</gpxtpx:hr>
          </gpxtpx:TrackPointExtension>
        </extensions>
      </trkpt>
      <trkpt lat="37.847581900116744" lon="112.02683588457106">
        <ele>1153.800048828125</ele>
        <time>2021-09-20T23:23:14Z</time>
        <extensions>
          <gpxtpx:TrackPointExtension>
            <gpxtpx:hr>128</gpxtpx:hr>
          </gpxtpx:TrackPointExtension>
        </extensions>
      </trkpt>
      <trkpt lat="37.84773940488996" lon="112.0266514286838">
        <ele>1153.5999755859375</ele>
        <time>2021-09-20T23:23:21Z</time>
        <extensions>
          <gpxtpx:TrackPointExtension>
            <gpxtpx:hr>130</gpxtpx:hr>
          </gpxtpx:TrackPointExtension>
        </extensions>
      </trkpt>
      <trkpt lat="37.84782066970219" lon="112.02655471458738">
        <ele>1154.0</ele>
        <time>2021-09-20T23:23:25Z</time>
        <extensions>
          <gpxtpx:TrackPointExtension>
            <gpxtpx:hr>131</gpxtpx:hr>
          </gpxtpx:TrackPointExtension>
        </extensions>
      </trkpt>
      <trkpt lat="37.84789293069607" lon="112.02645899883132">
        <ele>1154.0</ele>
        <time>2021-09-20T23:23:29Z</time>
        <extensions>
          <gpxtpx:TrackPointExtension>
            <gpxtpx:hr>131</gpxtpx:hr>
          </gpxtpx:TrackPointExtension>
        </extensions>
      </trkpt>
      <trkpt lat="37.848048989941915" lon="112.02644601976284">
        <ele>1153.5999755859375</ele>
        <time>2021-09-20T23:23:35Z</time>
        <extensions>
          <gpxtpx:TrackPointExtension>
            <gpxtpx:hr>131</gpxtpx:hr>
          </gpxtpx:TrackPointExtension>
        </extensions>
      </trkpt>
      <trkpt lat="37.84820392695833" lon="112.02647989734218">
        <ele>1152.5999755859375</ele>
        <time>2021-09-20T23:23:41Z</time>
        <extensions>
          <gpxtpx:TrackPointExtension>
            <gpxtpx:hr>131</gpxtpx:hr>
          </gpxtpx:TrackPointExtension>
        </extensions>
      </trkpt>
      <trkpt lat="37.84841998565308" lon="112.02647089884141">
        <ele>1152.0</ele>
        <time>2021-09-20T23:23:50Z</time>
        <extensions>
          <gpxtpx:TrackPointExtension>
            <gpxtpx:hr>131</gpxtpx:hr>
          </gpxtpx:TrackPointExtension>
        </extensions>
      </trkpt>
      <trkpt lat="37.84864699683394" lon="112.02648084102792">
        <ele>1152.0</ele>
        <time>2021-09-20T23:23:59Z</time>
        <extensions>
          <gpxtpx:TrackPointExtension>
            <gpxtpx:hr>131</gpxtpx:hr>
          </gpxtpx:TrackPointExtension>
        </extensions>
      </trkpt>
      <trkpt lat="37.84874192411078" lon="112.02651472585892">
        <ele>1152.0</ele>
        <time>2021-09-20T23:24:03Z</time>
        <extensions>
          <gpxtpx:TrackPointExtension>
            <gpxtpx:hr>131</gpxtpx:hr>
          </gpxtpx:TrackPointExtension>
        </extensions>
      </trkpt>
      <trkpt lat="37.84883985451002" lon="112.02654761341668">
        <ele>1151.800048828125</ele>
        <time>2021-09-20T23:24:07Z</time>
        <extensions>
          <gpxtpx:TrackPointExtension>
            <gpxtpx:hr>131</gpxtpx:hr>
          </gpxtpx:TrackPointExtension>
        </extensions>
      </trkpt>
      <trkpt lat="37.84888750921886" lon="112.02629936817058">
        <ele>1152.0</ele>
        <time>2021-09-20T23:24:13Z</time>
        <extensions>
          <gpxtpx:TrackPointExtension>
            <gpxtpx:hr>128</gpxtpx:hr>
          </gpxtpx:TrackPointExtension>
        </extensions>
      </trkpt>
      <trkpt lat="37.848904884302975" lon="112.0261568037444">
        <ele>1152.5999755859375</ele>
        <time>2021-09-20T23:24:17Z</time>
        <extensions>
          <gpxtpx:TrackPointExtension>
            <gpxtpx:hr>126</gpxtpx:hr>
          </gpxtpx:TrackPointExtension>
        </extensions>
      </trkpt>
      <trkpt lat="37.84888819173193" lon="112.02603817046825">
        <ele>1152.800048828125</ele>
        <time>2021-09-20T23:24:21Z</time>
        <extensions>
          <gpxtpx:TrackPointExtension>
            <gpxtpx:hr>126</gpxtpx:hr>
          </gpxtpx:TrackPointExtension>
        </extensions>
      </trkpt>
      <trkpt lat="37.84887757886115" lon="112.02588962905632">
        <ele>1153.0</ele>
        <time>2021-09-20T23:24:25Z</time>
        <extensions>
          <gpxtpx:TrackPointExtension>
            <gpxtpx:hr>127</gpxtpx:hr>
          </gpxtpx:TrackPointExtension>
        </extensions>
      </trkpt>
      <trkpt lat="37.848896384950855" lon="112.0255835713095">
        <ele>1154.0</ele>
        <time>2021-09-20T23:24:39Z</time>
        <extensions>
          <gpxtpx:TrackPointExtension>
            <gpxtpx:hr>127</gpxtpx:hr>
          </gpxtpx:TrackPointExtension>
        </extensions>
      </trkpt>
      <trkpt lat="37.84888174691468" lon="112.02544500171263">
        <ele>1153.5999755859375</ele>
        <time>2021-09-20T23:24:44Z</time>
        <extensions>
          <gpxtpx:TrackPointExtension>
            <gpxtpx:hr>124</gpxtpx:hr>
          </gpxtpx:TrackPointExtension>
        </extensions>
      </trkpt>
      <trkpt lat="37.84891122956055" lon="112.02526356035114">
        <ele>1153.4000244140625</ele>
        <time>2021-09-20T23:24:50Z</time>
        <extensions>
          <gpxtpx:TrackPointExtension>
            <gpxtpx:hr>121</gpxtpx:hr>
          </gpxtpx:TrackPointExtension>
        </extensions>
      </trkpt>
      <trkpt lat="37.84893494382187" lon="112.02499439345026">
        <ele>1153.5999755859375</ele>
        <time>2021-09-20T23:24:58Z</time>
        <extensions>
          <gpxtpx:TrackPointExtension>
            <gpxtpx:hr>122</gpxtpx:hr>
          </gpxtpx:TrackPointExtension>
        </extensions>
      </trkpt>
      <trkpt lat="37.848982515946666" lon="112.02478105194062">
        <ele>1154.0</ele>
        <time>2021-09-20T23:25:04Z</time>
        <extensions>
          <gpxtpx:TrackPointExtension>
            <gpxtpx:hr>127</gpxtpx:hr>
          </gpxtpx:TrackPointExtension>
        </extensions>
      </trkpt>
      <trkpt lat="37.84900887685224" lon="112.0246464685236">
        <ele>1154.4000244140625</ele>
        <time>2021-09-20T23:25:09Z</time>
        <extensions>
          <gpxtpx:TrackPointExtension>
            <gpxtpx:hr>129</gpxtpx:hr>
          </gpxtpx:TrackPointExtension>
        </extensions>
      </trkpt>
      <trkpt lat="37.84897739284588" lon="112.02445008585366">
        <ele>1154.5999755859375</ele>
        <time>2021-09-20T23:25:16Z</time>
        <extensions>
          <gpxtpx:TrackPointExtension>
            <gpxtpx:hr>130</gpxtpx:hr>
          </gpxtpx:TrackPointExtension>
        </extensions>
      </trkpt>
      <trkpt lat="37.84899577210338" lon="112.02430852664882">
        <ele>1154.800048828125</ele>
        <time>2021-09-20T23:25:20Z</time>
        <extensions>
          <gpxtpx:TrackPointExtension>
            <gpxtpx:hr>130</gpxtpx:hr>
          </gpxtpx:TrackPointExtension>
        </extensions>
      </trkpt>
      <trkpt lat="37.84899448332742" lon="112.02404136459654">
        <ele>1154.5999755859375</ele>
        <time>2021-09-20T23:25:27Z</time>
        <extensions>
          <gpxtpx:TrackPointExtension>
            <gpxtpx:hr>130</gpxtpx:hr>
          </gpxtpx:TrackPointExtension>
        </extensions>
      </trkpt>
      <trkpt lat="37.84903219469173" lon="112.02377719065687">
        <ele>1154.800048828125</ele>
        <time>2021-09-20T23:25:34Z</time>
        <extensions>
          <gpxtpx:TrackPointExtension>
            <gpxtpx:hr>130</gpxtpx:hr>
          </gpxtpx:TrackPointExtension>
        </extensions>
      </trkpt>
      <trkpt lat="37.84907709859699" lon="112.02344224147325">
        <ele>1155.199951171875</ele>
        <time>2021-09-20T23:25:43Z</time>
        <extensions>
          <gpxtpx:TrackPointExtension>
            <gpxtpx:hr>129</gpxtpx:hr>
          </gpxtpx:TrackPointExtension>
        </extensions>
      </trkpt>
      <trkpt lat="37.849106874084335" lon="112.02315514594072">
        <ele>1155.199951171875</ele>
        <time>2021-09-20T23:25:52Z</time>
        <extensions>
          <gpxtpx:TrackPointExtension>
            <gpxtpx:hr>130</gpxtpx:hr>
          </gpxtpx:TrackPointExtension>
        </extensions>
      </trkpt>
      <trkpt lat="37.84908873231784" lon="112.02283516314024">
        <ele>1155.0</ele>
        <time>2021-09-20T23:26:01Z</time>
        <extensions>
          <gpxtpx:TrackPointExtension>
            <gpxtpx:hr>131</gpxtpx:hr>
          </gpxtpx:TrackPointExtension>
        </extensions>
      </trkpt>
      <trkpt lat="37.84908140081521" lon="112.02258695348374">
        <ele>1155.5999755859375</ele>
        <time>2021-09-20T23:26:08Z</time>
        <extensions>
          <gpxtpx:TrackPointExtension>
            <gpxtpx:hr>134</gpxtpx:hr>
          </gpxtpx:TrackPointExtension>
        </extensions>
      </trkpt>
      <trkpt lat="37.84908979284008" lon="112.02244241304741">
        <ele>1155.5999755859375</ele>
        <time>2021-09-20T23:26:12Z</time>
        <extensions>
          <gpxtpx:TrackPointExtension>
            <gpxtpx:hr>135</gpxtpx:hr>
          </gpxtpx:TrackPointExtension>
        </extensions>
      </trkpt>
      <trkpt lat="37.849095454931955" lon="112.0221981919756">
        <ele>1156.0</ele>
        <time>2021-09-20T23:26:19Z</time>
        <extensions>
          <gpxtpx:TrackPointExtension>
            <gpxtpx:hr>135</gpxtpx:hr>
          </gpxtpx:TrackPointExtension>
        </extensions>
      </trkpt>
      <trkpt lat="37.84909508221981" lon="112.0219669318741">
        <ele>1156.5999755859375</ele>
        <time>2021-09-20T23:26:26Z</time>
        <extensions>
          <gpxtpx:TrackPointExtension>
            <gpxtpx:hr>134</gpxtpx:hr>
          </gpxtpx:TrackPointExtension>
        </extensions>
      </trkpt>
      <trkpt lat="37.84907963775612" lon="112.02176159197244">
        <ele>1156.4000244140625</ele>
        <time>2021-09-20T23:26:32Z</time>
        <extensions>
          <gpxtpx:TrackPointExtension>
            <gpxtpx:hr>134</gpxtpx:hr>
          </gpxtpx:TrackPointExtension>
        </extensions>
      </trkpt>
      <trkpt lat="37.84907503039141" lon="112.02161705658496">
        <ele>1156.5999755859375</ele>
        <time>2021-09-20T23:26:36Z</time>
        <extensions>
          <gpxtpx:TrackPointExtension>
            <gpxtpx:hr>134</gpxtpx:hr>
          </gpxtpx:TrackPointExtension>
        </extensions>
      </trkpt>
      <trkpt lat="37.849092473323196" lon="112.02145557367">
        <ele>1156.800048828125</ele>
        <time>2021-09-20T23:26:41Z</time>
        <extensions>
          <gpxtpx:TrackPointExtension>
            <gpxtpx:hr>137</gpxtpx:hr>
          </gpxtpx:TrackPointExtension>
        </extensions>
      </trkpt>
      <trkpt lat="37.84911023006161" lon="112.02117946099905">
        <ele>1156.5999755859375</ele>
        <time>2021-09-20T23:26:49Z</time>
        <extensions>
          <gpxtpx:TrackPointExtension>
            <gpxtpx:hr>141</gpxtpx:hr>
          </gpxtpx:TrackPointExtension>
        </extensions>
      </trkpt>
      <trkpt lat="37.849109816267166" lon="112.02096515291711">
        <ele>1157.0</ele>
        <time>2021-09-20T23:26:55Z</time>
        <extensions>
          <gpxtpx:TrackPointExtension>
            <gpxtpx:hr>140</gpxtpx:hr>
          </gpxtpx:TrackPointExtension>
        </extensions>
      </trkpt>
      <trkpt lat="37.84911527598244" lon="112.02079769378686">
        <ele>1157.800048828125</ele>
        <time>2021-09-20T23:27:00Z</time>
        <extensions>
          <gpxtpx:TrackPointExtension>
            <gpxtpx:hr>141</gpxtpx:hr>
          </gpxtpx:TrackPointExtension>
        </extensions>
      </trkpt>
      <trkpt lat="37.84910888217879" lon="112.02057641134589">
        <ele>1158.0</ele>
        <time>2021-09-20T23:27:07Z</time>
        <extensions>
          <gpxtpx:TrackPointExtension>
            <gpxtpx:hr>140</gpxtpx:hr>
          </gpxtpx:TrackPointExtension>
        </extensions>
      </trkpt>
      <trkpt lat="37.84913734435414" lon="112.02040994803941">
        <ele>1158.199951171875</ele>
        <time>2021-09-20T23:27:12Z</time>
        <extensions>
          <gpxtpx:TrackPointExtension>
            <gpxtpx:hr>139</gpxtpx:hr>
          </gpxtpx:TrackPointExtension>
        </extensions>
      </trkpt>
      <trkpt lat="37.84915470925154" lon="112.02027837341127">
        <ele>1158.5999755859375</ele>
        <time>2021-09-20T23:27:16Z</time>
        <extensions>
          <gpxtpx:TrackPointExtension>
            <gpxtpx:hr>138</gpxtpx:hr>
          </gpxtpx:TrackPointExtension>
        </extensions>
      </trkpt>
      <trkpt lat="37.84917838061302" lon="112.0200361587241">
        <ele>1158.5999755859375</ele>
        <time>2021-09-20T23:27:23Z</time>
        <extensions>
          <gpxtpx:TrackPointExtension>
            <gpxtpx:hr>139</gpxtpx:hr>
          </gpxtpx:TrackPointExtension>
        </extensions>
      </trkpt>
      <trkpt lat="37.84916481306255" lon="112.01987867367365">
        <ele>1159.0</ele>
        <time>2021-09-20T23:27:28Z</time>
        <extensions>
          <gpxtpx:TrackPointExtension>
            <gpxtpx:hr>140</gpxtpx:hr>
          </gpxtpx:TrackPointExtension>
        </extensions>
      </trkpt>
      <trkpt lat="37.84912979140988" lon="112.01952284020003">
        <ele>1159.199951171875</ele>
        <time>2021-09-20T23:27:38Z</time>
        <extensions>
          <gpxtpx:TrackPointExtension>
            <gpxtpx:hr>141</gpxtpx:hr>
          </gpxtpx:TrackPointExtension>
        </extensions>
      </trkpt>
      <trkpt lat="37.849135170651465" lon="112.01938628650737">
        <ele>1159.4000244140625</ele>
        <time>2021-09-20T23:27:42Z</time>
        <extensions>
          <gpxtpx:TrackPointExtension>
            <gpxtpx:hr>141</gpxtpx:hr>
          </gpxtpx:TrackPointExtension>
        </extensions>
      </trkpt>
      <trkpt lat="37.84914393551773" lon="112.01911118739766">
        <ele>1159.5999755859375</ele>
        <time>2021-09-20T23:27:50Z</time>
        <extensions>
          <gpxtpx:TrackPointExtension>
            <gpxtpx:hr>142</gpxtpx:hr>
          </gpxtpx:TrackPointExtension>
        </extensions>
      </trkpt>
      <trkpt lat="37.849173791438005" lon="112.01880518941825">
        <ele>1160.199951171875</ele>
        <time>2021-09-20T23:27:59Z</time>
        <extensions>
          <gpxtpx:TrackPointExtension>
            <gpxtpx:hr>143</gpxtpx:hr>
          </gpxtpx:TrackPointExtension>
        </extensions>
      </trkpt>
      <trkpt lat="37.84917052982872" lon="112.0185400630949">
        <ele>1160.0</ele>
        <time>2021-09-20T23:28:07Z</time>
        <extensions>
          <gpxtpx:TrackPointExtension>
            <gpxtpx:hr>143</gpxtpx:hr>
          </gpxtpx:TrackPointExtension>
        </extensions>
      </trkpt>
      <trkpt lat="37.849173220482456" lon="112.01829287860657">
        <ele>1160.800048828125</ele>
        <time>2021-09-20T23:28:15Z</time>
        <extensions>
          <gpxtpx:TrackPointExtension>
            <gpxtpx:hr>142</gpxtpx:hr>
          </gpxtpx:TrackPointExtension>
        </extensions>
      </trkpt>
      <trkpt lat="37.849170894802796" lon="112.01805167649599">
        <ele>1161.199951171875</ele>
        <time>2021-09-20T23:28:22Z</time>
        <extensions>
          <gpxtpx:TrackPointExtension>
            <gpxtpx:hr>142</gpxtpx:hr>
          </gpxtpx:TrackPointExtension>
        </extensions>
      </trkpt>
      <trkpt lat="37.8491756497212" lon="112.01778256757146">
        <ele>1161.0</ele>
        <time>2021-09-20T23:28:31Z</time>
        <extensions>
          <gpxtpx:TrackPointExtension>
            <gpxtpx:hr>143</gpxtpx:hr>
          </gpxtpx:TrackPointExtension>
        </extensions>
      </trkpt>
      <trkpt lat="37.84920242929308" lon="112.01750648102318">
        <ele>1161.4000244140625</ele>
        <time>2021-09-20T23:28:40Z</time>
        <extensions>
          <gpxtpx:TrackPointExtension>
            <gpxtpx:hr>143</gpxtpx:hr>
          </gpxtpx:TrackPointExtension>
        </extensions>
      </trkpt>
      <trkpt lat="37.849250255910874" lon="112.01721544365242">
        <ele>1161.4000244140625</ele>
        <time>2021-09-20T23:28:50Z</time>
        <extensions>
          <gpxtpx:TrackPointExtension>
            <gpxtpx:hr>142</gpxtpx:hr>
          </gpxtpx:TrackPointExtension>
        </extensions>
      </trkpt>
      <trkpt lat="37.84927286915461" lon="112.01699916193624">
        <ele>1162.199951171875</ele>
        <time>2021-09-20T23:28:57Z</time>
        <extensions>
          <gpxtpx:TrackPointExtension>
            <gpxtpx:hr>140</gpxtpx:hr>
          </gpxtpx:TrackPointExtension>
        </extensions>
      </trkpt>
      <trkpt lat="37.84925724906133" lon="112.01686361625822">
        <ele>1162.4000244140625</ele>
        <time>2021-09-20T23:29:02Z</time>
        <extensions>
          <gpxtpx:TrackPointExtension>
            <gpxtpx:hr>139</gpxtpx:hr>
          </gpxtpx:TrackPointExtension>
        </extensions>
      </trkpt>
      <trkpt lat="37.8490643130887" lon="112.01682975255193">
        <ele>1162.4000244140625</ele>
        <time>2021-09-20T23:29:09Z</time>
        <extensions>
          <gpxtpx:TrackPointExtension>
            <gpxtpx:hr>138</gpxtpx:hr>
          </gpxtpx:TrackPointExtension>
        </extensions>
      </trkpt>
      <trkpt lat="37.848974458799866" lon="112.01677295312447">
        <ele>1162.5999755859375</ele>
        <time>2021-09-20T23:29:13Z</time>
        <extensions>
          <gpxtpx:TrackPointExtension>
            <gpxtpx:hr>138</gpxtpx:hr>
          </gpxtpx:TrackPointExtension>
        </extensions>
      </trkpt>
      <trkpt lat="37.84890248923711" lon="112.01675801170795">
        <ele>1162.5999755859375</ele>
        <time>2021-09-20T23:29:17Z</time>
        <extensions>
          <gpxtpx:TrackPointExtension>
            <gpxtpx:hr>137</gpxtpx:hr>
          </gpxtpx:TrackPointExtension>
        </extensions>
      </trkpt>
      <trkpt lat="37.8488734619571" lon="112.01676598853739">
        <ele>1162.5999755859375</ele>
        <time>2021-09-20T23:29:25Z</time>
        <extensions>
          <gpxtpx:TrackPointExtension>
            <gpxtpx:hr>137</gpxtpx:hr>
          </gpxtpx:TrackPointExtension>
        </extensions>
      </trkpt>
      <trkpt lat="37.84894035750201" lon="112.01680684398022">
        <ele>1162.4000244140625</ele>
        <time>2021-09-20T23:29:31Z</time>
        <extensions>
          <gpxtpx:TrackPointExtension>
            <gpxtpx:hr>136</gpxtpx:hr>
          </gpxtpx:TrackPointExtension>
        </extensions>
      </trkpt>
      <trkpt lat="37.84900427229049" lon="112.01684072312307">
        <ele>1162.5999755859375</ele>
        <time>2021-09-20T23:29:37Z</time>
        <extensions>
          <gpxtpx:TrackPointExtension>
            <gpxtpx:hr>128</gpxtpx:hr>
          </gpxtpx:TrackPointExtension>
        </extensions>
      </trkpt>
      <trkpt lat="37.849102097020385" lon="112.01690848508622">
        <ele>1162.0</ele>
        <time>2021-09-20T23:29:41Z</time>
        <extensions>
          <gpxtpx:TrackPointExtension>
            <gpxtpx:hr>124</gpxtpx:hr>
          </gpxtpx:TrackPointExtension>
        </extensions>
      </trkpt>
      <trkpt lat="37.8492070354832" lon="112.01693637935799">
        <ele>1162.0</ele>
        <time>2021-09-20T23:29:45Z</time>
        <extensions>
          <gpxtpx:TrackPointExtension>
            <gpxtpx:hr>121</gpxtpx:hr>
          </gpxtpx:TrackPointExtension>
        </extensions>
      </trkpt>
      <trkpt lat="37.84928348695808" lon="112.01678088946336">
        <ele>1162.4000244140625</ele>
        <time>2021-09-20T23:29:52Z</time>
        <extensions>
          <gpxtpx:TrackPointExtension>
            <gpxtpx:hr>117</gpxtpx:hr>
          </gpxtpx:TrackPointExtension>
        </extensions>
      </trkpt>
      <trkpt lat="37.84931423303667" lon="112.01651876253248">
        <ele>1162.5999755859375</ele>
        <time>2021-09-20T23:29:59Z</time>
        <extensions>
          <gpxtpx:TrackPointExtension>
            <gpxtpx:hr>118</gpxtpx:hr>
          </gpxtpx:TrackPointExtension>
        </extensions>
      </trkpt>
      <trkpt lat="37.849337046911906" lon="112.01623271844254">
        <ele>1163.199951171875</ele>
        <time>2021-09-20T23:30:07Z</time>
        <extensions>
          <gpxtpx:TrackPointExtension>
            <gpxtpx:hr>122</gpxtpx:hr>
          </gpxtpx:TrackPointExtension>
        </extensions>
      </trkpt>
      <trkpt lat="37.84936565949904" lon="112.01601843443703">
        <ele>1163.199951171875</ele>
        <time>2021-09-20T23:30:13Z</time>
        <extensions>
          <gpxtpx:TrackPointExtension>
            <gpxtpx:hr>125</gpxtpx:hr>
          </gpxtpx:TrackPointExtension>
        </extensions>
      </trkpt>
      <trkpt lat="37.84937907498456" lon="112.01587292198442">
        <ele>1163.4000244140625</ele>
        <time>2021-09-20T23:30:17Z</time>
        <extensions>
          <gpxtpx:TrackPointExtension>
            <gpxtpx:hr>127</gpxtpx:hr>
          </gpxtpx:TrackPointExtension>
        </extensions>
      </trkpt>
      <trkpt lat="37.84940066798616" lon="112.01566561713068">
        <ele>1163.5999755859375</ele>
        <time>2021-09-20T23:30:23Z</time>
        <extensions>
          <gpxtpx:TrackPointExtension>
            <gpxtpx:hr>130</gpxtpx:hr>
          </gpxtpx:TrackPointExtension>
        </extensions>
      </trkpt>
      <trkpt lat="37.849459722475466" lon="112.01529884694598">
        <ele>1163.5999755859375</ele>
        <time>2021-09-20T23:30:33Z</time>
        <extensions>
          <gpxtpx:TrackPointExtension>
            <gpxtpx:hr>132</gpxtpx:hr>
          </gpxtpx:TrackPointExtension>
        </extensions>
      </trkpt>
      <trkpt lat="37.84948115824474" lon="112.01514735616696">
        <ele>1163.5999755859375</ele>
        <time>2021-09-20T23:30:37Z</time>
        <extensions>
          <gpxtpx:TrackPointExtension>
            <gpxtpx:hr>134</gpxtpx:hr>
          </gpxtpx:TrackPointExtension>
        </extensions>
      </trkpt>
      <trkpt lat="37.84950872074676" lon="112.01495201357207">
        <ele>1164.199951171875</ele>
        <time>2021-09-20T23:30:42Z</time>
        <extensions>
          <gpxtpx:TrackPointExtension>
            <gpxtpx:hr>137</gpxtpx:hr>
          </gpxtpx:TrackPointExtension>
        </extensions>
      </trkpt>
      <trkpt lat="37.849531722577574" lon="112.01460319277967">
        <ele>1164.5999755859375</ele>
        <time>2021-09-20T23:30:51Z</time>
        <extensions>
          <gpxtpx:TrackPointExtension>
            <gpxtpx:hr>141</gpxtpx:hr>
          </gpxtpx:TrackPointExtension>
        </extensions>
      </trkpt>
      <trkpt lat="37.84955343747439" lon="112.01435503270582">
        <ele>1164.4000244140625</ele>
        <time>2021-09-20T23:30:58Z</time>
        <extensions>
          <gpxtpx:TrackPointExtension>
            <gpxtpx:hr>143</gpxtpx:hr>
          </gpxtpx:TrackPointExtension>
        </extensions>
      </trkpt>
      <trkpt lat="37.84956783166442" lon="112.01421849511792">
        <ele>1164.800048828125</ele>
        <time>2021-09-20T23:31:02Z</time>
        <extensions>
          <gpxtpx:TrackPointExtension>
            <gpxtpx:hr>144</gpxtpx:hr>
          </gpxtpx:TrackPointExtension>
        </extensions>
      </trkpt>
      <trkpt lat="37.84957724539916" lon="112.01407498227883">
        <ele>1165.0</ele>
        <time>2021-09-20T23:31:06Z</time>
        <extensions>
          <gpxtpx:TrackPointExtension>
            <gpxtpx:hr>146</gpxtpx:hr>
          </gpxtpx:TrackPointExtension>
        </extensions>
      </trkpt>
      <trkpt lat="37.84960606121169" lon="112.01379293974779">
        <ele>1165.5999755859375</ele>
        <time>2021-09-20T23:31:14Z</time>
        <extensions>
          <gpxtpx:TrackPointExtension>
            <gpxtpx:hr>148</gpxtpx:hr>
          </gpxtpx:TrackPointExtension>
        </extensions>
      </trkpt>
      <trkpt lat="37.849625770567044" lon="112.0135477740564">
        <ele>1165.800048828125</ele>
        <time>2021-09-20T23:31:21Z</time>
        <extensions>
          <gpxtpx:TrackPointExtension>
            <gpxtpx:hr>148</gpxtpx:hr>
          </gpxtpx:TrackPointExtension>
        </extensions>
      </trkpt>
      <trkpt lat="37.849636180326264" lon="112.0134062563441">
        <ele>1166.0</ele>
        <time>2021-09-20T23:31:25Z</time>
        <extensions>
          <gpxtpx:TrackPointExtension>
            <gpxtpx:hr>148</gpxtpx:hr>
          </gpxtpx:TrackPointExtension>
        </extensions>
      </trkpt>
      <trkpt lat="37.849675222699325" lon="112.01304747940985">
        <ele>1166.199951171875</ele>
        <time>2021-09-20T23:31:35Z</time>
        <extensions>
          <gpxtpx:TrackPointExtension>
            <gpxtpx:hr>147</gpxtpx:hr>
          </gpxtpx:TrackPointExtension>
        </extensions>
      </trkpt>
      <trkpt lat="37.84967063114537" lon="112.01290596496577">
        <ele>1166.199951171875</ele>
        <time>2021-09-20T23:31:41Z</time>
        <extensions>
          <gpxtpx:TrackPointExtension>
            <gpxtpx:hr>148</gpxtpx:hr>
          </gpxtpx:TrackPointExtension>
        </extensions>
      </trkpt>
      <trkpt lat="37.849514582447156" lon="112.01291395629465">
        <ele>1166.5999755859375</ele>
        <time>2021-09-20T23:31:48Z</time>
        <extensions>
          <gpxtpx:TrackPointExtension>
            <gpxtpx:hr>147</gpxtpx:hr>
          </gpxtpx:TrackPointExtension>
        </extensions>
      </trkpt>
      <trkpt lat="37.84932551393312" lon="112.01292693449115">
        <ele>1166.5999755859375</ele>
        <time>2021-09-20T23:31:53Z</time>
        <extensions>
          <gpxtpx:TrackPointExtension>
            <gpxtpx:hr>147</gpxtpx:hr>
          </gpxtpx:TrackPointExtension>
        </extensions>
      </trkpt>
      <trkpt lat="37.849192454630476" lon="112.01293990599224">
        <ele>1166.800048828125</ele>
        <time>2021-09-20T23:31:57Z</time>
        <extensions>
          <gpxtpx:TrackPointExtension>
            <gpxtpx:hr>148</gpxtpx:hr>
          </gpxtpx:TrackPointExtension>
        </extensions>
      </trkpt>
      <trkpt lat="37.84900538937042" lon="112.01295188737217">
        <ele>1167.199951171875</ele>
        <time>2021-09-20T23:32:03Z</time>
        <extensions>
          <gpxtpx:TrackPointExtension>
            <gpxtpx:hr>149</gpxtpx:hr>
          </gpxtpx:TrackPointExtension>
        </extensions>
      </trkpt>
      <trkpt lat="37.84879425679459" lon="112.01298579649169">
        <ele>1167.5999755859375</ele>
        <time>2021-09-20T23:32:10Z</time>
        <extensions>
          <gpxtpx:TrackPointExtension>
            <gpxtpx:hr>150</gpxtpx:hr>
          </gpxtpx:TrackPointExtension>
        </extensions>
      </trkpt>
      <trkpt lat="37.848659226040056" lon="112.01298880239601">
        <ele>1167.5999755859375</ele>
        <time>2021-09-20T23:32:15Z</time>
        <extensions>
          <gpxtpx:TrackPointExtension>
            <gpxtpx:hr>151</gpxtpx:hr>
          </gpxtpx:TrackPointExtension>
        </extensions>
      </trkpt>
      <trkpt lat="37.848525189696936" lon="112.0129938013512">
        <ele>1168.0</ele>
        <time>2021-09-20T23:32:20Z</time>
        <extensions>
          <gpxtpx:TrackPointExtension>
            <gpxtpx:hr>151</gpxtpx:hr>
          </gpxtpx:TrackPointExtension>
        </extensions>
      </trkpt>
      <trkpt lat="37.848297114940046" lon="112.01300678423453">
        <ele>1168.800048828125</ele>
        <time>2021-09-20T23:32:28Z</time>
        <extensions>
          <gpxtpx:TrackPointExtension>
            <gpxtpx:hr>151</gpxtpx:hr>
          </gpxtpx:TrackPointExtension>
        </extensions>
      </trkpt>
      <trkpt lat="37.8481870364473" lon="112.01302772569264">
        <ele>1169.199951171875</ele>
        <time>2021-09-20T23:32:32Z</time>
        <extensions>
          <gpxtpx:TrackPointExtension>
            <gpxtpx:hr>151</gpxtpx:hr>
          </gpxtpx:TrackPointExtension>
        </extensions>
      </trkpt>
      <trkpt lat="37.8480739488362" lon="112.01305165727797">
        <ele>1169.199951171875</ele>
        <time>2021-09-20T23:32:36Z</time>
        <extensions>
          <gpxtpx:TrackPointExtension>
            <gpxtpx:hr>151</gpxtpx:hr>
          </gpxtpx:TrackPointExtension>
        </extensions>
      </trkpt>
      <trkpt lat="37.84796390206199" lon="112.01306163630166">
        <ele>1169.5999755859375</ele>
        <time>2021-09-20T23:32:42Z</time>
        <extensions>
          <gpxtpx:TrackPointExtension>
            <gpxtpx:hr>152</gpxtpx:hr>
          </gpxtpx:TrackPointExtension>
        </extensions>
      </trkpt>
      <trkpt lat="37.84787986530221" lon="112.01306961904363">
        <ele>1169.4000244140625</ele>
        <time>2021-09-20T23:32:50Z</time>
        <extensions>
          <gpxtpx:TrackPointExtension>
            <gpxtpx:hr>151</gpxtpx:hr>
          </gpxtpx:TrackPointExtension>
        </extensions>
      </trkpt>
      <trkpt lat="37.84778281490454" lon="112.01308158969003">
        <ele>1169.199951171875</ele>
        <time>2021-09-20T23:32:56Z</time>
        <extensions>
          <gpxtpx:TrackPointExtension>
            <gpxtpx:hr>148</gpxtpx:hr>
          </gpxtpx:TrackPointExtension>
        </extensions>
      </trkpt>
      <trkpt lat="37.84760776907647" lon="112.01308759014661">
        <ele>1169.199951171875</ele>
        <time>2021-09-20T23:33:03Z</time>
        <extensions>
          <gpxtpx:TrackPointExtension>
            <gpxtpx:hr>143</gpxtpx:hr>
          </gpxtpx:TrackPointExtension>
        </extensions>
      </trkpt>
      <trkpt lat="37.84749971402581" lon="112.01310055870083">
        <ele>1169.5999755859375</ele>
        <time>2021-09-20T23:33:07Z</time>
        <extensions>
          <gpxtpx:TrackPointExtension>
            <gpxtpx:hr>139</gpxtpx:hr>
          </gpxtpx:TrackPointExtension>
        </extensions>
      </trkpt>
      <trkpt lat="37.847337699150096" lon="112.01309659172992">
        <ele>1170.0</ele>
        <time>2021-09-20T23:33:13Z</time>
        <extensions>
          <gpxtpx:TrackPointExtension>
            <gpxtpx:hr>138</gpxtpx:hr>
          </gpxtpx:TrackPointExtension>
        </extensions>
      </trkpt>
      <trkpt lat="37.84723265036836" lon="112.0131075667525">
        <ele>1170.5999755859375</ele>
        <time>2021-09-20T23:33:17Z</time>
        <extensions>
          <gpxtpx:TrackPointExtension>
            <gpxtpx:hr>138</gpxtpx:hr>
          </gpxtpx:TrackPointExtension>
        </extensions>
      </trkpt>
      <trkpt lat="37.84704755689916" lon="112.01312951381472">
        <ele>1171.5999755859375</ele>
        <time>2021-09-20T23:33:24Z</time>
        <extensions>
          <gpxtpx:TrackPointExtension>
            <gpxtpx:hr>139</gpxtpx:hr>
          </gpxtpx:TrackPointExtension>
        </extensions>
      </trkpt>
      <trkpt lat="37.84693947886008" lon="112.01315045508775">
        <ele>1171.800048828125</ele>
        <time>2021-09-20T23:33:28Z</time>
        <extensions>
          <gpxtpx:TrackPointExtension>
            <gpxtpx:hr>140</gpxtpx:hr>
          </gpxtpx:TrackPointExtension>
        </extensions>
      </trkpt>
      <trkpt lat="37.846753399673325" lon="112.01316741934492">
        <ele>1172.0</ele>
        <time>2021-09-20T23:33:35Z</time>
        <extensions>
          <gpxtpx:TrackPointExtension>
            <gpxtpx:hr>142</gpxtpx:hr>
          </gpxtpx:TrackPointExtension>
        </extensions>
      </trkpt>
      <trkpt lat="37.84652444309421" lon="112.01313954225778">
        <ele>1172.199951171875</ele>
        <time>2021-09-20T23:33:44Z</time>
        <extensions>
          <gpxtpx:TrackPointExtension>
            <gpxtpx:hr>145</gpxtpx:hr>
          </gpxtpx:TrackPointExtension>
        </extensions>
      </trkpt>
      <trkpt lat="37.84648579395035" lon="112.01301597013214">
        <ele>1173.199951171875</ele>
        <time>2021-09-20T23:33:49Z</time>
        <extensions>
          <gpxtpx:TrackPointExtension>
            <gpxtpx:hr>146</gpxtpx:hr>
          </gpxtpx:TrackPointExtension>
        </extensions>
      </trkpt>
      <trkpt lat="37.84647934636428" lon="112.01282462688107">
        <ele>1174.0</ele>
        <time>2021-09-20T23:33:55Z</time>
        <extensions>
          <gpxtpx:TrackPointExtension>
            <gpxtpx:hr>147</gpxtpx:hr>
          </gpxtpx:TrackPointExtension>
        </extensions>
      </trkpt>
      <trkpt lat="37.846486181646554" lon="112.01253661485397">
        <ele>1174.4000244140625</ele>
        <time>2021-09-20T23:34:04Z</time>
        <extensions>
          <gpxtpx:TrackPointExtension>
            <gpxtpx:hr>144</gpxtpx:hr>
          </gpxtpx:TrackPointExtension>
        </extensions>
      </trkpt>
      <trkpt lat="37.84649603029509" lon="112.01224461785674">
        <ele>1174.800048828125</ele>
        <time>2021-09-20T23:34:13Z</time>
        <extensions>
          <gpxtpx:TrackPointExtension>
            <gpxtpx:hr>143</gpxtpx:hr>
          </gpxtpx:TrackPointExtension>
        </extensions>
      </trkpt>
      <trkpt lat="37.84648939678114" lon="112.01211805443575">
        <ele>1175.0</ele>
        <time>2021-09-20T23:34:17Z</time>
        <extensions>
          <gpxtpx:TrackPointExtension>
            <gpxtpx:hr>142</gpxtpx:hr>
          </gpxtpx:TrackPointExtension>
        </extensions>
      </trkpt>
      <trkpt lat="37.846502769658464" lon="112.01199049237388">
        <ele>1175.4000244140625</ele>
        <time>2021-09-20T23:34:21Z</time>
        <extensions>
          <gpxtpx:TrackPointExtension>
            <gpxtpx:hr>142</gpxtpx:hr>
          </gpxtpx:TrackPointExtension>
        </extensions>
      </trkpt>
      <trkpt lat="37.84650114034933" lon="112.01186293242422">
        <ele>1175.5999755859375</ele>
        <time>2021-09-20T23:34:25Z</time>
        <extensions>
          <gpxtpx:TrackPointExtension>
            <gpxtpx:hr>142</gpxtpx:hr>
          </gpxtpx:TrackPointExtension>
        </extensions>
      </trkpt>
      <trkpt lat="37.846515502279516" lon="112.01173935711951">
        <ele>1175.800048828125</ele>
        <time>2021-09-20T23:34:29Z</time>
        <extensions>
          <gpxtpx:TrackPointExtension>
            <gpxtpx:hr>142</gpxtpx:hr>
          </gpxtpx:TrackPointExtension>
        </extensions>
      </trkpt>
      <trkpt lat="37.846502089296855" lon="112.01153705743698">
        <ele>1176.0</ele>
        <time>2021-09-20T23:34:35Z</time>
        <extensions>
          <gpxtpx:TrackPointExtension>
            <gpxtpx:hr>144</gpxtpx:hr>
          </gpxtpx:TrackPointExtension>
        </extensions>
      </trkpt>
      <trkpt lat="37.846452714694244" lon="112.01131981455289">
        <ele>1177.0</ele>
        <time>2021-09-20T23:34:42Z</time>
        <extensions>
          <gpxtpx:TrackPointExtension>
            <gpxtpx:hr>146</gpxtpx:hr>
          </gpxtpx:TrackPointExtension>
        </extensions>
      </trkpt>
      <trkpt lat="37.84634986955396" lon="112.01126103030813">
        <ele>1177.800048828125</ele>
        <time>2021-09-20T23:34:47Z</time>
        <extensions>
          <gpxtpx:TrackPointExtension>
            <gpxtpx:hr>147</gpxtpx:hr>
          </gpxtpx:TrackPointExtension>
        </extensions>
      </trkpt>
      <trkpt lat="37.8461649704439" lon="112.011216207633">
        <ele>1179.800048828125</ele>
        <time>2021-09-20T23:34:55Z</time>
        <extensions>
          <gpxtpx:TrackPointExtension>
            <gpxtpx:hr>148</gpxtpx:hr>
          </gpxtpx:TrackPointExtension>
        </extensions>
      </trkpt>
      <trkpt lat="37.846138326913234" lon="112.01109263875132">
        <ele>1180.4000244140625</ele>
        <time>2021-09-20T23:34:59Z</time>
        <extensions>
          <gpxtpx:TrackPointExtension>
            <gpxtpx:hr>149</gpxtpx:hr>
          </gpxtpx:TrackPointExtension>
        </extensions>
      </trkpt>
      <trkpt lat="37.84610777908567" lon="112.01093618463068">
        <ele>1181.4000244140625</ele>
        <time>2021-09-20T23:35:04Z</time>
        <extensions>
          <gpxtpx:TrackPointExtension>
            <gpxtpx:hr>151</gpxtpx:hr>
          </gpxtpx:TrackPointExtension>
        </extensions>
      </trkpt>
      <trkpt lat="37.8460289003046" lon="112.01089035301162">
        <ele>1182.5999755859375</ele>
        <time>2021-09-20T23:35:08Z</time>
        <extensions>
          <gpxtpx:TrackPointExtension>
            <gpxtpx:hr>152</gpxtpx:hr>
          </gpxtpx:TrackPointExtension>
        </extensions>
      </trkpt>
      <trkpt lat="37.84591406819005" lon="112.01082658795262">
        <ele>1183.5999755859375</ele>
        <time>2021-09-20T23:35:13Z</time>
        <extensions>
          <gpxtpx:TrackPointExtension>
            <gpxtpx:hr>152</gpxtpx:hr>
          </gpxtpx:TrackPointExtension>
        </extensions>
      </trkpt>
      <trkpt lat="37.84582167721981" lon="112.01061333923744">
        <ele>1184.199951171875</ele>
        <time>2021-09-20T23:35:21Z</time>
        <extensions>
          <gpxtpx:TrackPointExtension>
            <gpxtpx:hr>156</gpxtpx:hr>
          </gpxtpx:TrackPointExtension>
        </extensions>
      </trkpt>
      <trkpt lat="37.84580489918181" lon="112.010536607795">
        <ele>1184.4000244140625</ele>
        <time>2021-09-20T23:35:27Z</time>
        <extensions>
          <gpxtpx:TrackPointExtension>
            <gpxtpx:hr>157</gpxtpx:hr>
          </gpxtpx:TrackPointExtension>
        </extensions>
      </trkpt>
      <trkpt lat="37.84579912008818" lon="112.01046087168139">
        <ele>1184.0</ele>
        <time>2021-09-20T23:35:32Z</time>
        <extensions>
          <gpxtpx:TrackPointExtension>
            <gpxtpx:hr>157</gpxtpx:hr>
          </gpxtpx:TrackPointExtension>
        </extensions>
      </trkpt>
      <trkpt lat="37.84585927289943" lon="112.01041203424225">
        <ele>1182.800048828125</ele>
        <time>2021-09-20T23:35:39Z</time>
        <extensions>
          <gpxtpx:TrackPointExtension>
            <gpxtpx:hr>154</gpxtpx:hr>
          </gpxtpx:TrackPointExtension>
        </extensions>
      </trkpt>
      <trkpt lat="37.8458864320868" lon="112.01035921465017">
        <ele>1182.4000244140625</ele>
        <time>2021-09-20T23:35:43Z</time>
        <extensions>
          <gpxtpx:TrackPointExtension>
            <gpxtpx:hr>153</gpxtpx:hr>
          </gpxtpx:TrackPointExtension>
        </extensions>
      </trkpt>
      <trkpt lat="37.845941651372435" lon="112.01028745762406">
        <ele>1182.199951171875</ele>
        <time>2021-09-20T23:35:48Z</time>
        <extensions>
          <gpxtpx:TrackPointExtension>
            <gpxtpx:hr>150</gpxtpx:hr>
          </gpxtpx:TrackPointExtension>
        </extensions>
      </trkpt>
      <trkpt lat="37.845956814555244" lon="112.01023264651894">
        <ele>1182.4000244140625</ele>
        <time>2021-09-20T23:35:52Z</time>
        <extensions>
          <gpxtpx:TrackPointExtension>
            <gpxtpx:hr>144</gpxtpx:hr>
          </gpxtpx:TrackPointExtension>
        </extensions>
      </trkpt>
      <trkpt lat="37.84594204309762" lon="112.01015392230065">
        <ele>1182.4000244140625</ele>
        <time>2021-09-20T23:35:57Z</time>
        <extensions>
          <gpxtpx:TrackPointExtension>
            <gpxtpx:hr>136</gpxtpx:hr>
          </gpxtpx:TrackPointExtension>
        </extensions>
      </trkpt>
      <trkpt lat="37.84591140371362" lon="112.01002935975639">
        <ele>1182.199951171875</ele>
        <time>2021-09-20T23:36:05Z</time>
        <extensions>
          <gpxtpx:TrackPointExtension>
            <gpxtpx:hr>127</gpxtpx:hr>
          </gpxtpx:TrackPointExtension>
        </extensions>
      </trkpt>
      <trkpt lat="37.84589865621758" lon="112.00994266336231">
        <ele>1182.4000244140625</ele>
        <time>2021-09-20T23:36:11Z</time>
        <extensions>
          <gpxtpx:TrackPointExtension>
            <gpxtpx:hr>122</gpxtpx:hr>
          </gpxtpx:TrackPointExtension>
        </extensions>
      </trkpt>
      <trkpt lat="37.84591188668126" lon="112.0098649327274">
        <ele>1182.5999755859375</ele>
        <time>2021-09-20T23:36:16Z</time>
        <extensions>
          <gpxtpx:TrackPointExtension>
            <gpxtpx:hr>120</gpxtpx:hr>
          </gpxtpx:TrackPointExtension>
        </extensions>
      </trkpt>
      <trkpt lat="37.845888436462936" lon="112.00967659248597">
        <ele>1183.199951171875</ele>
        <time>2021-09-20T23:36:27Z</time>
        <extensions>
          <gpxtpx:TrackPointExtension>
            <gpxtpx:hr>119</gpxtpx:hr>
          </gpxtpx:TrackPointExtension>
        </extensions>
      </trkpt>
      <trkpt lat="37.845891950030705" lon="112.00950220090672">
        <ele>1184.0</ele>
        <time>2021-09-20T23:36:37Z</time>
        <extensions>
          <gpxtpx:TrackPointExtension>
            <gpxtpx:hr>115</gpxtpx:hr>
          </gpxtpx:TrackPointExtension>
        </extensions>
      </trkpt>
      <trkpt lat="37.8458773319448" lon="112.00937165875325">
        <ele>1184.199951171875</ele>
        <time>2021-09-20T23:36:45Z</time>
        <extensions>
          <gpxtpx:TrackPointExtension>
            <gpxtpx:hr>115</gpxtpx:hr>
          </gpxtpx:TrackPointExtension>
        </extensions>
      </trkpt>
      <trkpt lat="37.845844869758515" lon="112.00918730723293">
        <ele>1183.800048828125</ele>
        <time>2021-09-20T23:36:56Z</time>
        <extensions>
          <gpxtpx:TrackPointExtension>
            <gpxtpx:hr>113</gpxtpx:hr>
          </gpxtpx:TrackPointExtension>
        </extensions>
      </trkpt>
      <trkpt lat="37.84581536147068" lon="112.00901890010817">
        <ele>1184.199951171875</ele>
        <time>2021-09-20T23:37:06Z</time>
        <extensions>
          <gpxtpx:TrackPointExtension>
            <gpxtpx:hr>109</gpxtpx:hr>
          </gpxtpx:TrackPointExtension>
        </extensions>
      </trkpt>
      <trkpt lat="37.84581064289973" lon="112.0089232356612">
        <ele>1184.4000244140625</ele>
        <time>2021-09-20T23:37:12Z</time>
        <extensions>
          <gpxtpx:TrackPointExtension>
            <gpxtpx:hr>108</gpxtpx:hr>
          </gpxtpx:TrackPointExtension>
        </extensions>
      </trkpt>
      <trkpt lat="37.84583987994249" lon="112.00884450795246">
        <ele>1184.4000244140625</ele>
        <time>2021-09-20T23:37:18Z</time>
        <extensions>
          <gpxtpx:TrackPointExtension>
            <gpxtpx:hr>111</gpxtpx:hr>
          </gpxtpx:TrackPointExtension>
        </extensions>
      </trkpt>
      <trkpt lat="37.84582718088974" lon="112.00874186918513">
        <ele>1183.800048828125</ele>
        <time>2021-09-20T23:37:23Z</time>
        <extensions>
          <gpxtpx:TrackPointExtension>
            <gpxtpx:hr>110</gpxtpx:hr>
          </gpxtpx:TrackPointExtension>
        </extensions>
      </trkpt>
      <trkpt lat="37.84578544489011" lon="112.0086501956132">
        <ele>1183.5999755859375</ele>
        <time>2021-09-20T23:37:27Z</time>
        <extensions>
          <gpxtpx:TrackPointExtension>
            <gpxtpx:hr>107</gpxtpx:hr>
          </gpxtpx:TrackPointExtension>
        </extensions>
      </trkpt>
      <trkpt lat="37.84565981616702" lon="112.00851767554904">
        <ele>1183.800048828125</ele>
        <time>2021-09-20T23:37:34Z</time>
        <extensions>
          <gpxtpx:TrackPointExtension>
            <gpxtpx:hr>106</gpxtpx:hr>
          </gpxtpx:TrackPointExtension>
        </extensions>
      </trkpt>
      <trkpt lat="37.8456932752952" lon="112.00836421025768">
        <ele>1183.0</ele>
        <time>2021-09-20T23:37:39Z</time>
        <extensions>
          <gpxtpx:TrackPointExtension>
            <gpxtpx:hr>104</gpxtpx:hr>
          </gpxtpx:TrackPointExtension>
        </extensions>
      </trkpt>
      <trkpt lat="37.84571268525922" lon="112.00822669099344">
        <ele>1183.0</ele>
        <time>2021-09-20T23:37:43Z</time>
        <extensions>
          <gpxtpx:TrackPointExtension>
            <gpxtpx:hr>109</gpxtpx:hr>
          </gpxtpx:TrackPointExtension>
        </extensions>
      </trkpt>
      <trkpt lat="37.84575212525235" lon="112.00808020117073">
        <ele>1182.800048828125</ele>
        <time>2021-09-20T23:37:48Z</time>
        <extensions>
          <gpxtpx:TrackPointExtension>
            <gpxtpx:hr>118</gpxtpx:hr>
          </gpxtpx:TrackPointExtension>
        </extensions>
      </trkpt>
      <trkpt lat="37.84579168363139" lon="112.00789385192392">
        <ele>1182.5999755859375</ele>
        <time>2021-09-20T23:37:54Z</time>
        <extensions>
          <gpxtpx:TrackPointExtension>
            <gpxtpx:hr>118</gpxtpx:hr>
          </gpxtpx:TrackPointExtension>
        </extensions>
      </trkpt>
      <trkpt lat="37.845839462466984" lon="112.00763376197837">
        <ele>1182.4000244140625</ele>
        <time>2021-09-20T23:38:02Z</time>
        <extensions>
          <gpxtpx:TrackPointExtension>
            <gpxtpx:hr>119</gpxtpx:hr>
          </gpxtpx:TrackPointExtension>
        </extensions>
      </trkpt>
      <trkpt lat="37.84589319868295" lon="112.00738861963428">
        <ele>1182.4000244140625</ele>
        <time>2021-09-20T23:38:10Z</time>
        <extensions>
          <gpxtpx:TrackPointExtension>
            <gpxtpx:hr>121</gpxtpx:hr>
          </gpxtpx:TrackPointExtension>
        </extensions>
      </trkpt>
      <trkpt lat="37.84592457666465" lon="112.00726305881062">
        <ele>1182.199951171875</ele>
        <time>2021-09-20T23:38:14Z</time>
        <extensions>
          <gpxtpx:TrackPointExtension>
            <gpxtpx:hr>128</gpxtpx:hr>
          </gpxtpx:TrackPointExtension>
        </extensions>
      </trkpt>
      <trkpt lat="37.8459543515343" lon="112.00700396995668">
        <ele>1182.199951171875</ele>
        <time>2021-09-20T23:38:22Z</time>
        <extensions>
          <gpxtpx:TrackPointExtension>
            <gpxtpx:hr>130</gpxtpx:hr>
          </gpxtpx:TrackPointExtension>
        </extensions>
      </trkpt>
      <trkpt lat="37.84597992184786" lon="112.00681363948104">
        <ele>1182.0</ele>
        <time>2021-09-20T23:38:28Z</time>
        <extensions>
          <gpxtpx:TrackPointExtension>
            <gpxtpx:hr>130</gpxtpx:hr>
          </gpxtpx:TrackPointExtension>
        </extensions>
      </trkpt>
      <trkpt lat="37.84600246536815" lon="112.00663227815859">
        <ele>1182.199951171875</ele>
        <time>2021-09-20T23:38:34Z</time>
        <extensions>
          <gpxtpx:TrackPointExtension>
            <gpxtpx:hr>130</gpxtpx:hr>
          </gpxtpx:TrackPointExtension>
        </extensions>
      </trkpt>
      <trkpt lat="37.8460138144559" lon="112.0065156893585">
        <ele>1182.0</ele>
        <time>2021-09-20T23:38:38Z</time>
        <extensions>
          <gpxtpx:TrackPointExtension>
            <gpxtpx:hr>130</gpxtpx:hr>
          </gpxtpx:TrackPointExtension>
        </extensions>
      </trkpt>
      <trkpt lat="37.8458270603346" lon="112.00642303969664">
        <ele>1182.4000244140625</ele>
        <time>2021-09-20T23:38:47Z</time>
        <extensions>
          <gpxtpx:TrackPointExtension>
            <gpxtpx:hr>128</gpxtpx:hr>
          </gpxtpx:TrackPointExtension>
        </extensions>
      </trkpt>
      <trkpt lat="37.84564121142205" lon="112.00636227710856">
        <ele>1183.0</ele>
        <time>2021-09-20T23:38:55Z</time>
        <extensions>
          <gpxtpx:TrackPointExtension>
            <gpxtpx:hr>129</gpxtpx:hr>
          </gpxtpx:TrackPointExtension>
        </extensions>
      </trkpt>
      <trkpt lat="37.84550532014465" lon="112.00631844860658">
        <ele>1183.5999755859375</ele>
        <time>2021-09-20T23:39:01Z</time>
        <extensions>
          <gpxtpx:TrackPointExtension>
            <gpxtpx:hr>130</gpxtpx:hr>
          </gpxtpx:TrackPointExtension>
        </extensions>
      </trkpt>
      <trkpt lat="37.84540941456401" lon="112.00628159065043">
        <ele>1183.800048828125</ele>
        <time>2021-09-20T23:39:05Z</time>
        <extensions>
          <gpxtpx:TrackPointExtension>
            <gpxtpx:hr>131</gpxtpx:hr>
          </gpxtpx:TrackPointExtension>
        </extensions>
      </trkpt>
      <trkpt lat="37.84523053125832" lon="112.00623278497721">
        <ele>1184.0</ele>
        <time>2021-09-20T23:39:12Z</time>
        <extensions>
          <gpxtpx:TrackPointExtension>
            <gpxtpx:hr>133</gpxtpx:hr>
          </gpxtpx:TrackPointExtension>
        </extensions>
      </trkpt>
      <trkpt lat="37.84500965905522" lon="112.00617800553216">
        <ele>1184.199951171875</ele>
        <time>2021-09-20T23:39:21Z</time>
        <extensions>
          <gpxtpx:TrackPointExtension>
            <gpxtpx:hr>135</gpxtpx:hr>
          </gpxtpx:TrackPointExtension>
        </extensions>
      </trkpt>
      <trkpt lat="37.84483373173647" lon="112.00614414659226">
        <ele>1184.5999755859375</ele>
        <time>2021-09-20T23:39:28Z</time>
        <extensions>
          <gpxtpx:TrackPointExtension>
            <gpxtpx:hr>137</gpxtpx:hr>
          </gpxtpx:TrackPointExtension>
        </extensions>
      </trkpt>
      <trkpt lat="37.84459485674077" lon="112.00608936935804">
        <ele>1185.199951171875</ele>
        <time>2021-09-20T23:39:37Z</time>
        <extensions>
          <gpxtpx:TrackPointExtension>
            <gpxtpx:hr>139</gpxtpx:hr>
          </gpxtpx:TrackPointExtension>
        </extensions>
      </trkpt>
      <trkpt lat="37.84437771177477" lon="112.0061262645512">
        <ele>1186.0</ele>
        <time>2021-09-20T23:39:45Z</time>
        <extensions>
          <gpxtpx:TrackPointExtension>
            <gpxtpx:hr>141</gpxtpx:hr>
          </gpxtpx:TrackPointExtension>
        </extensions>
      </trkpt>
      <trkpt lat="37.844215450851614" lon="112.00620500489897">
        <ele>1186.5999755859375</ele>
        <time>2021-09-20T23:39:52Z</time>
        <extensions>
          <gpxtpx:TrackPointExtension>
            <gpxtpx:hr>142</gpxtpx:hr>
          </gpxtpx:TrackPointExtension>
        </extensions>
      </trkpt>
      <trkpt lat="37.844018145755086" lon="112.00629670362275">
        <ele>1186.5999755859375</ele>
        <time>2021-09-20T23:40:00Z</time>
        <extensions>
          <gpxtpx:TrackPointExtension>
            <gpxtpx:hr>143</gpxtpx:hr>
          </gpxtpx:TrackPointExtension>
        </extensions>
      </trkpt>
      <trkpt lat="37.84383882881299" lon="112.00639338267618">
        <ele>1187.0</ele>
        <time>2021-09-20T23:40:07Z</time>
        <extensions>
          <gpxtpx:TrackPointExtension>
            <gpxtpx:hr>144</gpxtpx:hr>
          </gpxtpx:TrackPointExtension>
        </extensions>
      </trkpt>
      <trkpt lat="37.84364839443071" lon="112.00652892563826">
        <ele>1187.800048828125</ele>
        <time>2021-09-20T23:40:15Z</time>
        <extensions>
          <gpxtpx:TrackPointExtension>
            <gpxtpx:hr>145</gpxtpx:hr>
          </gpxtpx:TrackPointExtension>
        </extensions>
      </trkpt>
      <trkpt lat="37.843486982728386" lon="112.0066584865477">
        <ele>1188.199951171875</ele>
        <time>2021-09-20T23:40:22Z</time>
        <extensions>
          <gpxtpx:TrackPointExtension>
            <gpxtpx:hr>146</gpxtpx:hr>
          </gpxtpx:TrackPointExtension>
        </extensions>
      </trkpt>
      <trkpt lat="37.843363707837625" lon="112.00674419817162">
        <ele>1188.5999755859375</ele>
        <time>2021-09-20T23:40:27Z</time>
        <extensions>
          <gpxtpx:TrackPointExtension>
            <gpxtpx:hr>147</gpxtpx:hr>
          </gpxtpx:TrackPointExtension>
        </extensions>
      </trkpt>
      <trkpt lat="37.843222338224834" lon="112.00686080287397">
        <ele>1188.800048828125</ele>
        <time>2021-09-20T23:40:34Z</time>
        <extensions>
          <gpxtpx:TrackPointExtension>
            <gpxtpx:hr>148</gpxtpx:hr>
          </gpxtpx:TrackPointExtension>
        </extensions>
      </trkpt>
      <trkpt lat="37.84307592055391" lon="112.00699335205417">
        <ele>1189.5999755859375</ele>
        <time>2021-09-20T23:40:41Z</time>
        <extensions>
          <gpxtpx:TrackPointExtension>
            <gpxtpx:hr>148</gpxtpx:hr>
          </gpxtpx:TrackPointExtension>
        </extensions>
      </trkpt>
      <trkpt lat="37.84289946274679" lon="112.00713786285947">
        <ele>1190.0</ele>
        <time>2021-09-20T23:40:49Z</time>
        <extensions>
          <gpxtpx:TrackPointExtension>
            <gpxtpx:hr>148</gpxtpx:hr>
          </gpxtpx:TrackPointExtension>
        </extensions>
      </trkpt>
      <trkpt lat="37.842717989595585" lon="112.0072873569934">
        <ele>1190.5999755859375</ele>
        <time>2021-09-20T23:40:57Z</time>
        <extensions>
          <gpxtpx:TrackPointExtension>
            <gpxtpx:hr>148</gpxtpx:hr>
          </gpxtpx:TrackPointExtension>
        </extensions>
      </trkpt>
      <trkpt lat="37.84261072976983" lon="112.00736908155513">
        <ele>1190.800048828125</ele>
        <time>2021-09-20T23:41:02Z</time>
        <extensions>
          <gpxtpx:TrackPointExtension>
            <gpxtpx:hr>148</gpxtpx:hr>
          </gpxtpx:TrackPointExtension>
        </extensions>
      </trkpt>
      <trkpt lat="37.84251852864037" lon="112.00743187117457">
        <ele>1191.199951171875</ele>
        <time>2021-09-20T23:41:06Z</time>
        <extensions>
          <gpxtpx:TrackPointExtension>
            <gpxtpx:hr>148</gpxtpx:hr>
          </gpxtpx:TrackPointExtension>
        </extensions>
      </trkpt>
      <trkpt lat="37.84240728903173" lon="112.00750662097535">
        <ele>1192.0</ele>
        <time>2021-09-20T23:41:11Z</time>
        <extensions>
          <gpxtpx:TrackPointExtension>
            <gpxtpx:hr>149</gpxtpx:hr>
          </gpxtpx:TrackPointExtension>
        </extensions>
      </trkpt>
      <trkpt lat="37.84231606747476" lon="112.00757638602906">
        <ele>1192.0</ele>
        <time>2021-09-20T23:41:15Z</time>
        <extensions>
          <gpxtpx:TrackPointExtension>
            <gpxtpx:hr>151</gpxtpx:hr>
          </gpxtpx:TrackPointExtension>
        </extensions>
      </trkpt>
      <trkpt lat="37.84214366456612" lon="112.0077029607824">
        <ele>1192.0</ele>
        <time>2021-09-20T23:41:22Z</time>
        <extensions>
          <gpxtpx:TrackPointExtension>
            <gpxtpx:hr>151</gpxtpx:hr>
          </gpxtpx:TrackPointExtension>
        </extensions>
      </trkpt>
      <trkpt lat="37.84195620925698" lon="112.00784647795348">
        <ele>1192.5999755859375</ele>
        <time>2021-09-20T23:41:30Z</time>
        <extensions>
          <gpxtpx:TrackPointExtension>
            <gpxtpx:hr>152</gpxtpx:hr>
          </gpxtpx:TrackPointExtension>
        </extensions>
      </trkpt>
      <trkpt lat="37.84183493007373" lon="112.00793418385076">
        <ele>1193.199951171875</ele>
        <time>2021-09-20T23:41:35Z</time>
        <extensions>
          <gpxtpx:TrackPointExtension>
            <gpxtpx:hr>152</gpxtpx:hr>
          </gpxtpx:TrackPointExtension>
        </extensions>
      </trkpt>
      <trkpt lat="37.84159250185871" lon="112.00806575014272">
        <ele>1194.4000244140625</ele>
        <time>2021-09-20T23:41:45Z</time>
        <extensions>
          <gpxtpx:TrackPointExtension>
            <gpxtpx:hr>153</gpxtpx:hr>
          </gpxtpx:TrackPointExtension>
        </extensions>
      </trkpt>
      <trkpt lat="37.84137432552475" lon="112.00811360801391">
        <ele>1194.800048828125</ele>
        <time>2021-09-20T23:41:53Z</time>
        <extensions>
          <gpxtpx:TrackPointExtension>
            <gpxtpx:hr>154</gpxtpx:hr>
          </gpxtpx:TrackPointExtension>
        </extensions>
      </trkpt>
      <trkpt lat="37.841168198360016" lon="112.00814552052236">
        <ele>1195.0</ele>
        <time>2021-09-20T23:42:00Z</time>
        <extensions>
          <gpxtpx:TrackPointExtension>
            <gpxtpx:hr>155</gpxtpx:hr>
          </gpxtpx:TrackPointExtension>
        </extensions>
      </trkpt>
      <trkpt lat="37.84103621279469" lon="112.00813357830381">
        <ele>1195.4000244140625</ele>
        <time>2021-09-20T23:42:05Z</time>
        <extensions>
          <gpxtpx:TrackPointExtension>
            <gpxtpx:hr>155</gpxtpx:hr>
          </gpxtpx:TrackPointExtension>
        </extensions>
      </trkpt>
      <trkpt lat="37.84089629383969" lon="112.00809871760454">
        <ele>1195.199951171875</ele>
        <time>2021-09-20T23:42:10Z</time>
        <extensions>
          <gpxtpx:TrackPointExtension>
            <gpxtpx:hr>155</gpxtpx:hr>
          </gpxtpx:TrackPointExtension>
        </extensions>
      </trkpt>
      <trkpt lat="37.840712435816116" lon="112.00804094275794">
        <ele>1195.5999755859375</ele>
        <time>2021-09-20T23:42:17Z</time>
        <extensions>
          <gpxtpx:TrackPointExtension>
            <gpxtpx:hr>155</gpxtpx:hr>
          </gpxtpx:TrackPointExtension>
        </extensions>
      </trkpt>
      <trkpt lat="37.84061850355886" lon="112.00801305208819">
        <ele>1195.800048828125</ele>
        <time>2021-09-20T23:42:21Z</time>
        <extensions>
          <gpxtpx:TrackPointExtension>
            <gpxtpx:hr>155</gpxtpx:hr>
          </gpxtpx:TrackPointExtension>
        </extensions>
      </trkpt>
      <trkpt lat="37.84043452458195" lon="112.00799613362074">
        <ele>1196.199951171875</ele>
        <time>2021-09-20T23:42:29Z</time>
        <extensions>
          <gpxtpx:TrackPointExtension>
            <gpxtpx:hr>154</gpxtpx:hr>
          </gpxtpx:TrackPointExtension>
        </extensions>
      </trkpt>
      <trkpt lat="37.840265642485875" lon="112.00794732552625">
        <ele>1196.5999755859375</ele>
        <time>2021-09-20T23:42:37Z</time>
        <extensions>
          <gpxtpx:TrackPointExtension>
            <gpxtpx:hr>150</gpxtpx:hr>
          </gpxtpx:TrackPointExtension>
        </extensions>
      </trkpt>
      <trkpt lat="37.84009959849899" lon="112.00795332430508">
        <ele>1196.800048828125</ele>
        <time>2021-09-20T23:42:44Z</time>
        <extensions>
          <gpxtpx:TrackPointExtension>
            <gpxtpx:hr>149</gpxtpx:hr>
          </gpxtpx:TrackPointExtension>
        </extensions>
      </trkpt>
      <trkpt lat="37.83990945330861" lon="112.00799221029135">
        <ele>1197.4000244140625</ele>
        <time>2021-09-20T23:42:52Z</time>
        <extensions>
          <gpxtpx:TrackPointExtension>
            <gpxtpx:hr>148</gpxtpx:hr>
          </gpxtpx:TrackPointExtension>
        </extensions>
      </trkpt>
      <trkpt lat="37.839647299741145" lon="112.00803010839785">
        <ele>1198.4000244140625</ele>
        <time>2021-09-20T23:43:03Z</time>
        <extensions>
          <gpxtpx:TrackPointExtension>
            <gpxtpx:hr>147</gpxtpx:hr>
          </gpxtpx:TrackPointExtension>
        </extensions>
      </trkpt>
      <trkpt lat="37.83946819179495" lon="112.00805703515958">
        <ele>1198.5999755859375</ele>
        <time>2021-09-20T23:43:10Z</time>
        <extensions>
          <gpxtpx:TrackPointExtension>
            <gpxtpx:hr>146</gpxtpx:hr>
          </gpxtpx:TrackPointExtension>
        </extensions>
      </trkpt>
      <trkpt lat="37.83921404844741" lon="112.00809194285937">
        <ele>1199.4000244140625</ele>
        <time>2021-09-20T23:43:21Z</time>
        <extensions>
          <gpxtpx:TrackPointExtension>
            <gpxtpx:hr>146</gpxtpx:hr>
          </gpxtpx:TrackPointExtension>
        </extensions>
      </trkpt>
      <trkpt lat="37.8389668679036" lon="112.00813980421391">
        <ele>1200.0</ele>
        <time>2021-09-20T23:43:31Z</time>
        <extensions>
          <gpxtpx:TrackPointExtension>
            <gpxtpx:hr>147</gpxtpx:hr>
          </gpxtpx:TrackPointExtension>
        </extensions>
      </trkpt>
      <trkpt lat="37.83870070803857" lon="112.00817969588438">
        <ele>1201.0</ele>
        <time>2021-09-20T23:43:42Z</time>
        <extensions>
          <gpxtpx:TrackPointExtension>
            <gpxtpx:hr>146</gpxtpx:hr>
          </gpxtpx:TrackPointExtension>
        </extensions>
      </trkpt>
      <trkpt lat="37.838572637765935" lon="112.00819665163623">
        <ele>1201.4000244140625</ele>
        <time>2021-09-20T23:43:47Z</time>
        <extensions>
          <gpxtpx:TrackPointExtension>
            <gpxtpx:hr>146</gpxtpx:hr>
          </gpxtpx:TrackPointExtension>
        </extensions>
      </trkpt>
      <trkpt lat="37.83834261342798" lon="112.00819269308936">
        <ele>1201.5999755859375</ele>
        <time>2021-09-20T23:43:56Z</time>
        <extensions>
          <gpxtpx:TrackPointExtension>
            <gpxtpx:hr>148</gpxtpx:hr>
          </gpxtpx:TrackPointExtension>
        </extensions>
      </trkpt>
      <trkpt lat="37.838125865547624" lon="112.00809605868483">
        <ele>1203.0</ele>
        <time>2021-09-20T23:44:05Z</time>
        <extensions>
          <gpxtpx:TrackPointExtension>
            <gpxtpx:hr>149</gpxtpx:hr>
          </gpxtpx:TrackPointExtension>
        </extensions>
      </trkpt>
      <trkpt lat="37.83795606318927" lon="112.00802034522894">
        <ele>1203.199951171875</ele>
        <time>2021-09-20T23:44:12Z</time>
        <extensions>
          <gpxtpx:TrackPointExtension>
            <gpxtpx:hr>150</gpxtpx:hr>
          </gpxtpx:TrackPointExtension>
        </extensions>
      </trkpt>
      <trkpt lat="37.83786215472833" lon="112.00798448259886">
        <ele>1203.800048828125</ele>
        <time>2021-09-20T23:44:16Z</time>
        <extensions>
          <gpxtpx:TrackPointExtension>
            <gpxtpx:hr>150</gpxtpx:hr>
          </gpxtpx:TrackPointExtension>
        </extensions>
      </trkpt>
      <trkpt lat="37.8376923052529" lon="112.00792471318326">
        <ele>1204.5999755859375</ele>
        <time>2021-09-20T23:44:23Z</time>
        <extensions>
          <gpxtpx:TrackPointExtension>
            <gpxtpx:hr>150</gpxtpx:hr>
          </gpxtpx:TrackPointExtension>
        </extensions>
      </trkpt>
      <trkpt lat="37.83749147461876" lon="112.0078569755721">
        <ele>1205.5999755859375</ele>
        <time>2021-09-20T23:44:31Z</time>
        <extensions>
          <gpxtpx:TrackPointExtension>
            <gpxtpx:hr>151</gpxtpx:hr>
          </gpxtpx:TrackPointExtension>
        </extensions>
      </trkpt>
      <trkpt lat="37.83727270625662" lon="112.00776731734663">
        <ele>1206.5999755859375</ele>
        <time>2021-09-20T23:44:40Z</time>
        <extensions>
          <gpxtpx:TrackPointExtension>
            <gpxtpx:hr>154</gpxtpx:hr>
          </gpxtpx:TrackPointExtension>
        </extensions>
      </trkpt>
      <trkpt lat="37.837098838645616" lon="112.00771352755208">
        <ele>1207.0</ele>
        <time>2021-09-20T23:44:47Z</time>
        <extensions>
          <gpxtpx:TrackPointExtension>
            <gpxtpx:hr>154</gpxtpx:hr>
          </gpxtpx:TrackPointExtension>
        </extensions>
      </trkpt>
      <trkpt lat="37.836932972337976" lon="112.00765973684621">
        <ele>1207.5999755859375</ele>
        <time>2021-09-20T23:44:54Z</time>
        <extensions>
          <gpxtpx:TrackPointExtension>
            <gpxtpx:hr>155</gpxtpx:hr>
          </gpxtpx:TrackPointExtension>
        </extensions>
      </trkpt>
      <trkpt lat="37.83675413066658" lon="112.00759697932733">
        <ele>1208.0</ele>
        <time>2021-09-20T23:45:01Z</time>
        <extensions>
          <gpxtpx:TrackPointExtension>
            <gpxtpx:hr>155</gpxtpx:hr>
          </gpxtpx:TrackPointExtension>
        </extensions>
      </trkpt>
      <trkpt lat="37.83648735816752" lon="112.0075063306883">
        <ele>1208.199951171875</ele>
        <time>2021-09-20T23:45:12Z</time>
        <extensions>
          <gpxtpx:TrackPointExtension>
            <gpxtpx:hr>155</gpxtpx:hr>
          </gpxtpx:TrackPointExtension>
        </extensions>
      </trkpt>
      <trkpt lat="37.83625751759998" lon="112.00744058993374">
        <ele>1209.0</ele>
        <time>2021-09-20T23:45:22Z</time>
        <extensions>
          <gpxtpx:TrackPointExtension>
            <gpxtpx:hr>154</gpxtpx:hr>
          </gpxtpx:TrackPointExtension>
        </extensions>
      </trkpt>
      <trkpt lat="37.83616157367317" lon="112.0074166856953">
        <ele>1209.199951171875</ele>
        <time>2021-09-20T23:45:26Z</time>
        <extensions>
          <gpxtpx:TrackPointExtension>
            <gpxtpx:hr>154</gpxtpx:hr>
          </gpxtpx:TrackPointExtension>
        </extensions>
      </trkpt>
      <trkpt lat="37.83598567946683" lon="112.00737186479343">
        <ele>1209.800048828125</ele>
        <time>2021-09-20T23:45:33Z</time>
        <extensions>
          <gpxtpx:TrackPointExtension>
            <gpxtpx:hr>152</gpxtpx:hr>
          </gpxtpx:TrackPointExtension>
        </extensions>
      </trkpt>
      <trkpt lat="37.83579177658863" lon="112.00732903903895">
        <ele>1210.4000244140625</ele>
        <time>2021-09-20T23:45:41Z</time>
        <extensions>
          <gpxtpx:TrackPointExtension>
            <gpxtpx:hr>151</gpxtpx:hr>
          </gpxtpx:TrackPointExtension>
        </extensions>
      </trkpt>
      <trkpt lat="37.835589807387855" lon="112.00730813693876">
        <ele>1210.4000244140625</ele>
        <time>2021-09-20T23:45:49Z</time>
        <extensions>
          <gpxtpx:TrackPointExtension>
            <gpxtpx:hr>150</gpxtpx:hr>
          </gpxtpx:TrackPointExtension>
        </extensions>
      </trkpt>
      <trkpt lat="37.8354050806903" lon="112.00720651757727">
        <ele>1210.4000244140625</ele>
        <time>2021-09-20T23:45:57Z</time>
        <extensions>
          <gpxtpx:TrackPointExtension>
            <gpxtpx:hr>148</gpxtpx:hr>
          </gpxtpx:TrackPointExtension>
        </extensions>
      </trkpt>
      <trkpt lat="37.83533848500663" lon="112.00706701797318">
        <ele>1209.800048828125</ele>
        <time>2021-09-20T23:46:02Z</time>
        <extensions>
          <gpxtpx:TrackPointExtension>
            <gpxtpx:hr>148</gpxtpx:hr>
          </gpxtpx:TrackPointExtension>
        </extensions>
      </trkpt>
      <trkpt lat="37.83525894978947" lon="112.00690659413034">
        <ele>1209.800048828125</ele>
        <time>2021-09-20T23:46:08Z</time>
        <extensions>
          <gpxtpx:TrackPointExtension>
            <gpxtpx:hr>148</gpxtpx:hr>
          </gpxtpx:TrackPointExtension>
        </extensions>
      </trkpt>
      <trkpt lat="37.835020034335884" lon="112.00686576698577">
        <ele>1210.4000244140625</ele>
        <time>2021-09-20T23:46:17Z</time>
        <extensions>
          <gpxtpx:TrackPointExtension>
            <gpxtpx:hr>146</gpxtpx:hr>
          </gpxtpx:TrackPointExtension>
        </extensions>
      </trkpt>
      <trkpt lat="37.83480082552063" lon="112.00692458538425">
        <ele>1210.5999755859375</ele>
        <time>2021-09-20T23:46:26Z</time>
        <extensions>
          <gpxtpx:TrackPointExtension>
            <gpxtpx:hr>144</gpxtpx:hr>
          </gpxtpx:TrackPointExtension>
        </extensions>
      </trkpt>
      <trkpt lat="37.83460275044423" lon="112.00693955619559">
        <ele>1210.5999755859375</ele>
        <time>2021-09-20T23:46:34Z</time>
        <extensions>
          <gpxtpx:TrackPointExtension>
            <gpxtpx:hr>142</gpxtpx:hr>
          </gpxtpx:TrackPointExtension>
        </extensions>
      </trkpt>
      <trkpt lat="37.834406877299145" lon="112.00688676614996">
        <ele>1211.4000244140625</ele>
        <time>2021-09-20T23:46:42Z</time>
        <extensions>
          <gpxtpx:TrackPointExtension>
            <gpxtpx:hr>143</gpxtpx:hr>
          </gpxtpx:TrackPointExtension>
        </extensions>
      </trkpt>
      <trkpt lat="37.834188062943085" lon="112.00681305284081">
        <ele>1212.4000244140625</ele>
        <time>2021-09-20T23:46:51Z</time>
        <extensions>
          <gpxtpx:TrackPointExtension>
            <gpxtpx:hr>143</gpxtpx:hr>
          </gpxtpx:TrackPointExtension>
        </extensions>
      </trkpt>
      <trkpt lat="37.83409620299249" lon="112.00676124696446">
        <ele>1212.800048828125</ele>
        <time>2021-09-20T23:46:55Z</time>
        <extensions>
          <gpxtpx:TrackPointExtension>
            <gpxtpx:hr>143</gpxtpx:hr>
          </gpxtpx:TrackPointExtension>
        </extensions>
      </trkpt>
      <trkpt lat="37.833922321541245" lon="112.00671244033417">
        <ele>1213.4000244140625</ele>
        <time>2021-09-20T23:47:02Z</time>
        <extensions>
          <gpxtpx:TrackPointExtension>
            <gpxtpx:hr>144</gpxtpx:hr>
          </gpxtpx:TrackPointExtension>
        </extensions>
      </trkpt>
      <trkpt lat="37.8337535032256" lon="112.00664270714579">
        <ele>1214.0</ele>
        <time>2021-09-20T23:47:09Z</time>
        <extensions>
          <gpxtpx:TrackPointExtension>
            <gpxtpx:hr>147</gpxtpx:hr>
          </gpxtpx:TrackPointExtension>
        </extensions>
      </trkpt>
      <trkpt lat="37.833625611146466" lon="112.0065998739617">
        <ele>1214.800048828125</ele>
        <time>2021-09-20T23:47:14Z</time>
        <extensions>
          <gpxtpx:TrackPointExtension>
            <gpxtpx:hr>149</gpxtpx:hr>
          </gpxtpx:TrackPointExtension>
        </extensions>
      </trkpt>
      <trkpt lat="37.83352471731348" lon="112.00655903053288">
        <ele>1215.199951171875</ele>
        <time>2021-09-20T23:47:18Z</time>
        <extensions>
          <gpxtpx:TrackPointExtension>
            <gpxtpx:hr>149</gpxtpx:hr>
          </gpxtpx:TrackPointExtension>
        </extensions>
      </trkpt>
      <trkpt lat="37.83338180517391" lon="112.00652217803118">
        <ele>1216.0</ele>
        <time>2021-09-20T23:47:24Z</time>
        <extensions>
          <gpxtpx:TrackPointExtension>
            <gpxtpx:hr>151</gpxtpx:hr>
          </gpxtpx:TrackPointExtension>
        </extensions>
      </trkpt>
      <trkpt lat="37.83325888425763" lon="112.00648930905793">
        <ele>1216.4000244140625</ele>
        <time>2021-09-20T23:47:29Z</time>
        <extensions>
          <gpxtpx:TrackPointExtension>
            <gpxtpx:hr>151</gpxtpx:hr>
          </gpxtpx:TrackPointExtension>
        </extensions>
      </trkpt>
      <trkpt lat="37.8330810707474" lon="112.00641758421185">
        <ele>1216.800048828125</ele>
        <time>2021-09-20T23:47:36Z</time>
        <extensions>
          <gpxtpx:TrackPointExtension>
            <gpxtpx:hr>152</gpxtpx:hr>
          </gpxtpx:TrackPointExtension>
        </extensions>
      </trkpt>
      <trkpt lat="37.832959206488134" lon="112.00636578219631">
        <ele>1217.0</ele>
        <time>2021-09-20T23:47:41Z</time>
        <extensions>
          <gpxtpx:TrackPointExtension>
            <gpxtpx:hr>152</gpxtpx:hr>
          </gpxtpx:TrackPointExtension>
        </extensions>
      </trkpt>
      <trkpt lat="37.832730403122376" lon="112.0062880847255">
        <ele>1217.5999755859375</ele>
        <time>2021-09-20T23:47:50Z</time>
        <extensions>
          <gpxtpx:TrackPointExtension>
            <gpxtpx:hr>153</gpxtpx:hr>
          </gpxtpx:TrackPointExtension>
        </extensions>
      </trkpt>
      <trkpt lat="37.832477700221524" lon="112.0061755137607">
        <ele>1217.5999755859375</ele>
        <time>2021-09-20T23:48:00Z</time>
        <extensions>
          <gpxtpx:TrackPointExtension>
            <gpxtpx:hr>154</gpxtpx:hr>
          </gpxtpx:TrackPointExtension>
        </extensions>
      </trkpt>
      <trkpt lat="37.832275874456585" lon="112.00610678148567">
        <ele>1217.800048828125</ele>
        <time>2021-09-20T23:48:08Z</time>
        <extensions>
          <gpxtpx:TrackPointExtension>
            <gpxtpx:hr>154</gpxtpx:hr>
          </gpxtpx:TrackPointExtension>
        </extensions>
      </trkpt>
      <trkpt lat="37.832013905776655" lon="112.00608289747801">
        <ele>1218.0</ele>
        <time>2021-09-20T23:48:18Z</time>
        <extensions>
          <gpxtpx:TrackPointExtension>
            <gpxtpx:hr>152</gpxtpx:hr>
          </gpxtpx:TrackPointExtension>
        </extensions>
      </trkpt>
      <trkpt lat="37.83190685969953" lon="112.00609287491474">
        <ele>1218.199951171875</ele>
        <time>2021-09-20T23:48:22Z</time>
        <extensions>
          <gpxtpx:TrackPointExtension>
            <gpxtpx:hr>151</gpxtpx:hr>
          </gpxtpx:TrackPointExtension>
        </extensions>
      </trkpt>
      <trkpt lat="37.83171576810714" lon="112.0061138235193">
        <ele>1218.199951171875</ele>
        <time>2021-09-20T23:48:29Z</time>
        <extensions>
          <gpxtpx:TrackPointExtension>
            <gpxtpx:hr>150</gpxtpx:hr>
          </gpxtpx:TrackPointExtension>
        </extensions>
      </trkpt>
      <trkpt lat="37.83150365550524" lon="112.00614075344672">
        <ele>1218.800048828125</ele>
        <time>2021-09-20T23:48:37Z</time>
        <extensions>
          <gpxtpx:TrackPointExtension>
            <gpxtpx:hr>150</gpxtpx:hr>
          </gpxtpx:TrackPointExtension>
        </extensions>
      </trkpt>
      <trkpt lat="37.831266619404985" lon="112.00614078169758">
        <ele>1219.0</ele>
        <time>2021-09-20T23:48:47Z</time>
        <extensions>
          <gpxtpx:TrackPointExtension>
            <gpxtpx:hr>151</gpxtpx:hr>
          </gpxtpx:TrackPointExtension>
        </extensions>
      </trkpt>
      <trkpt lat="37.83106656221354" lon="112.00614977375902">
        <ele>1219.5999755859375</ele>
        <time>2021-09-20T23:48:55Z</time>
        <extensions>
          <gpxtpx:TrackPointExtension>
            <gpxtpx:hr>151</gpxtpx:hr>
          </gpxtpx:TrackPointExtension>
        </extensions>
      </trkpt>
      <trkpt lat="37.830812487926956" lon="112.00616176166605">
        <ele>1220.0</ele>
        <time>2021-09-20T23:49:05Z</time>
        <extensions>
          <gpxtpx:TrackPointExtension>
            <gpxtpx:hr>149</gpxtpx:hr>
          </gpxtpx:TrackPointExtension>
        </extensions>
      </trkpt>
      <trkpt lat="37.83063544320992" lon="112.00616776158026">
        <ele>1220.5999755859375</ele>
        <time>2021-09-20T23:49:12Z</time>
        <extensions>
          <gpxtpx:TrackPointExtension>
            <gpxtpx:hr>149</gpxtpx:hr>
          </gpxtpx:TrackPointExtension>
        </extensions>
      </trkpt>
      <trkpt lat="37.83040645305812" lon="112.0061528418378">
        <ele>1221.5999755859375</ele>
        <time>2021-09-20T23:49:21Z</time>
        <extensions>
          <gpxtpx:TrackPointExtension>
            <gpxtpx:hr>148</gpxtpx:hr>
          </gpxtpx:TrackPointExtension>
        </extensions>
      </trkpt>
      <trkpt lat="37.830225526708084" lon="112.00611898346844">
        <ele>1222.5999755859375</ele>
        <time>2021-09-20T23:49:29Z</time>
        <extensions>
          <gpxtpx:TrackPointExtension>
            <gpxtpx:hr>148</gpxtpx:hr>
          </gpxtpx:TrackPointExtension>
        </extensions>
      </trkpt>
      <trkpt lat="37.83009150938402" lon="112.00611800297179">
        <ele>1223.800048828125</ele>
        <time>2021-09-20T23:49:35Z</time>
        <extensions>
          <gpxtpx:TrackPointExtension>
            <gpxtpx:hr>149</gpxtpx:hr>
          </gpxtpx:TrackPointExtension>
        </extensions>
      </trkpt>
      <trkpt lat="37.829956471108076" lon="112.00612399787546">
        <ele>1224.4000244140625</ele>
        <time>2021-09-20T23:49:41Z</time>
        <extensions>
          <gpxtpx:TrackPointExtension>
            <gpxtpx:hr>150</gpxtpx:hr>
          </gpxtpx:TrackPointExtension>
        </extensions>
      </trkpt>
      <trkpt lat="37.829756399230924" lon="112.00613797227865">
        <ele>1225.5999755859375</ele>
        <time>2021-09-20T23:49:49Z</time>
        <extensions>
          <gpxtpx:TrackPointExtension>
            <gpxtpx:hr>152</gpxtpx:hr>
          </gpxtpx:TrackPointExtension>
        </extensions>
      </trkpt>
      <trkpt lat="37.82958833519072" lon="112.00615094640119">
        <ele>1226.4000244140625</ele>
        <time>2021-09-20T23:49:56Z</time>
        <extensions>
          <gpxtpx:TrackPointExtension>
            <gpxtpx:hr>153</gpxtpx:hr>
          </gpxtpx:TrackPointExtension>
        </extensions>
      </trkpt>
      <trkpt lat="37.82938533426673" lon="112.0061410059061">
        <ele>1227.4000244140625</ele>
        <time>2021-09-20T23:50:04Z</time>
        <extensions>
          <gpxtpx:TrackPointExtension>
            <gpxtpx:hr>154</gpxtpx:hr>
          </gpxtpx:TrackPointExtension>
        </extensions>
      </trkpt>
      <trkpt lat="37.829271323010815" lon="112.00613902655581">
        <ele>1228.199951171875</ele>
        <time>2021-09-20T23:50:08Z</time>
        <extensions>
          <gpxtpx:TrackPointExtension>
            <gpxtpx:hr>154</gpxtpx:hr>
          </gpxtpx:TrackPointExtension>
        </extensions>
      </trkpt>
      <trkpt lat="37.82916629825555" lon="112.00614202847798">
        <ele>1228.199951171875</ele>
        <time>2021-09-20T23:50:12Z</time>
        <extensions>
          <gpxtpx:TrackPointExtension>
            <gpxtpx:hr>155</gpxtpx:hr>
          </gpxtpx:TrackPointExtension>
        </extensions>
      </trkpt>
      <trkpt lat="37.82898326175488" lon="112.00614503969706">
        <ele>1228.5999755859375</ele>
        <time>2021-09-20T23:50:19Z</time>
        <extensions>
          <gpxtpx:TrackPointExtension>
            <gpxtpx:hr>156</gpxtpx:hr>
          </gpxtpx:TrackPointExtension>
        </extensions>
      </trkpt>
      <trkpt lat="37.8288121914088" lon="112.00616000711693">
        <ele>1228.800048828125</ele>
        <time>2021-09-20T23:50:26Z</time>
        <extensions>
          <gpxtpx:TrackPointExtension>
            <gpxtpx:hr>157</gpxtpx:hr>
          </gpxtpx:TrackPointExtension>
        </extensions>
      </trkpt>
      <trkpt lat="37.828609107354474" lon="112.00617796776271">
        <ele>1229.199951171875</ele>
        <time>2021-09-20T23:50:34Z</time>
        <extensions>
          <gpxtpx:TrackPointExtension>
            <gpxtpx:hr>157</gpxtpx:hr>
          </gpxtpx:TrackPointExtension>
        </extensions>
      </trkpt>
      <trkpt lat="37.828378051823705" lon="112.00618497058284">
        <ele>1230.4000244140625</ele>
        <time>2021-09-20T23:50:43Z</time>
        <extensions>
          <gpxtpx:TrackPointExtension>
            <gpxtpx:hr>157</gpxtpx:hr>
          </gpxtpx:TrackPointExtension>
        </extensions>
      </trkpt>
      <trkpt lat="37.828210991074194" lon="112.00619694812467">
        <ele>1231.4000244140625</ele>
        <time>2021-09-20T23:50:51Z</time>
        <extensions>
          <gpxtpx:TrackPointExtension>
            <gpxtpx:hr>157</gpxtpx:hr>
          </gpxtpx:TrackPointExtension>
        </extensions>
      </trkpt>
      <trkpt lat="37.82812192124143" lon="112.00621589166242">
        <ele>1231.800048828125</ele>
        <time>2021-09-20T23:50:55Z</time>
        <extensions>
          <gpxtpx:TrackPointExtension>
            <gpxtpx:hr>157</gpxtpx:hr>
          </gpxtpx:TrackPointExtension>
        </extensions>
      </trkpt>
      <trkpt lat="37.8279448263334" lon="112.00623883157557">
        <ele>1232.5999755859375</ele>
        <time>2021-09-20T23:51:03Z</time>
        <extensions>
          <gpxtpx:TrackPointExtension>
            <gpxtpx:hr>157</gpxtpx:hr>
          </gpxtpx:TrackPointExtension>
        </extensions>
      </trkpt>
      <trkpt lat="37.82776473991898" lon="112.00625878244144">
        <ele>1233.4000244140625</ele>
        <time>2021-09-20T23:51:11Z</time>
        <extensions>
          <gpxtpx:TrackPointExtension>
            <gpxtpx:hr>156</gpxtpx:hr>
          </gpxtpx:TrackPointExtension>
        </extensions>
      </trkpt>
      <trkpt lat="37.827582665118776" lon="112.00627474766739">
        <ele>1234.199951171875</ele>
        <time>2021-09-20T23:51:19Z</time>
        <extensions>
          <gpxtpx:TrackPointExtension>
            <gpxtpx:hr>154</gpxtpx:hr>
          </gpxtpx:TrackPointExtension>
        </extensions>
      </trkpt>
      <trkpt lat="37.827481623260795" lon="112.0062837279447">
        <ele>1234.800048828125</ele>
        <time>2021-09-20T23:51:24Z</time>
        <extensions>
          <gpxtpx:TrackPointExtension>
            <gpxtpx:hr>153</gpxtpx:hr>
          </gpxtpx:TrackPointExtension>
        </extensions>
      </trkpt>
      <trkpt lat="37.82738756165756" lon="112.00629968268768">
        <ele>1235.199951171875</ele>
        <time>2021-09-20T23:51:28Z</time>
        <extensions>
          <gpxtpx:TrackPointExtension>
            <gpxtpx:hr>154</gpxtpx:hr>
          </gpxtpx:TrackPointExtension>
        </extensions>
      </trkpt>
      <trkpt lat="37.82728748133929" lon="112.00632161697892">
        <ele>1235.800048828125</ele>
        <time>2021-09-20T23:51:33Z</time>
        <extensions>
          <gpxtpx:TrackPointExtension>
            <gpxtpx:hr>152</gpxtpx:hr>
          </gpxtpx:TrackPointExtension>
        </extensions>
      </trkpt>
      <trkpt lat="37.827196417232585" lon="112.0063385678448">
        <ele>1236.199951171875</ele>
        <time>2021-09-20T23:51:37Z</time>
        <extensions>
          <gpxtpx:TrackPointExtension>
            <gpxtpx:hr>151</gpxtpx:hr>
          </gpxtpx:TrackPointExtension>
        </extensions>
      </trkpt>
      <trkpt lat="37.82706538281218" lon="112.00634356581811">
        <ele>1236.800048828125</ele>
        <time>2021-09-20T23:51:43Z</time>
        <extensions>
          <gpxtpx:TrackPointExtension>
            <gpxtpx:hr>149</gpxtpx:hr>
          </gpxtpx:TrackPointExtension>
        </extensions>
      </trkpt>
      <trkpt lat="37.82688529059003" lon="112.00636550965822">
        <ele>1238.199951171875</ele>
        <time>2021-09-20T23:51:51Z</time>
        <extensions>
          <gpxtpx:TrackPointExtension>
            <gpxtpx:hr>150</gpxtpx:hr>
          </gpxtpx:TrackPointExtension>
        </extensions>
      </trkpt>
      <trkpt lat="37.826795238548335" lon="112.00637847452569">
        <ele>1238.4000244140625</ele>
        <time>2021-09-20T23:51:55Z</time>
        <extensions>
          <gpxtpx:TrackPointExtension>
            <gpxtpx:hr>151</gpxtpx:hr>
          </gpxtpx:TrackPointExtension>
        </extensions>
      </trkpt>
      <trkpt lat="37.82663217563497" lon="112.00639144809642">
        <ele>1239.0</ele>
        <time>2021-09-20T23:52:02Z</time>
        <extensions>
          <gpxtpx:TrackPointExtension>
            <gpxtpx:hr>153</gpxtpx:hr>
          </gpxtpx:TrackPointExtension>
        </extensions>
      </trkpt>
      <trkpt lat="37.82642104619298" lon="112.00642435684955">
        <ele>1240.199951171875</ele>
        <time>2021-09-20T23:52:11Z</time>
        <extensions>
          <gpxtpx:TrackPointExtension>
            <gpxtpx:hr>154</gpxtpx:hr>
          </gpxtpx:TrackPointExtension>
        </extensions>
      </trkpt>
      <trkpt lat="37.82616979800546" lon="112.00649513639094">
        <ele>1241.199951171875</ele>
        <time>2021-09-20T23:52:22Z</time>
        <extensions>
          <gpxtpx:TrackPointExtension>
            <gpxtpx:hr>154</gpxtpx:hr>
          </gpxtpx:TrackPointExtension>
        </extensions>
      </trkpt>
      <trkpt lat="37.826046753000256" lon="112.00650411931889">
        <ele>1242.0</ele>
        <time>2021-09-20T23:52:27Z</time>
        <extensions>
          <gpxtpx:TrackPointExtension>
            <gpxtpx:hr>153</gpxtpx:hr>
          </gpxtpx:TrackPointExtension>
        </extensions>
      </trkpt>
      <trkpt lat="37.82579773086934" lon="112.00649916662654">
        <ele>1243.0</ele>
        <time>2021-09-20T23:52:37Z</time>
        <extensions>
          <gpxtpx:TrackPointExtension>
            <gpxtpx:hr>153</gpxtpx:hr>
          </gpxtpx:TrackPointExtension>
        </extensions>
      </trkpt>
      <trkpt lat="37.82552465771765" lon="112.006510160382">
        <ele>1243.800048828125</ele>
        <time>2021-09-20T23:52:48Z</time>
        <extensions>
          <gpxtpx:TrackPointExtension>
            <gpxtpx:hr>153</gpxtpx:hr>
          </gpxtpx:TrackPointExtension>
        </extensions>
      </trkpt>
      <trkpt lat="37.82542767897403" lon="112.00649821425243">
        <ele>1244.199951171875</ele>
        <time>2021-09-20T23:52:52Z</time>
        <extensions>
          <gpxtpx:TrackPointExtension>
            <gpxtpx:hr>154</gpxtpx:hr>
          </gpxtpx:TrackPointExtension>
        </extensions>
      </trkpt>
      <trkpt lat="37.82530272875658" lon="112.00647531024877">
        <ele>1244.199951171875</ele>
        <time>2021-09-20T23:52:57Z</time>
        <extensions>
          <gpxtpx:TrackPointExtension>
            <gpxtpx:hr>154</gpxtpx:hr>
          </gpxtpx:TrackPointExtension>
        </extensions>
      </trkpt>
      <trkpt lat="37.82511481972247" lon="112.0064354737126">
        <ele>1244.4000244140625</ele>
        <time>2021-09-20T23:53:05Z</time>
        <extensions>
          <gpxtpx:TrackPointExtension>
            <gpxtpx:hr>154</gpxtpx:hr>
          </gpxtpx:TrackPointExtension>
        </extensions>
      </trkpt>
      <trkpt lat="37.825008893149096" lon="112.00640559215306">
        <ele>1245.199951171875</ele>
        <time>2021-09-20T23:53:10Z</time>
        <extensions>
          <gpxtpx:TrackPointExtension>
            <gpxtpx:hr>154</gpxtpx:hr>
          </gpxtpx:TrackPointExtension>
        </extensions>
      </trkpt>
      <trkpt lat="37.82488998843732" lon="112.00636774037551">
        <ele>1245.800048828125</ele>
        <time>2021-09-20T23:53:15Z</time>
        <extensions>
          <gpxtpx:TrackPointExtension>
            <gpxtpx:hr>154</gpxtpx:hr>
          </gpxtpx:TrackPointExtension>
        </extensions>
      </trkpt>
      <trkpt lat="37.82475103326169" lon="112.00634583455236">
        <ele>1246.4000244140625</ele>
        <time>2021-09-20T23:53:21Z</time>
        <extensions>
          <gpxtpx:TrackPointExtension>
            <gpxtpx:hr>153</gpxtpx:hr>
          </gpxtpx:TrackPointExtension>
        </extensions>
      </trkpt>
      <trkpt lat="37.82454310655003" lon="112.00631098282652">
        <ele>1246.5999755859375</ele>
        <time>2021-09-20T23:53:30Z</time>
        <extensions>
          <gpxtpx:TrackPointExtension>
            <gpxtpx:hr>152</gpxtpx:hr>
          </gpxtpx:TrackPointExtension>
        </extensions>
      </trkpt>
      <trkpt lat="37.82428523194962" lon="112.00625620765514">
        <ele>1246.5999755859375</ele>
        <time>2021-09-20T23:53:41Z</time>
        <extensions>
          <gpxtpx:TrackPointExtension>
            <gpxtpx:hr>152</gpxtpx:hr>
          </gpxtpx:TrackPointExtension>
        </extensions>
      </trkpt>
      <trkpt lat="37.82410532135114" lon="112.00621736675207">
        <ele>1246.0</ele>
        <time>2021-09-20T23:53:48Z</time>
        <extensions>
          <gpxtpx:TrackPointExtension>
            <gpxtpx:hr>152</gpxtpx:hr>
          </gpxtpx:TrackPointExtension>
        </extensions>
      </trkpt>
      <trkpt lat="37.82384853919665" lon="112.00613170097789">
        <ele>1245.5999755859375</ele>
        <time>2021-09-20T23:53:57Z</time>
        <extensions>
          <gpxtpx:TrackPointExtension>
            <gpxtpx:hr>150</gpxtpx:hr>
          </gpxtpx:TrackPointExtension>
        </extensions>
      </trkpt>
      <trkpt lat="37.823670626025965" lon="112.00609385636909">
        <ele>1246.0</ele>
        <time>2021-09-20T23:54:04Z</time>
        <extensions>
          <gpxtpx:TrackPointExtension>
            <gpxtpx:hr>147</gpxtpx:hr>
          </gpxtpx:TrackPointExtension>
        </extensions>
      </trkpt>
      <trkpt lat="37.82345262672942" lon="112.00608292119094">
        <ele>1246.800048828125</ele>
        <time>2021-09-20T23:54:13Z</time>
        <extensions>
          <gpxtpx:TrackPointExtension>
            <gpxtpx:hr>147</gpxtpx:hr>
          </gpxtpx:TrackPointExtension>
        </extensions>
      </trkpt>
      <trkpt lat="37.823270650588746" lon="112.00606600291414">
        <ele>1247.4000244140625</ele>
        <time>2021-09-20T23:54:20Z</time>
        <extensions>
          <gpxtpx:TrackPointExtension>
            <gpxtpx:hr>148</gpxtpx:hr>
          </gpxtpx:TrackPointExtension>
        </extensions>
      </trkpt>
      <trkpt lat="37.82310354582423" lon="112.0060929274629">
        <ele>1247.5999755859375</ele>
        <time>2021-09-20T23:54:27Z</time>
        <extensions>
          <gpxtpx:TrackPointExtension>
            <gpxtpx:hr>148</gpxtpx:hr>
          </gpxtpx:TrackPointExtension>
        </extensions>
      </trkpt>
      <trkpt lat="37.82286041212571" lon="112.00612583989239">
        <ele>1248.4000244140625</ele>
        <time>2021-09-20T23:54:37Z</time>
        <extensions>
          <gpxtpx:TrackPointExtension>
            <gpxtpx:hr>147</gpxtpx:hr>
          </gpxtpx:TrackPointExtension>
        </extensions>
      </trkpt>
      <trkpt lat="37.82277542050444" lon="112.00611887473693">
        <ele>1248.5999755859375</ele>
        <time>2021-09-20T23:54:41Z</time>
        <extensions>
          <gpxtpx:TrackPointExtension>
            <gpxtpx:hr>146</gpxtpx:hr>
          </gpxtpx:TrackPointExtension>
        </extensions>
      </trkpt>
      <trkpt lat="37.82265647446783" lon="112.00609497366274">
        <ele>1249.5999755859375</ele>
        <time>2021-09-20T23:54:46Z</time>
        <extensions>
          <gpxtpx:TrackPointExtension>
            <gpxtpx:hr>147</gpxtpx:hr>
          </gpxtpx:TrackPointExtension>
        </extensions>
      </trkpt>
      <trkpt lat="37.822532608013844" lon="112.00604416854917">
        <ele>1251.0</ele>
        <time>2021-09-20T23:54:52Z</time>
        <extensions>
          <gpxtpx:TrackPointExtension>
            <gpxtpx:hr>148</gpxtpx:hr>
          </gpxtpx:TrackPointExtension>
        </extensions>
      </trkpt>
      <trkpt lat="37.82242383005653" lon="112.00596446413424">
        <ele>1252.0</ele>
        <time>2021-09-20T23:54:58Z</time>
        <extensions>
          <gpxtpx:TrackPointExtension>
            <gpxtpx:hr>149</gpxtpx:hr>
          </gpxtpx:TrackPointExtension>
        </extensions>
      </trkpt>
      <trkpt lat="37.82232100841442" lon="112.00589970607959">
        <ele>1252.4000244140625</ele>
        <time>2021-09-20T23:55:03Z</time>
        <extensions>
          <gpxtpx:TrackPointExtension>
            <gpxtpx:hr>150</gpxtpx:hr>
          </gpxtpx:TrackPointExtension>
        </extensions>
      </trkpt>
      <trkpt lat="37.82222915271344" lon="112.00584690435417">
        <ele>1253.4000244140625</ele>
        <time>2021-09-20T23:55:08Z</time>
        <extensions>
          <gpxtpx:TrackPointExtension>
            <gpxtpx:hr>151</gpxtpx:hr>
          </gpxtpx:TrackPointExtension>
        </extensions>
      </trkpt>
      <trkpt lat="37.82211132600114" lon="112.00578314465169">
        <ele>1254.4000244140625</ele>
        <time>2021-09-20T23:55:14Z</time>
        <extensions>
          <gpxtpx:TrackPointExtension>
            <gpxtpx:hr>152</gpxtpx:hr>
          </gpxtpx:TrackPointExtension>
        </extensions>
      </trkpt>
      <trkpt lat="37.821976550459816" lon="112.00570145068217">
        <ele>1255.199951171875</ele>
        <time>2021-09-20T23:55:21Z</time>
        <extensions>
          <gpxtpx:TrackPointExtension>
            <gpxtpx:hr>153</gpxtpx:hr>
          </gpxtpx:TrackPointExtension>
        </extensions>
      </trkpt>
      <trkpt lat="37.8218607867014" lon="112.00561676514886">
        <ele>1255.5999755859375</ele>
        <time>2021-09-20T23:55:27Z</time>
        <extensions>
          <gpxtpx:TrackPointExtension>
            <gpxtpx:hr>154</gpxtpx:hr>
          </gpxtpx:TrackPointExtension>
        </extensions>
      </trkpt>
      <trkpt lat="37.82167025049373" lon="112.00545237177813">
        <ele>1256.4000244140625</ele>
        <time>2021-09-20T23:55:37Z</time>
        <extensions>
          <gpxtpx:TrackPointExtension>
            <gpxtpx:hr>154</gpxtpx:hr>
          </gpxtpx:TrackPointExtension>
        </extensions>
      </trkpt>
      <trkpt lat="37.82156551540198" lon="112.00535871707416">
        <ele>1257.199951171875</ele>
        <time>2021-09-20T23:55:42Z</time>
        <extensions>
          <gpxtpx:TrackPointExtension>
            <gpxtpx:hr>154</gpxtpx:hr>
          </gpxtpx:TrackPointExtension>
        </extensions>
      </trkpt>
      <trkpt lat="37.821465757276194" lon="112.00527303354993">
        <ele>1257.199951171875</ele>
        <time>2021-09-20T23:55:47Z</time>
        <extensions>
          <gpxtpx:TrackPointExtension>
            <gpxtpx:hr>153</gpxtpx:hr>
          </gpxtpx:TrackPointExtension>
        </extensions>
      </trkpt>
      <trkpt lat="37.82135104477693" lon="112.00517140859581">
        <ele>1258.0</ele>
        <time>2021-09-20T23:55:53Z</time>
        <extensions>
          <gpxtpx:TrackPointExtension>
            <gpxtpx:hr>152</gpxtpx:hr>
          </gpxtpx:TrackPointExtension>
        </extensions>
      </trkpt>
      <trkpt lat="37.82115847027628" lon="112.00501997030328">
        <ele>1259.0</ele>
        <time>2021-09-20T23:56:03Z</time>
        <extensions>
          <gpxtpx:TrackPointExtension>
            <gpxtpx:hr>152</gpxtpx:hr>
          </gpxtpx:TrackPointExtension>
        </extensions>
      </trkpt>
      <trkpt lat="37.821005797324325" lon="112.00490340339233">
        <ele>1260.199951171875</ele>
        <time>2021-09-20T23:56:11Z</time>
        <extensions>
          <gpxtpx:TrackPointExtension>
            <gpxtpx:hr>154</gpxtpx:hr>
          </gpxtpx:TrackPointExtension>
        </extensions>
      </trkpt>
      <trkpt lat="37.82092889961907" lon="112.00486554734152">
        <ele>1260.800048828125</ele>
        <time>2021-09-20T23:56:15Z</time>
        <extensions>
          <gpxtpx:TrackPointExtension>
            <gpxtpx:hr>154</gpxtpx:hr>
          </gpxtpx:TrackPointExtension>
        </extensions>
      </trkpt>
      <trkpt lat="37.820903928841304" lon="112.00485458933706">
        <ele>1261.0</ele>
        <time>2021-09-20T23:56:19Z</time>
        <extensions>
          <gpxtpx:TrackPointExtension>
            <gpxtpx:hr>155</gpxtpx:hr>
          </gpxtpx:TrackPointExtension>
        </extensions>
      </trkpt>
      <trkpt lat="37.820834070996156" lon="112.0048037785956">
        <ele>1261.4000244140625</ele>
        <time>2021-09-20T23:56:26Z</time>
        <extensions>
          <gpxtpx:TrackPointExtension>
            <gpxtpx:hr>153</gpxtpx:hr>
          </gpxtpx:TrackPointExtension>
        </extensions>
      </trkpt>
      <trkpt lat="37.820718299117964" lon="112.00472208337018">
        <ele>1262.0</ele>
        <time>2021-09-20T23:56:36Z</time>
        <extensions>
          <gpxtpx:TrackPointExtension>
            <gpxtpx:hr>150</gpxtpx:hr>
          </gpxtpx:TrackPointExtension>
        </extensions>
      </trkpt>
      <trkpt lat="37.82067041166578" lon="112.0046822310476">
        <ele>1262.800048828125</ele>
        <time>2021-09-20T23:56:41Z</time>
        <extensions>
          <gpxtpx:TrackPointExtension>
            <gpxtpx:hr>146</gpxtpx:hr>
          </gpxtpx:TrackPointExtension>
        </extensions>
      </trkpt>
      <trkpt lat="37.82062451555574" lon="112.00464536785672">
        <ele>1263.0</ele>
        <time>2021-09-20T23:56:45Z</time>
        <extensions>
          <gpxtpx:TrackPointExtension>
            <gpxtpx:hr>143</gpxtpx:hr>
          </gpxtpx:TrackPointExtension>
        </extensions>
      </trkpt>
      <trkpt lat="37.820554744492156" lon="112.00456566020813">
        <ele>1264.0</ele>
        <time>2021-09-20T23:56:53Z</time>
        <extensions>
          <gpxtpx:TrackPointExtension>
            <gpxtpx:hr>137</gpxtpx:hr>
          </gpxtpx:TrackPointExtension>
        </extensions>
      </trkpt>
      <trkpt lat="37.82050793197704" lon="112.00450089662375">
        <ele>1264.199951171875</ele>
        <time>2021-09-20T23:56:58Z</time>
        <extensions>
          <gpxtpx:TrackPointExtension>
            <gpxtpx:hr>135</gpxtpx:hr>
          </gpxtpx:TrackPointExtension>
        </extensions>
      </trkpt>
      <trkpt lat="37.820433115454335" lon="112.00443613642291">
        <ele>1264.800048828125</ele>
        <time>2021-09-20T23:57:07Z</time>
        <extensions>
          <gpxtpx:TrackPointExtension>
            <gpxtpx:hr>131</gpxtpx:hr>
          </gpxtpx:TrackPointExtension>
        </extensions>
      </trkpt>
      <trkpt lat="37.820504844858576" lon="112.00452979399377">
        <ele>1264.800048828125</ele>
        <time>2021-09-20T23:57:12Z</time>
        <extensions>
          <gpxtpx:TrackPointExtension>
            <gpxtpx:hr>129</gpxtpx:hr>
          </gpxtpx:TrackPointExtension>
        </extensions>
      </trkpt>
      <trkpt lat="37.82058349767221" lon="112.00464935853988">
        <ele>1263.5999755859375</ele>
        <time>2021-09-20T23:57:17Z</time>
        <extensions>
          <gpxtpx:TrackPointExtension>
            <gpxtpx:hr>128</gpxtpx:hr>
          </gpxtpx:TrackPointExtension>
        </extensions>
      </trkpt>
      <trkpt lat="37.82067713487449" lon="112.0047749001828">
        <ele>1262.5999755859375</ele>
        <time>2021-09-20T23:57:23Z</time>
        <extensions>
          <gpxtpx:TrackPointExtension>
            <gpxtpx:hr>128</gpxtpx:hr>
          </gpxtpx:TrackPointExtension>
        </extensions>
      </trkpt>
      <trkpt lat="37.82076593871213" lon="112.00484464124311">
        <ele>1261.199951171875</ele>
        <time>2021-09-20T23:57:27Z</time>
        <extensions>
          <gpxtpx:TrackPointExtension>
            <gpxtpx:hr>128</gpxtpx:hr>
          </gpxtpx:TrackPointExtension>
        </extensions>
      </trkpt>
      <trkpt lat="37.82088071352977" lon="112.00492534025608">
        <ele>1261.0</ele>
        <time>2021-09-20T23:57:32Z</time>
        <extensions>
          <gpxtpx:TrackPointExtension>
            <gpxtpx:hr>128</gpxtpx:hr>
          </gpxtpx:TrackPointExtension>
        </extensions>
      </trkpt>
      <trkpt lat="37.820971556571415" lon="112.00498212729846">
        <ele>1259.800048828125</ele>
        <time>2021-09-20T23:57:36Z</time>
        <extensions>
          <gpxtpx:TrackPointExtension>
            <gpxtpx:hr>128</gpxtpx:hr>
          </gpxtpx:TrackPointExtension>
        </extensions>
      </trkpt>
      <trkpt lat="37.82112922138251" lon="112.00510168309555">
        <ele>1259.0</ele>
        <time>2021-09-20T23:57:43Z</time>
        <extensions>
          <gpxtpx:TrackPointExtension>
            <gpxtpx:hr>127</gpxtpx:hr>
          </gpxtpx:TrackPointExtension>
        </extensions>
      </trkpt>
      <trkpt lat="37.82128886278192" lon="112.0052292104915">
        <ele>1257.800048828125</ele>
        <time>2021-09-20T23:57:50Z</time>
        <extensions>
          <gpxtpx:TrackPointExtension>
            <gpxtpx:hr>127</gpxtpx:hr>
          </gpxtpx:TrackPointExtension>
        </extensions>
      </trkpt>
      <trkpt lat="37.82141853577494" lon="112.00534478415744">
        <ele>1256.5999755859375</ele>
        <time>2021-09-20T23:57:56Z</time>
        <extensions>
          <gpxtpx:TrackPointExtension>
            <gpxtpx:hr>126</gpxtpx:hr>
          </gpxtpx:TrackPointExtension>
        </extensions>
      </trkpt>
      <trkpt lat="37.82163002715224" lon="112.00552511817857">
        <ele>1256.0</ele>
        <time>2021-09-20T23:58:06Z</time>
        <extensions>
          <gpxtpx:TrackPointExtension>
            <gpxtpx:hr>128</gpxtpx:hr>
          </gpxtpx:TrackPointExtension>
        </extensions>
      </trkpt>
      <trkpt lat="37.82174776727542" lon="112.00561777507255">
        <ele>1255.199951171875</ele>
        <time>2021-09-20T23:58:11Z</time>
        <extensions>
          <gpxtpx:TrackPointExtension>
            <gpxtpx:hr>130</gpxtpx:hr>
          </gpxtpx:TrackPointExtension>
        </extensions>
      </trkpt>
      <trkpt lat="37.82193433593258" lon="112.00577120816442">
        <ele>1254.4000244140625</ele>
        <time>2021-09-20T23:58:19Z</time>
        <extensions>
          <gpxtpx:TrackPointExtension>
            <gpxtpx:hr>132</gpxtpx:hr>
          </gpxtpx:TrackPointExtension>
        </extensions>
      </trkpt>
      <trkpt lat="37.82214700386356" lon="112.0058927515477">
        <ele>1253.5999755859375</ele>
        <time>2021-09-20T23:58:27Z</time>
        <extensions>
          <gpxtpx:TrackPointExtension>
            <gpxtpx:hr>131</gpxtpx:hr>
          </gpxtpx:TrackPointExtension>
        </extensions>
      </trkpt>
      <trkpt lat="37.82232368457324" lon="112.00600832060974">
        <ele>1252.0</ele>
        <time>2021-09-20T23:58:34Z</time>
        <extensions>
          <gpxtpx:TrackPointExtension>
            <gpxtpx:hr>131</gpxtpx:hr>
          </gpxtpx:TrackPointExtension>
        </extensions>
      </trkpt>
      <trkpt lat="37.822506443629976" lon="112.0060979809421">
        <ele>1250.800048828125</ele>
        <time>2021-09-20T23:58:41Z</time>
        <extensions>
          <gpxtpx:TrackPointExtension>
            <gpxtpx:hr>131</gpxtpx:hr>
          </gpxtpx:TrackPointExtension>
        </extensions>
      </trkpt>
      <trkpt lat="37.82264629163819" lon="112.00615575947278">
        <ele>1249.4000244140625</ele>
        <time>2021-09-20T23:58:46Z</time>
        <extensions>
          <gpxtpx:TrackPointExtension>
            <gpxtpx:hr>131</gpxtpx:hr>
          </gpxtpx:TrackPointExtension>
        </extensions>
      </trkpt>
      <trkpt lat="37.82277021463951" lon="112.00618763173021">
        <ele>1248.199951171875</ele>
        <time>2021-09-20T23:58:50Z</time>
        <extensions>
          <gpxtpx:TrackPointExtension>
            <gpxtpx:hr>131</gpxtpx:hr>
          </gpxtpx:TrackPointExtension>
        </extensions>
      </trkpt>
      <trkpt lat="37.82295926607478" lon="112.00617963744956">
        <ele>1247.4000244140625</ele>
        <time>2021-09-20T23:58:56Z</time>
        <extensions>
          <gpxtpx:TrackPointExtension>
            <gpxtpx:hr>131</gpxtpx:hr>
          </gpxtpx:TrackPointExtension>
        </extensions>
      </trkpt>
      <trkpt lat="37.82324439403612" lon="112.00615070586841">
        <ele>1246.4000244140625</ele>
        <time>2021-09-20T23:59:06Z</time>
        <extensions>
          <gpxtpx:TrackPointExtension>
            <gpxtpx:hr>134</gpxtpx:hr>
          </gpxtpx:TrackPointExtension>
        </extensions>
      </trkpt>
      <trkpt lat="37.823490418227486" lon="112.00615466243283">
        <ele>1246.0</ele>
        <time>2021-09-20T23:59:15Z</time>
        <extensions>
          <gpxtpx:TrackPointExtension>
            <gpxtpx:hr>134</gpxtpx:hr>
          </gpxtpx:TrackPointExtension>
        </extensions>
      </trkpt>
      <trkpt lat="37.823745464595476" lon="112.00615164263807">
        <ele>1245.199951171875</ele>
        <time>2021-09-20T23:59:24Z</time>
        <extensions>
          <gpxtpx:TrackPointExtension>
            <gpxtpx:hr>132</gpxtpx:hr>
          </gpxtpx:TrackPointExtension>
        </extensions>
      </trkpt>
      <trkpt lat="37.82399433771107" lon="112.00620641880667">
        <ele>1245.199951171875</ele>
        <time>2021-09-20T23:59:33Z</time>
        <extensions>
          <gpxtpx:TrackPointExtension>
            <gpxtpx:hr>133</gpxtpx:hr>
          </gpxtpx:TrackPointExtension>
        </extensions>
      </trkpt>
      <trkpt lat="37.824257189191165" lon="112.00626916511432">
        <ele>1245.0</ele>
        <time>2021-09-20T23:59:43Z</time>
        <extensions>
          <gpxtpx:TrackPointExtension>
            <gpxtpx:hr>136</gpxtpx:hr>
          </gpxtpx:TrackPointExtension>
        </extensions>
      </trkpt>
      <trkpt lat="37.82449207228632" lon="112.00631995714944">
        <ele>1245.199951171875</ele>
        <time>2021-09-20T23:59:52Z</time>
        <extensions>
          <gpxtpx:TrackPointExtension>
            <gpxtpx:hr>137</gpxtpx:hr>
          </gpxtpx:TrackPointExtension>
        </extensions>
      </trkpt>
      <trkpt lat="37.82468299648411" lon="112.00635481090568">
        <ele>1246.5999755859375</ele>
        <time>2021-09-20T23:59:59Z</time>
        <extensions>
          <gpxtpx:TrackPointExtension>
            <gpxtpx:hr>139</gpxtpx:hr>
          </gpxtpx:TrackPointExtension>
        </extensions>
      </trkpt>
      <trkpt lat="37.82489891253347" lon="112.00639364758925">
        <ele>1246.800048828125</ele>
        <time>2021-09-21T00:00:07Z</time>
        <extensions>
          <gpxtpx:TrackPointExtension>
            <gpxtpx:hr>139</gpxtpx:hr>
          </gpxtpx:TrackPointExtension>
        </extensions>
      </trkpt>
      <trkpt lat="37.82515579905911" lon="112.00644443708632">
        <ele>1245.5999755859375</ele>
        <time>2021-09-21T00:00:16Z</time>
        <extensions>
          <gpxtpx:TrackPointExtension>
            <gpxtpx:hr>140</gpxtpx:hr>
          </gpxtpx:TrackPointExtension>
        </extensions>
      </trkpt>
      <trkpt lat="37.82530074627772" lon="112.00646933164431">
        <ele>1244.800048828125</ele>
        <time>2021-09-21T00:00:21Z</time>
        <extensions>
          <gpxtpx:TrackPointExtension>
            <gpxtpx:hr>140</gpxtpx:hr>
          </gpxtpx:TrackPointExtension>
        </extensions>
      </trkpt>
      <trkpt lat="37.8255256311441" lon="112.00651912853229">
        <ele>1244.4000244140625</ele>
        <time>2021-09-21T00:00:29Z</time>
        <extensions>
          <gpxtpx:TrackPointExtension>
            <gpxtpx:hr>140</gpxtpx:hr>
          </gpxtpx:TrackPointExtension>
        </extensions>
      </trkpt>
      <trkpt lat="37.82573164981661" lon="112.00652308987694">
        <ele>1243.800048828125</ele>
        <time>2021-09-21T00:00:36Z</time>
        <extensions>
          <gpxtpx:TrackPointExtension>
            <gpxtpx:hr>142</gpxtpx:hr>
          </gpxtpx:TrackPointExtension>
        </extensions>
      </trkpt>
      <trkpt lat="37.82589166168853" lon="112.00652705670434">
        <ele>1243.0</ele>
        <time>2021-09-21T00:00:42Z</time>
        <extensions>
          <gpxtpx:TrackPointExtension>
            <gpxtpx:hr>144</gpxtpx:hr>
          </gpxtpx:TrackPointExtension>
        </extensions>
      </trkpt>
      <trkpt lat="37.82601864492465" lon="112.00653899926235">
        <ele>1242.5999755859375</ele>
        <time>2021-09-21T00:00:48Z</time>
        <extensions>
          <gpxtpx:TrackPointExtension>
            <gpxtpx:hr>146</gpxtpx:hr>
          </gpxtpx:TrackPointExtension>
        </extensions>
      </trkpt>
      <trkpt lat="37.82613561184387" lon="112.00655592538855">
        <ele>1242.199951171875</ele>
        <time>2021-09-21T00:00:56Z</time>
        <extensions>
          <gpxtpx:TrackPointExtension>
            <gpxtpx:hr>144</gpxtpx:hr>
          </gpxtpx:TrackPointExtension>
        </extensions>
      </trkpt>
      <trkpt lat="37.82620167806259" lon="112.0065369845005">
        <ele>1242.0</ele>
        <time>2021-09-21T00:01:02Z</time>
        <extensions>
          <gpxtpx:TrackPointExtension>
            <gpxtpx:hr>140</gpxtpx:hr>
          </gpxtpx:TrackPointExtension>
        </extensions>
      </trkpt>
      <trkpt lat="37.82626471712107" lon="112.00652701224531">
        <ele>1241.800048828125</ele>
        <time>2021-09-21T00:01:07Z</time>
        <extensions>
          <gpxtpx:TrackPointExtension>
            <gpxtpx:hr>132</gpxtpx:hr>
          </gpxtpx:TrackPointExtension>
        </extensions>
      </trkpt>
      <trkpt lat="37.82635980251295" lon="112.00650308553739">
        <ele>1241.199951171875</ele>
        <time>2021-09-21T00:01:14Z</time>
        <extensions>
          <gpxtpx:TrackPointExtension>
            <gpxtpx:hr>124</gpxtpx:hr>
          </gpxtpx:TrackPointExtension>
        </extensions>
      </trkpt>
      <trkpt lat="37.826408839498214" lon="112.00649311495577">
        <ele>1240.5999755859375</ele>
        <time>2021-09-21T00:01:18Z</time>
        <extensions>
          <gpxtpx:TrackPointExtension>
            <gpxtpx:hr>120</gpxtpx:hr>
          </gpxtpx:TrackPointExtension>
        </extensions>
      </trkpt>
      <trkpt lat="37.82645190528778" lon="112.0064731803524">
        <ele>1240.4000244140625</ele>
        <time>2021-09-21T00:01:22Z</time>
        <extensions>
          <gpxtpx:TrackPointExtension>
            <gpxtpx:hr>114</gpxtpx:hr>
          </gpxtpx:TrackPointExtension>
        </extensions>
      </trkpt>
      <trkpt lat="37.82654697882712" lon="112.0064532395567">
        <ele>1239.800048828125</ele>
        <time>2021-09-21T00:01:30Z</time>
        <extensions>
          <gpxtpx:TrackPointExtension>
            <gpxtpx:hr>114</gpxtpx:hr>
          </gpxtpx:TrackPointExtension>
        </extensions>
      </trkpt>
      <trkpt lat="37.82660600543474" lon="112.00644725368375">
        <ele>1239.5999755859375</ele>
        <time>2021-09-21T00:01:34Z</time>
        <extensions>
          <gpxtpx:TrackPointExtension>
            <gpxtpx:hr>109</gpxtpx:hr>
          </gpxtpx:TrackPointExtension>
        </extensions>
      </trkpt>
      <trkpt lat="37.826701055230124" lon="112.0064352846808">
        <ele>1238.5999755859375</ele>
        <time>2021-09-21T00:01:42Z</time>
        <extensions>
          <gpxtpx:TrackPointExtension>
            <gpxtpx:hr>107</gpxtpx:hr>
          </gpxtpx:TrackPointExtension>
        </extensions>
      </trkpt>
      <trkpt lat="37.82680807118283" lon="112.00643527192724">
        <ele>1238.199951171875</ele>
        <time>2021-09-21T00:01:50Z</time>
        <extensions>
          <gpxtpx:TrackPointExtension>
            <gpxtpx:hr>108</gpxtpx:hr>
          </gpxtpx:TrackPointExtension>
        </extensions>
      </trkpt>
      <trkpt lat="37.826861096907486" lon="112.00642928677098">
        <ele>1238.0</ele>
        <time>2021-09-21T00:01:54Z</time>
        <extensions>
          <gpxtpx:TrackPointExtension>
            <gpxtpx:hr>106</gpxtpx:hr>
          </gpxtpx:TrackPointExtension>
        </extensions>
      </trkpt>
      <trkpt lat="37.82694512132002" lon="112.00642529086639">
        <ele>1237.5999755859375</ele>
        <time>2021-09-21T00:02:01Z</time>
        <extensions>
          <gpxtpx:TrackPointExtension>
            <gpxtpx:hr>103</gpxtpx:hr>
          </gpxtpx:TrackPointExtension>
        </extensions>
      </trkpt>
      <trkpt lat="37.82706617502281" lon="112.00641331876822">
        <ele>1236.5999755859375</ele>
        <time>2021-09-21T00:02:09Z</time>
        <extensions>
          <gpxtpx:TrackPointExtension>
            <gpxtpx:hr>102</gpxtpx:hr>
          </gpxtpx:TrackPointExtension>
        </extensions>
      </trkpt>
      <trkpt lat="37.82725325939151" lon="112.00639436349661">
        <ele>1235.800048828125</ele>
        <time>2021-09-21T00:02:16Z</time>
        <extensions>
          <gpxtpx:TrackPointExtension>
            <gpxtpx:hr>104</gpxtpx:hr>
          </gpxtpx:TrackPointExtension>
        </extensions>
      </trkpt>
      <trkpt lat="37.82745636400569" lon="112.00636942748919">
        <ele>1235.0</ele>
        <time>2021-09-21T00:02:23Z</time>
        <extensions>
          <gpxtpx:TrackPointExtension>
            <gpxtpx:hr>110</gpxtpx:hr>
          </gpxtpx:TrackPointExtension>
        </extensions>
      </trkpt>
      <trkpt lat="37.8275714376569" lon="112.00635048081136">
        <ele>1234.4000244140625</ele>
        <time>2021-09-21T00:02:27Z</time>
        <extensions>
          <gpxtpx:TrackPointExtension>
            <gpxtpx:hr>115</gpxtpx:hr>
          </gpxtpx:TrackPointExtension>
        </extensions>
      </trkpt>
      <trkpt lat="37.82768248695418" lon="112.00633950638979">
        <ele>1233.800048828125</ele>
        <time>2021-09-21T00:02:31Z</time>
        <extensions>
          <gpxtpx:TrackPointExtension>
            <gpxtpx:hr>118</gpxtpx:hr>
          </gpxtpx:TrackPointExtension>
        </extensions>
      </trkpt>
      <trkpt lat="37.82782758592327" lon="112.00631358084355">
        <ele>1233.0</ele>
        <time>2021-09-21T00:02:36Z</time>
        <extensions>
          <gpxtpx:TrackPointExtension>
            <gpxtpx:hr>121</gpxtpx:hr>
          </gpxtpx:TrackPointExtension>
        </extensions>
      </trkpt>
      <trkpt lat="37.8280146733838" lon="112.00629362912778">
        <ele>1232.5999755859375</ele>
        <time>2021-09-21T00:02:43Z</time>
        <extensions>
          <gpxtpx:TrackPointExtension>
            <gpxtpx:hr>124</gpxtpx:hr>
          </gpxtpx:TrackPointExtension>
        </extensions>
      </trkpt>
      <trkpt lat="37.82813173550902" lon="112.0062786681159">
        <ele>1231.800048828125</ele>
        <time>2021-09-21T00:02:47Z</time>
        <extensions>
          <gpxtpx:TrackPointExtension>
            <gpxtpx:hr>124</gpxtpx:hr>
          </gpxtpx:TrackPointExtension>
        </extensions>
      </trkpt>
      <trkpt lat="37.8282667914336" lon="112.00626669437413">
        <ele>1231.199951171875</ele>
        <time>2021-09-21T00:02:52Z</time>
        <extensions>
          <gpxtpx:TrackPointExtension>
            <gpxtpx:hr>128</gpxtpx:hr>
          </gpxtpx:TrackPointExtension>
        </extensions>
      </trkpt>
      <trkpt lat="37.82838082935818" lon="112.00625970549085">
        <ele>1230.5999755859375</ele>
        <time>2021-09-21T00:02:56Z</time>
        <extensions>
          <gpxtpx:TrackPointExtension>
            <gpxtpx:hr>129</gpxtpx:hr>
          </gpxtpx:TrackPointExtension>
        </extensions>
      </trkpt>
      <trkpt lat="37.828632926677855" lon="112.00623974604287">
        <ele>1229.4000244140625</ele>
        <time>2021-09-21T00:03:05Z</time>
        <extensions>
          <gpxtpx:TrackPointExtension>
            <gpxtpx:hr>128</gpxtpx:hr>
          </gpxtpx:TrackPointExtension>
        </extensions>
      </trkpt>
      <trkpt lat="37.828741981714025" lon="112.00622677893644">
        <ele>1229.0</ele>
        <time>2021-09-21T00:03:09Z</time>
        <extensions>
          <gpxtpx:TrackPointExtension>
            <gpxtpx:hr>128</gpxtpx:hr>
          </gpxtpx:TrackPointExtension>
        </extensions>
      </trkpt>
      <trkpt lat="37.82899706766685" lon="112.00621080502015">
        <ele>1228.199951171875</ele>
        <time>2021-09-21T00:03:18Z</time>
        <extensions>
          <gpxtpx:TrackPointExtension>
            <gpxtpx:hr>129</gpxtpx:hr>
          </gpxtpx:TrackPointExtension>
        </extensions>
      </trkpt>
      <trkpt lat="37.82918911444154" lon="112.00620480331519">
        <ele>1227.800048828125</ele>
        <time>2021-09-21T00:03:25Z</time>
        <extensions>
          <gpxtpx:TrackPointExtension>
            <gpxtpx:hr>130</gpxtpx:hr>
          </gpxtpx:TrackPointExtension>
        </extensions>
      </trkpt>
      <trkpt lat="37.82932716498293" lon="112.00619482216787">
        <ele>1227.5999755859375</ele>
        <time>2021-09-21T00:03:30Z</time>
        <extensions>
          <gpxtpx:TrackPointExtension>
            <gpxtpx:hr>131</gpxtpx:hr>
          </gpxtpx:TrackPointExtension>
        </extensions>
      </trkpt>
      <trkpt lat="37.82949518142562" lon="112.00619779155261">
        <ele>1227.0</ele>
        <time>2021-09-21T00:03:36Z</time>
        <extensions>
          <gpxtpx:TrackPointExtension>
            <gpxtpx:hr>131</gpxtpx:hr>
          </gpxtpx:TrackPointExtension>
        </extensions>
      </trkpt>
      <trkpt lat="37.82969323511977" lon="112.00618979619388">
        <ele>1226.199951171875</ele>
        <time>2021-09-21T00:03:43Z</time>
        <extensions>
          <gpxtpx:TrackPointExtension>
            <gpxtpx:hr>134</gpxtpx:hr>
          </gpxtpx:TrackPointExtension>
        </extensions>
      </trkpt>
      <trkpt lat="37.82988928853929" lon="112.00618180107436">
        <ele>1225.199951171875</ele>
        <time>2021-09-21T00:03:50Z</time>
        <extensions>
          <gpxtpx:TrackPointExtension>
            <gpxtpx:hr>136</gpxtpx:hr>
          </gpxtpx:TrackPointExtension>
        </extensions>
      </trkpt>
      <trkpt lat="37.83007931432355" lon="112.00618277489659">
        <ele>1224.199951171875</ele>
        <time>2021-09-21T00:03:57Z</time>
        <extensions>
          <gpxtpx:TrackPointExtension>
            <gpxtpx:hr>132</gpxtpx:hr>
          </gpxtpx:TrackPointExtension>
        </extensions>
      </trkpt>
      <trkpt lat="37.83022231814782" lon="112.00618873666905">
        <ele>1223.199951171875</ele>
        <time>2021-09-21T00:04:02Z</time>
        <extensions>
          <gpxtpx:TrackPointExtension>
            <gpxtpx:hr>130</gpxtpx:hr>
          </gpxtpx:TrackPointExtension>
        </extensions>
      </trkpt>
      <trkpt lat="37.830340294416736" lon="112.00620267318013">
        <ele>1222.5999755859375</ele>
        <time>2021-09-21T00:04:06Z</time>
        <extensions>
          <gpxtpx:TrackPointExtension>
            <gpxtpx:hr>129</gpxtpx:hr>
          </gpxtpx:TrackPointExtension>
        </extensions>
      </trkpt>
      <trkpt lat="37.83045329966226" lon="112.00620664559003">
        <ele>1221.5999755859375</ele>
        <time>2021-09-21T00:04:10Z</time>
        <extensions>
          <gpxtpx:TrackPointExtension>
            <gpxtpx:hr>128</gpxtpx:hr>
          </gpxtpx:TrackPointExtension>
        </extensions>
      </trkpt>
      <trkpt lat="37.83069232404355" lon="112.00621060298064">
        <ele>1220.4000244140625</ele>
        <time>2021-09-21T00:04:18Z</time>
        <extensions>
          <gpxtpx:TrackPointExtension>
            <gpxtpx:hr>129</gpxtpx:hr>
          </gpxtpx:TrackPointExtension>
        </extensions>
      </trkpt>
      <trkpt lat="37.83092037354359" lon="112.00620559345303">
        <ele>1219.5999755859375</ele>
        <time>2021-09-21T00:04:26Z</time>
        <extensions>
          <gpxtpx:TrackPointExtension>
            <gpxtpx:hr>131</gpxtpx:hr>
          </gpxtpx:TrackPointExtension>
        </extensions>
      </trkpt>
      <trkpt lat="37.83103641198734" lon="112.00619860433683">
        <ele>1219.4000244140625</ele>
        <time>2021-09-21T00:04:30Z</time>
        <extensions>
          <gpxtpx:TrackPointExtension>
            <gpxtpx:hr>132</gpxtpx:hr>
          </gpxtpx:TrackPointExtension>
        </extensions>
      </trkpt>
      <trkpt lat="37.83125847846413" lon="112.00618761670727">
        <ele>1218.800048828125</ele>
        <time>2021-09-21T00:04:38Z</time>
        <extensions>
          <gpxtpx:TrackPointExtension>
            <gpxtpx:hr>134</gpxtpx:hr>
          </gpxtpx:TrackPointExtension>
        </extensions>
      </trkpt>
      <trkpt lat="37.83154258415307" lon="112.00616665699498">
        <ele>1218.199951171875</ele>
        <time>2021-09-21T00:04:48Z</time>
        <extensions>
          <gpxtpx:TrackPointExtension>
            <gpxtpx:hr>135</gpxtpx:hr>
          </gpxtpx:TrackPointExtension>
        </extensions>
      </trkpt>
      <trkpt lat="37.831736685087826" lon="112.00614271861028">
        <ele>1218.0</ele>
        <time>2021-09-21T00:04:55Z</time>
        <extensions>
          <gpxtpx:TrackPointExtension>
            <gpxtpx:hr>136</gpxtpx:hr>
          </gpxtpx:TrackPointExtension>
        </extensions>
      </trkpt>
      <trkpt lat="37.83201472455418" lon="112.00614368194034">
        <ele>1217.5999755859375</ele>
        <time>2021-09-21T00:05:05Z</time>
        <extensions>
          <gpxtpx:TrackPointExtension>
            <gpxtpx:hr>137</gpxtpx:hr>
          </gpxtpx:TrackPointExtension>
        </extensions>
      </trkpt>
      <trkpt lat="37.83222776602585" lon="112.00614066714267">
        <ele>1217.4000244140625</ele>
        <time>2021-09-21T00:05:13Z</time>
        <extensions>
          <gpxtpx:TrackPointExtension>
            <gpxtpx:hr>138</gpxtpx:hr>
          </gpxtpx:TrackPointExtension>
        </extensions>
      </trkpt>
      <trkpt lat="37.8323956728084" lon="112.00618050588292">
        <ele>1217.199951171875</ele>
        <time>2021-09-21T00:05:19Z</time>
        <extensions>
          <gpxtpx:TrackPointExtension>
            <gpxtpx:hr>139</gpxtpx:hr>
          </gpxtpx:TrackPointExtension>
        </extensions>
      </trkpt>
      <trkpt lat="37.83265632938454" lon="112.00630901943958">
        <ele>1217.0</ele>
        <time>2021-09-21T00:05:29Z</time>
        <extensions>
          <gpxtpx:TrackPointExtension>
            <gpxtpx:hr>140</gpxtpx:hr>
          </gpxtpx:TrackPointExtension>
        </extensions>
      </trkpt>
      <trkpt lat="37.832861164722146" lon="112.00637476212826">
        <ele>1217.199951171875</ele>
        <time>2021-09-21T00:05:37Z</time>
        <extensions>
          <gpxtpx:TrackPointExtension>
            <gpxtpx:hr>142</gpxtpx:hr>
          </gpxtpx:TrackPointExtension>
        </extensions>
      </trkpt>
      <trkpt lat="37.833012980122334" lon="112.00644449708652">
        <ele>1217.0</ele>
        <time>2021-09-21T00:05:43Z</time>
        <extensions>
          <gpxtpx:TrackPointExtension>
            <gpxtpx:hr>142</gpxtpx:hr>
          </gpxtpx:TrackPointExtension>
        </extensions>
      </trkpt>
      <trkpt lat="37.83311987479011" lon="112.0064853397361">
        <ele>1216.800048828125</ele>
        <time>2021-09-21T00:05:47Z</time>
        <extensions>
          <gpxtpx:TrackPointExtension>
            <gpxtpx:hr>142</gpxtpx:hr>
          </gpxtpx:TrackPointExtension>
        </extensions>
      </trkpt>
      <trkpt lat="37.83331066957512" lon="112.00656403842214">
        <ele>1216.4000244140625</ele>
        <time>2021-09-21T00:05:54Z</time>
        <extensions>
          <gpxtpx:TrackPointExtension>
            <gpxtpx:hr>140</gpxtpx:hr>
          </gpxtpx:TrackPointExtension>
        </extensions>
      </trkpt>
      <trkpt lat="37.833418582280366" lon="112.00659890216828">
        <ele>1215.800048828125</ele>
        <time>2021-09-21T00:05:58Z</time>
        <extensions>
          <gpxtpx:TrackPointExtension>
            <gpxtpx:hr>140</gpxtpx:hr>
          </gpxtpx:TrackPointExtension>
        </extensions>
      </trkpt>
      <trkpt lat="37.83360842749398" lon="112.00666066100214">
        <ele>1215.199951171875</ele>
        <time>2021-09-21T00:06:05Z</time>
        <extensions>
          <gpxtpx:TrackPointExtension>
            <gpxtpx:hr>139</gpxtpx:hr>
          </gpxtpx:TrackPointExtension>
        </extensions>
      </trkpt>
      <trkpt lat="37.83377430171449" lon="112.00671146150533">
        <ele>1214.4000244140625</ele>
        <time>2021-09-21T00:06:11Z</time>
        <extensions>
          <gpxtpx:TrackPointExtension>
            <gpxtpx:hr>139</gpxtpx:hr>
          </gpxtpx:TrackPointExtension>
        </extensions>
      </trkpt>
      <trkpt lat="37.8339990931217" lon="112.00679314581758">
        <ele>1213.199951171875</ele>
        <time>2021-09-21T00:06:19Z</time>
        <extensions>
          <gpxtpx:TrackPointExtension>
            <gpxtpx:hr>138</gpxtpx:hr>
          </gpxtpx:TrackPointExtension>
        </extensions>
      </trkpt>
      <trkpt lat="37.83423589241903" lon="112.00687283583423">
        <ele>1212.4000244140625</ele>
        <time>2021-09-21T00:06:28Z</time>
        <extensions>
          <gpxtpx:TrackPointExtension>
            <gpxtpx:hr>137</gpxtpx:hr>
          </gpxtpx:TrackPointExtension>
        </extensions>
      </trkpt>
      <trkpt lat="37.83442674993844" lon="112.00693060886543">
        <ele>1211.800048828125</ele>
        <time>2021-09-21T00:06:35Z</time>
        <extensions>
          <gpxtpx:TrackPointExtension>
            <gpxtpx:hr>135</gpxtpx:hr>
          </gpxtpx:TrackPointExtension>
        </extensions>
      </trkpt>
      <trkpt lat="37.834535683771065" lon="112.0069584973084">
        <ele>1211.4000244140625</ele>
        <time>2021-09-21T00:06:39Z</time>
        <extensions>
          <gpxtpx:TrackPointExtension>
            <gpxtpx:hr>134</gpxtpx:hr>
          </gpxtpx:TrackPointExtension>
        </extensions>
      </trkpt>
      <trkpt lat="37.834720555275176" lon="112.00701128871962">
        <ele>1211.0</ele>
        <time>2021-09-21T00:06:46Z</time>
        <extensions>
          <gpxtpx:TrackPointExtension>
            <gpxtpx:hr>134</gpxtpx:hr>
          </gpxtpx:TrackPointExtension>
        </extensions>
      </trkpt>
      <trkpt lat="37.834917748760006" lon="112.00695645879082">
        <ele>1210.4000244140625</ele>
        <time>2021-09-21T00:06:53Z</time>
        <extensions>
          <gpxtpx:TrackPointExtension>
            <gpxtpx:hr>134</gpxtpx:hr>
          </gpxtpx:TrackPointExtension>
        </extensions>
      </trkpt>
      <trkpt lat="37.83510085119714" lon="112.00693152496521">
        <ele>1210.0</ele>
        <time>2021-09-21T00:06:59Z</time>
        <extensions>
          <gpxtpx:TrackPointExtension>
            <gpxtpx:hr>134</gpxtpx:hr>
          </gpxtpx:TrackPointExtension>
        </extensions>
      </trkpt>
      <trkpt lat="37.83532966733684" lon="112.00700523720238">
        <ele>1210.199951171875</ele>
        <time>2021-09-21T00:07:08Z</time>
        <extensions>
          <gpxtpx:TrackPointExtension>
            <gpxtpx:hr>134</gpxtpx:hr>
          </gpxtpx:TrackPointExtension>
        </extensions>
      </trkpt>
      <trkpt lat="37.83538430845628" lon="112.00712879438665">
        <ele>1209.800048828125</ele>
        <time>2021-09-21T00:07:12Z</time>
        <extensions>
          <gpxtpx:TrackPointExtension>
            <gpxtpx:hr>135</gpxtpx:hr>
          </gpxtpx:TrackPointExtension>
        </extensions>
      </trkpt>
      <trkpt lat="37.83553769571809" lon="112.00734302013718">
        <ele>1210.4000244140625</ele>
        <time>2021-09-21T00:07:21Z</time>
        <extensions>
          <gpxtpx:TrackPointExtension>
            <gpxtpx:hr>139</gpxtpx:hr>
          </gpxtpx:TrackPointExtension>
        </extensions>
      </trkpt>
      <trkpt lat="37.83568964827763" lon="112.00736691767074">
        <ele>1210.4000244140625</ele>
        <time>2021-09-21T00:07:27Z</time>
        <extensions>
          <gpxtpx:TrackPointExtension>
            <gpxtpx:hr>140</gpxtpx:hr>
          </gpxtpx:TrackPointExtension>
        </extensions>
      </trkpt>
      <trkpt lat="37.83590857280077" lon="112.00740376154647">
        <ele>1210.199951171875</ele>
        <time>2021-09-21T00:07:35Z</time>
        <extensions>
          <gpxtpx:TrackPointExtension>
            <gpxtpx:hr>140</gpxtpx:hr>
          </gpxtpx:TrackPointExtension>
        </extensions>
      </trkpt>
      <trkpt lat="37.83610048725488" lon="112.00744260163694">
        <ele>1209.800048828125</ele>
        <time>2021-09-21T00:07:42Z</time>
        <extensions>
          <gpxtpx:TrackPointExtension>
            <gpxtpx:hr>140</gpxtpx:hr>
          </gpxtpx:TrackPointExtension>
        </extensions>
      </trkpt>
      <trkpt lat="37.83634232966801" lon="112.0075083409626">
        <ele>1209.0</ele>
        <time>2021-09-21T00:07:51Z</time>
        <extensions>
          <gpxtpx:TrackPointExtension>
            <gpxtpx:hr>140</gpxtpx:hr>
          </gpxtpx:TrackPointExtension>
        </extensions>
      </trkpt>
      <trkpt lat="37.83653418507898" lon="112.00756711089203">
        <ele>1208.5999755859375</ele>
        <time>2021-09-21T00:07:58Z</time>
        <extensions>
          <gpxtpx:TrackPointExtension>
            <gpxtpx:hr>140</gpxtpx:hr>
          </gpxtpx:TrackPointExtension>
        </extensions>
      </trkpt>
      <trkpt lat="37.83664008332142" lon="112.0076069578244">
        <ele>1208.4000244140625</ele>
        <time>2021-09-21T00:08:02Z</time>
        <extensions>
          <gpxtpx:TrackPointExtension>
            <gpxtpx:hr>141</gpxtpx:hr>
          </gpxtpx:TrackPointExtension>
        </extensions>
      </trkpt>
      <trkpt lat="37.836832909435024" lon="112.0076756926273">
        <ele>1207.5999755859375</ele>
        <time>2021-09-21T00:08:10Z</time>
        <extensions>
          <gpxtpx:TrackPointExtension>
            <gpxtpx:hr>140</gpxtpx:hr>
          </gpxtpx:TrackPointExtension>
        </extensions>
      </trkpt>
      <trkpt lat="37.836982808708015" lon="112.00771752735737">
        <ele>1207.199951171875</ele>
        <time>2021-09-21T00:08:16Z</time>
        <extensions>
          <gpxtpx:TrackPointExtension>
            <gpxtpx:hr>139</gpxtpx:hr>
          </gpxtpx:TrackPointExtension>
        </extensions>
      </trkpt>
      <trkpt lat="37.83723461758539" lon="112.00779522366692">
        <ele>1207.0</ele>
        <time>2021-09-21T00:08:25Z</time>
        <extensions>
          <gpxtpx:TrackPointExtension>
            <gpxtpx:hr>137</gpxtpx:hr>
          </gpxtpx:TrackPointExtension>
        </extensions>
      </trkpt>
      <trkpt lat="37.837487320411896" lon="112.00790879373314">
        <ele>1206.199951171875</ele>
        <time>2021-09-21T00:08:35Z</time>
        <extensions>
          <gpxtpx:TrackPointExtension>
            <gpxtpx:hr>134</gpxtpx:hr>
          </gpxtpx:TrackPointExtension>
        </extensions>
      </trkpt>
      <trkpt lat="37.83773410810382" lon="112.00799346633244">
        <ele>1204.800048828125</ele>
        <time>2021-09-21T00:08:43Z</time>
        <extensions>
          <gpxtpx:TrackPointExtension>
            <gpxtpx:hr>134</gpxtpx:hr>
          </gpxtpx:TrackPointExtension>
        </extensions>
      </trkpt>
      <trkpt lat="37.83798587309851" lon="112.00808611042014">
        <ele>1203.5999755859375</ele>
        <time>2021-09-21T00:08:52Z</time>
        <extensions>
          <gpxtpx:TrackPointExtension>
            <gpxtpx:hr>134</gpxtpx:hr>
          </gpxtpx:TrackPointExtension>
        </extensions>
      </trkpt>
      <trkpt lat="37.83820966629479" lon="112.00816779649871">
        <ele>1202.4000244140625</ele>
        <time>2021-09-21T00:09:00Z</time>
        <extensions>
          <gpxtpx:TrackPointExtension>
            <gpxtpx:hr>134</gpxtpx:hr>
          </gpxtpx:TrackPointExtension>
        </extensions>
      </trkpt>
      <trkpt lat="37.83846948295664" lon="112.00824349938675">
        <ele>1201.5999755859375</ele>
        <time>2021-09-21T00:09:09Z</time>
        <extensions>
          <gpxtpx:TrackPointExtension>
            <gpxtpx:hr>136</gpxtpx:hr>
          </gpxtpx:TrackPointExtension>
        </extensions>
      </trkpt>
      <trkpt lat="37.83871764876726" lon="112.00820062032696">
        <ele>1201.199951171875</ele>
        <time>2021-09-21T00:09:18Z</time>
        <extensions>
          <gpxtpx:TrackPointExtension>
            <gpxtpx:hr>138</gpxtpx:hr>
          </gpxtpx:TrackPointExtension>
        </extensions>
      </trkpt>
      <trkpt lat="37.83871766056592" lon="112.00819663433188">
        <ele>1201.0</ele>
        <time>2021-09-21T00:09:23Z</time>
        <extensions>
          <gpxtpx:TrackPointExtension>
            <gpxtpx:hr>137</gpxtpx:hr>
          </gpxtpx:TrackPointExtension>
        </extensions>
      </trkpt>
      <trkpt lat="37.838782682589994" lon="112.0081926405799">
        <ele>1200.4000244140625</ele>
        <time>2021-09-21T00:09:30Z</time>
        <extensions>
          <gpxtpx:TrackPointExtension>
            <gpxtpx:hr>135</gpxtpx:hr>
          </gpxtpx:TrackPointExtension>
        </extensions>
      </trkpt>
      <trkpt lat="37.83891473876141" lon="112.00818066684403">
        <ele>1200.199951171875</ele>
        <time>2021-09-21T00:09:35Z</time>
        <extensions>
          <gpxtpx:TrackPointExtension>
            <gpxtpx:hr>133</gpxtpx:hr>
          </gpxtpx:TrackPointExtension>
        </extensions>
      </trkpt>
      <trkpt lat="37.83902680949652" lon="112.00816271650783">
        <ele>1199.800048828125</ele>
        <time>2021-09-21T00:09:39Z</time>
        <extensions>
          <gpxtpx:TrackPointExtension>
            <gpxtpx:hr>130</gpxtpx:hr>
          </gpxtpx:TrackPointExtension>
        </extensions>
      </trkpt>
      <trkpt lat="37.83922494395444" lon="112.00812781545147">
        <ele>1199.199951171875</ele>
        <time>2021-09-21T00:09:46Z</time>
        <extensions>
          <gpxtpx:TrackPointExtension>
            <gpxtpx:hr>129</gpxtpx:hr>
          </gpxtpx:TrackPointExtension>
        </extensions>
      </trkpt>
      <trkpt lat="37.83939800073949" lon="112.00811782983008">
        <ele>1198.5999755859375</ele>
        <time>2021-09-21T00:09:53Z</time>
        <extensions>
          <gpxtpx:TrackPointExtension>
            <gpxtpx:hr>127</gpxtpx:hr>
          </gpxtpx:TrackPointExtension>
        </extensions>
      </trkpt>
      <trkpt lat="37.839584089106026" lon="112.00809787768652">
        <ele>1198.199951171875</ele>
        <time>2021-09-21T00:10:01Z</time>
        <extensions>
          <gpxtpx:TrackPointExtension>
            <gpxtpx:hr>123</gpxtpx:hr>
          </gpxtpx:TrackPointExtension>
        </extensions>
      </trkpt>
      <trkpt lat="37.83967816001719" lon="112.00807893302552">
        <ele>1197.800048828125</ele>
        <time>2021-09-21T00:10:05Z</time>
        <extensions>
          <gpxtpx:TrackPointExtension>
            <gpxtpx:hr>122</gpxtpx:hr>
          </gpxtpx:TrackPointExtension>
        </extensions>
      </trkpt>
      <trkpt lat="37.83987330887966" lon="112.00803904989283">
        <ele>1197.199951171875</ele>
        <time>2021-09-21T00:10:13Z</time>
        <extensions>
          <gpxtpx:TrackPointExtension>
            <gpxtpx:hr>122</gpxtpx:hr>
          </gpxtpx:TrackPointExtension>
        </extensions>
      </trkpt>
      <trkpt lat="37.84000636532682" lon="112.00802707606722">
        <ele>1197.0</ele>
        <time>2021-09-21T00:10:18Z</time>
        <extensions>
          <gpxtpx:TrackPointExtension>
            <gpxtpx:hr>123</gpxtpx:hr>
          </gpxtpx:TrackPointExtension>
        </extensions>
      </trkpt>
      <trkpt lat="37.84021244809952" lon="112.00801011105314">
        <ele>1196.199951171875</ele>
        <time>2021-09-21T00:10:26Z</time>
        <extensions>
          <gpxtpx:TrackPointExtension>
            <gpxtpx:hr>124</gpxtpx:hr>
          </gpxtpx:TrackPointExtension>
        </extensions>
      </trkpt>
      <trkpt lat="37.84044639364991" lon="112.00804097450313">
        <ele>1195.199951171875</ele>
        <time>2021-09-21T00:10:35Z</time>
        <extensions>
          <gpxtpx:TrackPointExtension>
            <gpxtpx:hr>127</gpxtpx:hr>
          </gpxtpx:TrackPointExtension>
        </extensions>
      </trkpt>
      <trkpt lat="37.8406742497657" lon="112.00810173359093">
        <ele>1195.0</ele>
        <time>2021-09-21T00:10:44Z</time>
        <extensions>
          <gpxtpx:TrackPointExtension>
            <gpxtpx:hr>128</gpxtpx:hr>
          </gpxtpx:TrackPointExtension>
        </extensions>
      </trkpt>
      <trkpt lat="37.84095914451105" lon="112.00815252095181">
        <ele>1194.4000244140625</ele>
        <time>2021-09-21T00:10:55Z</time>
        <extensions>
          <gpxtpx:TrackPointExtension>
            <gpxtpx:hr>129</gpxtpx:hr>
          </gpxtpx:TrackPointExtension>
        </extensions>
      </trkpt>
      <trkpt lat="37.8411781173452" lon="112.008173421274">
        <ele>1194.199951171875</ele>
        <time>2021-09-21T00:11:03Z</time>
        <extensions>
          <gpxtpx:TrackPointExtension>
            <gpxtpx:hr>130</gpxtpx:hr>
          </gpxtpx:TrackPointExtension>
        </extensions>
      </trkpt>
      <trkpt lat="37.8413761783231" lon="112.0081634326604">
        <ele>1194.199951171875</ele>
        <time>2021-09-21T00:11:10Z</time>
        <extensions>
          <gpxtpx:TrackPointExtension>
            <gpxtpx:hr>131</gpxtpx:hr>
          </gpxtpx:TrackPointExtension>
        </extensions>
      </trkpt>
      <trkpt lat="37.841591365953555" lon="112.00811158912016">
        <ele>1193.4000244140625</ele>
        <time>2021-09-21T00:11:18Z</time>
        <extensions>
          <gpxtpx:TrackPointExtension>
            <gpxtpx:hr>131</gpxtpx:hr>
          </gpxtpx:TrackPointExtension>
        </extensions>
      </trkpt>
      <trkpt lat="37.84179870585883" lon="112.00800792878294">
        <ele>1193.199951171875</ele>
        <time>2021-09-21T00:11:26Z</time>
        <extensions>
          <gpxtpx:TrackPointExtension>
            <gpxtpx:hr>131</gpxtpx:hr>
          </gpxtpx:TrackPointExtension>
        </extensions>
      </trkpt>
      <trkpt lat="37.84205123917466" lon="112.00784148415057">
        <ele>1192.199951171875</ele>
        <time>2021-09-21T00:11:36Z</time>
        <extensions>
          <gpxtpx:TrackPointExtension>
            <gpxtpx:hr>131</gpxtpx:hr>
          </gpxtpx:TrackPointExtension>
        </extensions>
      </trkpt>
      <trkpt lat="37.842199581883214" lon="112.00773384532629">
        <ele>1191.800048828125</ele>
        <time>2021-09-21T00:11:42Z</time>
        <extensions>
          <gpxtpx:TrackPointExtension>
            <gpxtpx:hr>131</gpxtpx:hr>
          </gpxtpx:TrackPointExtension>
        </extensions>
      </trkpt>
      <trkpt lat="37.84242804691894" lon="112.00758932702269">
        <ele>1191.199951171875</ele>
        <time>2021-09-21T00:11:51Z</time>
        <extensions>
          <gpxtpx:TrackPointExtension>
            <gpxtpx:hr>133</gpxtpx:hr>
          </gpxtpx:TrackPointExtension>
        </extensions>
      </trkpt>
      <trkpt lat="37.842612478572796" lon="112.00745378267231">
        <ele>1191.0</ele>
        <time>2021-09-21T00:11:59Z</time>
        <extensions>
          <gpxtpx:TrackPointExtension>
            <gpxtpx:hr>133</gpxtpx:hr>
          </gpxtpx:TrackPointExtension>
        </extensions>
      </trkpt>
      <trkpt lat="37.84273076671344" lon="112.00736308832145">
        <ele>1190.5999755859375</ele>
        <time>2021-09-21T00:12:04Z</time>
        <extensions>
          <gpxtpx:TrackPointExtension>
            <gpxtpx:hr>133</gpxtpx:hr>
          </gpxtpx:TrackPointExtension>
        </extensions>
      </trkpt>
      <trkpt lat="37.84289718699529" lon="112.00723053603245">
        <ele>1190.0</ele>
        <time>2021-09-21T00:12:11Z</time>
        <extensions>
          <gpxtpx:TrackPointExtension>
            <gpxtpx:hr>133</gpxtpx:hr>
          </gpxtpx:TrackPointExtension>
        </extensions>
      </trkpt>
      <trkpt lat="37.84308269349663" lon="112.00707008025068">
        <ele>1189.4000244140625</ele>
        <time>2021-09-21T00:12:19Z</time>
        <extensions>
          <gpxtpx:TrackPointExtension>
            <gpxtpx:hr>133</gpxtpx:hr>
          </gpxtpx:TrackPointExtension>
        </extensions>
      </trkpt>
      <trkpt lat="37.84325711257663" lon="112.00693852406161">
        <ele>1189.199951171875</ele>
        <time>2021-09-21T00:12:26Z</time>
        <extensions>
          <gpxtpx:TrackPointExtension>
            <gpxtpx:hr>132</gpxtpx:hr>
          </gpxtpx:TrackPointExtension>
        </extensions>
      </trkpt>
      <trkpt lat="37.843474654444535" lon="112.00676810037672">
        <ele>1188.5999755859375</ele>
        <time>2021-09-21T00:12:35Z</time>
        <extensions>
          <gpxtpx:TrackPointExtension>
            <gpxtpx:hr>133</gpxtpx:hr>
          </gpxtpx:TrackPointExtension>
        </extensions>
      </trkpt>
      <trkpt lat="37.84356590044871" lon="112.00669036434886">
        <ele>1188.199951171875</ele>
        <time>2021-09-21T00:12:39Z</time>
        <extensions>
          <gpxtpx:TrackPointExtension>
            <gpxtpx:hr>134</gpxtpx:hr>
          </gpxtpx:TrackPointExtension>
        </extensions>
      </trkpt>
      <trkpt lat="37.8437273299256" lon="112.0065548245364">
        <ele>1187.800048828125</ele>
        <time>2021-09-21T00:12:46Z</time>
        <extensions>
          <gpxtpx:TrackPointExtension>
            <gpxtpx:hr>135</gpxtpx:hr>
          </gpxtpx:TrackPointExtension>
        </extensions>
      </trkpt>
      <trkpt lat="37.843870646841346" lon="112.00645615661223">
        <ele>1187.0</ele>
        <time>2021-09-21T00:12:52Z</time>
        <extensions>
          <gpxtpx:TrackPointExtension>
            <gpxtpx:hr>134</gpxtpx:hr>
          </gpxtpx:TrackPointExtension>
        </extensions>
      </trkpt>
      <trkpt lat="37.84408906803291" lon="112.00632658927498">
        <ele>1186.4000244140625</ele>
        <time>2021-09-21T00:13:01Z</time>
        <extensions>
          <gpxtpx:TrackPointExtension>
            <gpxtpx:hr>133</gpxtpx:hr>
          </gpxtpx:TrackPointExtension>
        </extensions>
      </trkpt>
      <trkpt lat="37.844217269877475" lon="112.00626578930846">
        <ele>1186.4000244140625</ele>
        <time>2021-09-21T00:13:06Z</time>
        <extensions>
          <gpxtpx:TrackPointExtension>
            <gpxtpx:hr>133</gpxtpx:hr>
          </gpxtpx:TrackPointExtension>
        </extensions>
      </trkpt>
      <trkpt lat="37.84437350897631" lon="112.00619402489335">
        <ele>1185.800048828125</ele>
        <time>2021-09-21T00:13:12Z</time>
        <extensions>
          <gpxtpx:TrackPointExtension>
            <gpxtpx:hr>133</gpxtpx:hr>
          </gpxtpx:TrackPointExtension>
        </extensions>
      </trkpt>
      <trkpt lat="37.8444987163932" lon="112.00613123246045">
        <ele>1185.4000244140625</ele>
        <time>2021-09-21T00:13:17Z</time>
        <extensions>
          <gpxtpx:TrackPointExtension>
            <gpxtpx:hr>131</gpxtpx:hr>
          </gpxtpx:TrackPointExtension>
        </extensions>
      </trkpt>
      <trkpt lat="37.84468377296051" lon="112.00612224218217">
        <ele>1184.800048828125</ele>
        <time>2021-09-21T00:13:24Z</time>
        <extensions>
          <gpxtpx:TrackPointExtension>
            <gpxtpx:hr>132</gpxtpx:hr>
          </gpxtpx:TrackPointExtension>
        </extensions>
      </trkpt>
      <trkpt lat="37.844901614874644" lon="112.0061869866338">
        <ele>1184.4000244140625</ele>
        <time>2021-09-21T00:13:32Z</time>
        <extensions>
          <gpxtpx:TrackPointExtension>
            <gpxtpx:hr>135</gpxtpx:hr>
          </gpxtpx:TrackPointExtension>
        </extensions>
      </trkpt>
      <trkpt lat="37.8451224424889" lon="112.0062567131327">
        <ele>1184.0</ele>
        <time>2021-09-21T00:13:40Z</time>
        <extensions>
          <gpxtpx:TrackPointExtension>
            <gpxtpx:hr>137</gpxtpx:hr>
          </gpxtpx:TrackPointExtension>
        </extensions>
      </trkpt>
      <trkpt lat="37.84537126282743" lon="112.00633042224037">
        <ele>1183.800048828125</ele>
        <time>2021-09-21T00:13:49Z</time>
        <extensions>
          <gpxtpx:TrackPointExtension>
            <gpxtpx:hr>137</gpxtpx:hr>
          </gpxtpx:TrackPointExtension>
        </extensions>
      </trkpt>
      <trkpt lat="37.84558311886301" lon="112.00639018522965">
        <ele>1183.199951171875</ele>
        <time>2021-09-21T00:13:57Z</time>
        <extensions>
          <gpxtpx:TrackPointExtension>
            <gpxtpx:hr>137</gpxtpx:hr>
          </gpxtpx:TrackPointExtension>
        </extensions>
      </trkpt>
      <trkpt lat="37.845774950939926" lon="112.00645692596109">
        <ele>1182.800048828125</ele>
        <time>2021-09-21T00:14:04Z</time>
        <extensions>
          <gpxtpx:TrackPointExtension>
            <gpxtpx:hr>137</gpxtpx:hr>
          </gpxtpx:TrackPointExtension>
        </extensions>
      </trkpt>
      <trkpt lat="37.84588685920396" lon="112.00649378209678">
        <ele>1182.5999755859375</ele>
        <time>2021-09-21T00:14:08Z</time>
        <extensions>
          <gpxtpx:TrackPointExtension>
            <gpxtpx:hr>137</gpxtpx:hr>
          </gpxtpx:TrackPointExtension>
        </extensions>
      </trkpt>
      <trkpt lat="37.846039729602325" lon="112.00654558046612">
        <ele>1182.0</ele>
        <time>2021-09-21T00:14:14Z</time>
        <extensions>
          <gpxtpx:TrackPointExtension>
            <gpxtpx:hr>137</gpxtpx:hr>
          </gpxtpx:TrackPointExtension>
        </extensions>
      </trkpt>
      <trkpt lat="37.8461716708474" lon="112.00657246951765">
        <ele>1181.5999755859375</ele>
        <time>2021-09-21T00:14:19Z</time>
        <extensions>
          <gpxtpx:TrackPointExtension>
            <gpxtpx:hr>137</gpxtpx:hr>
          </gpxtpx:TrackPointExtension>
        </extensions>
      </trkpt>
      <trkpt lat="37.8464455787609" lon="112.00661827465771">
        <ele>1180.800048828125</ele>
        <time>2021-09-21T00:14:28Z</time>
        <extensions>
          <gpxtpx:TrackPointExtension>
            <gpxtpx:hr>137</gpxtpx:hr>
          </gpxtpx:TrackPointExtension>
        </extensions>
      </trkpt>
      <trkpt lat="37.846566503437124" lon="112.0066501474243">
        <ele>1180.5999755859375</ele>
        <time>2021-09-21T00:14:32Z</time>
        <extensions>
          <gpxtpx:TrackPointExtension>
            <gpxtpx:hr>137</gpxtpx:hr>
          </gpxtpx:TrackPointExtension>
        </extensions>
      </trkpt>
      <trkpt lat="37.846749456011736" lon="112.00667603395351">
        <ele>1180.0</ele>
        <time>2021-09-21T00:14:38Z</time>
        <extensions>
          <gpxtpx:TrackPointExtension>
            <gpxtpx:hr>137</gpxtpx:hr>
          </gpxtpx:TrackPointExtension>
        </extensions>
      </trkpt>
      <trkpt lat="37.84695335269203" lon="112.00672184750924">
        <ele>1179.5999755859375</ele>
        <time>2021-09-21T00:14:45Z</time>
        <extensions>
          <gpxtpx:TrackPointExtension>
            <gpxtpx:hr>138</gpxtpx:hr>
          </gpxtpx:TrackPointExtension>
        </extensions>
      </trkpt>
      <trkpt lat="37.84720428970264" lon="112.0067566942405">
        <ele>1179.0</ele>
        <time>2021-09-21T00:14:54Z</time>
        <extensions>
          <gpxtpx:TrackPointExtension>
            <gpxtpx:hr>140</gpxtpx:hr>
          </gpxtpx:TrackPointExtension>
        </extensions>
      </trkpt>
      <trkpt lat="37.847315257349464" lon="112.00677362110378">
        <ele>1178.5999755859375</ele>
        <time>2021-09-21T00:14:58Z</time>
        <extensions>
          <gpxtpx:TrackPointExtension>
            <gpxtpx:hr>140</gpxtpx:hr>
          </gpxtpx:TrackPointExtension>
        </extensions>
      </trkpt>
      <trkpt lat="37.847523234883106" lon="112.0067925293516">
        <ele>1177.800048828125</ele>
        <time>2021-09-21T00:15:05Z</time>
        <extensions>
          <gpxtpx:TrackPointExtension>
            <gpxtpx:hr>137</gpxtpx:hr>
          </gpxtpx:TrackPointExtension>
        </extensions>
      </trkpt>
      <trkpt lat="37.84765419395735" lon="112.0068134397467">
        <ele>1177.5999755859375</ele>
        <time>2021-09-21T00:15:10Z</time>
        <extensions>
          <gpxtpx:TrackPointExtension>
            <gpxtpx:hr>137</gpxtpx:hr>
          </gpxtpx:TrackPointExtension>
        </extensions>
      </trkpt>
      <trkpt lat="37.84778014926596" lon="112.00683534722221">
        <ele>1177.4000244140625</ele>
        <time>2021-09-21T00:15:14Z</time>
        <extensions>
          <gpxtpx:TrackPointExtension>
            <gpxtpx:hr>137</gpxtpx:hr>
          </gpxtpx:TrackPointExtension>
        </extensions>
      </trkpt>
      <trkpt lat="37.84798610579013" lon="112.00686123107124">
        <ele>1176.800048828125</ele>
        <time>2021-09-21T00:15:21Z</time>
        <extensions>
          <gpxtpx:TrackPointExtension>
            <gpxtpx:hr>137</gpxtpx:hr>
          </gpxtpx:TrackPointExtension>
        </extensions>
      </trkpt>
      <trkpt lat="37.84807214948867" lon="112.0068512560277">
        <ele>1176.4000244140625</ele>
        <time>2021-09-21T00:15:25Z</time>
        <extensions>
          <gpxtpx:TrackPointExtension>
            <gpxtpx:hr>138</gpxtpx:hr>
          </gpxtpx:TrackPointExtension>
        </extensions>
      </trkpt>
      <trkpt lat="37.84799717282475" lon="112.00683930724087">
        <ele>1176.4000244140625</ele>
        <time>2021-09-21T00:15:29Z</time>
        <extensions>
          <gpxtpx:TrackPointExtension>
            <gpxtpx:hr>138</gpxtpx:hr>
          </gpxtpx:TrackPointExtension>
        </extensions>
      </trkpt>
      <trkpt lat="37.8478332973073" lon="112.00678850645374">
        <ele>1176.5999755859375</ele>
        <time>2021-09-21T00:15:35Z</time>
        <extensions>
          <gpxtpx:TrackPointExtension>
            <gpxtpx:hr>139</gpxtpx:hr>
          </gpxtpx:TrackPointExtension>
        </extensions>
      </trkpt>
      <trkpt lat="37.8476633437284" lon="112.0067636148121">
        <ele>1177.4000244140625</ele>
        <time>2021-09-21T00:15:41Z</time>
        <extensions>
          <gpxtpx:TrackPointExtension>
            <gpxtpx:hr>140</gpxtpx:hr>
          </gpxtpx:TrackPointExtension>
        </extensions>
      </trkpt>
      <trkpt lat="37.84744943640502" lon="112.00672079185365">
        <ele>1177.800048828125</ele>
        <time>2021-09-21T00:15:49Z</time>
        <extensions>
          <gpxtpx:TrackPointExtension>
            <gpxtpx:hr>141</gpxtpx:hr>
          </gpxtpx:TrackPointExtension>
        </extensions>
      </trkpt>
      <trkpt lat="37.84718950977299" lon="112.00668196031133">
        <ele>1178.199951171875</ele>
        <time>2021-09-21T00:15:59Z</time>
        <extensions>
          <gpxtpx:TrackPointExtension>
            <gpxtpx:hr>140</gpxtpx:hr>
          </gpxtpx:TrackPointExtension>
        </extensions>
      </trkpt>
      <trkpt lat="37.8469285741349" lon="112.00664611833406">
        <ele>1179.199951171875</ele>
        <time>2021-09-21T00:16:09Z</time>
        <extensions>
          <gpxtpx:TrackPointExtension>
            <gpxtpx:hr>140</gpxtpx:hr>
          </gpxtpx:TrackPointExtension>
        </extensions>
      </trkpt>
      <trkpt lat="37.84671166054314" lon="112.00660528875083">
        <ele>1179.5999755859375</ele>
        <time>2021-09-21T00:16:17Z</time>
        <extensions>
          <gpxtpx:TrackPointExtension>
            <gpxtpx:hr>143</gpxtpx:hr>
          </gpxtpx:TrackPointExtension>
        </extensions>
      </trkpt>
      <trkpt lat="37.84643970245005" lon="112.0065764234419">
        <ele>1179.800048828125</ele>
        <time>2021-09-21T00:16:28Z</time>
        <extensions>
          <gpxtpx:TrackPointExtension>
            <gpxtpx:hr>145</gpxtpx:hr>
          </gpxtpx:TrackPointExtension>
        </extensions>
      </trkpt>
      <trkpt lat="37.84625973261456" lon="112.00655651543346">
        <ele>1181.0</ele>
        <time>2021-09-21T00:16:35Z</time>
        <extensions>
          <gpxtpx:TrackPointExtension>
            <gpxtpx:hr>145</gpxtpx:hr>
          </gpxtpx:TrackPointExtension>
        </extensions>
      </trkpt>
      <trkpt lat="37.84617678149775" lon="112.0065355993844">
        <ele>1181.0</ele>
        <time>2021-09-21T00:16:39Z</time>
        <extensions>
          <gpxtpx:TrackPointExtension>
            <gpxtpx:hr>145</gpxtpx:hr>
          </gpxtpx:TrackPointExtension>
        </extensions>
      </trkpt>
      <trkpt lat="37.84601691589615" lon="112.00648180891183">
        <ele>1182.0</ele>
        <time>2021-09-21T00:16:45Z</time>
        <extensions>
          <gpxtpx:TrackPointExtension>
            <gpxtpx:hr>146</gpxtpx:hr>
          </gpxtpx:TrackPointExtension>
        </extensions>
      </trkpt>
      <trkpt lat="37.84578513670034" lon="112.00639514349196">
        <ele>1182.4000244140625</ele>
        <time>2021-09-21T00:16:54Z</time>
        <extensions>
          <gpxtpx:TrackPointExtension>
            <gpxtpx:hr>148</gpxtpx:hr>
          </gpxtpx:TrackPointExtension>
        </extensions>
      </trkpt>
      <trkpt lat="37.84560229126739" lon="112.00633338409824">
        <ele>1183.0</ele>
        <time>2021-09-21T00:17:01Z</time>
        <extensions>
          <gpxtpx:TrackPointExtension>
            <gpxtpx:hr>151</gpxtpx:hr>
          </gpxtpx:TrackPointExtension>
        </extensions>
      </trkpt>
      <trkpt lat="37.84549638108636" lon="112.00629752379803">
        <ele>1183.4000244140625</ele>
        <time>2021-09-21T00:17:05Z</time>
        <extensions>
          <gpxtpx:TrackPointExtension>
            <gpxtpx:hr>151</gpxtpx:hr>
          </gpxtpx:TrackPointExtension>
        </extensions>
      </trkpt>
      <trkpt lat="37.84529555662019" lon="112.00622779487648">
        <ele>1183.5999755859375</ele>
        <time>2021-09-21T00:17:13Z</time>
        <extensions>
          <gpxtpx:TrackPointExtension>
            <gpxtpx:hr>152</gpxtpx:hr>
          </gpxtpx:TrackPointExtension>
        </extensions>
      </trkpt>
      <trkpt lat="37.84506861209982" lon="112.00619693140486">
        <ele>1183.800048828125</ele>
        <time>2021-09-21T00:17:22Z</time>
        <extensions>
          <gpxtpx:TrackPointExtension>
            <gpxtpx:hr>152</gpxtpx:hr>
          </gpxtpx:TrackPointExtension>
        </extensions>
      </trkpt>
      <trkpt lat="37.844937653381784" lon="112.00617602118234">
        <ele>1184.199951171875</ele>
        <time>2021-09-21T00:17:27Z</time>
        <extensions>
          <gpxtpx:TrackPointExtension>
            <gpxtpx:hr>152</gpxtpx:hr>
          </gpxtpx:TrackPointExtension>
        </extensions>
      </trkpt>
      <trkpt lat="37.84479475517776" lon="112.0061341865609">
        <ele>1184.5999755859375</ele>
        <time>2021-09-21T00:17:33Z</time>
        <extensions>
          <gpxtpx:TrackPointExtension>
            <gpxtpx:hr>151</gpxtpx:hr>
          </gpxtpx:TrackPointExtension>
        </extensions>
      </trkpt>
      <trkpt lat="37.844613841960886" lon="112.00609534589796">
        <ele>1184.5999755859375</ele>
        <time>2021-09-21T00:17:40Z</time>
        <extensions>
          <gpxtpx:TrackPointExtension>
            <gpxtpx:hr>151</gpxtpx:hr>
          </gpxtpx:TrackPointExtension>
        </extensions>
      </trkpt>
      <trkpt lat="37.84446176989955" lon="112.00611130751201">
        <ele>1185.199951171875</ele>
        <time>2021-09-21T00:17:46Z</time>
        <extensions>
          <gpxtpx:TrackPointExtension>
            <gpxtpx:hr>150</gpxtpx:hr>
          </gpxtpx:TrackPointExtension>
        </extensions>
      </trkpt>
      <trkpt lat="37.84419537629982" lon="112.00622892254974">
        <ele>1185.5999755859375</ele>
        <time>2021-09-21T00:17:57Z</time>
        <extensions>
          <gpxtpx:TrackPointExtension>
            <gpxtpx:hr>149</gpxtpx:hr>
          </gpxtpx:TrackPointExtension>
        </extensions>
      </trkpt>
      <trkpt lat="37.84399708295321" lon="112.00631663554013">
        <ele>1186.4000244140625</ele>
        <time>2021-09-21T00:18:05Z</time>
        <extensions>
          <gpxtpx:TrackPointExtension>
            <gpxtpx:hr>148</gpxtpx:hr>
          </gpxtpx:TrackPointExtension>
        </extensions>
      </trkpt>
      <trkpt lat="37.84387590010808" lon="112.00637145588585">
        <ele>1186.5999755859375</ele>
        <time>2021-09-21T00:18:10Z</time>
        <extensions>
          <gpxtpx:TrackPointExtension>
            <gpxtpx:hr>148</gpxtpx:hr>
          </gpxtpx:TrackPointExtension>
        </extensions>
      </trkpt>
      <trkpt lat="37.84370248029509" lon="112.00650301088457">
        <ele>1187.199951171875</ele>
        <time>2021-09-21T00:18:18Z</time>
        <extensions>
          <gpxtpx:TrackPointExtension>
            <gpxtpx:hr>148</gpxtpx:hr>
          </gpxtpx:TrackPointExtension>
        </extensions>
      </trkpt>
      <trkpt lat="37.843599208450705" lon="112.0065887199325">
        <ele>1187.5999755859375</ele>
        <time>2021-09-21T00:18:23Z</time>
        <extensions>
          <gpxtpx:TrackPointExtension>
            <gpxtpx:hr>147</gpxtpx:hr>
          </gpxtpx:TrackPointExtension>
        </extensions>
      </trkpt>
      <trkpt lat="37.84351599034819" lon="112.00665748661272">
        <ele>1187.199951171875</ele>
        <time>2021-09-21T00:18:27Z</time>
        <extensions>
          <gpxtpx:TrackPointExtension>
            <gpxtpx:hr>147</gpxtpx:hr>
          </gpxtpx:TrackPointExtension>
        </extensions>
      </trkpt>
      <trkpt lat="37.84338060970675" lon="112.00677807636247">
        <ele>1187.800048828125</ele>
        <time>2021-09-21T00:18:34Z</time>
        <extensions>
          <gpxtpx:TrackPointExtension>
            <gpxtpx:hr>146</gpxtpx:hr>
          </gpxtpx:TrackPointExtension>
        </extensions>
      </trkpt>
      <trkpt lat="37.843210167299716" lon="112.00691760360091">
        <ele>1188.5999755859375</ele>
        <time>2021-09-21T00:18:42Z</time>
        <extensions>
          <gpxtpx:TrackPointExtension>
            <gpxtpx:hr>146</gpxtpx:hr>
          </gpxtpx:TrackPointExtension>
        </extensions>
      </trkpt>
      <trkpt lat="37.843120960363585" lon="112.00698238540222">
        <ele>1188.5999755859375</ele>
        <time>2021-09-21T00:18:46Z</time>
        <extensions>
          <gpxtpx:TrackPointExtension>
            <gpxtpx:hr>146</gpxtpx:hr>
          </gpxtpx:TrackPointExtension>
        </extensions>
      </trkpt>
      <trkpt lat="37.84294254664873" lon="112.00711194918945">
        <ele>1189.4000244140625</ele>
        <time>2021-09-21T00:18:54Z</time>
        <extensions>
          <gpxtpx:TrackPointExtension>
            <gpxtpx:hr>144</gpxtpx:hr>
          </gpxtpx:TrackPointExtension>
        </extensions>
      </trkpt>
      <trkpt lat="37.842826273357076" lon="112.00719766054479">
        <ele>1191.0</ele>
        <time>2021-09-21T00:18:59Z</time>
        <extensions>
          <gpxtpx:TrackPointExtension>
            <gpxtpx:hr>144</gpxtpx:hr>
          </gpxtpx:TrackPointExtension>
        </extensions>
      </trkpt>
      <trkpt lat="37.84266286831232" lon="112.0073252299849">
        <ele>1192.0</ele>
        <time>2021-09-21T00:19:06Z</time>
        <extensions>
          <gpxtpx:TrackPointExtension>
            <gpxtpx:hr>145</gpxtpx:hr>
          </gpxtpx:TrackPointExtension>
        </extensions>
      </trkpt>
      <trkpt lat="37.842500499135724" lon="112.00744084170464">
        <ele>1192.0</ele>
        <time>2021-09-21T00:19:13Z</time>
        <extensions>
          <gpxtpx:TrackPointExtension>
            <gpxtpx:hr>146</gpxtpx:hr>
          </gpxtpx:TrackPointExtension>
        </extensions>
      </trkpt>
      <trkpt lat="37.84242132380558" lon="112.00749565793801">
        <ele>1192.5999755859375</ele>
        <time>2021-09-21T00:19:17Z</time>
        <extensions>
          <gpxtpx:TrackPointExtension>
            <gpxtpx:hr>149</gpxtpx:hr>
          </gpxtpx:TrackPointExtension>
        </extensions>
      </trkpt>
      <trkpt lat="37.84225094473711" lon="112.0076142603794">
        <ele>1192.800048828125</ele>
        <time>2021-09-21T00:19:25Z</time>
        <extensions>
          <gpxtpx:TrackPointExtension>
            <gpxtpx:hr>151</gpxtpx:hr>
          </gpxtpx:TrackPointExtension>
        </extensions>
      </trkpt>
      <trkpt lat="37.84207756241932" lon="112.00773385988528">
        <ele>1193.0</ele>
        <time>2021-09-21T00:19:33Z</time>
        <extensions>
          <gpxtpx:TrackPointExtension>
            <gpxtpx:hr>151</gpxtpx:hr>
          </gpxtpx:TrackPointExtension>
        </extensions>
      </trkpt>
      <trkpt lat="37.84197531863458" lon="112.00781060194252">
        <ele>1193.4000244140625</ele>
        <time>2021-09-21T00:19:38Z</time>
        <extensions>
          <gpxtpx:TrackPointExtension>
            <gpxtpx:hr>150</gpxtpx:hr>
          </gpxtpx:TrackPointExtension>
        </extensions>
      </trkpt>
      <trkpt lat="37.84184805026927" lon="112.00789432253136">
        <ele>1193.5999755859375</ele>
        <time>2021-09-21T00:19:44Z</time>
        <extensions>
          <gpxtpx:TrackPointExtension>
            <gpxtpx:hr>148</gpxtpx:hr>
          </gpxtpx:TrackPointExtension>
        </extensions>
      </trkpt>
      <trkpt lat="37.84168071658412" lon="112.00799797791015">
        <ele>1194.4000244140625</ele>
        <time>2021-09-21T00:19:52Z</time>
        <extensions>
          <gpxtpx:TrackPointExtension>
            <gpxtpx:hr>146</gpxtpx:hr>
          </gpxtpx:TrackPointExtension>
        </extensions>
      </trkpt>
      <trkpt lat="37.84148642891679" lon="112.00808469623121">
        <ele>1195.199951171875</ele>
        <time>2021-09-21T00:20:01Z</time>
        <extensions>
          <gpxtpx:TrackPointExtension>
            <gpxtpx:hr>145</gpxtpx:hr>
          </gpxtpx:TrackPointExtension>
        </extensions>
      </trkpt>
      <trkpt lat="37.841312312714756" lon="112.00811461191095">
        <ele>1195.5999755859375</ele>
        <time>2021-09-21T00:20:08Z</time>
        <extensions>
          <gpxtpx:TrackPointExtension>
            <gpxtpx:hr>145</gpxtpx:hr>
          </gpxtpx:TrackPointExtension>
        </extensions>
      </trkpt>
      <trkpt lat="37.841186257278515" lon="112.00812658491823">
        <ele>1195.0</ele>
        <time>2021-09-21T00:20:13Z</time>
        <extensions>
          <gpxtpx:TrackPointExtension>
            <gpxtpx:hr>146</gpxtpx:hr>
          </gpxtpx:TrackPointExtension>
        </extensions>
      </trkpt>
      <trkpt lat="37.84098026881475" lon="112.00811166204298">
        <ele>1195.5999755859375</ele>
        <time>2021-09-21T00:20:21Z</time>
        <extensions>
          <gpxtpx:TrackPointExtension>
            <gpxtpx:hr>148</gpxtpx:hr>
          </gpxtpx:TrackPointExtension>
        </extensions>
      </trkpt>
      <trkpt lat="37.840754398205874" lon="112.00805588519042">
        <ele>1195.800048828125</ele>
        <time>2021-09-21T00:20:30Z</time>
        <extensions>
          <gpxtpx:TrackPointExtension>
            <gpxtpx:hr>148</gpxtpx:hr>
          </gpxtpx:TrackPointExtension>
        </extensions>
      </trkpt>
      <trkpt lat="37.84055246062597" lon="112.00802402141933">
        <ele>1196.4000244140625</ele>
        <time>2021-09-21T00:20:38Z</time>
        <extensions>
          <gpxtpx:TrackPointExtension>
            <gpxtpx:hr>147</gpxtpx:hr>
          </gpxtpx:TrackPointExtension>
        </extensions>
      </trkpt>
      <trkpt lat="37.840343598737036" lon="112.00796624962156">
        <ele>1196.800048828125</ele>
        <time>2021-09-21T00:20:47Z</time>
        <extensions>
          <gpxtpx:TrackPointExtension>
            <gpxtpx:hr>146</gpxtpx:hr>
          </gpxtpx:TrackPointExtension>
        </extensions>
      </trkpt>
      <trkpt lat="37.84015461310647" lon="112.00795132475186">
        <ele>1197.4000244140625</ele>
        <time>2021-09-21T00:20:55Z</time>
        <extensions>
          <gpxtpx:TrackPointExtension>
            <gpxtpx:hr>146</gpxtpx:hr>
          </gpxtpx:TrackPointExtension>
        </extensions>
      </trkpt>
      <trkpt lat="37.83998852779698" lon="112.00797127446184">
        <ele>1198.0</ele>
        <time>2021-09-21T00:21:02Z</time>
        <extensions>
          <gpxtpx:TrackPointExtension>
            <gpxtpx:hr>144</gpxtpx:hr>
          </gpxtpx:TrackPointExtension>
        </extensions>
      </trkpt>
      <trkpt lat="37.83986944403385" lon="112.00799321156033">
        <ele>1198.4000244140625</ele>
        <time>2021-09-21T00:21:07Z</time>
        <extensions>
          <gpxtpx:TrackPointExtension>
            <gpxtpx:hr>143</gpxtpx:hr>
          </gpxtpx:TrackPointExtension>
        </extensions>
      </trkpt>
      <trkpt lat="37.83977439064492" lon="112.0080061773403">
        <ele>1199.0</ele>
        <time>2021-09-21T00:21:11Z</time>
        <extensions>
          <gpxtpx:TrackPointExtension>
            <gpxtpx:hr>143</gpxtpx:hr>
          </gpxtpx:TrackPointExtension>
        </extensions>
      </trkpt>
      <trkpt lat="37.839673309750346" lon="112.00802811230292">
        <ele>1199.0</ele>
        <time>2021-09-21T00:21:15Z</time>
        <extensions>
          <gpxtpx:TrackPointExtension>
            <gpxtpx:hr>142</gpxtpx:hr>
          </gpxtpx:TrackPointExtension>
        </extensions>
      </trkpt>
      <trkpt lat="37.8394812351668" lon="112.00804308265842">
        <ele>1199.4000244140625</ele>
        <time>2021-09-21T00:21:23Z</time>
        <extensions>
          <gpxtpx:TrackPointExtension>
            <gpxtpx:hr>141</gpxtpx:hr>
          </gpxtpx:TrackPointExtension>
        </extensions>
      </trkpt>
      <trkpt lat="37.839277164621166" lon="112.00805606145647">
        <ele>1199.5999755859375</ele>
        <time>2021-09-21T00:21:32Z</time>
        <extensions>
          <gpxtpx:TrackPointExtension>
            <gpxtpx:hr>142</gpxtpx:hr>
          </gpxtpx:TrackPointExtension>
        </extensions>
      </trkpt>
      <trkpt lat="37.83918411749699" lon="112.00806703401742">
        <ele>1200.199951171875</ele>
        <time>2021-09-21T00:21:36Z</time>
        <extensions>
          <gpxtpx:TrackPointExtension>
            <gpxtpx:hr>143</gpxtpx:hr>
          </gpxtpx:TrackPointExtension>
        </extensions>
      </trkpt>
      <trkpt lat="37.839041030042274" lon="112.00808897401362">
        <ele>1200.199951171875</ele>
        <time>2021-09-21T00:21:42Z</time>
        <extensions>
          <gpxtpx:TrackPointExtension>
            <gpxtpx:hr>143</gpxtpx:hr>
          </gpxtpx:TrackPointExtension>
        </extensions>
      </trkpt>
      <trkpt lat="37.83885787139795" lon="112.00813284173734">
        <ele>1201.0</ele>
        <time>2021-09-21T00:21:50Z</time>
        <extensions>
          <gpxtpx:TrackPointExtension>
            <gpxtpx:hr>141</gpxtpx:hr>
          </gpxtpx:TrackPointExtension>
        </extensions>
      </trkpt>
      <trkpt lat="37.83875981762262" lon="112.00814580790436">
        <ele>1201.4000244140625</ele>
        <time>2021-09-21T00:21:54Z</time>
        <extensions>
          <gpxtpx:TrackPointExtension>
            <gpxtpx:hr>141</gpxtpx:hr>
          </gpxtpx:TrackPointExtension>
        </extensions>
      </trkpt>
      <trkpt lat="37.838618683344514" lon="112.00818369166426">
        <ele>1201.5999755859375</ele>
        <time>2021-09-21T00:22:00Z</time>
        <extensions>
          <gpxtpx:TrackPointExtension>
            <gpxtpx:hr>143</gpxtpx:hr>
          </gpxtpx:TrackPointExtension>
        </extensions>
      </trkpt>
      <trkpt lat="37.83842257584953" lon="112.00820962402224">
        <ele>1202.4000244140625</ele>
        <time>2021-09-21T00:22:08Z</time>
        <extensions>
          <gpxtpx:TrackPointExtension>
            <gpxtpx:hr>144</gpxtpx:hr>
          </gpxtpx:TrackPointExtension>
        </extensions>
      </trkpt>
      <trkpt lat="37.8382127287192" lon="112.00814686967965">
        <ele>1202.5999755859375</ele>
        <time>2021-09-21T00:22:17Z</time>
        <extensions>
          <gpxtpx:TrackPointExtension>
            <gpxtpx:hr>143</gpxtpx:hr>
          </gpxtpx:TrackPointExtension>
        </extensions>
      </trkpt>
      <trkpt lat="37.83804190844028" lon="112.00807713526484">
        <ele>1203.0</ele>
        <time>2021-09-21T00:22:25Z</time>
        <extensions>
          <gpxtpx:TrackPointExtension>
            <gpxtpx:hr>143</gpxtpx:hr>
          </gpxtpx:TrackPointExtension>
        </extensions>
      </trkpt>
      <trkpt lat="37.837893059216995" lon="112.00801835975459">
        <ele>1203.5999755859375</ele>
        <time>2021-09-21T00:22:32Z</time>
        <extensions>
          <gpxtpx:TrackPointExtension>
            <gpxtpx:hr>143</gpxtpx:hr>
          </gpxtpx:TrackPointExtension>
        </extensions>
      </trkpt>
      <trkpt lat="37.837674261093554" lon="112.00793866625634">
        <ele>1204.800048828125</ele>
        <time>2021-09-21T00:22:42Z</time>
        <extensions>
          <gpxtpx:TrackPointExtension>
            <gpxtpx:hr>143</gpxtpx:hr>
          </gpxtpx:TrackPointExtension>
        </extensions>
      </trkpt>
      <trkpt lat="37.8374704181667" lon="112.00787491496362">
        <ele>1205.5999755859375</ele>
        <time>2021-09-21T00:22:51Z</time>
        <extensions>
          <gpxtpx:TrackPointExtension>
            <gpxtpx:hr>144</gpxtpx:hr>
          </gpxtpx:TrackPointExtension>
        </extensions>
      </trkpt>
      <trkpt lat="37.8373525296782" lon="112.00783108333069">
        <ele>1206.0</ele>
        <time>2021-09-21T00:22:56Z</time>
        <extensions>
          <gpxtpx:TrackPointExtension>
            <gpxtpx:hr>144</gpxtpx:hr>
          </gpxtpx:TrackPointExtension>
        </extensions>
      </trkpt>
      <trkpt lat="37.83710676601165" lon="112.00773843888598">
        <ele>1206.800048828125</ele>
        <time>2021-09-21T00:23:07Z</time>
        <extensions>
          <gpxtpx:TrackPointExtension>
            <gpxtpx:hr>146</gpxtpx:hr>
          </gpxtpx:TrackPointExtension>
        </extensions>
      </trkpt>
      <trkpt lat="37.83687899642781" lon="112.00764878189366">
        <ele>1207.4000244140625</ele>
        <time>2021-09-21T00:23:16Z</time>
        <extensions>
          <gpxtpx:TrackPointExtension>
            <gpxtpx:hr>149</gpxtpx:hr>
          </gpxtpx:TrackPointExtension>
        </extensions>
      </trkpt>
      <trkpt lat="37.83667918993828" lon="112.00757307252884">
        <ele>1208.0</ele>
        <time>2021-09-21T00:23:24Z</time>
        <extensions>
          <gpxtpx:TrackPointExtension>
            <gpxtpx:hr>148</gpxtpx:hr>
          </gpxtpx:TrackPointExtension>
        </extensions>
      </trkpt>
      <trkpt lat="37.836479359879085" lon="112.00750533515443">
        <ele>1208.4000244140625</ele>
        <time>2021-09-21T00:23:32Z</time>
        <extensions>
          <gpxtpx:TrackPointExtension>
            <gpxtpx:hr>148</gpxtpx:hr>
          </gpxtpx:TrackPointExtension>
        </extensions>
      </trkpt>
      <trkpt lat="37.8362754878568" lon="112.00745154914738">
        <ele>1208.5999755859375</ele>
        <time>2021-09-21T00:23:40Z</time>
        <extensions>
          <gpxtpx:TrackPointExtension>
            <gpxtpx:hr>149</gpxtpx:hr>
          </gpxtpx:TrackPointExtension>
        </extensions>
      </trkpt>
      <trkpt lat="37.83611361946941" lon="112.00739875465901">
        <ele>1209.199951171875</ele>
        <time>2021-09-21T00:23:46Z</time>
        <extensions>
          <gpxtpx:TrackPointExtension>
            <gpxtpx:hr>149</gpxtpx:hr>
          </gpxtpx:TrackPointExtension>
        </extensions>
      </trkpt>
      <trkpt lat="37.835903743671814" lon="112.00734596593702">
        <ele>1210.0</ele>
        <time>2021-09-21T00:23:54Z</time>
        <extensions>
          <gpxtpx:TrackPointExtension>
            <gpxtpx:hr>148</gpxtpx:hr>
          </gpxtpx:TrackPointExtension>
        </extensions>
      </trkpt>
      <trkpt lat="37.83565879737655" lon="112.00731510410604">
        <ele>1210.5999755859375</ele>
        <time>2021-09-21T00:24:05Z</time>
        <extensions>
          <gpxtpx:TrackPointExtension>
            <gpxtpx:hr>150</gpxtpx:hr>
          </gpxtpx:TrackPointExtension>
        </extensions>
      </trkpt>
      <trkpt lat="37.835453949117095" lon="112.00725334648952">
        <ele>1210.0</ele>
        <time>2021-09-21T00:24:14Z</time>
        <extensions>
          <gpxtpx:TrackPointExtension>
            <gpxtpx:hr>149</gpxtpx:hr>
          </gpxtpx:TrackPointExtension>
        </extensions>
      </trkpt>
      <trkpt lat="37.83538533230981" lon="112.0071208224062">
        <ele>1210.0</ele>
        <time>2021-09-21T00:24:19Z</time>
        <extensions>
          <gpxtpx:TrackPointExtension>
            <gpxtpx:hr>148</gpxtpx:hr>
          </gpxtpx:TrackPointExtension>
        </extensions>
      </trkpt>
      <trkpt lat="37.83530382928915" lon="112.00694943739485">
        <ele>1210.0</ele>
        <time>2021-09-21T00:24:25Z</time>
        <extensions>
          <gpxtpx:TrackPointExtension>
            <gpxtpx:hr>145</gpxtpx:hr>
          </gpxtpx:TrackPointExtension>
        </extensions>
      </trkpt>
      <trkpt lat="37.83522503050378" lon="112.00687770028597">
        <ele>1210.0</ele>
        <time>2021-09-21T00:24:29Z</time>
        <extensions>
          <gpxtpx:TrackPointExtension>
            <gpxtpx:hr>145</gpxtpx:hr>
          </gpxtpx:TrackPointExtension>
        </extensions>
      </trkpt>
      <trkpt lat="37.835082070622676" lon="112.00685679128225">
        <ele>1210.199951171875</ele>
        <time>2021-09-21T00:24:35Z</time>
        <extensions>
          <gpxtpx:TrackPointExtension>
            <gpxtpx:hr>145</gpxtpx:hr>
          </gpxtpx:TrackPointExtension>
        </extensions>
      </trkpt>
      <trkpt lat="37.834901927121706" lon="112.00689567543202">
        <ele>1210.4000244140625</ele>
        <time>2021-09-21T00:24:42Z</time>
        <extensions>
          <gpxtpx:TrackPointExtension>
            <gpxtpx:hr>145</gpxtpx:hr>
          </gpxtpx:TrackPointExtension>
        </extensions>
      </trkpt>
      <trkpt lat="37.83462072951096" lon="112.00694752588934">
        <ele>1210.4000244140625</ele>
        <time>2021-09-21T00:24:53Z</time>
        <extensions>
          <gpxtpx:TrackPointExtension>
            <gpxtpx:hr>143</gpxtpx:hr>
          </gpxtpx:TrackPointExtension>
        </extensions>
      </trkpt>
      <trkpt lat="37.83440685654451" lon="112.00689374150501">
        <ele>1211.0</ele>
        <time>2021-09-21T00:25:02Z</time>
        <extensions>
          <gpxtpx:TrackPointExtension>
            <gpxtpx:hr>143</gpxtpx:hr>
          </gpxtpx:TrackPointExtension>
        </extensions>
      </trkpt>
      <trkpt lat="37.8343099542463" lon="112.00685588686777">
        <ele>1211.199951171875</ele>
        <time>2021-09-21T00:25:06Z</time>
        <extensions>
          <gpxtpx:TrackPointExtension>
            <gpxtpx:hr>143</gpxtpx:hr>
          </gpxtpx:TrackPointExtension>
        </extensions>
      </trkpt>
      <trkpt lat="37.83418902750845" lon="112.00682501046096">
        <ele>1211.800048828125</ele>
        <time>2021-09-21T00:25:11Z</time>
        <extensions>
          <gpxtpx:TrackPointExtension>
            <gpxtpx:hr>143</gpxtpx:hr>
          </gpxtpx:TrackPointExtension>
        </extensions>
      </trkpt>
      <trkpt lat="37.834094125561975" lon="112.00678715562178">
        <ele>1212.199951171875</ele>
        <time>2021-09-21T00:25:15Z</time>
        <extensions>
          <gpxtpx:TrackPointExtension>
            <gpxtpx:hr>143</gpxtpx:hr>
          </gpxtpx:TrackPointExtension>
        </extensions>
      </trkpt>
      <trkpt lat="37.833892334721405" lon="112.00670646505104">
        <ele>1213.4000244140625</ele>
        <time>2021-09-21T00:25:24Z</time>
        <extensions>
          <gpxtpx:TrackPointExtension>
            <gpxtpx:hr>144</gpxtpx:hr>
          </gpxtpx:TrackPointExtension>
        </extensions>
      </trkpt>
      <trkpt lat="37.833671567767716" lon="112.00661680855724">
        <ele>1214.199951171875</ele>
        <time>2021-09-21T00:25:33Z</time>
        <extensions>
          <gpxtpx:TrackPointExtension>
            <gpxtpx:hr>147</gpxtpx:hr>
          </gpxtpx:TrackPointExtension>
        </extensions>
      </trkpt>
      <trkpt lat="37.83343877830833" lon="112.00653412892542">
        <ele>1215.199951171875</ele>
        <time>2021-09-21T00:25:42Z</time>
        <extensions>
          <gpxtpx:TrackPointExtension>
            <gpxtpx:hr>148</gpxtpx:hr>
          </gpxtpx:TrackPointExtension>
        </extensions>
      </trkpt>
      <trkpt lat="37.833340884978526" lon="112.0064932851759">
        <ele>1215.5999755859375</ele>
        <time>2021-09-21T00:25:46Z</time>
        <extensions>
          <gpxtpx:TrackPointExtension>
            <gpxtpx:hr>149</gpxtpx:hr>
          </gpxtpx:TrackPointExtension>
        </extensions>
      </trkpt>
      <trkpt lat="37.833124056557345" lon="112.00642455439426">
        <ele>1216.0</ele>
        <time>2021-09-21T00:25:55Z</time>
        <extensions>
          <gpxtpx:TrackPointExtension>
            <gpxtpx:hr>150</gpxtpx:hr>
          </gpxtpx:TrackPointExtension>
        </extensions>
      </trkpt>
      <trkpt lat="37.8329292315937" lon="112.00635582105397">
        <ele>1216.5999755859375</ele>
        <time>2021-09-21T00:26:03Z</time>
        <extensions>
          <gpxtpx:TrackPointExtension>
            <gpxtpx:hr>151</gpxtpx:hr>
          </gpxtpx:TrackPointExtension>
        </extensions>
      </trkpt>
      <trkpt lat="37.832708447296696" lon="112.00627214381554">
        <ele>1216.5999755859375</ele>
        <time>2021-09-21T00:26:12Z</time>
        <extensions>
          <gpxtpx:TrackPointExtension>
            <gpxtpx:hr>151</gpxtpx:hr>
          </gpxtpx:TrackPointExtension>
        </extensions>
      </trkpt>
      <trkpt lat="37.83245576820211" lon="112.00615160112221">
        <ele>1216.800048828125</ele>
        <time>2021-09-21T00:26:22Z</time>
        <extensions>
          <gpxtpx:TrackPointExtension>
            <gpxtpx:hr>151</gpxtpx:hr>
          </gpxtpx:TrackPointExtension>
        </extensions>
      </trkpt>
      <trkpt lat="37.83229385639576" lon="112.00611375461945">
        <ele>1217.199951171875</ele>
        <time>2021-09-21T00:26:28Z</time>
        <extensions>
          <gpxtpx:TrackPointExtension>
            <gpxtpx:hr>151</gpxtpx:hr>
          </gpxtpx:TrackPointExtension>
        </extensions>
      </trkpt>
      <trkpt lat="37.83200386261859" lon="112.00609684922527">
        <ele>1217.4000244140625</ele>
        <time>2021-09-21T00:26:39Z</time>
        <extensions>
          <gpxtpx:TrackPointExtension>
            <gpxtpx:hr>149</gpxtpx:hr>
          </gpxtpx:TrackPointExtension>
        </extensions>
      </trkpt>
      <trkpt lat="37.83173976582184" lon="112.00611581359561">
        <ele>1217.4000244140625</ele>
        <time>2021-09-21T00:26:49Z</time>
        <extensions>
          <gpxtpx:TrackPointExtension>
            <gpxtpx:hr>148</gpxtpx:hr>
          </gpxtpx:TrackPointExtension>
        </extensions>
      </trkpt>
      <trkpt lat="37.831496675250214" lon="112.00613377899884">
        <ele>1218.0</ele>
        <time>2021-09-21T00:26:58Z</time>
        <extensions>
          <gpxtpx:TrackPointExtension>
            <gpxtpx:hr>146</gpxtpx:hr>
          </gpxtpx:TrackPointExtension>
        </extensions>
      </trkpt>
      <trkpt lat="37.831281636554166" lon="112.00613579756494">
        <ele>1218.199951171875</ele>
        <time>2021-09-21T00:27:06Z</time>
        <extensions>
          <gpxtpx:TrackPointExtension>
            <gpxtpx:hr>145</gpxtpx:hr>
          </gpxtpx:TrackPointExtension>
        </extensions>
      </trkpt>
      <trkpt lat="37.83099555736204" lon="112.00614778928409">
        <ele>1218.800048828125</ele>
        <time>2021-09-21T00:27:17Z</time>
        <extensions>
          <gpxtpx:TrackPointExtension>
            <gpxtpx:hr>147</gpxtpx:hr>
          </gpxtpx:TrackPointExtension>
        </extensions>
      </trkpt>
      <trkpt lat="37.83089853667019" lon="112.00614979378467">
        <ele>1219.0</ele>
        <time>2021-09-21T00:27:21Z</time>
        <extensions>
          <gpxtpx:TrackPointExtension>
            <gpxtpx:hr>148</gpxtpx:hr>
          </gpxtpx:TrackPointExtension>
        </extensions>
      </trkpt>
      <trkpt lat="37.83077849168048" lon="112.0061587763111">
        <ele>1219.4000244140625</ele>
        <time>2021-09-21T00:27:26Z</time>
        <extensions>
          <gpxtpx:TrackPointExtension>
            <gpxtpx:hr>148</gpxtpx:hr>
          </gpxtpx:TrackPointExtension>
        </extensions>
      </trkpt>
      <trkpt lat="37.830550418418035" lon="112.00617175758974">
        <ele>1220.4000244140625</ele>
        <time>2021-09-21T00:27:36Z</time>
        <extensions>
          <gpxtpx:TrackPointExtension>
            <gpxtpx:hr>145</gpxtpx:hr>
          </gpxtpx:TrackPointExtension>
        </extensions>
      </trkpt>
      <trkpt lat="37.83045140042595" lon="112.00617276585986">
        <ele>1220.5999755859375</ele>
        <time>2021-09-21T00:27:40Z</time>
        <extensions>
          <gpxtpx:TrackPointExtension>
            <gpxtpx:hr>144</gpxtpx:hr>
          </gpxtpx:TrackPointExtension>
        </extensions>
      </trkpt>
      <trkpt lat="37.83031042066589" lon="112.00615883209598">
        <ele>1221.4000244140625</ele>
        <time>2021-09-21T00:27:47Z</time>
        <extensions>
          <gpxtpx:TrackPointExtension>
            <gpxtpx:hr>143</gpxtpx:hr>
          </gpxtpx:TrackPointExtension>
        </extensions>
      </trkpt>
      <trkpt lat="37.83021441206335" lon="112.00615685060042">
        <ele>1222.0</ele>
        <time>2021-09-21T00:27:55Z</time>
        <extensions>
          <gpxtpx:TrackPointExtension>
            <gpxtpx:hr>144</gpxtpx:hr>
          </gpxtpx:TrackPointExtension>
        </extensions>
      </trkpt>
      <trkpt lat="37.8301504410167" lon="112.00614390413016">
        <ele>1222.4000244140625</ele>
        <time>2021-09-21T00:28:00Z</time>
        <extensions>
          <gpxtpx:TrackPointExtension>
            <gpxtpx:hr>145</gpxtpx:hr>
          </gpxtpx:TrackPointExtension>
        </extensions>
      </trkpt>
      <trkpt lat="37.83008143354016" lon="112.00614291588559">
        <ele>1222.800048828125</ele>
        <time>2021-09-21T00:28:06Z</time>
        <extensions>
          <gpxtpx:TrackPointExtension>
            <gpxtpx:hr>143</gpxtpx:hr>
          </gpxtpx:TrackPointExtension>
        </extensions>
      </trkpt>
      <trkpt lat="37.830006431104856" lon="112.00613993541813">
        <ele>1223.4000244140625</ele>
        <time>2021-09-21T00:28:11Z</time>
        <extensions>
          <gpxtpx:TrackPointExtension>
            <gpxtpx:hr>138</gpxtpx:hr>
          </gpxtpx:TrackPointExtension>
        </extensions>
      </trkpt>
      <trkpt lat="37.82996641018542" lon="112.00614492253113">
        <ele>1223.4000244140625</ele>
        <time>2021-09-21T00:28:15Z</time>
        <extensions>
          <gpxtpx:TrackPointExtension>
            <gpxtpx:hr>135</gpxtpx:hr>
          </gpxtpx:TrackPointExtension>
        </extensions>
      </trkpt>
      <trkpt lat="37.829909380749214" lon="112.00615190460911">
        <ele>1223.800048828125</ele>
        <time>2021-09-21T00:28:19Z</time>
        <extensions>
          <gpxtpx:TrackPointExtension>
            <gpxtpx:hr>132</gpxtpx:hr>
          </gpxtpx:TrackPointExtension>
        </extensions>
      </trkpt>
      <trkpt lat="37.829834345620334" lon="112.00615988530257">
        <ele>1224.199951171875</ele>
        <time>2021-09-21T00:28:25Z</time>
        <extensions>
          <gpxtpx:TrackPointExtension>
            <gpxtpx:hr>130</gpxtpx:hr>
          </gpxtpx:TrackPointExtension>
        </extensions>
      </trkpt>
      <trkpt lat="37.82976230203129" lon="112.00617085504757">
        <ele>1224.4000244140625</ele>
        <time>2021-09-21T00:28:30Z</time>
        <extensions>
          <gpxtpx:TrackPointExtension>
            <gpxtpx:hr>129</gpxtpx:hr>
          </gpxtpx:TrackPointExtension>
        </extensions>
      </trkpt>
      <trkpt lat="37.82970827603126" lon="112.00617684030101">
        <ele>1224.5999755859375</ele>
        <time>2021-09-21T00:28:34Z</time>
        <extensions>
          <gpxtpx:TrackPointExtension>
            <gpxtpx:hr>127</gpxtpx:hr>
          </gpxtpx:TrackPointExtension>
        </extensions>
      </trkpt>
      <trkpt lat="37.8296312614213" lon="112.00617784594853">
        <ele>1225.199951171875</ele>
        <time>2021-09-21T00:28:40Z</time>
        <extensions>
          <gpxtpx:TrackPointExtension>
            <gpxtpx:hr>124</gpxtpx:hr>
          </gpxtpx:TrackPointExtension>
        </extensions>
      </trkpt>
      <trkpt lat="37.82956223316067" lon="112.00618383299046">
        <ele>1225.4000244140625</ele>
        <time>2021-09-21T00:28:45Z</time>
        <extensions>
          <gpxtpx:TrackPointExtension>
            <gpxtpx:hr>121</gpxtpx:hr>
          </gpxtpx:TrackPointExtension>
        </extensions>
      </trkpt>
      <trkpt lat="37.82942221499192" lon="112.00618285320802">
        <ele>1226.0</ele>
        <time>2021-09-21T00:28:56Z</time>
        <extensions>
          <gpxtpx:TrackPointExtension>
            <gpxtpx:hr>118</gpxtpx:hr>
          </gpxtpx:TrackPointExtension>
        </extensions>
      </trkpt>
      <trkpt lat="37.829308230486504" lon="112.00617190563104">
        <ele>1226.199951171875</ele>
        <time>2021-09-21T00:29:04Z</time>
        <extensions>
          <gpxtpx:TrackPointExtension>
            <gpxtpx:hr>116</gpxtpx:hr>
          </gpxtpx:TrackPointExtension>
        </extensions>
      </trkpt>
      <trkpt lat="37.829160208163664" lon="112.00617192327148">
        <ele>1226.800048828125</ele>
        <time>2021-09-21T00:29:11Z</time>
        <extensions>
          <gpxtpx:TrackPointExtension>
            <gpxtpx:hr>114</gpxtpx:hr>
          </gpxtpx:TrackPointExtension>
        </extensions>
      </trkpt>
      <trkpt lat="37.82900417275982" lon="112.00617592774341">
        <ele>1227.0</ele>
        <time>2021-09-21T00:29:18Z</time>
        <extensions>
          <gpxtpx:TrackPointExtension>
            <gpxtpx:hr>116</gpxtpx:hr>
          </gpxtpx:TrackPointExtension>
        </extensions>
      </trkpt>
      <trkpt lat="37.82884308608655" lon="112.00619687279672">
        <ele>1227.0</ele>
        <time>2021-09-21T00:29:24Z</time>
        <extensions>
          <gpxtpx:TrackPointExtension>
            <gpxtpx:hr>119</gpxtpx:hr>
          </gpxtpx:TrackPointExtension>
        </extensions>
      </trkpt>
      <trkpt lat="37.828641046770876" lon="112.0061998862829">
        <ele>1227.5999755859375</ele>
        <time>2021-09-21T00:29:32Z</time>
        <extensions>
          <gpxtpx:TrackPointExtension>
            <gpxtpx:hr>124</gpxtpx:hr>
          </gpxtpx:TrackPointExtension>
        </extensions>
      </trkpt>
      <trkpt lat="37.82851403659112" lon="112.00619691201042">
        <ele>1228.4000244140625</ele>
        <time>2021-09-21T00:29:37Z</time>
        <extensions>
          <gpxtpx:TrackPointExtension>
            <gpxtpx:hr>126</gpxtpx:hr>
          </gpxtpx:TrackPointExtension>
        </extensions>
      </trkpt>
      <trkpt lat="37.82842300210712" lon="112.006203898146">
        <ele>1228.800048828125</ele>
        <time>2021-09-21T00:29:41Z</time>
        <extensions>
          <gpxtpx:TrackPointExtension>
            <gpxtpx:hr>129</gpxtpx:hr>
          </gpxtpx:TrackPointExtension>
        </extensions>
      </trkpt>
      <trkpt lat="37.82829096147185" lon="112.00621088916904">
        <ele>1231.0</ele>
        <time>2021-09-21T00:29:47Z</time>
        <extensions>
          <gpxtpx:TrackPointExtension>
            <gpxtpx:hr>132</gpxtpx:hr>
          </gpxtpx:TrackPointExtension>
        </extensions>
      </trkpt>
      <trkpt lat="37.82811190190743" lon="112.00622187167536">
        <ele>1231.800048828125</ele>
        <time>2021-09-21T00:29:55Z</time>
        <extensions>
          <gpxtpx:TrackPointExtension>
            <gpxtpx:hr>134</gpxtpx:hr>
          </gpxtpx:TrackPointExtension>
        </extensions>
      </trkpt>
      <trkpt lat="37.827958843292805" lon="112.00623384755482">
        <ele>1232.4000244140625</ele>
        <time>2021-09-21T00:30:01Z</time>
        <extensions>
          <gpxtpx:TrackPointExtension>
            <gpxtpx:hr>137</gpxtpx:hr>
          </gpxtpx:TrackPointExtension>
        </extensions>
      </trkpt>
      <trkpt lat="37.82783176184468" lon="112.00625478857296">
        <ele>1232.800048828125</ele>
        <time>2021-09-21T00:30:06Z</time>
        <extensions>
          <gpxtpx:TrackPointExtension>
            <gpxtpx:hr>139</gpxtpx:hr>
          </gpxtpx:TrackPointExtension>
        </extensions>
      </trkpt>
      <trkpt lat="37.827649695950385" lon="112.00626776438536">
        <ele>1233.4000244140625</ele>
        <time>2021-09-21T00:30:13Z</time>
        <extensions>
          <gpxtpx:TrackPointExtension>
            <gpxtpx:hr>142</gpxtpx:hr>
          </gpxtpx:TrackPointExtension>
        </extensions>
      </trkpt>
      <trkpt lat="37.827489609599944" lon="112.0062887093468">
        <ele>1234.4000244140625</ele>
        <time>2021-09-21T00:30:20Z</time>
        <extensions>
          <gpxtpx:TrackPointExtension>
            <gpxtpx:hr>143</gpxtpx:hr>
          </gpxtpx:TrackPointExtension>
        </extensions>
      </trkpt>
      <trkpt lat="37.827226436569994" lon="112.00633358190997">
        <ele>1235.4000244140625</ele>
        <time>2021-09-21T00:30:32Z</time>
        <extensions>
          <gpxtpx:TrackPointExtension>
            <gpxtpx:hr>143</gpxtpx:hr>
          </gpxtpx:TrackPointExtension>
        </extensions>
      </trkpt>
      <trkpt lat="37.82699534859515" lon="112.00635154593732">
        <ele>1236.5999755859375</ele>
        <time>2021-09-21T00:30:42Z</time>
        <extensions>
          <gpxtpx:TrackPointExtension>
            <gpxtpx:hr>143</gpxtpx:hr>
          </gpxtpx:TrackPointExtension>
        </extensions>
      </trkpt>
      <trkpt lat="37.82680122459043" lon="112.00638345617288">
        <ele>1237.5999755859375</ele>
        <time>2021-09-21T00:30:51Z</time>
        <extensions>
          <gpxtpx:TrackPointExtension>
            <gpxtpx:hr>143</gpxtpx:hr>
          </gpxtpx:TrackPointExtension>
        </extensions>
      </trkpt>
      <trkpt lat="37.826602141461564" lon="112.006401416399">
        <ele>1239.0</ele>
        <time>2021-09-21T00:31:00Z</time>
        <extensions>
          <gpxtpx:TrackPointExtension>
            <gpxtpx:hr>146</gpxtpx:hr>
          </gpxtpx:TrackPointExtension>
        </extensions>
      </trkpt>
      <trkpt lat="37.82648707680965" lon="112.00641737367177">
        <ele>1239.4000244140625</ele>
        <time>2021-09-21T00:31:05Z</time>
        <extensions>
          <gpxtpx:TrackPointExtension>
            <gpxtpx:hr>147</gpxtpx:hr>
          </gpxtpx:TrackPointExtension>
        </extensions>
      </trkpt>
      <trkpt lat="37.826300915480935" lon="112.00646223713977">
        <ele>1240.0</ele>
        <time>2021-09-21T00:31:13Z</time>
        <extensions>
          <gpxtpx:TrackPointExtension>
            <gpxtpx:hr>147</gpxtpx:hr>
          </gpxtpx:TrackPointExtension>
        </extensions>
      </trkpt>
      <trkpt lat="37.826199811374046" lon="112.00649214339299">
        <ele>1240.4000244140625</ele>
        <time>2021-09-21T00:31:17Z</time>
        <extensions>
          <gpxtpx:TrackPointExtension>
            <gpxtpx:hr>148</gpxtpx:hr>
          </gpxtpx:TrackPointExtension>
        </extensions>
      </trkpt>
      <trkpt lat="37.82607876072471" lon="112.00650311903054">
        <ele>1241.199951171875</ele>
        <time>2021-09-21T00:31:22Z</time>
        <extensions>
          <gpxtpx:TrackPointExtension>
            <gpxtpx:hr>148</gpxtpx:hr>
          </gpxtpx:TrackPointExtension>
        </extensions>
      </trkpt>
      <trkpt lat="37.82593870726517" lon="112.00651409693447">
        <ele>1241.4000244140625</ele>
        <time>2021-09-21T00:31:28Z</time>
        <extensions>
          <gpxtpx:TrackPointExtension>
            <gpxtpx:hr>149</gpxtpx:hr>
          </gpxtpx:TrackPointExtension>
        </extensions>
      </trkpt>
      <trkpt lat="37.82584468736984" lon="112.00651610108723">
        <ele>1241.800048828125</ele>
        <time>2021-09-21T00:31:32Z</time>
        <extensions>
          <gpxtpx:TrackPointExtension>
            <gpxtpx:hr>149</gpxtpx:hr>
          </gpxtpx:TrackPointExtension>
        </extensions>
      </trkpt>
      <trkpt lat="37.825656718857836" lon="112.00649619400988">
        <ele>1242.199951171875</ele>
        <time>2021-09-21T00:31:40Z</time>
        <extensions>
          <gpxtpx:TrackPointExtension>
            <gpxtpx:hr>150</gpxtpx:hr>
          </gpxtpx:TrackPointExtension>
        </extensions>
      </trkpt>
      <trkpt lat="37.82544670257413" lon="112.00649123666908">
        <ele>1243.199951171875</ele>
        <time>2021-09-21T00:31:49Z</time>
        <extensions>
          <gpxtpx:TrackPointExtension>
            <gpxtpx:hr>151</gpxtpx:hr>
          </gpxtpx:TrackPointExtension>
        </extensions>
      </trkpt>
      <trkpt lat="37.825235837627055" lon="112.00643545929134">
        <ele>1243.4000244140625</ele>
        <time>2021-09-21T00:31:58Z</time>
        <extensions>
          <gpxtpx:TrackPointExtension>
            <gpxtpx:hr>150</gpxtpx:hr>
          </gpxtpx:TrackPointExtension>
        </extensions>
      </trkpt>
      <trkpt lat="37.82504192476144" lon="112.00639661996462">
        <ele>1244.0</ele>
        <time>2021-09-21T00:32:07Z</time>
        <extensions>
          <gpxtpx:TrackPointExtension>
            <gpxtpx:hr>149</gpxtpx:hr>
          </gpxtpx:TrackPointExtension>
        </extensions>
      </trkpt>
      <trkpt lat="37.82487301860337" lon="112.00635678120629">
        <ele>1245.0</ele>
        <time>2021-09-21T00:32:15Z</time>
        <extensions>
          <gpxtpx:TrackPointExtension>
            <gpxtpx:hr>147</gpxtpx:hr>
          </gpxtpx:TrackPointExtension>
        </extensions>
      </trkpt>
      <trkpt lat="37.82470706835862" lon="112.0063318891884">
        <ele>1245.5999755859375</ele>
        <time>2021-09-21T00:32:23Z</time>
        <extensions>
          <gpxtpx:TrackPointExtension>
            <gpxtpx:hr>146</gpxtpx:hr>
          </gpxtpx:TrackPointExtension>
        </extensions>
      </trkpt>
      <trkpt lat="37.82445219415812" lon="112.00627711364457">
        <ele>1245.800048828125</ele>
        <time>2021-09-21T00:32:34Z</time>
        <extensions>
          <gpxtpx:TrackPointExtension>
            <gpxtpx:hr>144</gpxtpx:hr>
          </gpxtpx:TrackPointExtension>
        </extensions>
      </trkpt>
      <trkpt lat="37.82425226572297" lon="112.00624325746764">
        <ele>1245.800048828125</ele>
        <time>2021-09-21T00:32:42Z</time>
        <extensions>
          <gpxtpx:TrackPointExtension>
            <gpxtpx:hr>143</gpxtpx:hr>
          </gpxtpx:TrackPointExtension>
        </extensions>
      </trkpt>
      <trkpt lat="37.8241533195012" lon="112.00622035044309">
        <ele>1245.800048828125</ele>
        <time>2021-09-21T00:32:46Z</time>
        <extensions>
          <gpxtpx:TrackPointExtension>
            <gpxtpx:hr>142</gpxtpx:hr>
          </gpxtpx:TrackPointExtension>
        </extensions>
      </trkpt>
      <trkpt lat="37.82392848258059" lon="112.00615461023965">
        <ele>1245.4000244140625</ele>
        <time>2021-09-21T00:32:55Z</time>
        <extensions>
          <gpxtpx:TrackPointExtension>
            <gpxtpx:hr>140</gpxtpx:hr>
          </gpxtpx:TrackPointExtension>
        </extensions>
      </trkpt>
      <trkpt lat="37.8237426038957" lon="112.00610480894586">
        <ele>1245.5999755859375</ele>
        <time>2021-09-21T00:33:03Z</time>
        <extensions>
          <gpxtpx:TrackPointExtension>
            <gpxtpx:hr>139</gpxtpx:hr>
          </gpxtpx:TrackPointExtension>
        </extensions>
      </trkpt>
      <trkpt lat="37.823500654589886" lon="112.0060759401919">
        <ele>1246.4000244140625</ele>
        <time>2021-09-21T00:33:13Z</time>
        <extensions>
          <gpxtpx:TrackPointExtension>
            <gpxtpx:hr>139</gpxtpx:hr>
          </gpxtpx:TrackPointExtension>
        </extensions>
      </trkpt>
      <trkpt lat="37.823374647997056" lon="112.00607196933203">
        <ele>1246.5999755859375</ele>
        <time>2021-09-21T00:33:18Z</time>
        <extensions>
          <gpxtpx:TrackPointExtension>
            <gpxtpx:hr>139</gpxtpx:hr>
          </gpxtpx:TrackPointExtension>
        </extensions>
      </trkpt>
      <trkpt lat="37.82319259752221" lon="112.00607996276615">
        <ele>1246.5999755859375</ele>
        <time>2021-09-21T00:33:25Z</time>
        <extensions>
          <gpxtpx:TrackPointExtension>
            <gpxtpx:hr>138</gpxtpx:hr>
          </gpxtpx:TrackPointExtension>
        </extensions>
      </trkpt>
      <trkpt lat="37.82293745907377" lon="112.00611387308851">
        <ele>1247.5999755859375</ele>
        <time>2021-09-21T00:33:34Z</time>
        <extensions>
          <gpxtpx:TrackPointExtension>
            <gpxtpx:hr>140</gpxtpx:hr>
          </gpxtpx:TrackPointExtension>
        </extensions>
      </trkpt>
      <trkpt lat="37.82270344268308" lon="112.00610792215724">
        <ele>1248.800048828125</ele>
        <time>2021-09-21T00:33:43Z</time>
        <extensions>
          <gpxtpx:TrackPointExtension>
            <gpxtpx:hr>144</gpxtpx:hr>
          </gpxtpx:TrackPointExtension>
        </extensions>
      </trkpt>
      <trkpt lat="37.82253855535827" lon="112.00606210426153">
        <ele>1250.199951171875</ele>
        <time>2021-09-21T00:33:50Z</time>
        <extensions>
          <gpxtpx:TrackPointExtension>
            <gpxtpx:hr>146</gpxtpx:hr>
          </gpxtpx:TrackPointExtension>
        </extensions>
      </trkpt>
      <trkpt lat="37.82245068526536" lon="112.00601428428361">
        <ele>1251.5999755859375</ele>
        <time>2021-09-21T00:33:54Z</time>
        <extensions>
          <gpxtpx:TrackPointExtension>
            <gpxtpx:hr>147</gpxtpx:hr>
          </gpxtpx:TrackPointExtension>
        </extensions>
      </trkpt>
      <trkpt lat="37.822301937205886" lon="112.00592262706787">
        <ele>1252.800048828125</ele>
        <time>2021-09-21T00:34:00Z</time>
        <extensions>
          <gpxtpx:TrackPointExtension>
            <gpxtpx:hr>150</gpxtpx:hr>
          </gpxtpx:TrackPointExtension>
        </extensions>
      </trkpt>
      <trkpt lat="37.822175153766516" lon="112.00584392139146">
        <ele>1253.4000244140625</ele>
        <time>2021-09-21T00:34:05Z</time>
        <extensions>
          <gpxtpx:TrackPointExtension>
            <gpxtpx:hr>153</gpxtpx:hr>
          </gpxtpx:TrackPointExtension>
        </extensions>
      </trkpt>
      <trkpt lat="37.82209830029206" lon="112.00579111791762">
        <ele>1254.0</ele>
        <time>2021-09-21T00:34:09Z</time>
        <extensions>
          <gpxtpx:TrackPointExtension>
            <gpxtpx:hr>154</gpxtpx:hr>
          </gpxtpx:TrackPointExtension>
        </extensions>
      </trkpt>
      <trkpt lat="37.82206437571153" lon="112.00576421742616">
        <ele>1254.199951171875</ele>
        <time>2021-09-21T00:34:13Z</time>
        <extensions>
          <gpxtpx:TrackPointExtension>
            <gpxtpx:hr>156</gpxtpx:hr>
          </gpxtpx:TrackPointExtension>
        </extensions>
      </trkpt>
      <trkpt lat="37.821974517415114" lon="112.00571241201995">
        <ele>1254.5999755859375</ele>
        <time>2021-09-21T00:34:21Z</time>
        <extensions>
          <gpxtpx:TrackPointExtension>
            <gpxtpx:hr>157</gpxtpx:hr>
          </gpxtpx:TrackPointExtension>
        </extensions>
      </trkpt>
      <trkpt lat="37.82191662509815" lon="112.00567355685651">
        <ele>1255.0</ele>
        <time>2021-09-21T00:34:25Z</time>
        <extensions>
          <gpxtpx:TrackPointExtension>
            <gpxtpx:hr>156</gpxtpx:hr>
          </gpxtpx:TrackPointExtension>
        </extensions>
      </trkpt>
      <trkpt lat="37.82184776098113" lon="112.00562473839724">
        <ele>1255.4000244140625</ele>
        <time>2021-09-21T00:34:31Z</time>
        <extensions>
          <gpxtpx:TrackPointExtension>
            <gpxtpx:hr>154</gpxtpx:hr>
          </gpxtpx:TrackPointExtension>
        </extensions>
      </trkpt>
      <trkpt lat="37.82177291091319" lon="112.00557093837438">
        <ele>1255.800048828125</ele>
        <time>2021-09-21T00:34:37Z</time>
        <extensions>
          <gpxtpx:TrackPointExtension>
            <gpxtpx:hr>151</gpxtpx:hr>
          </gpxtpx:TrackPointExtension>
        </extensions>
      </trkpt>
      <trkpt lat="37.8217180548498" lon="112.00552012538992">
        <ele>1256.0</ele>
        <time>2021-09-21T00:34:42Z</time>
        <extensions>
          <gpxtpx:TrackPointExtension>
            <gpxtpx:hr>148</gpxtpx:hr>
          </gpxtpx:TrackPointExtension>
        </extensions>
      </trkpt>
      <trkpt lat="37.82167615600703" lon="112.00548425779934">
        <ele>1256.800048828125</ele>
        <time>2021-09-21T00:34:46Z</time>
        <extensions>
          <gpxtpx:TrackPointExtension>
            <gpxtpx:hr>145</gpxtpx:hr>
          </gpxtpx:TrackPointExtension>
        </extensions>
      </trkpt>
      <trkpt lat="37.8215734390605" lon="112.00538462406199">
        <ele>1257.0</ele>
        <time>2021-09-21T00:34:52Z</time>
        <extensions>
          <gpxtpx:TrackPointExtension>
            <gpxtpx:hr>139</gpxtpx:hr>
          </gpxtpx:TrackPointExtension>
        </extensions>
      </trkpt>
      <trkpt lat="37.8214966216418" lon="112.0053198633978">
        <ele>1257.4000244140625</ele>
        <time>2021-09-21T00:34:56Z</time>
        <extensions>
          <gpxtpx:TrackPointExtension>
            <gpxtpx:hr>136</gpxtpx:hr>
          </gpxtpx:TrackPointExtension>
        </extensions>
      </trkpt>
      <trkpt lat="37.82140286144316" lon="112.0052351756585">
        <ele>1257.800048828125</ele>
        <time>2021-09-21T00:35:01Z</time>
        <extensions>
          <gpxtpx:TrackPointExtension>
            <gpxtpx:hr>133</gpxtpx:hr>
          </gpxtpx:TrackPointExtension>
        </extensions>
      </trkpt>
      <trkpt lat="37.821270173223674" lon="112.00512458479066">
        <ele>1258.800048828125</ele>
        <time>2021-09-21T00:35:08Z</time>
        <extensions>
          <gpxtpx:TrackPointExtension>
            <gpxtpx:hr>132</gpxtpx:hr>
          </gpxtpx:TrackPointExtension>
        </extensions>
      </trkpt>
      <trkpt lat="37.821105573016325" lon="112.00498310779464">
        <ele>1259.800048828125</ele>
        <time>2021-09-21T00:35:17Z</time>
        <extensions>
          <gpxtpx:TrackPointExtension>
            <gpxtpx:hr>134</gpxtpx:hr>
          </gpxtpx:TrackPointExtension>
        </extensions>
      </trkpt>
      <trkpt lat="37.82101073237067" lon="112.00492532477467">
        <ele>1260.4000244140625</ele>
        <time>2021-09-21T00:35:22Z</time>
        <extensions>
          <gpxtpx:TrackPointExtension>
            <gpxtpx:hr>137</gpxtpx:hr>
          </gpxtpx:TrackPointExtension>
        </extensions>
      </trkpt>
      <trkpt lat="37.820841988538426" lon="112.00483167830892">
        <ele>1261.5999755859375</ele>
        <time>2021-09-21T00:35:30Z</time>
        <extensions>
          <gpxtpx:TrackPointExtension>
            <gpxtpx:hr>139</gpxtpx:hr>
          </gpxtpx:TrackPointExtension>
        </extensions>
      </trkpt>
      <trkpt lat="37.82073223841549" lon="112.00474300718088">
        <ele>1262.4000244140625</ele>
        <time>2021-09-21T00:35:35Z</time>
        <extensions>
          <gpxtpx:TrackPointExtension>
            <gpxtpx:hr>140</gpxtpx:hr>
          </gpxtpx:TrackPointExtension>
        </extensions>
      </trkpt>
      <trkpt lat="37.82064154191936" lon="112.00463739423071">
        <ele>1263.4000244140625</ele>
        <time>2021-09-21T00:35:40Z</time>
        <extensions>
          <gpxtpx:TrackPointExtension>
            <gpxtpx:hr>143</gpxtpx:hr>
          </gpxtpx:TrackPointExtension>
        </extensions>
      </trkpt>
      <trkpt lat="37.82056379361375" lon="112.00454971594898">
        <ele>1264.0</ele>
        <time>2021-09-21T00:35:44Z</time>
        <extensions>
          <gpxtpx:TrackPointExtension>
            <gpxtpx:hr>146</gpxtpx:hr>
          </gpxtpx:TrackPointExtension>
        </extensions>
      </trkpt>
      <trkpt lat="37.82042715046588" lon="112.00442417976477">
        <ele>1265.4000244140625</ele>
        <time>2021-09-21T00:35:52Z</time>
        <extensions>
          <gpxtpx:TrackPointExtension>
            <gpxtpx:hr>150</gpxtpx:hr>
          </gpxtpx:TrackPointExtension>
        </extensions>
      </trkpt>
      <trkpt lat="37.82046597373331" lon="112.00448495844921">
        <ele>1265.4000244140625</ele>
        <time>2021-09-21T00:35:57Z</time>
        <extensions>
          <gpxtpx:TrackPointExtension>
            <gpxtpx:hr>152</gpxtpx:hr>
          </gpxtpx:TrackPointExtension>
        </extensions>
      </trkpt>
      <trkpt lat="37.82054567445361" lon="112.0045885796172">
        <ele>1264.5999755859375</ele>
        <time>2021-09-21T00:36:04Z</time>
        <extensions>
          <gpxtpx:TrackPointExtension>
            <gpxtpx:hr>153</gpxtpx:hr>
          </gpxtpx:TrackPointExtension>
        </extensions>
      </trkpt>
      <trkpt lat="37.82059051661236" lon="112.00464337900466">
        <ele>1264.4000244140625</ele>
        <time>2021-09-21T00:36:10Z</time>
        <extensions>
          <gpxtpx:TrackPointExtension>
            <gpxtpx:hr>152</gpxtpx:hr>
          </gpxtpx:TrackPointExtension>
        </extensions>
      </trkpt>
      <trkpt lat="37.82062738751778" lon="112.00468821487232">
        <ele>1263.199951171875</ele>
        <time>2021-09-21T00:36:14Z</time>
        <extensions>
          <gpxtpx:TrackPointExtension>
            <gpxtpx:hr>148</gpxtpx:hr>
          </gpxtpx:TrackPointExtension>
        </extensions>
      </trkpt>
      <trkpt lat="37.82066526157489" lon="112.00473205419382">
        <ele>1263.199951171875</ele>
        <time>2021-09-21T00:36:18Z</time>
        <extensions>
          <gpxtpx:TrackPointExtension>
            <gpxtpx:hr>142</gpxtpx:hr>
          </gpxtpx:TrackPointExtension>
        </extensions>
      </trkpt>
      <trkpt lat="37.82071713469105" lon="112.00477688832335">
        <ele>1262.800048828125</ele>
        <time>2021-09-21T00:36:22Z</time>
        <extensions>
          <gpxtpx:TrackPointExtension>
            <gpxtpx:hr>134</gpxtpx:hr>
          </gpxtpx:TrackPointExtension>
        </extensions>
      </trkpt>
      <trkpt lat="37.820745040189045" lon="112.00480976790718">
        <ele>1262.199951171875</ele>
        <time>2021-09-21T00:36:26Z</time>
        <extensions>
          <gpxtpx:TrackPointExtension>
            <gpxtpx:hr>128</gpxtpx:hr>
          </gpxtpx:TrackPointExtension>
        </extensions>
      </trkpt>
      <trkpt lat="37.82079193650507" lon="112.00484663105235">
        <ele>1262.199951171875</ele>
        <time>2021-09-21T00:36:30Z</time>
        <extensions>
          <gpxtpx:TrackPointExtension>
            <gpxtpx:hr>120</gpxtpx:hr>
          </gpxtpx:TrackPointExtension>
        </extensions>
      </trkpt>
      <trkpt lat="37.82091673964324" lon="112.00491836079351">
        <ele>1261.4000244140625</ele>
        <time>2021-09-21T00:36:36Z</time>
        <extensions>
          <gpxtpx:TrackPointExtension>
            <gpxtpx:hr>114</gpxtpx:hr>
          </gpxtpx:TrackPointExtension>
        </extensions>
      </trkpt>
      <trkpt lat="37.821009579988605" lon="112.00497614404699">
        <ele>1261.0</ele>
        <time>2021-09-21T00:36:40Z</time>
        <extensions>
          <gpxtpx:TrackPointExtension>
            <gpxtpx:hr>114</gpxtpx:hr>
          </gpxtpx:TrackPointExtension>
        </extensions>
      </trkpt>
      <trkpt lat="37.82110544169742" lon="112.00502695179941">
        <ele>1260.5999755859375</ele>
        <time>2021-09-21T00:36:44Z</time>
        <extensions>
          <gpxtpx:TrackPointExtension>
            <gpxtpx:hr>113</gpxtpx:hr>
          </gpxtpx:TrackPointExtension>
        </extensions>
      </trkpt>
      <trkpt lat="37.82119724019931" lon="112.00509868562939">
        <ele>1260.0</ele>
        <time>2021-09-21T00:36:48Z</time>
        <extensions>
          <gpxtpx:TrackPointExtension>
            <gpxtpx:hr>115</gpxtpx:hr>
          </gpxtpx:TrackPointExtension>
        </extensions>
      </trkpt>
      <trkpt lat="37.82135296453232" lon="112.00519831269376">
        <ele>1259.199951171875</ele>
        <time>2021-09-21T00:36:55Z</time>
        <extensions>
          <gpxtpx:TrackPointExtension>
            <gpxtpx:hr>119</gpxtpx:hr>
          </gpxtpx:TrackPointExtension>
        </extensions>
      </trkpt>
      <trkpt lat="37.82143979226419" lon="112.00526008269371">
        <ele>1258.199951171875</ele>
        <time>2021-09-21T00:36:59Z</time>
        <extensions>
          <gpxtpx:TrackPointExtension>
            <gpxtpx:hr>119</gpxtpx:hr>
          </gpxtpx:TrackPointExtension>
        </extensions>
      </trkpt>
      <trkpt lat="37.82158642306586" lon="112.00539060127029">
        <ele>1257.199951171875</ele>
        <time>2021-09-21T00:37:06Z</time>
        <extensions>
          <gpxtpx:TrackPointExtension>
            <gpxtpx:hr>122</gpxtpx:hr>
          </gpxtpx:TrackPointExtension>
        </extensions>
      </trkpt>
      <trkpt lat="37.821726978696546" lon="112.0055460323125">
        <ele>1256.800048828125</ele>
        <time>2021-09-21T00:37:13Z</time>
        <extensions>
          <gpxtpx:TrackPointExtension>
            <gpxtpx:hr>123</gpxtpx:hr>
          </gpxtpx:TrackPointExtension>
        </extensions>
      </trkpt>
      <trkpt lat="37.8219374614092" lon="112.00572935631206">
        <ele>1255.5999755859375</ele>
        <time>2021-09-21T00:37:23Z</time>
        <extensions>
          <gpxtpx:TrackPointExtension>
            <gpxtpx:hr>124</gpxtpx:hr>
          </gpxtpx:TrackPointExtension>
        </extensions>
      </trkpt>
      <trkpt lat="37.82217802623796" lon="112.00588676905829">
        <ele>1254.4000244140625</ele>
        <time>2021-09-21T00:37:33Z</time>
        <extensions>
          <gpxtpx:TrackPointExtension>
            <gpxtpx:hr>125</gpxtpx:hr>
          </gpxtpx:TrackPointExtension>
        </extensions>
      </trkpt>
      <trkpt lat="37.82229480230368" lon="112.00596746890514">
        <ele>1253.0</ele>
        <time>2021-09-21T00:37:38Z</time>
        <extensions>
          <gpxtpx:TrackPointExtension>
            <gpxtpx:hr>127</gpxtpx:hr>
          </gpxtpx:TrackPointExtension>
        </extensions>
      </trkpt>
      <trkpt lat="37.822519430661295" lon="112.00610296173721">
        <ele>1252.199951171875</ele>
        <time>2021-09-21T00:37:47Z</time>
        <extensions>
          <gpxtpx:TrackPointExtension>
            <gpxtpx:hr>127</gpxtpx:hr>
          </gpxtpx:TrackPointExtension>
        </extensions>
      </trkpt>
      <trkpt lat="37.82269923398395" lon="112.00617767549119">
        <ele>1250.4000244140625</ele>
        <time>2021-09-21T00:37:54Z</time>
        <extensions>
          <gpxtpx:TrackPointExtension>
            <gpxtpx:hr>127</gpxtpx:hr>
          </gpxtpx:TrackPointExtension>
        </extensions>
      </trkpt>
      <trkpt lat="37.82281417351517" lon="112.00620357000888">
        <ele>1249.4000244140625</ele>
        <time>2021-09-21T00:37:58Z</time>
        <extensions>
          <gpxtpx:TrackPointExtension>
            <gpxtpx:hr>127</gpxtpx:hr>
          </gpxtpx:TrackPointExtension>
        </extensions>
      </trkpt>
      <trkpt lat="37.82303325312832" lon="112.00618760039116">
        <ele>1247.800048828125</ele>
        <time>2021-09-21T00:38:06Z</time>
        <extensions>
          <gpxtpx:TrackPointExtension>
            <gpxtpx:hr>127</gpxtpx:hr>
          </gpxtpx:TrackPointExtension>
        </extensions>
      </trkpt>
      <trkpt lat="37.82327239814095" lon="112.00615070253193">
        <ele>1247.5999755859375</ele>
        <time>2021-09-21T00:38:15Z</time>
        <extensions>
          <gpxtpx:TrackPointExtension>
            <gpxtpx:hr>127</gpxtpx:hr>
          </gpxtpx:TrackPointExtension>
        </extensions>
      </trkpt>
      <trkpt lat="37.823475499272384" lon="112.00612676307915">
        <ele>1247.0</ele>
        <time>2021-09-21T00:38:23Z</time>
        <extensions>
          <gpxtpx:TrackPointExtension>
            <gpxtpx:hr>127</gpxtpx:hr>
          </gpxtpx:TrackPointExtension>
        </extensions>
      </trkpt>
      <trkpt lat="37.82370451505938" lon="112.0061327146064">
        <ele>1246.4000244140625</ele>
        <time>2021-09-21T00:38:32Z</time>
        <extensions>
          <gpxtpx:TrackPointExtension>
            <gpxtpx:hr>127</gpxtpx:hr>
          </gpxtpx:TrackPointExtension>
        </extensions>
      </trkpt>
      <trkpt lat="37.82381046820287" lon="112.00615362783144">
        <ele>1246.4000244140625</ele>
        <time>2021-09-21T00:38:36Z</time>
        <extensions>
          <gpxtpx:TrackPointExtension>
            <gpxtpx:hr>127</gpxtpx:hr>
          </gpxtpx:TrackPointExtension>
        </extensions>
      </trkpt>
      <trkpt lat="37.82391640649553" lon="112.00617952341119">
        <ele>1246.0</ele>
        <time>2021-09-21T00:38:40Z</time>
        <extensions>
          <gpxtpx:TrackPointExtension>
            <gpxtpx:hr>127</gpxtpx:hr>
          </gpxtpx:TrackPointExtension>
        </extensions>
      </trkpt>
      <trkpt lat="37.8240263364748" lon="112.00620840793374">
        <ele>1245.800048828125</ele>
        <time>2021-09-21T00:38:44Z</time>
        <extensions>
          <gpxtpx:TrackPointExtension>
            <gpxtpx:hr>127</gpxtpx:hr>
          </gpxtpx:TrackPointExtension>
        </extensions>
      </trkpt>
      <trkpt lat="37.824305205178426" lon="112.00626616998103">
        <ele>1246.0</ele>
        <time>2021-09-21T00:38:55Z</time>
        <extensions>
          <gpxtpx:TrackPointExtension>
            <gpxtpx:hr>129</gpxtpx:hr>
          </gpxtpx:TrackPointExtension>
        </extensions>
      </trkpt>
      <trkpt lat="37.82452906288797" lon="112.0063249350988">
        <ele>1246.5999755859375</ele>
        <time>2021-09-21T00:39:04Z</time>
        <extensions>
          <gpxtpx:TrackPointExtension>
            <gpxtpx:hr>131</gpxtpx:hr>
          </gpxtpx:TrackPointExtension>
        </extensions>
      </trkpt>
      <trkpt lat="37.824717007445265" lon="112.00635281390927">
        <ele>1246.5999755859375</ele>
        <time>2021-09-21T00:39:11Z</time>
        <extensions>
          <gpxtpx:TrackPointExtension>
            <gpxtpx:hr>131</gpxtpx:hr>
          </gpxtpx:TrackPointExtension>
        </extensions>
      </trkpt>
      <trkpt lat="37.824822963685214" lon="112.00637273072256">
        <ele>1246.5999755859375</ele>
        <time>2021-09-21T00:39:15Z</time>
        <extensions>
          <gpxtpx:TrackPointExtension>
            <gpxtpx:hr>133</gpxtpx:hr>
          </gpxtpx:TrackPointExtension>
        </extensions>
      </trkpt>
      <trkpt lat="37.825001877262956" lon="112.00641057535196">
        <ele>1245.800048828125</ele>
        <time>2021-09-21T00:39:22Z</time>
        <extensions>
          <gpxtpx:TrackPointExtension>
            <gpxtpx:hr>134</gpxtpx:hr>
          </gpxtpx:TrackPointExtension>
        </extensions>
      </trkpt>
      <trkpt lat="37.82519174796094" lon="112.00646336579321">
        <ele>1245.199951171875</ele>
        <time>2021-09-21T00:39:29Z</time>
        <extensions>
          <gpxtpx:TrackPointExtension>
            <gpxtpx:hr>137</gpxtpx:hr>
          </gpxtpx:TrackPointExtension>
        </extensions>
      </trkpt>
      <trkpt lat="37.8254656192831" lon="112.00652013215814">
        <ele>1244.0</ele>
        <time>2021-09-21T00:39:39Z</time>
        <extensions>
          <gpxtpx:TrackPointExtension>
            <gpxtpx:hr>140</gpxtpx:hr>
          </gpxtpx:TrackPointExtension>
        </extensions>
      </trkpt>
      <trkpt lat="37.82566859296837" lon="112.00653904097972">
        <ele>1243.4000244140625</ele>
        <time>2021-09-21T00:39:47Z</time>
        <extensions>
          <gpxtpx:TrackPointExtension>
            <gpxtpx:hr>139</gpxtpx:hr>
          </gpxtpx:TrackPointExtension>
        </extensions>
      </trkpt>
      <trkpt lat="37.825881618639514" lon="112.00654100854123">
        <ele>1243.0</ele>
        <time>2021-09-21T00:39:55Z</time>
        <extensions>
          <gpxtpx:TrackPointExtension>
            <gpxtpx:hr>139</gpxtpx:hr>
          </gpxtpx:TrackPointExtension>
        </extensions>
      </trkpt>
      <trkpt lat="37.82607560589458" lon="112.00655493606531">
        <ele>1242.4000244140625</ele>
        <time>2021-09-21T00:40:02Z</time>
        <extensions>
          <gpxtpx:TrackPointExtension>
            <gpxtpx:hr>137</gpxtpx:hr>
          </gpxtpx:TrackPointExtension>
        </extensions>
      </trkpt>
      <trkpt lat="37.82623067940635" lon="112.00653797751853">
        <ele>1241.800048828125</ele>
        <time>2021-09-21T00:40:08Z</time>
        <extensions>
          <gpxtpx:TrackPointExtension>
            <gpxtpx:hr>136</gpxtpx:hr>
          </gpxtpx:TrackPointExtension>
        </extensions>
      </trkpt>
      <trkpt lat="37.826489878281414" lon="112.0064841370353">
        <ele>1240.4000244140625</ele>
        <time>2021-09-21T00:40:18Z</time>
        <extensions>
          <gpxtpx:TrackPointExtension>
            <gpxtpx:hr>134</gpxtpx:hr>
          </gpxtpx:TrackPointExtension>
        </extensions>
      </trkpt>
      <trkpt lat="37.82673602183907" lon="112.00644823466214">
        <ele>1239.0</ele>
        <time>2021-09-21T00:40:27Z</time>
        <extensions>
          <gpxtpx:TrackPointExtension>
            <gpxtpx:hr>131</gpxtpx:hr>
          </gpxtpx:TrackPointExtension>
        </extensions>
      </trkpt>
      <trkpt lat="37.826980108723234" lon="112.00643126553332">
        <ele>1238.199951171875</ele>
        <time>2021-09-21T00:40:36Z</time>
        <extensions>
          <gpxtpx:TrackPointExtension>
            <gpxtpx:hr>130</gpxtpx:hr>
          </gpxtpx:TrackPointExtension>
        </extensions>
      </trkpt>
      <trkpt lat="37.82720818732151" lon="112.00641629126153">
        <ele>1236.800048828125</ele>
        <time>2021-09-21T00:40:44Z</time>
        <extensions>
          <gpxtpx:TrackPointExtension>
            <gpxtpx:hr>128</gpxtpx:hr>
          </gpxtpx:TrackPointExtension>
        </extensions>
      </trkpt>
      <trkpt lat="37.82731524489557" lon="112.00640232788811">
        <ele>1236.0</ele>
        <time>2021-09-21T00:40:48Z</time>
        <extensions>
          <gpxtpx:TrackPointExtension>
            <gpxtpx:hr>128</gpxtpx:hr>
          </gpxtpx:TrackPointExtension>
        </extensions>
      </trkpt>
      <trkpt lat="37.82748532675591" lon="112.00638337464578">
        <ele>1235.199951171875</ele>
        <time>2021-09-21T00:40:54Z</time>
        <extensions>
          <gpxtpx:TrackPointExtension>
            <gpxtpx:hr>129</gpxtpx:hr>
          </gpxtpx:TrackPointExtension>
        </extensions>
      </trkpt>
      <trkpt lat="37.827593396388146" lon="112.00636542527077">
        <ele>1234.5999755859375</ele>
        <time>2021-09-21T00:40:58Z</time>
        <extensions>
          <gpxtpx:TrackPointExtension>
            <gpxtpx:hr>129</gpxtpx:hr>
          </gpxtpx:TrackPointExtension>
        </extensions>
      </trkpt>
      <trkpt lat="37.82772349309428" lon="112.00633950150291">
        <ele>1233.800048828125</ele>
        <time>2021-09-21T00:41:03Z</time>
        <extensions>
          <gpxtpx:TrackPointExtension>
            <gpxtpx:hr>130</gpxtpx:hr>
          </gpxtpx:TrackPointExtension>
        </extensions>
      </trkpt>
      <trkpt lat="37.82783656350228" lon="112.00632155154315">
        <ele>1233.5999755859375</ele>
        <time>2021-09-21T00:41:07Z</time>
        <extensions>
          <gpxtpx:TrackPointExtension>
            <gpxtpx:hr>130</gpxtpx:hr>
          </gpxtpx:TrackPointExtension>
        </extensions>
      </trkpt>
      <trkpt lat="37.828006645441306" lon="112.0063025983227">
        <ele>1232.800048828125</ele>
        <time>2021-09-21T00:41:13Z</time>
        <extensions>
          <gpxtpx:TrackPointExtension>
            <gpxtpx:hr>130</gpxtpx:hr>
          </gpxtpx:TrackPointExtension>
        </extensions>
      </trkpt>
      <trkpt lat="37.82811372092168" lon="112.00628265614542">
        <ele>1232.4000244140625</ele>
        <time>2021-09-21T00:41:17Z</time>
        <extensions>
          <gpxtpx:TrackPointExtension>
            <gpxtpx:hr>130</gpxtpx:hr>
          </gpxtpx:TrackPointExtension>
        </extensions>
      </trkpt>
      <trkpt lat="37.82822275808222" lon="112.00627566785651">
        <ele>1231.800048828125</ele>
        <time>2021-09-21T00:41:21Z</time>
        <extensions>
          <gpxtpx:TrackPointExtension>
            <gpxtpx:hr>130</gpxtpx:hr>
          </gpxtpx:TrackPointExtension>
        </extensions>
      </trkpt>
      <trkpt lat="37.82837679606788" lon="112.00627066714635">
        <ele>1230.800048828125</ele>
        <time>2021-09-21T00:41:27Z</time>
        <extensions>
          <gpxtpx:TrackPointExtension>
            <gpxtpx:hr>130</gpxtpx:hr>
          </gpxtpx:TrackPointExtension>
        </extensions>
      </trkpt>
      <trkpt lat="37.82856587499453" lon="112.0062537046162">
        <ele>1230.4000244140625</ele>
        <time>2021-09-21T00:41:34Z</time>
        <extensions>
          <gpxtpx:TrackPointExtension>
            <gpxtpx:hr>131</gpxtpx:hr>
          </gpxtpx:TrackPointExtension>
        </extensions>
      </trkpt>
      <trkpt lat="37.82884498235712" lon="112.006231749011">
        <ele>1229.0</ele>
        <time>2021-09-21T00:41:44Z</time>
        <extensions>
          <gpxtpx:TrackPointExtension>
            <gpxtpx:hr>133</gpxtpx:hr>
          </gpxtpx:TrackPointExtension>
        </extensions>
      </trkpt>
      <trkpt lat="37.8289830447515" lon="112.00621778197932">
        <ele>1228.4000244140625</ele>
        <time>2021-09-21T00:41:49Z</time>
        <extensions>
          <gpxtpx:TrackPointExtension>
            <gpxtpx:hr>134</gpxtpx:hr>
          </gpxtpx:TrackPointExtension>
        </extensions>
      </trkpt>
      <trkpt lat="37.829176076813155" lon="112.00621676250485">
        <ele>1228.4000244140625</ele>
        <time>2021-09-21T00:41:56Z</time>
        <extensions>
          <gpxtpx:TrackPointExtension>
            <gpxtpx:hr>133</gpxtpx:hr>
          </gpxtpx:TrackPointExtension>
        </extensions>
      </trkpt>
      <trkpt lat="37.829423117051725" lon="112.00621573659365">
        <ele>1228.0</ele>
        <time>2021-09-21T00:42:05Z</time>
        <extensions>
          <gpxtpx:TrackPointExtension>
            <gpxtpx:hr>134</gpxtpx:hr>
          </gpxtpx:TrackPointExtension>
        </extensions>
      </trkpt>
      <trkpt lat="37.82956015260157" lon="112.0062107379137">
        <ele>1227.4000244140625</ele>
        <time>2021-09-21T00:42:10Z</time>
        <extensions>
          <gpxtpx:TrackPointExtension>
            <gpxtpx:hr>133</gpxtpx:hr>
          </gpxtpx:TrackPointExtension>
        </extensions>
      </trkpt>
      <trkpt lat="37.82974819290206" lon="112.00620672962495">
        <ele>1226.800048828125</ele>
        <time>2021-09-21T00:42:17Z</time>
        <extensions>
          <gpxtpx:TrackPointExtension>
            <gpxtpx:hr>133</gpxtpx:hr>
          </gpxtpx:TrackPointExtension>
        </extensions>
      </trkpt>
      <trkpt lat="37.82996324325803" lon="112.00620072517829">
        <ele>1225.199951171875</ele>
        <time>2021-09-21T00:42:25Z</time>
        <extensions>
          <gpxtpx:TrackPointExtension>
            <gpxtpx:hr>133</gpxtpx:hr>
          </gpxtpx:TrackPointExtension>
        </extensions>
      </trkpt>
      <trkpt lat="37.83007426303321" lon="112.0061997154775">
        <ele>1224.800048828125</ele>
        <time>2021-09-21T00:42:29Z</time>
        <extensions>
          <gpxtpx:TrackPointExtension>
            <gpxtpx:hr>133</gpxtpx:hr>
          </gpxtpx:TrackPointExtension>
        </extensions>
      </trkpt>
      <trkpt lat="37.830186274051115" lon="112.00620169506695">
        <ele>1224.0</ele>
        <time>2021-09-21T00:42:33Z</time>
        <extensions>
          <gpxtpx:TrackPointExtension>
            <gpxtpx:hr>132</gpxtpx:hr>
          </gpxtpx:TrackPointExtension>
        </extensions>
      </trkpt>
      <trkpt lat="37.830299249561136" lon="112.00621563217648">
        <ele>1223.4000244140625</ele>
        <time>2021-09-21T00:42:37Z</time>
        <extensions>
          <gpxtpx:TrackPointExtension>
            <gpxtpx:hr>131</gpxtpx:hr>
          </gpxtpx:TrackPointExtension>
        </extensions>
      </trkpt>
      <trkpt lat="37.83056822794308" lon="112.00623652598476">
        <ele>1221.4000244140625</ele>
        <time>2021-09-21T00:42:46Z</time>
        <extensions>
          <gpxtpx:TrackPointExtension>
            <gpxtpx:hr>131</gpxtpx:hr>
          </gpxtpx:TrackPointExtension>
        </extensions>
      </trkpt>
      <trkpt lat="37.8307753009816" lon="112.00622255072706">
        <ele>1220.5999755859375</ele>
        <time>2021-09-21T00:42:53Z</time>
        <extensions>
          <gpxtpx:TrackPointExtension>
            <gpxtpx:hr>131</gpxtpx:hr>
          </gpxtpx:TrackPointExtension>
        </extensions>
      </trkpt>
      <trkpt lat="37.83090033780804" lon="112.00621655700637">
        <ele>1220.199951171875</ele>
        <time>2021-09-21T00:42:57Z</time>
        <extensions>
          <gpxtpx:TrackPointExtension>
            <gpxtpx:hr>131</gpxtpx:hr>
          </gpxtpx:TrackPointExtension>
        </extensions>
      </trkpt>
      <trkpt lat="37.83111441790686" lon="112.00620058797853">
        <ele>1219.800048828125</ele>
        <time>2021-09-21T00:43:04Z</time>
        <extensions>
          <gpxtpx:TrackPointExtension>
            <gpxtpx:hr>131</gpxtpx:hr>
          </gpxtpx:TrackPointExtension>
        </extensions>
      </trkpt>
      <trkpt lat="37.831229447296806" lon="112.00619658839109">
        <ele>1219.4000244140625</ele>
        <time>2021-09-21T00:43:08Z</time>
        <extensions>
          <gpxtpx:TrackPointExtension>
            <gpxtpx:hr>133</gpxtpx:hr>
          </gpxtpx:TrackPointExtension>
        </extensions>
      </trkpt>
      <trkpt lat="37.83142150923269" lon="112.00618560433784">
        <ele>1218.800048828125</ele>
        <time>2021-09-21T00:43:15Z</time>
        <extensions>
          <gpxtpx:TrackPointExtension>
            <gpxtpx:hr>137</gpxtpx:hr>
          </gpxtpx:TrackPointExtension>
        </extensions>
      </trkpt>
      <trkpt lat="37.831533538190364" lon="112.00618160510881">
        <ele>1218.800048828125</ele>
        <time>2021-09-21T00:43:19Z</time>
        <extensions>
          <gpxtpx:TrackPointExtension>
            <gpxtpx:hr>137</gpxtpx:hr>
          </gpxtpx:TrackPointExtension>
        </extensions>
      </trkpt>
      <trkpt lat="37.83172362959126" lon="112.00616065660347">
        <ele>1218.5999755859375</ele>
        <time>2021-09-21T00:43:26Z</time>
        <extensions>
          <gpxtpx:TrackPointExtension>
            <gpxtpx:hr>137</gpxtpx:hr>
          </gpxtpx:TrackPointExtension>
        </extensions>
      </trkpt>
      <trkpt lat="37.831830660783055" lon="112.00615566150269">
        <ele>1218.5999755859375</ele>
        <time>2021-09-21T00:43:30Z</time>
        <extensions>
          <gpxtpx:TrackPointExtension>
            <gpxtpx:hr>137</gpxtpx:hr>
          </gpxtpx:TrackPointExtension>
        </extensions>
      </trkpt>
      <trkpt lat="37.8320707122985" lon="112.00615065054788">
        <ele>1218.4000244140625</ele>
        <time>2021-09-21T00:43:39Z</time>
        <extensions>
          <gpxtpx:TrackPointExtension>
            <gpxtpx:hr>138</gpxtpx:hr>
          </gpxtpx:TrackPointExtension>
        </extensions>
      </trkpt>
      <trkpt lat="37.83232165851436" lon="112.00618151117384">
        <ele>1218.0</ele>
        <time>2021-09-21T00:43:48Z</time>
        <extensions>
          <gpxtpx:TrackPointExtension>
            <gpxtpx:hr>139</gpxtpx:hr>
          </gpxtpx:TrackPointExtension>
        </extensions>
      </trkpt>
      <trkpt lat="37.83252944959655" lon="112.00626220044873">
        <ele>1217.800048828125</ele>
        <time>2021-09-21T00:43:56Z</time>
        <extensions>
          <gpxtpx:TrackPointExtension>
            <gpxtpx:hr>140</gpxtpx:hr>
          </gpxtpx:TrackPointExtension>
        </extensions>
      </trkpt>
      <trkpt lat="37.832754172084094" lon="112.00636680310853">
        <ele>1217.800048828125</ele>
        <time>2021-09-21T00:44:05Z</time>
        <extensions>
          <gpxtpx:TrackPointExtension>
            <gpxtpx:hr>140</gpxtpx:hr>
          </gpxtpx:TrackPointExtension>
        </extensions>
      </trkpt>
      <trkpt lat="37.833002945920406" lon="112.00645545948323">
        <ele>1217.4000244140625</ele>
        <time>2021-09-21T00:44:15Z</time>
        <extensions>
          <gpxtpx:TrackPointExtension>
            <gpxtpx:hr>142</gpxtpx:hr>
          </gpxtpx:TrackPointExtension>
        </extensions>
      </trkpt>
      <trkpt lat="37.83318875771013" lon="112.00652817988771">
        <ele>1217.199951171875</ele>
        <time>2021-09-21T00:44:22Z</time>
        <extensions>
          <gpxtpx:TrackPointExtension>
            <gpxtpx:hr>142</gpxtpx:hr>
          </gpxtpx:TrackPointExtension>
        </extensions>
      </trkpt>
      <trkpt lat="37.833442505833375" lon="112.00662580414203">
        <ele>1216.4000244140625</ele>
        <time>2021-09-21T00:44:32Z</time>
        <extensions>
          <gpxtpx:TrackPointExtension>
            <gpxtpx:hr>140</gpxtpx:hr>
          </gpxtpx:TrackPointExtension>
        </extensions>
      </trkpt>
      <trkpt lat="37.83358239085248" lon="112.00667162533988">
        <ele>1215.800048828125</ele>
        <time>2021-09-21T00:44:37Z</time>
        <extensions>
          <gpxtpx:TrackPointExtension>
            <gpxtpx:hr>141</gpxtpx:hr>
          </gpxtpx:TrackPointExtension>
        </extensions>
      </trkpt>
      <trkpt lat="37.833725297138166" lon="112.00671047087144">
        <ele>1215.5999755859375</ele>
        <time>2021-09-21T00:44:42Z</time>
        <extensions>
          <gpxtpx:TrackPointExtension>
            <gpxtpx:hr>142</gpxtpx:hr>
          </gpxtpx:TrackPointExtension>
        </extensions>
      </trkpt>
      <trkpt lat="37.83390016685352" lon="112.00676326329165">
        <ele>1214.5999755859375</ele>
        <time>2021-09-21T00:44:48Z</time>
        <extensions>
          <gpxtpx:TrackPointExtension>
            <gpxtpx:hr>143</gpxtpx:hr>
          </gpxtpx:TrackPointExtension>
        </extensions>
      </trkpt>
      <trkpt lat="37.83414198763801" lon="112.00683597732865">
        <ele>1212.4000244140625</ele>
        <time>2021-09-21T00:44:57Z</time>
        <extensions>
          <gpxtpx:TrackPointExtension>
            <gpxtpx:hr>143</gpxtpx:hr>
          </gpxtpx:TrackPointExtension>
        </extensions>
      </trkpt>
      <trkpt lat="37.83431383329435" lon="112.00689674203379">
        <ele>1211.199951171875</ele>
        <time>2021-09-21T00:45:04Z</time>
        <extensions>
          <gpxtpx:TrackPointExtension>
            <gpxtpx:hr>142</gpxtpx:hr>
          </gpxtpx:TrackPointExtension>
        </extensions>
      </trkpt>
      <trkpt lat="37.834476683550584" lon="112.00695551490388">
        <ele>1211.0</ele>
        <time>2021-09-21T00:45:10Z</time>
        <extensions>
          <gpxtpx:TrackPointExtension>
            <gpxtpx:hr>139</gpxtpx:hr>
          </gpxtpx:TrackPointExtension>
        </extensions>
      </trkpt>
      <trkpt lat="37.83469256576462" lon="112.00700630965402">
        <ele>1210.0</ele>
        <time>2021-09-21T00:45:18Z</time>
        <extensions>
          <gpxtpx:TrackPointExtension>
            <gpxtpx:hr>136</gpxtpx:hr>
          </gpxtpx:TrackPointExtension>
        </extensions>
      </trkpt>
      <trkpt lat="37.83497482872539" lon="112.00693253647181">
        <ele>1209.800048828125</ele>
        <time>2021-09-21T00:45:28Z</time>
        <extensions>
          <gpxtpx:TrackPointExtension>
            <gpxtpx:hr>136</gpxtpx:hr>
          </gpxtpx:TrackPointExtension>
        </extensions>
      </trkpt>
      <trkpt lat="37.83517989604339" lon="112.00692055426615">
        <ele>1209.199951171875</ele>
        <time>2021-09-21T00:45:35Z</time>
        <extensions>
          <gpxtpx:TrackPointExtension>
            <gpxtpx:hr>137</gpxtpx:hr>
          </gpxtpx:TrackPointExtension>
        </extensions>
      </trkpt>
      <trkpt lat="37.835283805439566" lon="112.00695641514119">
        <ele>1209.199951171875</ele>
        <time>2021-09-21T00:45:39Z</time>
        <extensions>
          <gpxtpx:TrackPointExtension>
            <gpxtpx:hr>140</gpxtpx:hr>
          </gpxtpx:TrackPointExtension>
        </extensions>
      </trkpt>
      <trkpt lat="37.83542601583812" lon="112.00722943420475">
        <ele>1209.199951171875</ele>
        <time>2021-09-21T00:45:49Z</time>
        <extensions>
          <gpxtpx:TrackPointExtension>
            <gpxtpx:hr>142</gpxtpx:hr>
          </gpxtpx:TrackPointExtension>
        </extensions>
      </trkpt>
      <trkpt lat="37.835621688035324" lon="112.00734998551873">
        <ele>1209.5999755859375</ele>
        <time>2021-09-21T00:45:58Z</time>
        <extensions>
          <gpxtpx:TrackPointExtension>
            <gpxtpx:hr>140</gpxtpx:hr>
          </gpxtpx:TrackPointExtension>
        </extensions>
      </trkpt>
      <trkpt lat="37.83582061535271" lon="112.00738483879832">
        <ele>1209.5999755859375</ele>
        <time>2021-09-21T00:46:06Z</time>
        <extensions>
          <gpxtpx:TrackPointExtension>
            <gpxtpx:hr>140</gpxtpx:hr>
          </gpxtpx:TrackPointExtension>
        </extensions>
      </trkpt>
      <trkpt lat="37.83606749099855" lon="112.00743961611165">
        <ele>1209.199951171875</ele>
        <time>2021-09-21T00:46:16Z</time>
        <extensions>
          <gpxtpx:TrackPointExtension>
            <gpxtpx:hr>138</gpxtpx:hr>
          </gpxtpx:TrackPointExtension>
        </extensions>
      </trkpt>
      <trkpt lat="37.836169432900746" lon="112.00746451613021">
        <ele>1209.0</ele>
        <time>2021-09-21T00:46:20Z</time>
        <extensions>
          <gpxtpx:TrackPointExtension>
            <gpxtpx:hr>137</gpxtpx:hr>
          </gpxtpx:TrackPointExtension>
        </extensions>
      </trkpt>
      <trkpt lat="37.83629434290074" lon="112.00750137127113">
        <ele>1208.4000244140625</ele>
        <time>2021-09-21T00:46:25Z</time>
        <extensions>
          <gpxtpx:TrackPointExtension>
            <gpxtpx:hr>137</gpxtpx:hr>
          </gpxtpx:TrackPointExtension>
        </extensions>
      </trkpt>
      <trkpt lat="37.836487210285796" lon="112.00755615511923">
        <ele>1207.800048828125</ele>
        <time>2021-09-21T00:46:33Z</time>
        <extensions>
          <gpxtpx:TrackPointExtension>
            <gpxtpx:hr>137</gpxtpx:hr>
          </gpxtpx:TrackPointExtension>
        </extensions>
      </trkpt>
      <trkpt lat="37.83673499761235" lon="112.00764082715088">
        <ele>1207.5999755859375</ele>
        <time>2021-09-21T00:46:43Z</time>
        <extensions>
          <gpxtpx:TrackPointExtension>
            <gpxtpx:hr>137</gpxtpx:hr>
          </gpxtpx:TrackPointExtension>
        </extensions>
      </trkpt>
      <trkpt lat="37.83685590415614" lon="112.00767867935569">
        <ele>1207.0</ele>
        <time>2021-09-21T00:46:48Z</time>
        <extensions>
          <gpxtpx:TrackPointExtension>
            <gpxtpx:hr>138</gpxtpx:hr>
          </gpxtpx:TrackPointExtension>
        </extensions>
      </trkpt>
      <trkpt lat="37.83704073501687" lon="112.00774542220289">
        <ele>1207.0</ele>
        <time>2021-09-21T00:46:55Z</time>
        <extensions>
          <gpxtpx:TrackPointExtension>
            <gpxtpx:hr>139</gpxtpx:hr>
          </gpxtpx:TrackPointExtension>
        </extensions>
      </trkpt>
      <trkpt lat="37.837145624359316" lon="112.00778825883803">
        <ele>1206.800048828125</ele>
        <time>2021-09-21T00:46:59Z</time>
        <extensions>
          <gpxtpx:TrackPointExtension>
            <gpxtpx:hr>137</gpxtpx:hr>
          </gpxtpx:TrackPointExtension>
        </extensions>
      </trkpt>
      <trkpt lat="37.83733343513576" lon="112.00786197689206">
        <ele>1206.4000244140625</ele>
        <time>2021-09-21T00:47:06Z</time>
        <extensions>
          <gpxtpx:TrackPointExtension>
            <gpxtpx:hr>136</gpxtpx:hr>
          </gpxtpx:TrackPointExtension>
        </extensions>
      </trkpt>
      <trkpt lat="37.83752422875357" lon="112.00794167363907">
        <ele>1205.5999755859375</ele>
        <time>2021-09-21T00:47:13Z</time>
        <extensions>
          <gpxtpx:TrackPointExtension>
            <gpxtpx:hr>135</gpxtpx:hr>
          </gpxtpx:TrackPointExtension>
        </extensions>
      </trkpt>
      <trkpt lat="37.8377460302797" lon="112.00802037028772">
        <ele>1204.800048828125</ele>
        <time>2021-09-21T00:47:21Z</time>
        <extensions>
          <gpxtpx:TrackPointExtension>
            <gpxtpx:hr>134</gpxtpx:hr>
          </gpxtpx:TrackPointExtension>
        </extensions>
      </trkpt>
      <trkpt lat="37.83797480350314" lon="112.00810903116889">
        <ele>1203.199951171875</ele>
        <time>2021-09-21T00:47:30Z</time>
        <extensions>
          <gpxtpx:TrackPointExtension>
            <gpxtpx:hr>134</gpxtpx:hr>
          </gpxtpx:TrackPointExtension>
        </extensions>
      </trkpt>
      <trkpt lat="37.83821554039596" lon="112.00821064522442">
        <ele>1202.4000244140625</ele>
        <time>2021-09-21T00:47:39Z</time>
        <extensions>
          <gpxtpx:TrackPointExtension>
            <gpxtpx:hr>135</gpxtpx:hr>
          </gpxtpx:TrackPointExtension>
        </extensions>
      </trkpt>
      <trkpt lat="37.83839237649453" lon="112.00827539656778">
        <ele>1201.800048828125</ele>
        <time>2021-09-21T00:47:46Z</time>
        <extensions>
          <gpxtpx:TrackPointExtension>
            <gpxtpx:hr>134</gpxtpx:hr>
          </gpxtpx:TrackPointExtension>
        </extensions>
      </trkpt>
      <trkpt lat="37.83857641720229" lon="112.00827138860882">
        <ele>1201.4000244140625</ele>
        <time>2021-09-21T00:47:53Z</time>
        <extensions>
          <gpxtpx:TrackPointExtension>
            <gpxtpx:hr>134</gpxtpx:hr>
          </gpxtpx:TrackPointExtension>
        </extensions>
      </trkpt>
      <trkpt lat="37.83881561699212" lon="112.00821655261427">
        <ele>1200.5999755859375</ele>
        <time>2021-09-21T00:48:02Z</time>
        <extensions>
          <gpxtpx:TrackPointExtension>
            <gpxtpx:hr>134</gpxtpx:hr>
          </gpxtpx:TrackPointExtension>
        </extensions>
      </trkpt>
      <trkpt lat="37.83906177075905" lon="112.0081776598055">
        <ele>1199.800048828125</ele>
        <time>2021-09-21T00:48:11Z</time>
        <extensions>
          <gpxtpx:TrackPointExtension>
            <gpxtpx:hr>134</gpxtpx:hr>
          </gpxtpx:TrackPointExtension>
        </extensions>
      </trkpt>
      <trkpt lat="37.839263899945145" lon="112.00814475125925">
        <ele>1199.199951171875</ele>
        <time>2021-09-21T00:48:19Z</time>
        <extensions>
          <gpxtpx:TrackPointExtension>
            <gpxtpx:hr>135</gpxtpx:hr>
          </gpxtpx:TrackPointExtension>
        </extensions>
      </trkpt>
      <trkpt lat="37.83953100402114" lon="112.00812379294284">
        <ele>1198.4000244140625</ele>
        <time>2021-09-21T00:48:29Z</time>
        <extensions>
          <gpxtpx:TrackPointExtension>
            <gpxtpx:hr>134</gpxtpx:hr>
          </gpxtpx:TrackPointExtension>
        </extensions>
      </trkpt>
      <trkpt lat="37.83975414841287" lon="112.00808689593094">
        <ele>1197.800048828125</ele>
        <time>2021-09-21T00:48:37Z</time>
        <extensions>
          <gpxtpx:TrackPointExtension>
            <gpxtpx:hr>133</gpxtpx:hr>
          </gpxtpx:TrackPointExtension>
        </extensions>
      </trkpt>
      <trkpt lat="37.83987123182599" lon="112.00806495903852">
        <ele>1197.5999755859375</ele>
        <time>2021-09-21T00:48:41Z</time>
        <extensions>
          <gpxtpx:TrackPointExtension>
            <gpxtpx:hr>132</gpxtpx:hr>
          </gpxtpx:TrackPointExtension>
        </extensions>
      </trkpt>
      <trkpt lat="37.84006837808466" lon="112.00802607217216">
        <ele>1196.800048828125</ele>
        <time>2021-09-21T00:48:48Z</time>
        <extensions>
          <gpxtpx:TrackPointExtension>
            <gpxtpx:hr>133</gpxtpx:hr>
          </gpxtpx:TrackPointExtension>
        </extensions>
      </trkpt>
      <trkpt lat="37.84018541430735" lon="112.00802007923366">
        <ele>1196.199951171875</ele>
        <time>2021-09-21T00:48:52Z</time>
        <extensions>
          <gpxtpx:TrackPointExtension>
            <gpxtpx:hr>135</gpxtpx:hr>
          </gpxtpx:TrackPointExtension>
        </extensions>
      </trkpt>
      <trkpt lat="37.840378433056614" lon="112.00802404218473">
        <ele>1196.0</ele>
        <time>2021-09-21T00:48:59Z</time>
        <extensions>
          <gpxtpx:TrackPointExtension>
            <gpxtpx:hr>137</gpxtpx:hr>
          </gpxtpx:TrackPointExtension>
        </extensions>
      </trkpt>
      <trkpt lat="37.84059729067395" lon="112.00808380583413">
        <ele>1195.4000244140625</ele>
        <time>2021-09-21T00:49:08Z</time>
        <extensions>
          <gpxtpx:TrackPointExtension>
            <gpxtpx:hr>139</gpxtpx:hr>
          </gpxtpx:TrackPointExtension>
        </extensions>
      </trkpt>
      <trkpt lat="37.84069823291625" lon="112.00810870620712">
        <ele>1194.4000244140625</ele>
        <time>2021-09-21T00:49:12Z</time>
        <extensions>
          <gpxtpx:TrackPointExtension>
            <gpxtpx:hr>137</gpxtpx:hr>
          </gpxtpx:TrackPointExtension>
        </extensions>
      </trkpt>
      <trkpt lat="37.84085017441426" lon="112.00813658999579">
        <ele>1194.199951171875</ele>
        <time>2021-09-21T00:49:18Z</time>
        <extensions>
          <gpxtpx:TrackPointExtension>
            <gpxtpx:hr>134</gpxtpx:hr>
          </gpxtpx:TrackPointExtension>
        </extensions>
      </trkpt>
      <trkpt lat="37.841054183199276" lon="112.00814453763051">
        <ele>1194.0</ele>
        <time>2021-09-21T00:49:28Z</time>
        <extensions>
          <gpxtpx:TrackPointExtension>
            <gpxtpx:hr>134</gpxtpx:hr>
          </gpxtpx:TrackPointExtension>
        </extensions>
      </trkpt>
      <trkpt lat="37.841094163000655" lon="112.00815350133742">
        <ele>1193.800048828125</ele>
        <time>2021-09-21T00:49:33Z</time>
        <extensions>
          <gpxtpx:TrackPointExtension>
            <gpxtpx:hr>134</gpxtpx:hr>
          </gpxtpx:TrackPointExtension>
        </extensions>
      </trkpt>
      <trkpt lat="37.84127216768642" lon="112.0081614520769">
        <ele>1193.5999755859375</ele>
        <time>2021-09-21T00:49:47Z</time>
        <extensions>
          <gpxtpx:TrackPointExtension>
            <gpxtpx:hr>131</gpxtpx:hr>
          </gpxtpx:TrackPointExtension>
        </extensions>
      </trkpt>
      <trkpt lat="37.841348156169836" lon="112.00816941499113">
        <ele>1195.0</ele>
        <time>2021-09-21T00:49:52Z</time>
        <extensions>
          <gpxtpx:TrackPointExtension>
            <gpxtpx:hr>123</gpxtpx:hr>
          </gpxtpx:TrackPointExtension>
        </extensions>
      </trkpt>
      <trkpt lat="37.84141521107758" lon="112.00815445952342">
        <ele>1195.0</ele>
        <time>2021-09-21T00:49:58Z</time>
        <extensions>
          <gpxtpx:TrackPointExtension>
            <gpxtpx:hr>119</gpxtpx:hr>
          </gpxtpx:TrackPointExtension>
        </extensions>
      </trkpt>
      <trkpt lat="37.84147325865827" lon="112.00814149812895">
        <ele>1195.0</ele>
        <time>2021-09-21T00:50:02Z</time>
        <extensions>
          <gpxtpx:TrackPointExtension>
            <gpxtpx:hr>111</gpxtpx:hr>
          </gpxtpx:TrackPointExtension>
        </extensions>
      </trkpt>
      <trkpt lat="37.84155934315591" lon="112.00811757192332">
        <ele>1194.5999755859375</ele>
        <time>2021-09-21T00:50:09Z</time>
        <extensions>
          <gpxtpx:TrackPointExtension>
            <gpxtpx:hr>108</gpxtpx:hr>
          </gpxtpx:TrackPointExtension>
        </extensions>
      </trkpt>
      <trkpt lat="37.84163145789742" lon="112.00808268593178">
        <ele>1194.4000244140625</ele>
        <time>2021-09-21T00:50:15Z</time>
        <extensions>
          <gpxtpx:TrackPointExtension>
            <gpxtpx:hr>105</gpxtpx:hr>
          </gpxtpx:TrackPointExtension>
        </extensions>
      </trkpt>
      <trkpt lat="37.84178067642391" lon="112.00801689939269">
        <ele>1193.800048828125</ele>
        <time>2021-09-21T00:50:27Z</time>
        <extensions>
          <gpxtpx:TrackPointExtension>
            <gpxtpx:hr>101</gpxtpx:hr>
          </gpxtpx:TrackPointExtension>
        </extensions>
      </trkpt>
      <trkpt lat="37.84188593229534" lon="112.00793617075324">
        <ele>1193.4000244140625</ele>
        <time>2021-09-21T00:50:37Z</time>
        <extensions>
          <gpxtpx:TrackPointExtension>
            <gpxtpx:hr>98</gpxtpx:hr>
          </gpxtpx:TrackPointExtension>
        </extensions>
      </trkpt>
      <trkpt lat="37.84195909158833" lon="112.00788633733374">
        <ele>1193.0</ele>
        <time>2021-09-21T00:50:44Z</time>
        <extensions>
          <gpxtpx:TrackPointExtension>
            <gpxtpx:hr>101</gpxtpx:hr>
          </gpxtpx:TrackPointExtension>
        </extensions>
      </trkpt>
      <trkpt lat="37.84201220046235" lon="112.00785245022958">
        <ele>1193.0</ele>
        <time>2021-09-21T00:50:48Z</time>
        <extensions>
          <gpxtpx:TrackPointExtension>
            <gpxtpx:hr>97</gpxtpx:hr>
          </gpxtpx:TrackPointExtension>
        </extensions>
      </trkpt>
      <trkpt lat="37.84208133849258" lon="112.00780959279999">
        <ele>1192.800048828125</ele>
        <time>2021-09-21T00:50:54Z</time>
        <extensions>
          <gpxtpx:TrackPointExtension>
            <gpxtpx:hr>93</gpxtpx:hr>
          </gpxtpx:TrackPointExtension>
        </extensions>
      </trkpt>
      <trkpt lat="37.84213544165194" lon="112.00777769860099">
        <ele>1192.4000244140625</ele>
        <time>2021-09-21T00:51:00Z</time>
        <extensions>
          <gpxtpx:TrackPointExtension>
            <gpxtpx:hr>94</gpxtpx:hr>
          </gpxtpx:TrackPointExtension>
        </extensions>
      </trkpt>
      <trkpt lat="37.84227675081751" lon="112.00768102211377">
        <ele>1192.0</ele>
        <time>2021-09-21T00:51:10Z</time>
        <extensions>
          <gpxtpx:TrackPointExtension>
            <gpxtpx:hr>97</gpxtpx:hr>
          </gpxtpx:TrackPointExtension>
        </extensions>
      </trkpt>
      <trkpt lat="37.84236694551689" lon="112.00762022547482">
        <ele>1192.0</ele>
        <time>2021-09-21T00:51:14Z</time>
        <extensions>
          <gpxtpx:TrackPointExtension>
            <gpxtpx:hr>101</gpxtpx:hr>
          </gpxtpx:TrackPointExtension>
        </extensions>
      </trkpt>
      <trkpt lat="37.842486195173805" lon="112.0075424851251">
        <ele>1191.800048828125</ele>
        <time>2021-09-21T00:51:19Z</time>
        <extensions>
          <gpxtpx:TrackPointExtension>
            <gpxtpx:hr>108</gpxtpx:hr>
          </gpxtpx:TrackPointExtension>
        </extensions>
      </trkpt>
      <trkpt lat="37.842585406214" lon="112.007476705103">
        <ele>1191.5999755859375</ele>
        <time>2021-09-21T00:51:23Z</time>
        <extensions>
          <gpxtpx:TrackPointExtension>
            <gpxtpx:hr>114</gpxtpx:hr>
          </gpxtpx:TrackPointExtension>
        </extensions>
      </trkpt>
      <trkpt lat="37.84271073391985" lon="112.00737305556676">
        <ele>1191.4000244140625</ele>
        <time>2021-09-21T00:51:29Z</time>
        <extensions>
          <gpxtpx:TrackPointExtension>
            <gpxtpx:hr>118</gpxtpx:hr>
          </gpxtpx:TrackPointExtension>
        </extensions>
      </trkpt>
      <trkpt lat="37.84279495454537" lon="112.00730329156286">
        <ele>1191.0</ele>
        <time>2021-09-21T00:51:33Z</time>
        <extensions>
          <gpxtpx:TrackPointExtension>
            <gpxtpx:hr>120</gpxtpx:hr>
          </gpxtpx:TrackPointExtension>
        </extensions>
      </trkpt>
      <trkpt lat="37.84295035243223" lon="112.00717771608561">
        <ele>1190.5999755859375</ele>
        <time>2021-09-21T00:51:40Z</time>
        <extensions>
          <gpxtpx:TrackPointExtension>
            <gpxtpx:hr>121</gpxtpx:hr>
          </gpxtpx:TrackPointExtension>
        </extensions>
      </trkpt>
      <trkpt lat="37.84313081674726" lon="112.00703121175695">
        <ele>1190.0</ele>
        <time>2021-09-21T00:51:48Z</time>
        <extensions>
          <gpxtpx:TrackPointExtension>
            <gpxtpx:hr>124</gpxtpx:hr>
          </gpxtpx:TrackPointExtension>
        </extensions>
      </trkpt>
      <trkpt lat="37.843342360423996" lon="112.00685979207961">
        <ele>1189.4000244140625</ele>
        <time>2021-09-21T00:51:57Z</time>
        <extensions>
          <gpxtpx:TrackPointExtension>
            <gpxtpx:hr>127</gpxtpx:hr>
          </gpxtpx:TrackPointExtension>
        </extensions>
      </trkpt>
      <trkpt lat="37.843443578284315" lon="112.00679201952991">
        <ele>1189.0</ele>
        <time>2021-09-21T00:52:01Z</time>
        <extensions>
          <gpxtpx:TrackPointExtension>
            <gpxtpx:hr>127</gpxtpx:hr>
          </gpxtpx:TrackPointExtension>
        </extensions>
      </trkpt>
      <trkpt lat="37.843609002303786" lon="112.00665847199421">
        <ele>1188.4000244140625</ele>
        <time>2021-09-21T00:52:08Z</time>
        <extensions>
          <gpxtpx:TrackPointExtension>
            <gpxtpx:hr>127</gpxtpx:hr>
          </gpxtpx:TrackPointExtension>
        </extensions>
      </trkpt>
      <trkpt lat="37.84379146786463" lon="112.00651196852911">
        <ele>1188.0</ele>
        <time>2021-09-21T00:52:16Z</time>
        <extensions>
          <gpxtpx:TrackPointExtension>
            <gpxtpx:hr>128</gpxtpx:hr>
          </gpxtpx:TrackPointExtension>
        </extensions>
      </trkpt>
      <trkpt lat="37.8440209144996" lon="112.00637442800503">
        <ele>1187.199951171875</ele>
        <time>2021-09-21T00:52:26Z</time>
        <extensions>
          <gpxtpx:TrackPointExtension>
            <gpxtpx:hr>128</gpxtpx:hr>
          </gpxtpx:TrackPointExtension>
        </extensions>
      </trkpt>
      <trkpt lat="37.8441471159857" lon="112.00631362823637">
        <ele>1186.800048828125</ele>
        <time>2021-09-21T00:52:31Z</time>
        <extensions>
          <gpxtpx:TrackPointExtension>
            <gpxtpx:hr>130</gpxtpx:hr>
          </gpxtpx:TrackPointExtension>
        </extensions>
      </trkpt>
      <trkpt lat="37.8442963836348" lon="112.00623189991181">
        <ele>1186.5999755859375</ele>
        <time>2021-09-21T00:52:37Z</time>
        <extensions>
          <gpxtpx:TrackPointExtension>
            <gpxtpx:hr>131</gpxtpx:hr>
          </gpxtpx:TrackPointExtension>
        </extensions>
      </trkpt>
      <trkpt lat="37.84446966415322" lon="112.00614717941231">
        <ele>1186.199951171875</ele>
        <time>2021-09-21T00:52:44Z</time>
        <extensions>
          <gpxtpx:TrackPointExtension>
            <gpxtpx:hr>130</gpxtpx:hr>
          </gpxtpx:TrackPointExtension>
        </extensions>
      </trkpt>
      <trkpt lat="37.84463176755297" lon="112.00612125191617">
        <ele>1185.5999755859375</ele>
        <time>2021-09-21T00:52:50Z</time>
        <extensions>
          <gpxtpx:TrackPointExtension>
            <gpxtpx:hr>130</gpxtpx:hr>
          </gpxtpx:TrackPointExtension>
        </extensions>
      </trkpt>
      <trkpt lat="37.84477269216968" lon="112.00615411855223">
        <ele>1185.199951171875</ele>
        <time>2021-09-21T00:52:55Z</time>
        <extensions>
          <gpxtpx:TrackPointExtension>
            <gpxtpx:hr>130</gpxtpx:hr>
          </gpxtpx:TrackPointExtension>
        </extensions>
      </trkpt>
      <trkpt lat="37.844962559322596" lon="112.00620890167804">
        <ele>1185.0</ele>
        <time>2021-09-21T00:53:02Z</time>
        <extensions>
          <gpxtpx:TrackPointExtension>
            <gpxtpx:hr>130</gpxtpx:hr>
          </gpxtpx:TrackPointExtension>
        </extensions>
      </trkpt>
      <trkpt lat="37.84524241729331" lon="112.00627164586892">
        <ele>1184.199951171875</ele>
        <time>2021-09-21T00:53:12Z</time>
        <extensions>
          <gpxtpx:TrackPointExtension>
            <gpxtpx:hr>131</gpxtpx:hr>
          </gpxtpx:TrackPointExtension>
        </extensions>
      </trkpt>
      <trkpt lat="37.84541627604344" lon="112.00632842393081">
        <ele>1184.4000244140625</ele>
        <time>2021-09-21T00:53:19Z</time>
        <extensions>
          <gpxtpx:TrackPointExtension>
            <gpxtpx:hr>132</gpxtpx:hr>
          </gpxtpx:TrackPointExtension>
        </extensions>
      </trkpt>
      <trkpt lat="37.84552022749816" lon="112.00635033388738">
        <ele>1184.199951171875</ele>
        <time>2021-09-21T00:53:23Z</time>
        <extensions>
          <gpxtpx:TrackPointExtension>
            <gpxtpx:hr>133</gpxtpx:hr>
          </gpxtpx:TrackPointExtension>
        </extensions>
      </trkpt>
      <trkpt lat="37.8456990663451" lon="112.00641408671702">
        <ele>1183.5999755859375</ele>
        <time>2021-09-21T00:53:30Z</time>
        <extensions>
          <gpxtpx:TrackPointExtension>
            <gpxtpx:hr>134</gpxtpx:hr>
          </gpxtpx:TrackPointExtension>
        </extensions>
      </trkpt>
      <trkpt lat="37.845800964058306" lon="112.00645393344166">
        <ele>1183.5999755859375</ele>
        <time>2021-09-21T00:53:34Z</time>
        <extensions>
          <gpxtpx:TrackPointExtension>
            <gpxtpx:hr>134</gpxtpx:hr>
          </gpxtpx:TrackPointExtension>
        </extensions>
      </trkpt>
      <trkpt lat="37.84595582584238" lon="112.00650872096398">
        <ele>1183.0</ele>
        <time>2021-09-21T00:53:40Z</time>
        <extensions>
          <gpxtpx:TrackPointExtension>
            <gpxtpx:hr>137</gpxtpx:hr>
          </gpxtpx:TrackPointExtension>
        </extensions>
      </trkpt>
      <trkpt lat="37.846055726257845" lon="112.00654757150508">
        <ele>1182.4000244140625</ele>
        <time>2021-09-21T00:53:44Z</time>
        <extensions>
          <gpxtpx:TrackPointExtension>
            <gpxtpx:hr>138</gpxtpx:hr>
          </gpxtpx:TrackPointExtension>
        </extensions>
      </trkpt>
      <trkpt lat="37.84625557761262" lon="112.00660833257744">
        <ele>1182.0</ele>
        <time>2021-09-21T00:53:51Z</time>
        <extensions>
          <gpxtpx:TrackPointExtension>
            <gpxtpx:hr>136</gpxtpx:hr>
          </gpxtpx:TrackPointExtension>
        </extensions>
      </trkpt>
      <trkpt lat="37.8464835255727" lon="112.00663819962405">
        <ele>1181.4000244140625</ele>
        <time>2021-09-21T00:53:59Z</time>
        <extensions>
          <gpxtpx:TrackPointExtension>
            <gpxtpx:hr>135</gpxtpx:hr>
          </gpxtpx:TrackPointExtension>
        </extensions>
      </trkpt>
      <trkpt lat="37.84671347983548" lon="112.00666607349272">
        <ele>1181.0</ele>
        <time>2021-09-21T00:54:07Z</time>
        <extensions>
          <gpxtpx:TrackPointExtension>
            <gpxtpx:hr>136</gpxtpx:hr>
          </gpxtpx:TrackPointExtension>
        </extensions>
      </trkpt>
      <trkpt lat="37.846914408654925" lon="112.0067009261632">
        <ele>1180.199951171875</ele>
        <time>2021-09-21T00:54:14Z</time>
        <extensions>
          <gpxtpx:TrackPointExtension>
            <gpxtpx:hr>139</gpxtpx:hr>
          </gpxtpx:TrackPointExtension>
        </extensions>
      </trkpt>
      <trkpt lat="37.847193320543184" lon="112.0067457343092">
        <ele>1179.5999755859375</ele>
        <time>2021-09-21T00:54:24Z</time>
        <extensions>
          <gpxtpx:TrackPointExtension>
            <gpxtpx:hr>142</gpxtpx:hr>
          </gpxtpx:TrackPointExtension>
        </extensions>
      </trkpt>
      <trkpt lat="37.84735627589255" lon="112.00676963030386">
        <ele>1179.0</ele>
        <time>2021-09-21T00:54:30Z</time>
        <extensions>
          <gpxtpx:TrackPointExtension>
            <gpxtpx:hr>139</gpxtpx:hr>
          </gpxtpx:TrackPointExtension>
        </extensions>
      </trkpt>
      <trkpt lat="37.84746423416539" lon="112.00678954695958">
        <ele>1177.199951171875</ele>
        <time>2021-09-21T00:54:34Z</time>
        <extensions>
          <gpxtpx:TrackPointExtension>
            <gpxtpx:hr>137</gpxtpx:hr>
          </gpxtpx:TrackPointExtension>
        </extensions>
      </trkpt>
      <trkpt lat="37.84763421442251" lon="112.00680547031298">
        <ele>1177.199951171875</ele>
        <time>2021-09-21T00:54:40Z</time>
        <extensions>
          <gpxtpx:TrackPointExtension>
            <gpxtpx:hr>136</gpxtpx:hr>
          </gpxtpx:TrackPointExtension>
        </extensions>
      </trkpt>
      <trkpt lat="37.847836191025664" lon="112.00682437928442">
        <ele>1176.4000244140625</ele>
        <time>2021-09-21T00:54:47Z</time>
        <extensions>
          <gpxtpx:TrackPointExtension>
            <gpxtpx:hr>136</gpxtpx:hr>
          </gpxtpx:TrackPointExtension>
        </extensions>
      </trkpt>
      <trkpt lat="37.84794814406564" lon="112.00684628843352">
        <ele>1175.800048828125</ele>
        <time>2021-09-21T00:54:51Z</time>
        <extensions>
          <gpxtpx:TrackPointExtension>
            <gpxtpx:hr>136</gpxtpx:hr>
          </gpxtpx:TrackPointExtension>
        </extensions>
      </trkpt>
      <trkpt lat="37.8480870600178" lon="112.00688214506556">
        <ele>1175.800048828125</ele>
        <time>2021-09-21T00:54:56Z</time>
        <extensions>
          <gpxtpx:TrackPointExtension>
            <gpxtpx:hr>136</gpxtpx:hr>
          </gpxtpx:TrackPointExtension>
        </extensions>
      </trkpt>
      <trkpt lat="37.84824683713977" lon="112.00696583022031">
        <ele>1175.5999755859375</ele>
        <time>2021-09-21T00:55:03Z</time>
        <extensions>
          <gpxtpx:TrackPointExtension>
            <gpxtpx:hr>135</gpxtpx:hr>
          </gpxtpx:TrackPointExtension>
        </extensions>
      </trkpt>
      <trkpt lat="37.84806606844767" lon="112.00687816165737">
        <ele>1176.0</ele>
        <time>2021-09-21T00:55:11Z</time>
        <extensions>
          <gpxtpx:TrackPointExtension>
            <gpxtpx:hr>136</gpxtpx:hr>
          </gpxtpx:TrackPointExtension>
        </extensions>
      </trkpt>
      <trkpt lat="37.84806411259829" lon="112.00686321472044">
        <ele>1176.0</ele>
        <time>2021-09-21T00:55:15Z</time>
        <extensions>
          <gpxtpx:TrackPointExtension>
            <gpxtpx:hr>138</gpxtpx:hr>
          </gpxtpx:TrackPointExtension>
        </extensions>
      </trkpt>
      <trkpt lat="37.84807573509922" lon="112.0069907626238">
        <ele>1175.800048828125</ele>
        <time>2021-09-21T00:55:19Z</time>
        <extensions>
          <gpxtpx:TrackPointExtension>
            <gpxtpx:hr>139</gpxtpx:hr>
          </gpxtpx:TrackPointExtension>
        </extensions>
      </trkpt>
      <trkpt lat="37.848048990251414" lon="112.00723988620578">
        <ele>1175.800048828125</ele>
        <time>2021-09-21T00:55:26Z</time>
        <extensions>
          <gpxtpx:TrackPointExtension>
            <gpxtpx:hr>140</gpxtpx:hr>
          </gpxtpx:TrackPointExtension>
        </extensions>
      </trkpt>
      <trkpt lat="37.84804840715879" lon="112.00743619378916">
        <ele>1175.199951171875</ele>
        <time>2021-09-21T00:55:33Z</time>
        <extensions>
          <gpxtpx:TrackPointExtension>
            <gpxtpx:hr>140</gpxtpx:hr>
          </gpxtpx:TrackPointExtension>
        </extensions>
      </trkpt>
      <trkpt lat="37.848048466335676" lon="112.00741626405906">
        <ele>1175.4000244140625</ele>
        <time>2021-09-21T00:55:37Z</time>
        <extensions>
          <gpxtpx:TrackPointExtension>
            <gpxtpx:hr>142</gpxtpx:hr>
          </gpxtpx:TrackPointExtension>
        </extensions>
      </trkpt>
      <trkpt lat="37.84804080538543" lon="112.00730166918082">
        <ele>1175.199951171875</ele>
        <time>2021-09-21T00:55:44Z</time>
        <extensions>
          <gpxtpx:TrackPointExtension>
            <gpxtpx:hr>142</gpxtpx:hr>
          </gpxtpx:TrackPointExtension>
        </extensions>
      </trkpt>
      <trkpt lat="37.84804524428513" lon="112.0071541891355">
        <ele>1175.4000244140625</ele>
        <time>2021-09-21T00:55:53Z</time>
        <extensions>
          <gpxtpx:TrackPointExtension>
            <gpxtpx:hr>139</gpxtpx:hr>
          </gpxtpx:TrackPointExtension>
        </extensions>
      </trkpt>
      <trkpt lat="37.84806052520976" lon="112.00706051805638">
        <ele>1175.4000244140625</ele>
        <time>2021-09-21T00:55:58Z</time>
        <extensions>
          <gpxtpx:TrackPointExtension>
            <gpxtpx:hr>132</gpxtpx:hr>
          </gpxtpx:TrackPointExtension>
        </extensions>
      </trkpt>
      <trkpt lat="37.84807178483224" lon="112.00697382294146">
        <ele>1175.4000244140625</ele>
        <time>2021-09-21T00:56:03Z</time>
        <extensions>
          <gpxtpx:TrackPointExtension>
            <gpxtpx:hr>125</gpxtpx:hr>
          </gpxtpx:TrackPointExtension>
        </extensions>
      </trkpt>
      <trkpt lat="37.84807396598377" lon="112.00691303745829">
        <ele>1175.5999755859375</ele>
        <time>2021-09-21T00:56:07Z</time>
        <extensions>
          <gpxtpx:TrackPointExtension>
            <gpxtpx:hr>123</gpxtpx:hr>
          </gpxtpx:TrackPointExtension>
        </extensions>
      </trkpt>
      <trkpt lat="37.84803118727381" lon="112.00683631375018">
        <ele>1175.5999755859375</ele>
        <time>2021-09-21T00:56:12Z</time>
        <extensions>
          <gpxtpx:TrackPointExtension>
            <gpxtpx:hr>118</gpxtpx:hr>
          </gpxtpx:TrackPointExtension>
        </extensions>
      </trkpt>
      <trkpt lat="37.84791020903531" lon="112.00682237749922">
        <ele>1175.800048828125</ele>
        <time>2021-09-21T00:56:17Z</time>
        <extensions>
          <gpxtpx:TrackPointExtension>
            <gpxtpx:hr>111</gpxtpx:hr>
          </gpxtpx:TrackPointExtension>
        </extensions>
      </trkpt>
      <trkpt lat="37.847789254535336" lon="112.00680046943133">
        <ele>1176.0</ele>
        <time>2021-09-21T00:56:22Z</time>
        <extensions>
          <gpxtpx:TrackPointExtension>
            <gpxtpx:hr>115</gpxtpx:hr>
          </gpxtpx:TrackPointExtension>
        </extensions>
      </trkpt>
      <trkpt lat="37.84765629216059" lon="112.006780555756">
        <ele>1176.4000244140625</ele>
        <time>2021-09-21T00:56:27Z</time>
        <extensions>
          <gpxtpx:TrackPointExtension>
            <gpxtpx:hr>119</gpxtpx:hr>
          </gpxtpx:TrackPointExtension>
        </extensions>
      </trkpt>
      <trkpt lat="37.84749534896906" lon="112.0067526736127">
        <ele>1177.199951171875</ele>
        <time>2021-09-21T00:56:33Z</time>
        <extensions>
          <gpxtpx:TrackPointExtension>
            <gpxtpx:hr>122</gpxtpx:hr>
          </gpxtpx:TrackPointExtension>
        </extensions>
      </trkpt>
      <trkpt lat="37.84733941848413" lon="112.0067208049782">
        <ele>1177.199951171875</ele>
        <time>2021-09-21T00:56:39Z</time>
        <extensions>
          <gpxtpx:TrackPointExtension>
            <gpxtpx:hr>127</gpxtpx:hr>
          </gpxtpx:TrackPointExtension>
        </extensions>
      </trkpt>
      <trkpt lat="37.84718845323461" lon="112.0067008934719">
        <ele>1177.5999755859375</ele>
        <time>2021-09-21T00:56:44Z</time>
        <extensions>
          <gpxtpx:TrackPointExtension>
            <gpxtpx:hr>130</gpxtpx:hr>
          </gpxtpx:TrackPointExtension>
        </extensions>
      </trkpt>
      <trkpt lat="37.84705149028165" lon="112.0066809803005">
        <ele>1177.800048828125</ele>
        <time>2021-09-21T00:56:49Z</time>
        <extensions>
          <gpxtpx:TrackPointExtension>
            <gpxtpx:hr>133</gpxtpx:hr>
          </gpxtpx:TrackPointExtension>
        </extensions>
      </trkpt>
      <trkpt lat="37.846885519662024" lon="112.00666206706975">
        <ele>1178.4000244140625</ele>
        <time>2021-09-21T00:56:55Z</time>
        <extensions>
          <gpxtpx:TrackPointExtension>
            <gpxtpx:hr>137</gpxtpx:hr>
          </gpxtpx:TrackPointExtension>
        </extensions>
      </trkpt>
      <trkpt lat="37.846646572816645" lon="112.00663120485167">
        <ele>1178.800048828125</ele>
        <time>2021-09-21T00:57:03Z</time>
        <extensions>
          <gpxtpx:TrackPointExtension>
            <gpxtpx:hr>143</gpxtpx:hr>
          </gpxtpx:TrackPointExtension>
        </extensions>
      </trkpt>
      <trkpt lat="37.84648560899784" lon="112.00661029808714">
        <ele>1179.199951171875</ele>
        <time>2021-09-21T00:57:08Z</time>
        <extensions>
          <gpxtpx:TrackPointExtension>
            <gpxtpx:hr>148</gpxtpx:hr>
          </gpxtpx:TrackPointExtension>
        </extensions>
      </trkpt>
      <trkpt lat="37.846312655126646" lon="112.00658540686226">
        <ele>1179.800048828125</ele>
        <time>2021-09-21T00:57:14Z</time>
        <extensions>
          <gpxtpx:TrackPointExtension>
            <gpxtpx:hr>149</gpxtpx:hr>
          </gpxtpx:TrackPointExtension>
        </extensions>
      </trkpt>
      <trkpt lat="37.84614672616505" lon="112.00655254301844">
        <ele>1180.5999755859375</ele>
        <time>2021-09-21T00:57:20Z</time>
        <extensions>
          <gpxtpx:TrackPointExtension>
            <gpxtpx:hr>151</gpxtpx:hr>
          </gpxtpx:TrackPointExtension>
        </extensions>
      </trkpt>
      <trkpt lat="37.84603060643497" lon="112.00658643697959">
        <ele>1180.5999755859375</ele>
        <time>2021-09-21T00:57:26Z</time>
        <extensions>
          <gpxtpx:TrackPointExtension>
            <gpxtpx:hr>152</gpxtpx:hr>
          </gpxtpx:TrackPointExtension>
        </extensions>
      </trkpt>
      <trkpt lat="37.84603142851941" lon="112.00664622535123">
        <ele>1180.5999755859375</ele>
        <time>2021-09-21T00:57:30Z</time>
        <extensions>
          <gpxtpx:TrackPointExtension>
            <gpxtpx:hr>154</gpxtpx:hr>
          </gpxtpx:TrackPointExtension>
        </extensions>
      </trkpt>
      <trkpt lat="37.84600295226698" lon="112.0068046684386">
        <ele>1180.5999755859375</ele>
        <time>2021-09-21T00:57:38Z</time>
        <extensions>
          <gpxtpx:TrackPointExtension>
            <gpxtpx:hr>153</gpxtpx:hr>
          </gpxtpx:TrackPointExtension>
        </extensions>
      </trkpt>
      <trkpt lat="37.845970594219914" lon="112.00692325318306">
        <ele>1180.199951171875</ele>
        <time>2021-09-21T00:57:44Z</time>
        <extensions>
          <gpxtpx:TrackPointExtension>
            <gpxtpx:hr>150</gpxtpx:hr>
          </gpxtpx:TrackPointExtension>
        </extensions>
      </trkpt>
      <trkpt lat="37.84598336215997" lon="112.00700197353564">
        <ele>1180.5999755859375</ele>
        <time>2021-09-21T00:57:49Z</time>
        <extensions>
          <gpxtpx:TrackPointExtension>
            <gpxtpx:hr>147</gpxtpx:hr>
          </gpxtpx:TrackPointExtension>
        </extensions>
      </trkpt>
      <trkpt lat="37.84597115278516" lon="112.00707172862835">
        <ele>1180.800048828125</ele>
        <time>2021-09-21T00:57:53Z</time>
        <extensions>
          <gpxtpx:TrackPointExtension>
            <gpxtpx:hr>143</gpxtpx:hr>
          </gpxtpx:TrackPointExtension>
        </extensions>
      </trkpt>
      <trkpt lat="37.84595792849318" lon="112.00714646632375">
        <ele>1180.800048828125</ele>
        <time>2021-09-21T00:57:57Z</time>
        <extensions>
          <gpxtpx:TrackPointExtension>
            <gpxtpx:hr>137</gpxtpx:hr>
          </gpxtpx:TrackPointExtension>
        </extensions>
      </trkpt>
      <trkpt lat="37.84593771793716" lon="112.00721622251892">
        <ele>1181.0</ele>
        <time>2021-09-21T00:58:01Z</time>
        <extensions>
          <gpxtpx:TrackPointExtension>
            <gpxtpx:hr>131</gpxtpx:hr>
          </gpxtpx:TrackPointExtension>
        </extensions>
      </trkpt>
      <trkpt lat="37.84589950748208" lon="112.00728498444956">
        <ele>1180.800048828125</ele>
        <time>2021-09-21T00:58:05Z</time>
        <extensions>
          <gpxtpx:TrackPointExtension>
            <gpxtpx:hr>127</gpxtpx:hr>
          </gpxtpx:TrackPointExtension>
        </extensions>
      </trkpt>
      <trkpt lat="37.8458671500842" lon="112.00740357002947">
        <ele>1180.5999755859375</ele>
        <time>2021-09-21T00:58:10Z</time>
        <extensions>
          <gpxtpx:TrackPointExtension>
            <gpxtpx:hr>120</gpxtpx:hr>
          </gpxtpx:TrackPointExtension>
        </extensions>
      </trkpt>
      <trkpt lat="37.84582881849868" lon="112.00751318814424">
        <ele>1181.0</ele>
        <time>2021-09-21T00:58:14Z</time>
        <extensions>
          <gpxtpx:TrackPointExtension>
            <gpxtpx:hr>117</gpxtpx:hr>
          </gpxtpx:TrackPointExtension>
        </extensions>
      </trkpt>
      <trkpt lat="37.8457952159108" lon="112.00771448294743">
        <ele>1181.0</ele>
        <time>2021-09-21T00:58:20Z</time>
        <extensions>
          <gpxtpx:TrackPointExtension>
            <gpxtpx:hr>120</gpxtpx:hr>
          </gpxtpx:TrackPointExtension>
        </extensions>
      </trkpt>
      <trkpt lat="37.845765844828" lon="112.00783805140411">
        <ele>1181.0</ele>
        <time>2021-09-21T00:58:24Z</time>
        <extensions>
          <gpxtpx:TrackPointExtension>
            <gpxtpx:hr>123</gpxtpx:hr>
          </gpxtpx:TrackPointExtension>
        </extensions>
      </trkpt>
      <trkpt lat="37.84572512088199" lon="112.00808020439376">
        <ele>1180.800048828125</ele>
        <time>2021-09-21T00:58:31Z</time>
        <extensions>
          <gpxtpx:TrackPointExtension>
            <gpxtpx:hr>127</gpxtpx:hr>
          </gpxtpx:TrackPointExtension>
        </extensions>
      </trkpt>
      <trkpt lat="37.84566432366144" lon="112.00834627670332">
        <ele>1181.0</ele>
        <time>2021-09-21T00:58:39Z</time>
        <extensions>
          <gpxtpx:TrackPointExtension>
            <gpxtpx:hr>133</gpxtpx:hr>
          </gpxtpx:TrackPointExtension>
        </extensions>
      </trkpt>
      <trkpt lat="37.845646817009204" lon="112.00851668059764">
        <ele>1181.4000244140625</ele>
        <time>2021-09-21T00:58:44Z</time>
        <extensions>
          <gpxtpx:TrackPointExtension>
            <gpxtpx:hr>136</gpxtpx:hr>
          </gpxtpx:TrackPointExtension>
        </extensions>
      </trkpt>
      <trkpt lat="37.84571356867534" lon="112.00860436496752">
        <ele>1181.5999755859375</ele>
        <time>2021-09-21T00:58:48Z</time>
        <extensions>
          <gpxtpx:TrackPointExtension>
            <gpxtpx:hr>137</gpxtpx:hr>
          </gpxtpx:TrackPointExtension>
        </extensions>
      </trkpt>
      <trkpt lat="37.84579924993273" lon="112.00871695985545">
        <ele>1182.199951171875</ele>
        <time>2021-09-21T00:58:54Z</time>
        <extensions>
          <gpxtpx:TrackPointExtension>
            <gpxtpx:hr>137</gpxtpx:hr>
          </gpxtpx:TrackPointExtension>
        </extensions>
      </trkpt>
      <trkpt lat="37.84582890463623" lon="112.00883554068746">
        <ele>1182.199951171875</ele>
        <time>2021-09-21T00:59:01Z</time>
        <extensions>
          <gpxtpx:TrackPointExtension>
            <gpxtpx:hr>140</gpxtpx:hr>
          </gpxtpx:TrackPointExtension>
        </extensions>
      </trkpt>
      <trkpt lat="37.845803547673725" lon="112.00895512482829">
        <ele>1184.199951171875</ele>
        <time>2021-09-21T00:59:09Z</time>
        <extensions>
          <gpxtpx:TrackPointExtension>
            <gpxtpx:hr>141</gpxtpx:hr>
          </gpxtpx:TrackPointExtension>
        </extensions>
      </trkpt>
      <trkpt lat="37.84581521451817" lon="112.00906872571203">
        <ele>1184.0</ele>
        <time>2021-09-21T00:59:16Z</time>
        <extensions>
          <gpxtpx:TrackPointExtension>
            <gpxtpx:hr>138</gpxtpx:hr>
          </gpxtpx:TrackPointExtension>
        </extensions>
      </trkpt>
      <trkpt lat="37.84584090142068" lon="112.00917634605256">
        <ele>1183.4000244140625</ele>
        <time>2021-09-21T00:59:22Z</time>
        <extensions>
          <gpxtpx:TrackPointExtension>
            <gpxtpx:hr>133</gpxtpx:hr>
          </gpxtpx:TrackPointExtension>
        </extensions>
      </trkpt>
      <trkpt lat="37.84584870888031" lon="112.00924211507589">
        <ele>1183.5999755859375</ele>
        <time>2021-09-21T00:59:26Z</time>
        <extensions>
          <gpxtpx:TrackPointExtension>
            <gpxtpx:hr>130</gpxtpx:hr>
          </gpxtpx:TrackPointExtension>
        </extensions>
      </trkpt>
      <trkpt lat="37.84586049649541" lon="112.00931485931005">
        <ele>1183.800048828125</ele>
        <time>2021-09-21T00:59:30Z</time>
        <extensions>
          <gpxtpx:TrackPointExtension>
            <gpxtpx:hr>127</gpxtpx:hr>
          </gpxtpx:TrackPointExtension>
        </extensions>
      </trkpt>
      <trkpt lat="37.84586828646699" lon="112.00938660759346">
        <ele>1183.800048828125</ele>
        <time>2021-09-21T00:59:34Z</time>
        <extensions>
          <gpxtpx:TrackPointExtension>
            <gpxtpx:hr>123</gpxtpx:hr>
          </gpxtpx:TrackPointExtension>
        </extensions>
      </trkpt>
      <trkpt lat="37.84587605010441" lon="112.0094673246361">
        <ele>1183.4000244140625</ele>
        <time>2021-09-21T00:59:39Z</time>
        <extensions>
          <gpxtpx:TrackPointExtension>
            <gpxtpx:hr>117</gpxtpx:hr>
          </gpxtpx:TrackPointExtension>
        </extensions>
      </trkpt>
      <trkpt lat="37.84587977799213" lon="112.00956000051544">
        <ele>1183.5999755859375</ele>
        <time>2021-09-21T00:59:44Z</time>
        <extensions>
          <gpxtpx:TrackPointExtension>
            <gpxtpx:hr>112</gpxtpx:hr>
          </gpxtpx:TrackPointExtension>
        </extensions>
      </trkpt>
      <trkpt lat="37.845881429467774" lon="112.00967858636767">
        <ele>1183.199951171875</ele>
        <time>2021-09-21T00:59:51Z</time>
        <extensions>
          <gpxtpx:TrackPointExtension>
            <gpxtpx:hr>109</gpxtpx:hr>
          </gpxtpx:TrackPointExtension>
        </extensions>
      </trkpt>
      <trkpt lat="37.84588821083621" lon="112.0097533247892">
        <ele>1183.199951171875</ele>
        <time>2021-09-21T00:59:55Z</time>
        <extensions>
          <gpxtpx:TrackPointExtension>
            <gpxtpx:hr>108</gpxtpx:hr>
          </gpxtpx:TrackPointExtension>
        </extensions>
      </trkpt>
      <trkpt lat="37.84589500399502" lon="112.00982407720615">
        <ele>1182.5999755859375</ele>
        <time>2021-09-21T00:59:59Z</time>
        <extensions>
          <gpxtpx:TrackPointExtension>
            <gpxtpx:hr>108</gpxtpx:hr>
          </gpxtpx:TrackPointExtension>
        </extensions>
      </trkpt>
      <trkpt lat="37.84589848354004" lon="112.01000145850745">
        <ele>1181.800048828125</ele>
        <time>2021-09-21T01:00:09Z</time>
        <extensions>
          <gpxtpx:TrackPointExtension>
            <gpxtpx:hr>106</gpxtpx:hr>
          </gpxtpx:TrackPointExtension>
        </extensions>
      </trkpt>
      <trkpt lat="37.845929140423955" lon="112.01012004180721">
        <ele>1181.5999755859375</ele>
        <time>2021-09-21T01:00:16Z</time>
        <extensions>
          <gpxtpx:TrackPointExtension>
            <gpxtpx:hr>105</gpxtpx:hr>
          </gpxtpx:TrackPointExtension>
        </extensions>
      </trkpt>
      <trkpt lat="37.845939940433475" lon="112.01018880113823">
        <ele>1181.5999755859375</ele>
        <time>2021-09-21T01:00:20Z</time>
        <extensions>
          <gpxtpx:TrackPointExtension>
            <gpxtpx:hr>104</gpxtpx:hr>
          </gpxtpx:TrackPointExtension>
        </extensions>
      </trkpt>
      <trkpt lat="37.84594658497095" lon="112.01031037730073">
        <ele>1181.4000244140625</ele>
        <time>2021-09-21T01:00:27Z</time>
        <extensions>
          <gpxtpx:TrackPointExtension>
            <gpxtpx:hr>107</gpxtpx:hr>
          </gpxtpx:TrackPointExtension>
        </extensions>
      </trkpt>
      <trkpt lat="37.84585614391801" lon="112.01045588218804">
        <ele>1181.5999755859375</ele>
        <time>2021-09-21T01:00:39Z</time>
        <extensions>
          <gpxtpx:TrackPointExtension>
            <gpxtpx:hr>106</gpxtpx:hr>
          </gpxtpx:TrackPointExtension>
        </extensions>
      </trkpt>
      <trkpt lat="37.84581004887415" lon="112.01048578378668">
        <ele>1182.5999755859375</ele>
        <time>2021-09-21T01:00:43Z</time>
        <extensions>
          <gpxtpx:TrackPointExtension>
            <gpxtpx:hr>112</gpxtpx:hr>
          </gpxtpx:TrackPointExtension>
        </extensions>
      </trkpt>
      <trkpt lat="37.84580088393978" lon="112.01054159096283">
        <ele>1183.0</ele>
        <time>2021-09-21T01:00:47Z</time>
        <extensions>
          <gpxtpx:TrackPointExtension>
            <gpxtpx:hr>113</gpxtpx:hr>
          </gpxtpx:TrackPointExtension>
        </extensions>
      </trkpt>
      <trkpt lat="37.84582648548346" lon="112.01067911027421">
        <ele>1183.5999755859375</ele>
        <time>2021-09-21T01:00:56Z</time>
        <extensions>
          <gpxtpx:TrackPointExtension>
            <gpxtpx:hr>116</gpxtpx:hr>
          </gpxtpx:TrackPointExtension>
        </extensions>
      </trkpt>
      <trkpt lat="37.84589211418017" lon="112.01080964934991">
        <ele>1183.0</ele>
        <time>2021-09-21T01:01:04Z</time>
        <extensions>
          <gpxtpx:TrackPointExtension>
            <gpxtpx:hr>118</gpxtpx:hr>
          </gpxtpx:TrackPointExtension>
        </extensions>
      </trkpt>
      <trkpt lat="37.845955812720284" lon="112.0109162718957">
        <ele>1182.4000244140625</ele>
        <time>2021-09-21T01:01:12Z</time>
        <extensions>
          <gpxtpx:TrackPointExtension>
            <gpxtpx:hr>117</gpxtpx:hr>
          </gpxtpx:TrackPointExtension>
        </extensions>
      </trkpt>
      <trkpt lat="37.846020741679624" lon="112.0109441673905">
        <ele>1182.0</ele>
        <time>2021-09-21T01:01:16Z</time>
        <extensions>
          <gpxtpx:TrackPointExtension>
            <gpxtpx:hr>112</gpxtpx:hr>
          </gpxtpx:TrackPointExtension>
        </extensions>
      </trkpt>
      <trkpt lat="37.84607167712188" lon="112.01096907493519">
        <ele>1181.199951171875</ele>
        <time>2021-09-21T01:01:21Z</time>
        <extensions>
          <gpxtpx:TrackPointExtension>
            <gpxtpx:hr>111</gpxtpx:hr>
          </gpxtpx:TrackPointExtension>
        </extensions>
      </trkpt>
      <trkpt lat="37.84612235634071" lon="112.0110816786355">
        <ele>1179.5999755859375</ele>
        <time>2021-09-21T01:01:29Z</time>
        <extensions>
          <gpxtpx:TrackPointExtension>
            <gpxtpx:hr>109</gpxtpx:hr>
          </gpxtpx:TrackPointExtension>
        </extensions>
      </trkpt>
      <trkpt lat="37.84614589463902" lon="112.01124112367035">
        <ele>1179.199951171875</ele>
        <time>2021-09-21T01:01:35Z</time>
        <extensions>
          <gpxtpx:TrackPointExtension>
            <gpxtpx:hr>108</gpxtpx:hr>
          </gpxtpx:TrackPointExtension>
        </extensions>
      </trkpt>
      <trkpt lat="37.84625076915305" lon="112.01128994213576">
        <ele>1178.800048828125</ele>
        <time>2021-09-21T01:01:39Z</time>
        <extensions>
          <gpxtpx:TrackPointExtension>
            <gpxtpx:hr>105</gpxtpx:hr>
          </gpxtpx:TrackPointExtension>
        </extensions>
      </trkpt>
      <trkpt lat="37.846394714003395" lon="112.01131683182874">
        <ele>1177.199951171875</ele>
        <time>2021-09-21T01:01:44Z</time>
        <extensions>
          <gpxtpx:TrackPointExtension>
            <gpxtpx:hr>110</gpxtpx:hr>
          </gpxtpx:TrackPointExtension>
        </extensions>
      </trkpt>
      <trkpt lat="37.84649011058444" lon="112.01152908642032">
        <ele>1175.4000244140625</ele>
        <time>2021-09-21T01:01:51Z</time>
        <extensions>
          <gpxtpx:TrackPointExtension>
            <gpxtpx:hr>114</gpxtpx:hr>
          </gpxtpx:TrackPointExtension>
        </extensions>
      </trkpt>
      <trkpt lat="37.846500595598194" lon="112.01170647243177">
        <ele>1175.0</ele>
        <time>2021-09-21T01:01:56Z</time>
        <extensions>
          <gpxtpx:TrackPointExtension>
            <gpxtpx:hr>117</gpxtpx:hr>
          </gpxtpx:TrackPointExtension>
        </extensions>
      </trkpt>
      <trkpt lat="37.846490950288434" lon="112.01192771023851">
        <ele>1174.800048828125</ele>
        <time>2021-09-21T01:02:03Z</time>
        <extensions>
          <gpxtpx:TrackPointExtension>
            <gpxtpx:hr>124</gpxtpx:hr>
          </gpxtpx:TrackPointExtension>
        </extensions>
      </trkpt>
      <trkpt lat="37.84650694817049" lon="112.01227351708573">
        <ele>1174.199951171875</ele>
        <time>2021-09-21T01:02:13Z</time>
        <extensions>
          <gpxtpx:TrackPointExtension>
            <gpxtpx:hr>127</gpxtpx:hr>
          </gpxtpx:TrackPointExtension>
        </extensions>
      </trkpt>
      <trkpt lat="37.84650235473107" lon="112.01247781498994">
        <ele>1174.0</ele>
        <time>2021-09-21T01:02:19Z</time>
        <extensions>
          <gpxtpx:TrackPointExtension>
            <gpxtpx:hr>132</gpxtpx:hr>
          </gpxtpx:TrackPointExtension>
        </extensions>
      </trkpt>
      <trkpt lat="37.84647599803784" lon="112.01259940037909">
        <ele>1173.5999755859375</ele>
        <time>2021-09-21T01:02:26Z</time>
        <extensions>
          <gpxtpx:TrackPointExtension>
            <gpxtpx:hr>136</gpxtpx:hr>
          </gpxtpx:TrackPointExtension>
        </extensions>
      </trkpt>
      <trkpt lat="37.84647849622259" lon="112.0127728047723">
        <ele>1173.199951171875</ele>
        <time>2021-09-21T01:02:37Z</time>
        <extensions>
          <gpxtpx:TrackPointExtension>
            <gpxtpx:hr>132</gpxtpx:hr>
          </gpxtpx:TrackPointExtension>
        </extensions>
      </trkpt>
      <trkpt lat="37.8464902471988" lon="112.01285950594227">
        <ele>1173.199951171875</ele>
        <time>2021-09-21T01:02:42Z</time>
        <extensions>
          <gpxtpx:TrackPointExtension>
            <gpxtpx:hr>125</gpxtpx:hr>
          </gpxtpx:TrackPointExtension>
        </extensions>
      </trkpt>
      <trkpt lat="37.84649206874321" lon="112.01292129386029">
        <ele>1173.199951171875</ele>
        <time>2021-09-21T01:02:46Z</time>
        <extensions>
          <gpxtpx:TrackPointExtension>
            <gpxtpx:hr>119</gpxtpx:hr>
          </gpxtpx:TrackPointExtension>
        </extensions>
      </trkpt>
      <trkpt lat="37.84651565476392" lon="112.01306579585685">
        <ele>1172.5999755859375</ele>
        <time>2021-09-21T01:02:54Z</time>
        <extensions>
          <gpxtpx:TrackPointExtension>
            <gpxtpx:hr>115</gpxtpx:hr>
          </gpxtpx:TrackPointExtension>
        </extensions>
      </trkpt>
      <trkpt lat="37.84654741515485" lon="112.01315050197901">
        <ele>1172.0</ele>
        <time>2021-09-21T01:03:00Z</time>
        <extensions>
          <gpxtpx:TrackPointExtension>
            <gpxtpx:hr>108</gpxtpx:hr>
          </gpxtpx:TrackPointExtension>
        </extensions>
      </trkpt>
      <trkpt lat="37.84657220330678" lon="112.01322524318539">
        <ele>1171.5999755859375</ele>
        <time>2021-09-21T01:03:05Z</time>
        <extensions>
          <gpxtpx:TrackPointExtension>
            <gpxtpx:hr>106</gpxtpx:hr>
          </gpxtpx:TrackPointExtension>
        </extensions>
      </trkpt>
      <trkpt lat="37.846728274702386" lon="112.01320927908581">
        <ele>1171.199951171875</ele>
        <time>2021-09-21T01:03:14Z</time>
        <extensions>
          <gpxtpx:TrackPointExtension>
            <gpxtpx:hr>106</gpxtpx:hr>
          </gpxtpx:TrackPointExtension>
        </extensions>
      </trkpt>
      <trkpt lat="37.84689734535282" lon="112.01319431002594">
        <ele>1171.0</ele>
        <time>2021-09-21T01:03:20Z</time>
        <extensions>
          <gpxtpx:TrackPointExtension>
            <gpxtpx:hr>98</gpxtpx:hr>
          </gpxtpx:TrackPointExtension>
        </extensions>
      </trkpt>
      <trkpt lat="37.84708946007405" lon="112.01316538597419">
        <ele>1170.5999755859375</ele>
        <time>2021-09-21T01:03:27Z</time>
        <extensions>
          <gpxtpx:TrackPointExtension>
            <gpxtpx:hr>101</gpxtpx:hr>
          </gpxtpx:TrackPointExtension>
        </extensions>
      </trkpt>
      <trkpt lat="37.84720054148624" lon="112.01314344774742">
        <ele>1170.5999755859375</ele>
        <time>2021-09-21T01:03:33Z</time>
        <extensions>
          <gpxtpx:TrackPointExtension>
            <gpxtpx:hr>104</gpxtpx:hr>
          </gpxtpx:TrackPointExtension>
        </extensions>
      </trkpt>
      <trkpt lat="37.84726557798588" lon="112.0131344706777">
        <ele>1170.199951171875</ele>
        <time>2021-09-21T01:03:37Z</time>
        <extensions>
          <gpxtpx:TrackPointExtension>
            <gpxtpx:hr>107</gpxtpx:hr>
          </gpxtpx:TrackPointExtension>
        </extensions>
      </trkpt>
      <trkpt lat="37.84734964350312" lon="112.01311652204598">
        <ele>1169.800048828125</ele>
        <time>2021-09-21T01:03:42Z</time>
        <extensions>
          <gpxtpx:TrackPointExtension>
            <gpxtpx:hr>115</gpxtpx:hr>
          </gpxtpx:TrackPointExtension>
        </extensions>
      </trkpt>
      <trkpt lat="37.847493675606856" lon="112.01311351505711">
        <ele>1169.4000244140625</ele>
        <time>2021-09-21T01:03:48Z</time>
        <extensions>
          <gpxtpx:TrackPointExtension>
            <gpxtpx:hr>114</gpxtpx:hr>
          </gpxtpx:TrackPointExtension>
        </extensions>
      </trkpt>
      <trkpt lat="37.84756466990113" lon="112.01311948609052">
        <ele>1169.0</ele>
        <time>2021-09-21T01:03:53Z</time>
        <extensions>
          <gpxtpx:TrackPointExtension>
            <gpxtpx:hr>114</gpxtpx:hr>
          </gpxtpx:TrackPointExtension>
        </extensions>
      </trkpt>
      <trkpt lat="37.847654696096406" lon="112.01311548897323">
        <ele>1168.5999755859375</ele>
        <time>2021-09-21T01:04:02Z</time>
        <extensions>
          <gpxtpx:TrackPointExtension>
            <gpxtpx:hr>113</gpxtpx:hr>
          </gpxtpx:TrackPointExtension>
        </extensions>
      </trkpt>
      <trkpt lat="37.847710725390485" lon="112.01310850616059">
        <ele>1168.4000244140625</ele>
        <time>2021-09-21T01:04:07Z</time>
        <extensions>
          <gpxtpx:TrackPointExtension>
            <gpxtpx:hr>112</gpxtpx:hr>
          </gpxtpx:TrackPointExtension>
        </extensions>
      </trkpt>
      <trkpt lat="37.84777775648215" lon="112.01310152203311">
        <ele>1168.199951171875</ele>
        <time>2021-09-21T01:04:12Z</time>
        <extensions>
          <gpxtpx:TrackPointExtension>
            <gpxtpx:hr>108</gpxtpx:hr>
          </gpxtpx:TrackPointExtension>
        </extensions>
      </trkpt>
      <trkpt lat="37.847880784812695" lon="112.01309752336222">
        <ele>1168.199951171875</ele>
        <time>2021-09-21T01:04:20Z</time>
        <extensions>
          <gpxtpx:TrackPointExtension>
            <gpxtpx:hr>105</gpxtpx:hr>
          </gpxtpx:TrackPointExtension>
        </extensions>
      </trkpt>
      <trkpt lat="37.84792981873465" lon="112.01308854821518">
        <ele>1169.4000244140625</ele>
        <time>2021-09-21T01:04:24Z</time>
        <extensions>
          <gpxtpx:TrackPointExtension>
            <gpxtpx:hr>104</gpxtpx:hr>
          </gpxtpx:TrackPointExtension>
        </extensions>
      </trkpt>
      <trkpt lat="37.847968845265484" lon="112.01308156744011">
        <ele>1169.800048828125</ele>
        <time>2021-09-21T01:04:28Z</time>
        <extensions>
          <gpxtpx:TrackPointExtension>
            <gpxtpx:hr>103</gpxtpx:hr>
          </gpxtpx:TrackPointExtension>
        </extensions>
      </trkpt>
      <trkpt lat="37.84804287463385" lon="112.01307557906614">
        <ele>1169.800048828125</ele>
        <time>2021-09-21T01:04:32Z</time>
        <extensions>
          <gpxtpx:TrackPointExtension>
            <gpxtpx:hr>100</gpxtpx:hr>
          </gpxtpx:TrackPointExtension>
        </extensions>
      </trkpt>
      <trkpt lat="37.84820995089205" lon="112.01305861711455">
        <ele>1169.4000244140625</ele>
        <time>2021-09-21T01:04:38Z</time>
        <extensions>
          <gpxtpx:TrackPointExtension>
            <gpxtpx:hr>103</gpxtpx:hr>
          </gpxtpx:TrackPointExtension>
        </extensions>
      </trkpt>
      <trkpt lat="37.84830602132452" lon="112.01303967048996">
        <ele>1169.199951171875</ele>
        <time>2021-09-21T01:04:42Z</time>
        <extensions>
          <gpxtpx:TrackPointExtension>
            <gpxtpx:hr>111</gpxtpx:hr>
          </gpxtpx:TrackPointExtension>
        </extensions>
      </trkpt>
      <trkpt lat="37.84853609352177" lon="112.01302768394413">
        <ele>1169.199951171875</ele>
        <time>2021-09-21T01:04:51Z</time>
        <extensions>
          <gpxtpx:TrackPointExtension>
            <gpxtpx:hr>114</gpxtpx:hr>
          </gpxtpx:TrackPointExtension>
        </extensions>
      </trkpt>
      <trkpt lat="37.848678122528746" lon="112.0130256737857">
        <ele>1168.5999755859375</ele>
        <time>2021-09-21T01:04:56Z</time>
        <extensions>
          <gpxtpx:TrackPointExtension>
            <gpxtpx:hr>118</gpxtpx:hr>
          </gpxtpx:TrackPointExtension>
        </extensions>
      </trkpt>
      <trkpt lat="37.84878917528513" lon="112.01301370147863">
        <ele>1168.4000244140625</ele>
        <time>2021-09-21T01:05:00Z</time>
        <extensions>
          <gpxtpx:TrackPointExtension>
            <gpxtpx:hr>121</gpxtpx:hr>
          </gpxtpx:TrackPointExtension>
        </extensions>
      </trkpt>
      <trkpt lat="37.848903211252875" lon="112.01300770832816">
        <ele>1168.4000244140625</ele>
        <time>2021-09-21T01:05:04Z</time>
        <extensions>
          <gpxtpx:TrackPointExtension>
            <gpxtpx:hr>125</gpxtpx:hr>
          </gpxtpx:TrackPointExtension>
        </extensions>
      </trkpt>
      <trkpt lat="37.84904221962979" lon="112.01301267462782">
        <ele>1167.800048828125</ele>
        <time>2021-09-21T01:05:08Z</time>
        <extensions>
          <gpxtpx:TrackPointExtension>
            <gpxtpx:hr>128</gpxtpx:hr>
          </gpxtpx:TrackPointExtension>
        </extensions>
      </trkpt>
      <trkpt lat="37.84918628070933" lon="112.012999701791">
        <ele>1167.4000244140625</ele>
        <time>2021-09-21T01:05:13Z</time>
        <extensions>
          <gpxtpx:TrackPointExtension>
            <gpxtpx:hr>130</gpxtpx:hr>
          </gpxtpx:TrackPointExtension>
        </extensions>
      </trkpt>
      <trkpt lat="37.84929429843098" lon="112.01299968887135">
        <ele>1167.5999755859375</ele>
        <time>2021-09-21T01:05:17Z</time>
        <extensions>
          <gpxtpx:TrackPointExtension>
            <gpxtpx:hr>133</gpxtpx:hr>
          </gpxtpx:TrackPointExtension>
        </extensions>
      </trkpt>
      <trkpt lat="37.84939035741851" lon="112.01298472861015">
        <ele>1167.199951171875</ele>
        <time>2021-09-21T01:05:21Z</time>
        <extensions>
          <gpxtpx:TrackPointExtension>
            <gpxtpx:hr>136</gpxtpx:hr>
          </gpxtpx:TrackPointExtension>
        </extensions>
      </trkpt>
      <trkpt lat="37.84943837971043" lon="112.01297973994343">
        <ele>1167.199951171875</ele>
        <time>2021-09-21T01:05:26Z</time>
        <extensions>
          <gpxtpx:TrackPointExtension>
            <gpxtpx:hr>140</gpxtpx:hr>
          </gpxtpx:TrackPointExtension>
        </extensions>
      </trkpt>
      <trkpt lat="37.84955241572783" lon="112.0129737467971">
        <ele>1167.0</ele>
        <time>2021-09-21T01:05:34Z</time>
        <extensions>
          <gpxtpx:TrackPointExtension>
            <gpxtpx:hr>142</gpxtpx:hr>
          </gpxtpx:TrackPointExtension>
        </extensions>
      </trkpt>
      <trkpt lat="37.849648405562746" lon="112.0129827045764">
        <ele>1167.199951171875</ele>
        <time>2021-09-21T01:05:42Z</time>
        <extensions>
          <gpxtpx:TrackPointExtension>
            <gpxtpx:hr>137</gpxtpx:hr>
          </gpxtpx:TrackPointExtension>
        </extensions>
      </trkpt>
      <trkpt lat="37.84966126361562" lon="112.01303253229314">
        <ele>1167.0</ele>
        <time>2021-09-21T01:05:47Z</time>
        <extensions>
          <gpxtpx:TrackPointExtension>
            <gpxtpx:hr>131</gpxtpx:hr>
          </gpxtpx:TrackPointExtension>
        </extensions>
      </trkpt>
      <trkpt lat="37.84964590687512" lon="112.01315511431466">
        <ele>1167.0</ele>
        <time>2021-09-21T01:05:55Z</time>
        <extensions>
          <gpxtpx:TrackPointExtension>
            <gpxtpx:hr>124</gpxtpx:hr>
          </gpxtpx:TrackPointExtension>
        </extensions>
      </trkpt>
      <trkpt lat="37.849641635634946" lon="112.0132487942011">
        <ele>1166.800048828125</ele>
        <time>2021-09-21T01:06:00Z</time>
        <extensions>
          <gpxtpx:TrackPointExtension>
            <gpxtpx:hr>120</gpxtpx:hr>
          </gpxtpx:TrackPointExtension>
        </extensions>
      </trkpt>
      <trkpt lat="37.84963639601321" lon="112.0133315118753">
        <ele>1166.800048828125</ele>
        <time>2021-09-21T01:06:05Z</time>
        <extensions>
          <gpxtpx:TrackPointExtension>
            <gpxtpx:hr>124</gpxtpx:hr>
          </gpxtpx:TrackPointExtension>
        </extensions>
      </trkpt>
      <trkpt lat="37.849627026483745" lon="112.01345907691625">
        <ele>1167.199951171875</ele>
        <time>2021-09-21T01:06:09Z</time>
        <extensions>
          <gpxtpx:TrackPointExtension>
            <gpxtpx:hr>118</gpxtpx:hr>
          </gpxtpx:TrackPointExtension>
        </extensions>
      </trkpt>
      <trkpt lat="37.84959808284834" lon="112.0137849678909">
        <ele>1166.800048828125</ele>
        <time>2021-09-21T01:06:17Z</time>
        <extensions>
          <gpxtpx:TrackPointExtension>
            <gpxtpx:hr>118</gpxtpx:hr>
          </gpxtpx:TrackPointExtension>
        </extensions>
      </trkpt>
      <trkpt lat="37.84958460182715" lon="112.01395140222566">
        <ele>1166.199951171875</ele>
        <time>2021-09-21T01:06:21Z</time>
        <extensions>
          <gpxtpx:TrackPointExtension>
            <gpxtpx:hr>120</gpxtpx:hr>
          </gpxtpx:TrackPointExtension>
        </extensions>
      </trkpt>
      <trkpt lat="37.84956490271865" lon="112.01419358020841">
        <ele>1166.0</ele>
        <time>2021-09-21T01:06:27Z</time>
        <extensions>
          <gpxtpx:TrackPointExtension>
            <gpxtpx:hr>126</gpxtpx:hr>
          </gpxtpx:TrackPointExtension>
        </extensions>
      </trkpt>
      <trkpt lat="37.84954607332514" lon="112.01448160369593">
        <ele>1166.199951171875</ele>
        <time>2021-09-21T01:06:34Z</time>
        <extensions>
          <gpxtpx:TrackPointExtension>
            <gpxtpx:hr>131</gpxtpx:hr>
          </gpxtpx:TrackPointExtension>
        </extensions>
      </trkpt>
      <trkpt lat="37.84952647628318" lon="112.01468890273142">
        <ele>1165.4000244140625</ele>
        <time>2021-09-21T01:06:39Z</time>
        <extensions>
          <gpxtpx:TrackPointExtension>
            <gpxtpx:hr>134</gpxtpx:hr>
          </gpxtpx:TrackPointExtension>
        </extensions>
      </trkpt>
      <trkpt lat="37.849508977227686" lon="112.01486231721424">
        <ele>1165.199951171875</ele>
        <time>2021-09-21T01:06:43Z</time>
        <extensions>
          <gpxtpx:TrackPointExtension>
            <gpxtpx:hr>137</gpxtpx:hr>
          </gpxtpx:TrackPointExtension>
        </extensions>
      </trkpt>
      <trkpt lat="37.849494638681996" lon="112.0149799208186">
        <ele>1165.0</ele>
        <time>2021-09-21T01:06:47Z</time>
        <extensions>
          <gpxtpx:TrackPointExtension>
            <gpxtpx:hr>141</gpxtpx:hr>
          </gpxtpx:TrackPointExtension>
        </extensions>
      </trkpt>
      <trkpt lat="37.849484389285415" lon="112.01506662872181">
        <ele>1165.0</ele>
        <time>2021-09-21T01:06:53Z</time>
        <extensions>
          <gpxtpx:TrackPointExtension>
            <gpxtpx:hr>144</gpxtpx:hr>
          </gpxtpx:TrackPointExtension>
        </extensions>
      </trkpt>
      <trkpt lat="37.84946186781313" lon="112.01524801834893">
        <ele>1165.199951171875</ele>
        <time>2021-09-21T01:07:03Z</time>
        <extensions>
          <gpxtpx:TrackPointExtension>
            <gpxtpx:hr>145</gpxtpx:hr>
          </gpxtpx:TrackPointExtension>
        </extensions>
      </trkpt>
      <trkpt lat="37.849452672999725" lon="112.01531579058312">
        <ele>1164.800048828125</ele>
        <time>2021-09-21T01:07:07Z</time>
        <extensions>
          <gpxtpx:TrackPointExtension>
            <gpxtpx:hr>141</gpxtpx:hr>
          </gpxtpx:TrackPointExtension>
        </extensions>
      </trkpt>
      <trkpt lat="37.849447402215446" lon="112.01541047164996">
        <ele>1165.199951171875</ele>
        <time>2021-09-21T01:07:13Z</time>
        <extensions>
          <gpxtpx:TrackPointExtension>
            <gpxtpx:hr>134</gpxtpx:hr>
          </gpxtpx:TrackPointExtension>
        </extensions>
      </trkpt>
      <trkpt lat="37.8494209635021" lon="112.01556296058172">
        <ele>1164.800048828125</ele>
        <time>2021-09-21T01:07:20Z</time>
        <extensions>
          <gpxtpx:TrackPointExtension>
            <gpxtpx:hr>125</gpxtpx:hr>
          </gpxtpx:TrackPointExtension>
        </extensions>
      </trkpt>
      <trkpt lat="37.84939550552685" lon="112.01572242644393">
        <ele>1164.199951171875</ele>
        <time>2021-09-21T01:07:30Z</time>
        <extensions>
          <gpxtpx:TrackPointExtension>
            <gpxtpx:hr>119</gpxtpx:hr>
          </gpxtpx:TrackPointExtension>
        </extensions>
      </trkpt>
      <trkpt lat="37.84936371860134" lon="112.01599750499656">
        <ele>1164.0</ele>
        <time>2021-09-21T01:07:40Z</time>
        <extensions>
          <gpxtpx:TrackPointExtension>
            <gpxtpx:hr>117</gpxtpx:hr>
          </gpxtpx:TrackPointExtension>
        </extensions>
      </trkpt>
      <trkpt lat="37.8493307493114" lon="112.01633736824735">
        <ele>1163.800048828125</ele>
        <time>2021-09-21T01:07:48Z</time>
        <extensions>
          <gpxtpx:TrackPointExtension>
            <gpxtpx:hr>115</gpxtpx:hr>
          </gpxtpx:TrackPointExtension>
        </extensions>
      </trkpt>
      <trkpt lat="37.849297906171515" lon="112.01663338091336">
        <ele>1163.199951171875</ele>
        <time>2021-09-21T01:07:55Z</time>
        <extensions>
          <gpxtpx:TrackPointExtension>
            <gpxtpx:hr>121</gpxtpx:hr>
          </gpxtpx:TrackPointExtension>
        </extensions>
      </trkpt>
      <trkpt lat="37.849268155200456" lon="112.01689750179705">
        <ele>1162.800048828125</ele>
        <time>2021-09-21T01:08:01Z</time>
        <extensions>
          <gpxtpx:TrackPointExtension>
            <gpxtpx:hr>128</gpxtpx:hr>
          </gpxtpx:TrackPointExtension>
        </extensions>
      </trkpt>
      <trkpt lat="37.84925954102203" lon="112.01711477797427">
        <ele>1162.5999755859375</ele>
        <time>2021-09-21T01:08:06Z</time>
        <extensions>
          <gpxtpx:TrackPointExtension>
            <gpxtpx:hr>135</gpxtpx:hr>
          </gpxtpx:TrackPointExtension>
        </extensions>
      </trkpt>
      <trkpt lat="37.84923705170263" lon="112.01728720626564">
        <ele>1162.800048828125</ele>
        <time>2021-09-21T01:08:10Z</time>
        <extensions>
          <gpxtpx:TrackPointExtension>
            <gpxtpx:hr>141</gpxtpx:hr>
          </gpxtpx:TrackPointExtension>
        </extensions>
      </trkpt>
      <trkpt lat="37.84921757746593" lon="112.01745465150164">
        <ele>1162.4000244140625</ele>
        <time>2021-09-21T01:08:14Z</time>
        <extensions>
          <gpxtpx:TrackPointExtension>
            <gpxtpx:hr>145</gpxtpx:hr>
          </gpxtpx:TrackPointExtension>
        </extensions>
      </trkpt>
      <trkpt lat="37.84917773674177" lon="112.01775166981272">
        <ele>1162.0</ele>
        <time>2021-09-21T01:08:21Z</time>
        <extensions>
          <gpxtpx:TrackPointExtension>
            <gpxtpx:hr>151</gpxtpx:hr>
          </gpxtpx:TrackPointExtension>
        </extensions>
      </trkpt>
      <trkpt lat="37.84914819535476" lon="112.01794303895565">
        <ele>1162.199951171875</ele>
        <time>2021-09-21T01:08:27Z</time>
        <extensions>
          <gpxtpx:TrackPointExtension>
            <gpxtpx:hr>153</gpxtpx:hr>
          </gpxtpx:TrackPointExtension>
        </extensions>
      </trkpt>
      <trkpt lat="37.84914595768879" lon="112.01802775866737">
        <ele>1162.199951171875</ele>
        <time>2021-09-21T01:08:31Z</time>
        <extensions>
          <gpxtpx:TrackPointExtension>
            <gpxtpx:hr>156</gpxtpx:hr>
          </gpxtpx:TrackPointExtension>
        </extensions>
      </trkpt>
      <trkpt lat="37.84912458037926" lon="112.01816131931174">
        <ele>1162.199951171875</ele>
        <time>2021-09-21T01:08:40Z</time>
        <extensions>
          <gpxtpx:TrackPointExtension>
            <gpxtpx:hr>154</gpxtpx:hr>
          </gpxtpx:TrackPointExtension>
        </extensions>
      </trkpt>
      <trkpt lat="37.8491412960373" lon="112.0182639779356">
        <ele>1162.199951171875</ele>
        <time>2021-09-21T01:08:46Z</time>
        <extensions>
          <gpxtpx:TrackPointExtension>
            <gpxtpx:hr>149</gpxtpx:hr>
          </gpxtpx:TrackPointExtension>
        </extensions>
      </trkpt>
      <trkpt lat="37.84912904613694" lon="112.01835268637731">
        <ele>1162.4000244140625</ele>
        <time>2021-09-21T01:08:51Z</time>
        <extensions>
          <gpxtpx:TrackPointExtension>
            <gpxtpx:hr>144</gpxtpx:hr>
          </gpxtpx:TrackPointExtension>
        </extensions>
      </trkpt>
      <trkpt lat="37.84911178444356" lon="112.01844538246672">
        <ele>1162.0</ele>
        <time>2021-09-21T01:08:56Z</time>
        <extensions>
          <gpxtpx:TrackPointExtension>
            <gpxtpx:hr>139</gpxtpx:hr>
          </gpxtpx:TrackPointExtension>
        </extensions>
      </trkpt>
      <trkpt lat="37.849106566611724" lon="112.01852312663543">
        <ele>1162.0</ele>
        <time>2021-09-21T01:09:01Z</time>
        <extensions>
          <gpxtpx:TrackPointExtension>
            <gpxtpx:hr>135</gpxtpx:hr>
          </gpxtpx:TrackPointExtension>
        </extensions>
      </trkpt>
      <trkpt lat="37.84910730541219" lon="112.01861681769195">
        <ele>1161.5999755859375</ele>
        <time>2021-09-21T01:09:07Z</time>
        <extensions>
          <gpxtpx:TrackPointExtension>
            <gpxtpx:hr>126</gpxtpx:hr>
          </gpxtpx:TrackPointExtension>
        </extensions>
      </trkpt>
      <trkpt lat="37.84909301693414" lon="112.01871948124082">
        <ele>1161.4000244140625</ele>
        <time>2021-09-21T01:09:12Z</time>
        <extensions>
          <gpxtpx:TrackPointExtension>
            <gpxtpx:hr>122</gpxtpx:hr>
          </gpxtpx:TrackPointExtension>
        </extensions>
      </trkpt>
      <trkpt lat="37.84907950410264" lon="112.01890287944785">
        <ele>1161.5999755859375</ele>
        <time>2021-09-21T01:09:20Z</time>
        <extensions>
          <gpxtpx:TrackPointExtension>
            <gpxtpx:hr>119</gpxtpx:hr>
          </gpxtpx:TrackPointExtension>
        </extensions>
      </trkpt>
      <trkpt lat="37.84907126710377" lon="112.01898760198306">
        <ele>1161.4000244140625</ele>
        <time>2021-09-21T01:09:24Z</time>
        <extensions>
          <gpxtpx:TrackPointExtension>
            <gpxtpx:hr>113</gpxtpx:hr>
          </gpxtpx:TrackPointExtension>
        </extensions>
      </trkpt>
      <trkpt lat="37.849085956468834" lon="112.01910023033734">
        <ele>1161.199951171875</ele>
        <time>2021-09-21T01:09:30Z</time>
        <extensions>
          <gpxtpx:TrackPointExtension>
            <gpxtpx:hr>109</gpxtpx:hr>
          </gpxtpx:TrackPointExtension>
        </extensions>
      </trkpt>
      <trkpt lat="37.84906755767749" lon="112.01924276494066">
        <ele>1161.0</ele>
        <time>2021-09-21T01:09:38Z</time>
        <extensions>
          <gpxtpx:TrackPointExtension>
            <gpxtpx:hr>108</gpxtpx:hr>
          </gpxtpx:TrackPointExtension>
        </extensions>
      </trkpt>
      <trkpt lat="37.849055140949496" lon="112.01939227651816">
        <ele>1161.0</ele>
        <time>2021-09-21T01:09:47Z</time>
        <extensions>
          <gpxtpx:TrackPointExtension>
            <gpxtpx:hr>106</gpxtpx:hr>
          </gpxtpx:TrackPointExtension>
        </extensions>
      </trkpt>
      <trkpt lat="37.84903984567554" lon="112.01949793250857">
        <ele>1161.0</ele>
        <time>2021-09-21T01:09:55Z</time>
        <extensions>
          <gpxtpx:TrackPointExtension>
            <gpxtpx:hr>107</gpxtpx:hr>
          </gpxtpx:TrackPointExtension>
        </extensions>
      </trkpt>
      <trkpt lat="37.84905644278005" lon="112.01964445140128">
        <ele>1160.5999755859375</ele>
        <time>2021-09-21T01:10:05Z</time>
        <extensions>
          <gpxtpx:TrackPointExtension>
            <gpxtpx:hr>114</gpxtpx:hr>
          </gpxtpx:TrackPointExtension>
        </extensions>
      </trkpt>
      <trkpt lat="37.849063903889004" lon="112.0198398125851">
        <ele>1160.4000244140625</ele>
        <time>2021-09-21T01:10:15Z</time>
        <extensions>
          <gpxtpx:TrackPointExtension>
            <gpxtpx:hr>115</gpxtpx:hr>
          </gpxtpx:TrackPointExtension>
        </extensions>
      </trkpt>
      <trkpt lat="37.84904860411393" lon="112.01994746335477">
        <ele>1160.199951171875</ele>
        <time>2021-09-21T01:10:19Z</time>
        <extensions>
          <gpxtpx:TrackPointExtension>
            <gpxtpx:hr>112</gpxtpx:hr>
          </gpxtpx:TrackPointExtension>
        </extensions>
      </trkpt>
      <trkpt lat="37.84904095688853" lon="112.0201817014734">
        <ele>1159.800048828125</ele>
        <time>2021-09-21T01:10:26Z</time>
        <extensions>
          <gpxtpx:TrackPointExtension>
            <gpxtpx:hr>108</gpxtpx:hr>
          </gpxtpx:TrackPointExtension>
        </extensions>
      </trkpt>
      <trkpt lat="37.849063584556426" lon="112.02031825475898">
        <ele>1159.800048828125</ele>
        <time>2021-09-21T01:10:30Z</time>
        <extensions>
          <gpxtpx:TrackPointExtension>
            <gpxtpx:hr>115</gpxtpx:hr>
          </gpxtpx:TrackPointExtension>
        </extensions>
      </trkpt>
      <trkpt lat="37.84907117179926" lon="112.02046876507255">
        <ele>1160.199951171875</ele>
        <time>2021-09-21T01:10:34Z</time>
        <extensions>
          <gpxtpx:TrackPointExtension>
            <gpxtpx:hr>117</gpxtpx:hr>
          </gpxtpx:TrackPointExtension>
        </extensions>
      </trkpt>
      <trkpt lat="37.84906657969145" lon="112.02068406754">
        <ele>1160.0</ele>
        <time>2021-09-21T01:10:40Z</time>
        <extensions>
          <gpxtpx:TrackPointExtension>
            <gpxtpx:hr>120</gpxtpx:hr>
          </gpxtpx:TrackPointExtension>
        </extensions>
      </trkpt>
      <trkpt lat="37.84907086173869" lon="112.02094621879489">
        <ele>1159.199951171875</ele>
        <time>2021-09-21T01:10:47Z</time>
        <extensions>
          <gpxtpx:TrackPointExtension>
            <gpxtpx:hr>123</gpxtpx:hr>
          </gpxtpx:TrackPointExtension>
        </extensions>
      </trkpt>
      <trkpt lat="37.84906649817551" lon="112.02107879110133">
        <ele>1159.4000244140625</ele>
        <time>2021-09-21T01:10:51Z</time>
        <extensions>
          <gpxtpx:TrackPointExtension>
            <gpxtpx:hr>128</gpxtpx:hr>
          </gpxtpx:TrackPointExtension>
        </extensions>
      </trkpt>
      <trkpt lat="37.84905219602618" lon="112.02118843902866">
        <ele>1159.0</ele>
        <time>2021-09-21T01:10:56Z</time>
        <extensions>
          <gpxtpx:TrackPointExtension>
            <gpxtpx:hr>132</gpxtpx:hr>
          </gpxtpx:TrackPointExtension>
        </extensions>
      </trkpt>
      <trkpt lat="37.849051825669335" lon="112.02132400213402">
        <ele>1159.199951171875</ele>
        <time>2021-09-21T01:11:05Z</time>
        <extensions>
          <gpxtpx:TrackPointExtension>
            <gpxtpx:hr>136</gpxtpx:hr>
          </gpxtpx:TrackPointExtension>
        </extensions>
      </trkpt>
      <trkpt lat="37.84902858519447" lon="112.0214107256851">
        <ele>1158.800048828125</ele>
        <time>2021-09-21T01:11:10Z</time>
        <extensions>
          <gpxtpx:TrackPointExtension>
            <gpxtpx:hr>130</gpxtpx:hr>
          </gpxtpx:TrackPointExtension>
        </extensions>
      </trkpt>
      <trkpt lat="37.849027378393444" lon="112.02148648207434">
        <ele>1158.800048828125</ele>
        <time>2021-09-21T01:11:15Z</time>
        <extensions>
          <gpxtpx:TrackPointExtension>
            <gpxtpx:hr>124</gpxtpx:hr>
          </gpxtpx:TrackPointExtension>
        </extensions>
      </trkpt>
      <trkpt lat="37.84902619073682" lon="112.02155526105501">
        <ele>1158.800048828125</ele>
        <time>2021-09-21T01:11:19Z</time>
        <extensions>
          <gpxtpx:TrackPointExtension>
            <gpxtpx:hr>121</gpxtpx:hr>
          </gpxtpx:TrackPointExtension>
        </extensions>
      </trkpt>
      <trkpt lat="37.84902998228794" lon="112.02163201395678">
        <ele>1158.5999755859375</ele>
        <time>2021-09-21T01:11:23Z</time>
        <extensions>
          <gpxtpx:TrackPointExtension>
            <gpxtpx:hr>119</gpxtpx:hr>
          </gpxtpx:TrackPointExtension>
        </extensions>
      </trkpt>
      <trkpt lat="37.84904261812958" lon="112.02176658042384">
        <ele>1158.5999755859375</ele>
        <time>2021-09-21T01:11:31Z</time>
        <extensions>
          <gpxtpx:TrackPointExtension>
            <gpxtpx:hr>116</gpxtpx:hr>
          </gpxtpx:TrackPointExtension>
        </extensions>
      </trkpt>
      <trkpt lat="37.84906642416874" lon="112.021839344176">
        <ele>1158.4000244140625</ele>
        <time>2021-09-21T01:11:35Z</time>
        <extensions>
          <gpxtpx:TrackPointExtension>
            <gpxtpx:hr>120</gpxtpx:hr>
          </gpxtpx:TrackPointExtension>
        </extensions>
      </trkpt>
      <trkpt lat="37.849068026359475" lon="112.02198587447116">
        <ele>1158.0</ele>
        <time>2021-09-21T01:11:40Z</time>
        <extensions>
          <gpxtpx:TrackPointExtension>
            <gpxtpx:hr>120</gpxtpx:hr>
          </gpxtpx:TrackPointExtension>
        </extensions>
      </trkpt>
      <trkpt lat="37.849089602586076" lon="112.02214336793297">
        <ele>1158.0</ele>
        <time>2021-09-21T01:11:45Z</time>
        <extensions>
          <gpxtpx:TrackPointExtension>
            <gpxtpx:hr>114</gpxtpx:hr>
          </gpxtpx:TrackPointExtension>
        </extensions>
      </trkpt>
      <trkpt lat="37.84906175589481" lon="112.02245437827327">
        <ele>1157.800048828125</ele>
        <time>2021-09-21T01:11:54Z</time>
        <extensions>
          <gpxtpx:TrackPointExtension>
            <gpxtpx:hr>114</gpxtpx:hr>
          </gpxtpx:TrackPointExtension>
        </extensions>
      </trkpt>
      <trkpt lat="37.849059375664915" lon="112.022594930735">
        <ele>1157.800048828125</ele>
        <time>2021-09-21T01:11:58Z</time>
        <extensions>
          <gpxtpx:TrackPointExtension>
            <gpxtpx:hr>118</gpxtpx:hr>
          </gpxtpx:TrackPointExtension>
        </extensions>
      </trkpt>
      <trkpt lat="37.84905998563064" lon="112.0227394707453">
        <ele>1157.800048828125</ele>
        <time>2021-09-21T01:12:02Z</time>
        <extensions>
          <gpxtpx:TrackPointExtension>
            <gpxtpx:hr>121</gpxtpx:hr>
          </gpxtpx:TrackPointExtension>
        </extensions>
      </trkpt>
      <trkpt lat="37.849073348526176" lon="112.02297671559532">
        <ele>1157.5999755859375</ele>
        <time>2021-09-21T01:12:08Z</time>
        <extensions>
          <gpxtpx:TrackPointExtension>
            <gpxtpx:hr>127</gpxtpx:hr>
          </gpxtpx:TrackPointExtension>
        </extensions>
      </trkpt>
      <trkpt lat="37.84907295694628" lon="112.02312225421906">
        <ele>1157.5999755859375</ele>
        <time>2021-09-21T01:12:12Z</time>
        <extensions>
          <gpxtpx:TrackPointExtension>
            <gpxtpx:hr>130</gpxtpx:hr>
          </gpxtpx:TrackPointExtension>
        </extensions>
      </trkpt>
      <trkpt lat="37.849050468584586" lon="112.02330268576834">
        <ele>1157.5999755859375</ele>
        <time>2021-09-21T01:12:19Z</time>
        <extensions>
          <gpxtpx:TrackPointExtension>
            <gpxtpx:hr>133</gpxtpx:hr>
          </gpxtpx:TrackPointExtension>
        </extensions>
      </trkpt>
      <trkpt lat="37.8490291067625" lon="112.0234362661283">
        <ele>1157.5999755859375</ele>
        <time>2021-09-21T01:12:27Z</time>
        <extensions>
          <gpxtpx:TrackPointExtension>
            <gpxtpx:hr>138</gpxtpx:hr>
          </gpxtpx:TrackPointExtension>
        </extensions>
      </trkpt>
      <trkpt lat="37.84903287229765" lon="112.02352398870246">
        <ele>1157.5999755859375</ele>
        <time>2021-09-21T01:12:33Z</time>
        <extensions>
          <gpxtpx:TrackPointExtension>
            <gpxtpx:hr>138</gpxtpx:hr>
          </gpxtpx:TrackPointExtension>
        </extensions>
      </trkpt>
      <trkpt lat="37.84900559557553" lon="112.02362567123451">
        <ele>1158.0</ele>
        <time>2021-09-21T01:12:39Z</time>
        <extensions>
          <gpxtpx:TrackPointExtension>
            <gpxtpx:hr>135</gpxtpx:hr>
          </gpxtpx:TrackPointExtension>
        </extensions>
      </trkpt>
      <trkpt lat="37.84903142111356" lon="112.02369245762073">
        <ele>1157.5999755859375</ele>
        <time>2021-09-21T01:12:43Z</time>
        <extensions>
          <gpxtpx:TrackPointExtension>
            <gpxtpx:hr>130</gpxtpx:hr>
          </gpxtpx:TrackPointExtension>
        </extensions>
      </trkpt>
      <trkpt lat="37.84901217009561" lon="112.0237851679559">
        <ele>1157.5999755859375</ele>
        <time>2021-09-21T01:12:49Z</time>
        <extensions>
          <gpxtpx:TrackPointExtension>
            <gpxtpx:hr>122</gpxtpx:hr>
          </gpxtpx:TrackPointExtension>
        </extensions>
      </trkpt>
      <trkpt lat="37.848993882180494" lon="112.02389183454913">
        <ele>1157.800048828125</ele>
        <time>2021-09-21T01:12:55Z</time>
        <extensions>
          <gpxtpx:TrackPointExtension>
            <gpxtpx:hr>116</gpxtpx:hr>
          </gpxtpx:TrackPointExtension>
        </extensions>
      </trkpt>
      <trkpt lat="37.84900558882298" lon="112.02400248536506">
        <ele>1157.5999755859375</ele>
        <time>2021-09-21T01:13:01Z</time>
        <extensions>
          <gpxtpx:TrackPointExtension>
            <gpxtpx:hr>115</gpxtpx:hr>
          </gpxtpx:TrackPointExtension>
        </extensions>
      </trkpt>
      <trkpt lat="37.84899343266015" lon="112.02406030525393">
        <ele>1158.0</ele>
        <time>2021-09-21T01:13:05Z</time>
        <extensions>
          <gpxtpx:TrackPointExtension>
            <gpxtpx:hr>112</gpxtpx:hr>
          </gpxtpx:TrackPointExtension>
        </extensions>
      </trkpt>
      <trkpt lat="37.848980148934274" lon="112.02416597528045">
        <ele>1157.5999755859375</ele>
        <time>2021-09-21T01:13:11Z</time>
        <extensions>
          <gpxtpx:TrackPointExtension>
            <gpxtpx:hr>105</gpxtpx:hr>
          </gpxtpx:TrackPointExtension>
        </extensions>
      </trkpt>
      <trkpt lat="37.84898795116934" lon="112.02424073995225">
        <ele>1157.5999755859375</ele>
        <time>2021-09-21T01:13:15Z</time>
        <extensions>
          <gpxtpx:TrackPointExtension>
            <gpxtpx:hr>105</gpxtpx:hr>
          </gpxtpx:TrackPointExtension>
        </extensions>
      </trkpt>
      <trkpt lat="37.84898678123516" lon="112.02430454021685">
        <ele>1157.5999755859375</ele>
        <time>2021-09-21T01:13:19Z</time>
        <extensions>
          <gpxtpx:TrackPointExtension>
            <gpxtpx:hr>102</gpxtpx:hr>
          </gpxtpx:TrackPointExtension>
        </extensions>
      </trkpt>
      <trkpt lat="37.84899856318074" lon="112.02438727977675">
        <ele>1157.5999755859375</ele>
        <time>2021-09-21T01:13:23Z</time>
        <extensions>
          <gpxtpx:TrackPointExtension>
            <gpxtpx:hr>99</gpxtpx:hr>
          </gpxtpx:TrackPointExtension>
        </extensions>
      </trkpt>
      <trkpt lat="37.8490461024116" lon="112.02456372240371">
        <ele>1157.4000244140625</ele>
        <time>2021-09-21T01:13:33Z</time>
        <extensions>
          <gpxtpx:TrackPointExtension>
            <gpxtpx:hr>99</gpxtpx:hr>
          </gpxtpx:TrackPointExtension>
        </extensions>
      </trkpt>
      <trkpt lat="37.84900964448682" lon="112.02473419475163">
        <ele>1157.5999755859375</ele>
        <time>2021-09-21T01:13:42Z</time>
        <extensions>
          <gpxtpx:TrackPointExtension>
            <gpxtpx:hr>105</gpxtpx:hr>
          </gpxtpx:TrackPointExtension>
        </extensions>
      </trkpt>
      <trkpt lat="37.84900822994491" lon="112.02489070725639">
        <ele>1157.199951171875</ele>
        <time>2021-09-21T01:13:51Z</time>
        <extensions>
          <gpxtpx:TrackPointExtension>
            <gpxtpx:hr>102</gpxtpx:hr>
          </gpxtpx:TrackPointExtension>
        </extensions>
      </trkpt>
      <trkpt lat="37.849002044403704" lon="112.02496049081964">
        <ele>1157.199951171875</ele>
        <time>2021-09-21T01:13:55Z</time>
        <extensions>
          <gpxtpx:TrackPointExtension>
            <gpxtpx:hr>100</gpxtpx:hr>
          </gpxtpx:TrackPointExtension>
        </extensions>
      </trkpt>
      <trkpt lat="37.848970415368775" lon="112.02519676046242">
        <ele>1156.800048828125</ele>
        <time>2021-09-21T01:14:08Z</time>
        <extensions>
          <gpxtpx:TrackPointExtension>
            <gpxtpx:hr>101</gpxtpx:hr>
          </gpxtpx:TrackPointExtension>
        </extensions>
      </trkpt>
      <trkpt lat="37.848977174685274" lon="112.02528847514161">
        <ele>1156.5999755859375</ele>
        <time>2021-09-21T01:14:14Z</time>
        <extensions>
          <gpxtpx:TrackPointExtension>
            <gpxtpx:hr>99</gpxtpx:hr>
          </gpxtpx:TrackPointExtension>
        </extensions>
      </trkpt>
      <trkpt lat="37.84897494323949" lon="112.02537620352359">
        <ele>1156.4000244140625</ele>
        <time>2021-09-21T01:14:18Z</time>
        <extensions>
          <gpxtpx:TrackPointExtension>
            <gpxtpx:hr>99</gpxtpx:hr>
          </gpxtpx:TrackPointExtension>
        </extensions>
      </trkpt>
      <trkpt lat="37.84896172067754" lon="112.02545994581578">
        <ele>1156.4000244140625</ele>
        <time>2021-09-21T01:14:23Z</time>
        <extensions>
          <gpxtpx:TrackPointExtension>
            <gpxtpx:hr>100</gpxtpx:hr>
          </gpxtpx:TrackPointExtension>
        </extensions>
      </trkpt>
      <trkpt lat="37.84893642818923" lon="112.025569609642">
        <ele>1156.5999755859375</ele>
        <time>2021-09-21T01:14:30Z</time>
        <extensions>
          <gpxtpx:TrackPointExtension>
            <gpxtpx:hr>102</gpxtpx:hr>
          </gpxtpx:TrackPointExtension>
        </extensions>
      </trkpt>
      <trkpt lat="37.848912075974255" lon="112.02570220294847">
        <ele>1156.199951171875</ele>
        <time>2021-09-21T01:14:37Z</time>
        <extensions>
          <gpxtpx:TrackPointExtension>
            <gpxtpx:hr>103</gpxtpx:hr>
          </gpxtpx:TrackPointExtension>
        </extensions>
      </trkpt>
      <trkpt lat="37.84892383205822" lon="112.02579591237357">
        <ele>1156.199951171875</ele>
        <time>2021-09-21T01:14:43Z</time>
        <extensions>
          <gpxtpx:TrackPointExtension>
            <gpxtpx:hr>104</gpxtpx:hr>
          </gpxtpx:TrackPointExtension>
        </extensions>
      </trkpt>
      <trkpt lat="37.84892448731954" lon="112.0259275067199">
        <ele>1156.0</ele>
        <time>2021-09-21T01:14:50Z</time>
        <extensions>
          <gpxtpx:TrackPointExtension>
            <gpxtpx:hr>103</gpxtpx:hr>
          </gpxtpx:TrackPointExtension>
        </extensions>
      </trkpt>
      <trkpt lat="37.84890317854049" lon="112.02604415026676">
        <ele>1156.199951171875</ele>
        <time>2021-09-21T01:14:57Z</time>
        <extensions>
          <gpxtpx:TrackPointExtension>
            <gpxtpx:hr>102</gpxtpx:hr>
          </gpxtpx:TrackPointExtension>
        </extensions>
      </trkpt>
      <trkpt lat="37.84891686803314" lon="112.02616378086435">
        <ele>1156.0</ele>
        <time>2021-09-21T01:15:05Z</time>
        <extensions>
          <gpxtpx:TrackPointExtension>
            <gpxtpx:hr>101</gpxtpx:hr>
          </gpxtpx:TrackPointExtension>
        </extensions>
      </trkpt>
      <trkpt lat="37.848925684608034" lon="112.02623456243627">
        <ele>1155.5999755859375</ele>
        <time>2021-09-21T01:15:09Z</time>
        <extensions>
          <gpxtpx:TrackPointExtension>
            <gpxtpx:hr>99</gpxtpx:hr>
          </gpxtpx:TrackPointExtension>
        </extensions>
      </trkpt>
      <trkpt lat="37.84892354634068" lon="112.02628740053991">
        <ele>1155.4000244140625</ele>
        <time>2021-09-21T01:15:13Z</time>
        <extensions>
          <gpxtpx:TrackPointExtension>
            <gpxtpx:hr>97</gpxtpx:hr>
          </gpxtpx:TrackPointExtension>
        </extensions>
      </trkpt>
      <trkpt lat="37.84892347869871" lon="112.02631332103472">
        <ele>1155.199951171875</ele>
        <time>2021-09-21T01:15:17Z</time>
        <extensions>
          <gpxtpx:TrackPointExtension>
            <gpxtpx:hr>97</gpxtpx:hr>
          </gpxtpx:TrackPointExtension>
        </extensions>
      </trkpt>
      <trkpt lat="37.84892420327216" lon="112.02641899700741">
        <ele>1155.199951171875</ele>
        <time>2021-09-21T01:15:24Z</time>
        <extensions>
          <gpxtpx:TrackPointExtension>
            <gpxtpx:hr>98</gpxtpx:hr>
          </gpxtpx:TrackPointExtension>
        </extensions>
      </trkpt>
      <trkpt lat="37.84891689308203" lon="112.02653763465754">
        <ele>1155.0</ele>
        <time>2021-09-21T01:15:30Z</time>
        <extensions>
          <gpxtpx:TrackPointExtension>
            <gpxtpx:hr>95</gpxtpx:hr>
          </gpxtpx:TrackPointExtension>
        </extensions>
      </trkpt>
      <trkpt lat="37.84890336979014" lon="112.02673802382378">
        <ele>1154.5999755859375</ele>
        <time>2021-09-21T01:15:43Z</time>
        <extensions>
          <gpxtpx:TrackPointExtension>
            <gpxtpx:hr>95</gpxtpx:hr>
          </gpxtpx:TrackPointExtension>
        </extensions>
      </trkpt>
      <trkpt lat="37.84890098122278" lon="112.0268875679237">
        <ele>1154.4000244140625</ele>
        <time>2021-09-21T01:15:53Z</time>
        <extensions>
          <gpxtpx:TrackPointExtension>
            <gpxtpx:hr>95</gpxtpx:hr>
          </gpxtpx:TrackPointExtension>
        </extensions>
      </trkpt>
      <trkpt lat="37.84888961242964" lon="112.02702913812304">
        <ele>1154.199951171875</ele>
        <time>2021-09-21T01:16:03Z</time>
        <extensions>
          <gpxtpx:TrackPointExtension>
            <gpxtpx:hr>95</gpxtpx:hr>
          </gpxtpx:TrackPointExtension>
        </extensions>
      </trkpt>
      <trkpt lat="37.848878440234316" lon="112.0270949392936">
        <ele>1154.199951171875</ele>
        <time>2021-09-21T01:16:08Z</time>
        <extensions>
          <gpxtpx:TrackPointExtension>
            <gpxtpx:hr>94</gpxtpx:hr>
          </gpxtpx:TrackPointExtension>
        </extensions>
      </trkpt>
      <trkpt lat="37.84886403822706" lon="112.02724947149599">
        <ele>1154.0</ele>
        <time>2021-09-21T01:16:18Z</time>
        <extensions>
          <gpxtpx:TrackPointExtension>
            <gpxtpx:hr>92</gpxtpx:hr>
          </gpxtpx:TrackPointExtension>
        </extensions>
      </trkpt>
      <trkpt lat="37.84884161496411" lon="112.02741198129964">
        <ele>1153.800048828125</ele>
        <time>2021-09-21T01:16:27Z</time>
        <extensions>
          <gpxtpx:TrackPointExtension>
            <gpxtpx:hr>92</gpxtpx:hr>
          </gpxtpx:TrackPointExtension>
        </extensions>
      </trkpt>
      <trkpt lat="37.84883826229948" lon="112.02754856812378">
        <ele>1153.5999755859375</ele>
        <time>2021-09-21T01:16:35Z</time>
        <extensions>
          <gpxtpx:TrackPointExtension>
            <gpxtpx:hr>96</gpxtpx:hr>
          </gpxtpx:TrackPointExtension>
        </extensions>
      </trkpt>
      <trkpt lat="37.848847773787305" lon="112.02773899144441">
        <ele>1153.4000244140625</ele>
        <time>2021-09-21T01:16:46Z</time>
        <extensions>
          <gpxtpx:TrackPointExtension>
            <gpxtpx:hr>96</gpxtpx:hr>
          </gpxtpx:TrackPointExtension>
        </extensions>
      </trkpt>
      <trkpt lat="37.84883857242693" lon="112.02781675787188">
        <ele>1153.199951171875</ele>
        <time>2021-09-21T01:16:51Z</time>
        <extensions>
          <gpxtpx:TrackPointExtension>
            <gpxtpx:hr>95</gpxtpx:hr>
          </gpxtpx:TrackPointExtension>
        </extensions>
      </trkpt>
      <trkpt lat="37.848846389372824" lon="112.0278885404887">
        <ele>1153.4000244140625</ele>
        <time>2021-09-21T01:16:57Z</time>
        <extensions>
          <gpxtpx:TrackPointExtension>
            <gpxtpx:hr>95</gpxtpx:hr>
          </gpxtpx:TrackPointExtension>
        </extensions>
      </trkpt>
      <trkpt lat="37.84883522380736" lon="112.02795234958631">
        <ele>1153.199951171875</ele>
        <time>2021-09-21T01:17:08Z</time>
        <extensions>
          <gpxtpx:TrackPointExtension>
            <gpxtpx:hr>96</gpxtpx:hr>
          </gpxtpx:TrackPointExtension>
        </extensions>
      </trkpt>
      <trkpt lat="37.84883694037012" lon="112.0280630162864">
        <ele>1152.800048828125</ele>
        <time>2021-09-21T01:17:16Z</time>
        <extensions>
          <gpxtpx:TrackPointExtension>
            <gpxtpx:hr>94</gpxtpx:hr>
          </gpxtpx:TrackPointExtension>
        </extensions>
      </trkpt>
      <trkpt lat="37.848823800312424" lon="112.02811685597403">
        <ele>1152.800048828125</ele>
        <time>2021-09-21T01:17:20Z</time>
        <extensions>
          <gpxtpx:TrackPointExtension>
            <gpxtpx:hr>90</gpxtpx:hr>
          </gpxtpx:TrackPointExtension>
        </extensions>
      </trkpt>
      <trkpt lat="37.84882264188444" lon="112.02817867035976">
        <ele>1152.5999755859375</ele>
        <time>2021-09-21T01:17:24Z</time>
        <extensions>
          <gpxtpx:TrackPointExtension>
            <gpxtpx:hr>88</gpxtpx:hr>
          </gpxtpx:TrackPointExtension>
        </extensions>
      </trkpt>
      <trkpt lat="37.84882132805308" lon="112.02830130239776">
        <ele>1152.5999755859375</ele>
        <time>2021-09-21T01:17:32Z</time>
        <extensions>
          <gpxtpx:TrackPointExtension>
            <gpxtpx:hr>90</gpxtpx:hr>
          </gpxtpx:TrackPointExtension>
        </extensions>
      </trkpt>
      <trkpt lat="37.84881820017179" lon="112.0283511532807">
        <ele>1152.5999755859375</ele>
        <time>2021-09-21T01:17:36Z</time>
        <extensions>
          <gpxtpx:TrackPointExtension>
            <gpxtpx:hr>91</gpxtpx:hr>
          </gpxtpx:TrackPointExtension>
        </extensions>
      </trkpt>
      <trkpt lat="37.84880400946594" lon="112.028424933896">
        <ele>1152.5999755859375</ele>
        <time>2021-09-21T01:17:40Z</time>
        <extensions>
          <gpxtpx:TrackPointExtension>
            <gpxtpx:hr>93</gpxtpx:hr>
          </gpxtpx:TrackPointExtension>
        </extensions>
      </trkpt>
      <trkpt lat="37.84878675230688" lon="112.0285246375002">
        <ele>1152.5999755859375</ele>
        <time>2021-09-21T01:17:47Z</time>
        <extensions>
          <gpxtpx:TrackPointExtension>
            <gpxtpx:hr>93</gpxtpx:hr>
          </gpxtpx:TrackPointExtension>
        </extensions>
      </trkpt>
      <trkpt lat="37.84879938354112" lon="112.02867020083434">
        <ele>1152.5999755859375</ele>
        <time>2021-09-21T01:17:57Z</time>
        <extensions>
          <gpxtpx:TrackPointExtension>
            <gpxtpx:hr>92</gpxtpx:hr>
          </gpxtpx:TrackPointExtension>
        </extensions>
      </trkpt>
      <trkpt lat="37.8488032877577" lon="112.02870808722884">
        <ele>1152.800048828125</ele>
        <time>2021-09-21T01:18:03Z</time>
        <extensions>
          <gpxtpx:TrackPointExtension>
            <gpxtpx:hr>92</gpxtpx:hr>
          </gpxtpx:TrackPointExtension>
        </extensions>
      </trkpt>
      <trkpt lat="37.84881124593756" lon="112.02872503567428">
        <ele>1152.4000244140625</ele>
        <time>2021-09-21T01:18:12Z</time>
        <extensions>
          <gpxtpx:TrackPointExtension>
            <gpxtpx:hr>93</gpxtpx:hr>
          </gpxtpx:TrackPointExtension>
        </extensions>
      </trkpt>
      <trkpt lat="37.84881124847445" lon="112.02872403865001">
        <ele>1152.199951171875</ele>
        <time>2021-09-21T01:18:38Z</time>
        <extensions>
          <gpxtpx:TrackPointExtension>
            <gpxtpx:hr>93</gpxtpx:hr>
          </gpxtpx:TrackPointExtension>
        </extensions>
      </trkpt>
      <trkpt lat="37.84881125101137" lon="112.02872304162577">
        <ele>1152.4000244140625</ele>
        <time>2021-09-21T01:18:44Z</time>
        <extensions>
          <gpxtpx:TrackPointExtension>
            <gpxtpx:hr>92</gpxtpx:hr>
          </gpxtpx:TrackPointExtension>
        </extensions>
      </trkpt>
    </trkseg>
  </trk>
</gpx>