<?xml version="1.0" encoding="UTF-8"?>
<gpx xmlns="http://www.topografix.com/GPX/1/1" xmlns:gpxtpx="http://www.garmin.com/xmlschemas/TrackPointExtension/v1" xmlns:xsi="http://www.w3.org/2001/XMLSchema-instance" xsi:schemaLocation="http://www.topografix.com/GPX/1/1 http://www.topografix.com/GPX/1/1/gpx.xsd" version="1.1" creator="gpx.py -- https://github.com/tkrajina/gpxpy">
  <trk>
    <name>gpx from keep</name>
    <type>Run</type>
    <trkseg>
      <trkpt lat="37.84735904458077" lon="112.02831706089255">
        <ele>1098.0</ele>
        <time>2018-10-31T08:10:09.085000Z</time>
      </trkpt>
      <trkpt lat="37.84739815161468" lon="112.02777290335356">
        <ele>1103.0</ele>
        <time>2018-10-31T08:10:11.985000Z</time>
      </trkpt>
      <trkpt lat="37.84742186735853" lon="112.0275587710059">
        <ele>1104.0</ele>
        <time>2018-10-31T08:10:17.985000Z</time>
      </trkpt>
      <trkpt lat="37.84744235403177" lon="112.027570330816">
        <ele>1106.0</ele>
        <time>2018-10-31T08:10:20.985000Z</time>
      </trkpt>
      <trkpt lat="37.84752522390822" lon="112.02741562492136">
        <ele>1106.0</ele>
        <time>2018-10-31T08:10:26.985000Z</time>
      </trkpt>
      <trkpt lat="37.84760397082622" lon="112.02718276009315">
        <ele>1107.0</ele>
        <time>2018-10-31T08:10:32.985000Z</time>
      </trkpt>
      <trkpt lat="37.8476439169513" lon="112.02700569060698">
        <ele>1106.0</ele>
        <time>2018-10-31T08:10:38.885000Z</time>
      </trkpt>
      <trkpt lat="37.847610561573156" lon="112.02694260445305">
        <ele>1105.0</ele>
        <time>2018-10-31T08:10:41.985000Z</time>
      </trkpt>
      <trkpt lat="37.84764783433955" lon="112.02680864653452">
        <ele>1104.0</ele>
        <time>2018-10-31T08:10:47.985000Z</time>
      </trkpt>
      <trkpt lat="37.84774081149525" lon="112.02672569384848">
        <ele>1104.0</ele>
        <time>2018-10-31T08:10:53.985000Z</time>
      </trkpt>
      <trkpt lat="37.847817988627824" lon="112.02657342633849">
        <ele>1105.0</ele>
        <time>2018-10-31T08:10:59.985000Z</time>
      </trkpt>
      <trkpt lat="37.8478968562851" lon="112.02650147984394">
        <ele>1106.0</ele>
        <time>2018-10-31T08:11:02.985000Z</time>
      </trkpt>
      <trkpt lat="37.84796064269807" lon="112.02649065459504">
        <ele>1104.0</ele>
        <time>2018-10-31T08:11:05.985000Z</time>
      </trkpt>
      <trkpt lat="37.84829045629743" lon="112.0265295582579">
        <ele>1105.0</ele>
        <time>2018-10-31T08:11:20.985000Z</time>
      </trkpt>
      <trkpt lat="37.848429587818195" lon="112.02654928364615">
        <ele>1104.0</ele>
        <time>2018-10-31T08:11:26.985000Z</time>
      </trkpt>
      <trkpt lat="37.848496896363486" lon="112.02654035103599">
        <ele>1103.0</ele>
        <time>2018-10-31T08:11:30.085000Z</time>
      </trkpt>
      <trkpt lat="37.848650015077084" lon="112.0266065904819">
        <ele>1100.0</ele>
        <time>2018-10-31T08:11:35.985000Z</time>
      </trkpt>
      <trkpt lat="37.84881883715611" lon="112.026581148789">
        <ele>1102.0</ele>
        <time>2018-10-31T08:11:41.985000Z</time>
      </trkpt>
      <trkpt lat="37.84891500975406" lon="112.02632367917649">
        <ele>1102.0</ele>
        <time>2018-10-31T08:11:50.985000Z</time>
      </trkpt>
      <trkpt lat="37.84899752645979" lon="112.02620521765455">
        <ele>1103.0</ele>
        <time>2018-10-31T08:11:56.985000Z</time>
      </trkpt>
      <trkpt lat="37.849093385561524" lon="112.02615797179634">
        <ele>1103.0</ele>
        <time>2018-10-31T08:12:02.985000Z</time>
      </trkpt>
      <trkpt lat="37.84922130746953" lon="112.02599041556881">
        <ele>1104.0</ele>
        <time>2018-10-31T08:12:11.985000Z</time>
      </trkpt>
      <trkpt lat="37.84926707945663" lon="112.02595060839049">
        <ele>1105.0</ele>
        <time>2018-10-31T08:12:14.985000Z</time>
      </trkpt>
      <trkpt lat="37.849302030870675" lon="112.02585580857982">
        <ele>1106.0</ele>
        <time>2018-10-31T08:12:17.985000Z</time>
      </trkpt>
      <trkpt lat="37.849170669115644" lon="112.025566469647">
        <ele>1103.0</ele>
        <time>2018-10-31T08:12:20.985000Z</time>
      </trkpt>
      <trkpt lat="37.84907822208367" lon="112.02533075921828">
        <ele>1098.0</ele>
        <time>2018-10-31T08:12:26.985000Z</time>
      </trkpt>
      <trkpt lat="37.849008434753635" lon="112.02504003067102">
        <ele>1102.0</ele>
        <time>2018-10-31T08:12:32.985000Z</time>
      </trkpt>
      <trkpt lat="37.84899592062935" lon="112.02488865930754">
        <ele>1102.0</ele>
        <time>2018-10-31T08:12:35.985000Z</time>
      </trkpt>
      <trkpt lat="37.84901158642961" lon="112.02477950551409">
        <ele>1102.0</ele>
        <time>2018-10-31T08:12:38.985000Z</time>
      </trkpt>
      <trkpt lat="37.84897349090853" lon="112.02461698539403">
        <ele>1102.0</ele>
        <time>2018-10-31T08:12:44.985000Z</time>
      </trkpt>
      <trkpt lat="37.849010033460345" lon="112.02444669565698">
        <ele>1104.0</ele>
        <time>2018-10-31T08:12:50.985000Z</time>
      </trkpt>
      <trkpt lat="37.84902301313049" lon="112.0243290931938">
        <ele>1106.0</ele>
        <time>2018-10-31T08:12:53.985000Z</time>
      </trkpt>
      <trkpt lat="37.84902749597105" lon="112.02407879545528">
        <ele>1105.0</ele>
        <time>2018-10-31T08:12:59.985000Z</time>
      </trkpt>
      <trkpt lat="37.849063652215904" lon="112.02386051411695">
        <ele>1105.0</ele>
        <time>2018-10-31T08:13:05.985000Z</time>
      </trkpt>
      <trkpt lat="37.84906921076043" lon="112.02365360524796">
        <ele>1105.0</ele>
        <time>2018-10-31T08:13:11.985000Z</time>
      </trkpt>
      <trkpt lat="37.84904703192421" lon="112.02354527540354">
        <ele>1105.0</ele>
        <time>2018-10-31T08:13:14.985000Z</time>
      </trkpt>
      <trkpt lat="37.84900205348437" lon="112.02347148918192">
        <ele>1104.0</ele>
        <time>2018-10-31T08:13:17.985000Z</time>
      </trkpt>
      <trkpt lat="37.848999419188694" lon="112.02337050254062">
        <ele>1104.0</ele>
        <time>2018-10-31T08:13:20.985000Z</time>
      </trkpt>
      <trkpt lat="37.84909212016579" lon="112.02319261053212">
        <ele>1100.0</ele>
        <time>2018-10-31T08:13:26.985000Z</time>
      </trkpt>
      <trkpt lat="37.849101851802615" lon="112.0230820850605">
        <ele>1101.0</ele>
        <time>2018-10-31T08:13:29.985000Z</time>
      </trkpt>
      <trkpt lat="37.84907235900855" lon="112.02295148068146">
        <ele>1099.0</ele>
        <time>2018-10-31T08:13:32.985000Z</time>
      </trkpt>
      <trkpt lat="37.84911206365539" lon="112.02281859431518">
        <ele>1093.0</ele>
        <time>2018-10-31T08:13:38.985000Z</time>
      </trkpt>
      <trkpt lat="37.8491066994838" lon="112.02239146369902">
        <ele>1091.0</ele>
        <time>2018-10-31T08:13:50.985000Z</time>
      </trkpt>
      <trkpt lat="37.849069867828334" lon="112.02216649212532">
        <ele>1093.0</ele>
        <time>2018-10-31T08:13:56.985000Z</time>
      </trkpt>
      <trkpt lat="37.84912032904124" lon="112.02176791444401">
        <ele>1090.0</ele>
        <time>2018-10-31T08:14:08.985000Z</time>
      </trkpt>
      <trkpt lat="37.84909558795824" lon="112.02148805474204">
        <ele>1089.0</ele>
        <time>2018-10-31T08:14:17.985000Z</time>
      </trkpt>
      <trkpt lat="37.84910024023962" lon="112.0213739465715">
        <ele>1089.0</ele>
        <time>2018-10-31T08:14:20.985000Z</time>
      </trkpt>
      <trkpt lat="37.84907714145053" lon="112.02128823368011">
        <ele>1093.0</ele>
        <time>2018-10-31T08:14:23.985000Z</time>
      </trkpt>
      <trkpt lat="37.84906878753767" lon="112.02116817902676">
        <ele>1096.0</ele>
        <time>2018-10-31T08:14:26.985000Z</time>
      </trkpt>
      <trkpt lat="37.84901883400529" lon="112.02098161285294">
        <ele>1096.0</ele>
        <time>2018-10-31T08:14:32.985000Z</time>
      </trkpt>
      <trkpt lat="37.84909677447803" lon="112.02071689832749">
        <ele>1093.0</ele>
        <time>2018-10-31T08:14:41.985000Z</time>
      </trkpt>
      <trkpt lat="37.84910761501868" lon="112.02056330555683">
        <ele>1092.0</ele>
        <time>2018-10-31T08:14:44.985000Z</time>
      </trkpt>
      <trkpt lat="37.849085524303284" lon="112.0202104502498">
        <ele>1095.0</ele>
        <time>2018-10-31T08:14:53.985000Z</time>
      </trkpt>
      <trkpt lat="37.84909448947233" lon="112.02010770190937">
        <ele>1096.0</ele>
        <time>2018-10-31T08:14:56.985000Z</time>
      </trkpt>
      <trkpt lat="37.84906647023448" lon="112.01993790252838">
        <ele>1098.0</ele>
        <time>2018-10-31T08:15:02.985000Z</time>
      </trkpt>
      <trkpt lat="37.84909978976976" lon="112.01976025542281">
        <ele>1099.0</ele>
        <time>2018-10-31T08:15:08.985000Z</time>
      </trkpt>
      <trkpt lat="37.849130948237494" lon="112.01967363223936">
        <ele>1094.0</ele>
        <time>2018-10-31T08:15:14.985000Z</time>
      </trkpt>
      <trkpt lat="37.84911245659208" lon="112.01959477889963">
        <ele>1095.0</ele>
        <time>2018-10-31T08:15:17.985000Z</time>
      </trkpt>
      <trkpt lat="37.84907089693832" lon="112.01951448010288">
        <ele>1096.0</ele>
        <time>2018-10-31T08:15:20.985000Z</time>
      </trkpt>
      <trkpt lat="37.84906219013652" lon="112.01942552530964">
        <ele>1095.0</ele>
        <time>2018-10-31T08:15:23.985000Z</time>
      </trkpt>
      <trkpt lat="37.84907163289719" lon="112.0193468430512">
        <ele>1095.0</ele>
        <time>2018-10-31T08:15:26.985000Z</time>
      </trkpt>
      <trkpt lat="37.84911062176776" lon="112.01927789113377">
        <ele>1094.0</ele>
        <time>2018-10-31T08:15:29.985000Z</time>
      </trkpt>
      <trkpt lat="37.849121992484164" lon="112.01918893449546">
        <ele>1096.0</ele>
        <time>2018-10-31T08:15:32.985000Z</time>
      </trkpt>
      <trkpt lat="37.84912234937154" lon="112.01896289706855">
        <ele>1095.0</ele>
        <time>2018-10-31T08:15:38.985000Z</time>
      </trkpt>
      <trkpt lat="37.84919708595113" lon="112.01862545681253">
        <ele>1099.0</ele>
        <time>2018-10-31T08:15:47.985000Z</time>
      </trkpt>
      <trkpt lat="37.849180756288206" lon="112.01825504481141">
        <ele>1097.0</ele>
        <time>2018-10-31T08:15:59.985000Z</time>
      </trkpt>
      <trkpt lat="37.84921171005567" lon="112.01788571571943">
        <ele>1096.0</ele>
        <time>2018-10-31T08:16:08.985000Z</time>
      </trkpt>
      <trkpt lat="37.84925888634259" lon="112.01748366639119">
        <ele>1098.0</ele>
        <time>2018-10-31T08:16:20.985000Z</time>
      </trkpt>
      <trkpt lat="37.84929390016752" lon="112.01738200373815">
        <ele>1098.0</ele>
        <time>2018-10-31T08:16:24.085000Z</time>
      </trkpt>
      <trkpt lat="37.849306435439516" lon="112.01716976399535">
        <ele>1099.0</ele>
        <time>2018-10-31T08:16:29.985000Z</time>
      </trkpt>
      <trkpt lat="37.849337563863536" lon="112.01709919467699">
        <ele>1099.0</ele>
        <time>2018-10-31T08:16:32.985000Z</time>
      </trkpt>
      <trkpt lat="37.84935407839439" lon="112.01691939970028">
        <ele>1097.0</ele>
        <time>2018-10-31T08:16:38.985000Z</time>
      </trkpt>
      <trkpt lat="37.849339762672884" lon="112.01680071143227">
        <ele>1096.0</ele>
        <time>2018-10-31T08:16:41.985000Z</time>
      </trkpt>
      <trkpt lat="37.849396236700635" lon="112.01640246036041">
        <ele>1098.0</ele>
        <time>2018-10-31T08:16:54.085000Z</time>
      </trkpt>
      <trkpt lat="37.849429868229706" lon="112.01602368166174">
        <ele>1101.0</ele>
        <time>2018-10-31T08:17:05.985000Z</time>
      </trkpt>
      <trkpt lat="37.849429931726554" lon="112.015905805289">
        <ele>1101.0</ele>
        <time>2018-10-31T08:17:08.985000Z</time>
      </trkpt>
      <trkpt lat="37.84946927509101" lon="112.01571384664285">
        <ele>1102.0</ele>
        <time>2018-10-31T08:17:14.985000Z</time>
      </trkpt>
      <trkpt lat="37.84947152976427" lon="112.01558894159668">
        <ele>1103.0</ele>
        <time>2018-10-31T08:17:17.985000Z</time>
      </trkpt>
      <trkpt lat="37.84949762165157" lon="112.0154775518339">
        <ele>1103.0</ele>
        <time>2018-10-31T08:17:20.985000Z</time>
      </trkpt>
      <trkpt lat="37.849531716700625" lon="112.01541401423884">
        <ele>1101.0</ele>
        <time>2018-10-31T08:17:23.985000Z</time>
      </trkpt>
      <trkpt lat="37.849539039252505" lon="112.0152247651481">
        <ele>1100.0</ele>
        <time>2018-10-31T08:17:29.985000Z</time>
      </trkpt>
      <trkpt lat="37.849563214155275" lon="112.01511986502433">
        <ele>1099.0</ele>
        <time>2018-10-31T08:17:32.985000Z</time>
      </trkpt>
      <trkpt lat="37.84957565345815" lon="112.01475461764606">
        <ele>1103.0</ele>
        <time>2018-10-31T08:17:41.985000Z</time>
      </trkpt>
      <trkpt lat="37.84955995310285" lon="112.01436342311959">
        <ele>1105.0</ele>
        <time>2018-10-31T08:17:54.085000Z</time>
      </trkpt>
      <trkpt lat="37.84957162905612" lon="112.0142655555605">
        <ele>1106.0</ele>
        <time>2018-10-31T08:17:57.085000Z</time>
      </trkpt>
      <trkpt lat="37.84960983550772" lon="112.01418796111388">
        <ele>1106.0</ele>
        <time>2018-10-31T08:17:59.985000Z</time>
      </trkpt>
      <trkpt lat="37.849660622604105" lon="112.01388678860765">
        <ele>1104.0</ele>
        <time>2018-10-31T08:18:08.985000Z</time>
      </trkpt>
      <trkpt lat="37.849674789474925" lon="112.01348965031167">
        <ele>1104.0</ele>
        <time>2018-10-31T08:18:20.985000Z</time>
      </trkpt>
      <trkpt lat="37.84972086782086" lon="112.01322308663441">
        <ele>1105.0</ele>
        <time>2018-10-31T08:18:29.985000Z</time>
      </trkpt>
      <trkpt lat="37.84972277528117" lon="112.01312630399114">
        <ele>1105.0</ele>
        <time>2018-10-31T08:18:32.985000Z</time>
      </trkpt>
      <trkpt lat="37.84974396636433" lon="112.01302249036651">
        <ele>1103.0</ele>
        <time>2018-10-31T08:18:35.985000Z</time>
      </trkpt>
      <trkpt lat="37.84974885322572" lon="112.01283379206694">
        <ele>1104.0</ele>
        <time>2018-10-31T08:18:41.985000Z</time>
      </trkpt>
      <trkpt lat="37.849712708060935" lon="112.01257372995543">
        <ele>1105.0</ele>
        <time>2018-10-31T08:18:47.985000Z</time>
      </trkpt>
      <trkpt lat="37.849713545389235" lon="112.01247208263926">
        <ele>1105.0</ele>
        <time>2018-10-31T08:18:51.085000Z</time>
      </trkpt>
      <trkpt lat="37.849731442587455" lon="112.0123817876673">
        <ele>1106.0</ele>
        <time>2018-10-31T08:18:53.985000Z</time>
      </trkpt>
      <trkpt lat="37.84973887132068" lon="112.012159299447">
        <ele>1106.0</ele>
        <time>2018-10-31T08:19:00.085000Z</time>
      </trkpt>
      <trkpt lat="37.84977070316953" lon="112.01194221599135">
        <ele>1105.0</ele>
        <time>2018-10-31T08:19:05.985000Z</time>
      </trkpt>
      <trkpt lat="37.849786256187585" lon="112.01153914588456">
        <ele>1107.0</ele>
        <time>2018-10-31T08:19:18.085000Z</time>
      </trkpt>
      <trkpt lat="37.849785234569495" lon="112.01123826610575">
        <ele>1110.0</ele>
        <time>2018-10-31T08:19:26.985000Z</time>
      </trkpt>
      <trkpt lat="37.84983796548499" lon="112.01083384529595">
        <ele>1110.0</ele>
        <time>2018-10-31T08:19:38.985000Z</time>
      </trkpt>
      <trkpt lat="37.84983255422074" lon="112.01073598673794">
        <ele>1111.0</ele>
        <time>2018-10-31T08:19:41.985000Z</time>
      </trkpt>
      <trkpt lat="37.84983871103127" lon="112.01048647285545">
        <ele>1111.0</ele>
        <time>2018-10-31T08:19:50.985000Z</time>
      </trkpt>
      <trkpt lat="37.84988013053013" lon="112.01005502636987">
        <ele>1108.0</ele>
        <time>2018-10-31T08:20:02.985000Z</time>
      </trkpt>
      <trkpt lat="37.84983622450715" lon="112.0098544502697">
        <ele>1111.0</ele>
        <time>2018-10-31T08:20:08.985000Z</time>
      </trkpt>
      <trkpt lat="37.84983514444484" lon="112.00976037744925">
        <ele>1111.0</ele>
        <time>2018-10-31T08:20:11.985000Z</time>
      </trkpt>
      <trkpt lat="37.84981314644931" lon="112.00967549829456">
        <ele>1110.0</ele>
        <time>2018-10-31T08:20:14.985000Z</time>
      </trkpt>
      <trkpt lat="37.849826783466774" lon="112.00946680695107">
        <ele>1114.0</ele>
        <time>2018-10-31T08:20:20.985000Z</time>
      </trkpt>
      <trkpt lat="37.849792828372784" lon="112.00929650777456">
        <ele>1116.0</ele>
        <time>2018-10-31T08:20:26.985000Z</time>
      </trkpt>
      <trkpt lat="37.84972988350948" lon="112.00920460581483">
        <ele>1117.0</ele>
        <time>2018-10-31T08:20:30.085000Z</time>
      </trkpt>
      <trkpt lat="37.849655288821594" lon="112.00901511945294">
        <ele>1118.0</ele>
        <time>2018-10-31T08:20:35.985000Z</time>
      </trkpt>
      <trkpt lat="37.84949044828953" lon="112.00879158414028">
        <ele>1119.0</ele>
        <time>2018-10-31T08:20:45.085000Z</time>
      </trkpt>
      <trkpt lat="37.84928545302303" lon="112.00847668669644">
        <ele>1118.0</ele>
        <time>2018-10-31T08:20:56.985000Z</time>
      </trkpt>
      <trkpt lat="37.84908722181025" lon="112.00816854796084">
        <ele>1124.0</ele>
        <time>2018-10-31T08:21:08.985000Z</time>
      </trkpt>
      <trkpt lat="37.84900411725106" lon="112.00801339597541">
        <ele>1124.0</ele>
        <time>2018-10-31T08:21:14.985000Z</time>
      </trkpt>
      <trkpt lat="37.84895248889871" lon="112.00794852619109">
        <ele>1124.0</ele>
        <time>2018-10-31T08:21:18.085000Z</time>
      </trkpt>
      <trkpt lat="37.8489388779033" lon="112.00787229866137">
        <ele>1123.0</ele>
        <time>2018-10-31T08:21:21.085000Z</time>
      </trkpt>
      <trkpt lat="37.84885223601437" lon="112.00781229888032">
        <ele>1123.0</ele>
        <time>2018-10-31T08:21:24.085000Z</time>
      </trkpt>
      <trkpt lat="37.8487604124661" lon="112.00766985359863">
        <ele>1124.0</ele>
        <time>2018-10-31T08:21:30.085000Z</time>
      </trkpt>
      <trkpt lat="37.848722693478614" lon="112.00758065415967">
        <ele>1123.0</ele>
        <time>2018-10-31T08:21:32.985000Z</time>
      </trkpt>
      <trkpt lat="37.84864314121859" lon="112.00750875995865">
        <ele>1122.0</ele>
        <time>2018-10-31T08:21:35.985000Z</time>
      </trkpt>
      <trkpt lat="37.848453044972615" lon="112.00720332795859">
        <ele>1121.0</ele>
        <time>2018-10-31T08:21:47.985000Z</time>
      </trkpt>
      <trkpt lat="37.84829825764379" lon="112.0069765539719">
        <ele>1122.0</ele>
        <time>2018-10-31T08:21:56.985000Z</time>
      </trkpt>
      <trkpt lat="37.848241440595196" lon="112.00692330923371">
        <ele>1122.0</ele>
        <time>2018-10-31T08:22:00.085000Z</time>
      </trkpt>
      <trkpt lat="37.848077782280086" lon="112.0068514257603">
        <ele>1122.0</ele>
        <time>2018-10-31T08:22:05.985000Z</time>
      </trkpt>
      <trkpt lat="37.847773456689104" lon="112.00682253870116">
        <ele>1124.0</ele>
        <time>2018-10-31T08:22:17.985000Z</time>
      </trkpt>
      <trkpt lat="37.84754588337721" lon="112.006803373717">
        <ele>1124.0</ele>
        <time>2018-10-31T08:22:27.085000Z</time>
      </trkpt>
      <trkpt lat="37.84748251796512" lon="112.00676256422044">
        <ele>1125.0</ele>
        <time>2018-10-31T08:22:30.085000Z</time>
      </trkpt>
      <trkpt lat="37.84726342538019" lon="112.00671988114507">
        <ele>1125.0</ele>
        <time>2018-10-31T08:22:38.985000Z</time>
      </trkpt>
      <trkpt lat="37.84694250974474" lon="112.00670451168041">
        <ele>1127.0</ele>
        <time>2018-10-31T08:22:51.085000Z</time>
      </trkpt>
      <trkpt lat="37.84662980193893" lon="112.00666616478411">
        <ele>1128.0</ele>
        <time>2018-10-31T08:23:02.985000Z</time>
      </trkpt>
      <trkpt lat="37.84631305593963" lon="112.00661727625871">
        <ele>1129.0</ele>
        <time>2018-10-31T08:23:15.085000Z</time>
      </trkpt>
      <trkpt lat="37.8461774268301" lon="112.00660837217433">
        <ele>1129.0</ele>
        <time>2018-10-31T08:23:20.985000Z</time>
      </trkpt>
      <trkpt lat="37.84610263588587" lon="112.00657783596196">
        <ele>1127.0</ele>
        <time>2018-10-31T08:23:23.985000Z</time>
      </trkpt>
      <trkpt lat="37.84594641049169" lon="112.00656109532524">
        <ele>1129.0</ele>
        <time>2018-10-31T08:23:29.985000Z</time>
      </trkpt>
      <trkpt lat="37.84589503530233" lon="112.00650271434493">
        <ele>1128.0</ele>
        <time>2018-10-31T08:23:32.985000Z</time>
      </trkpt>
      <trkpt lat="37.845809429816555" lon="112.00645947487642">
        <ele>1128.0</ele>
        <time>2018-10-31T08:23:35.985000Z</time>
      </trkpt>
      <trkpt lat="37.84566214727165" lon="112.00644624723418">
        <ele>1130.0</ele>
        <time>2018-10-31T08:23:41.985000Z</time>
      </trkpt>
      <trkpt lat="37.84536430417905" lon="112.00633626652255">
        <ele>1130.0</ele>
        <time>2018-10-31T08:23:54.085000Z</time>
      </trkpt>
      <trkpt lat="37.84504522886276" lon="112.00624980544164">
        <ele>1131.0</ele>
        <time>2018-10-31T08:24:05.985000Z</time>
      </trkpt>
      <trkpt lat="37.84471090624139" lon="112.00618145700551">
        <ele>1130.0</ele>
        <time>2018-10-31T08:24:18.085000Z</time>
      </trkpt>
      <trkpt lat="37.84463557046646" lon="112.006151731963">
        <ele>1131.0</ele>
        <time>2018-10-31T08:24:20.985000Z</time>
      </trkpt>
      <trkpt lat="37.84447522401517" lon="112.00615229170323">
        <ele>1131.0</ele>
        <time>2018-10-31T08:24:26.985000Z</time>
      </trkpt>
      <trkpt lat="37.84415336004392" lon="112.0062731584369">
        <ele>1136.0</ele>
        <time>2018-10-31T08:24:38.985000Z</time>
      </trkpt>
      <trkpt lat="37.844004456751186" lon="112.00634859265033">
        <ele>1135.0</ele>
        <time>2018-10-31T08:24:44.985000Z</time>
      </trkpt>
      <trkpt lat="37.84394430766462" lon="112.00641212270625">
        <ele>1136.0</ele>
        <time>2018-10-31T08:24:48.085000Z</time>
      </trkpt>
      <trkpt lat="37.84386902240538" lon="112.00645646258111">
        <ele>1136.0</ele>
        <time>2018-10-31T08:24:50.985000Z</time>
      </trkpt>
      <trkpt lat="37.84377099286861" lon="112.0065764922034">
        <ele>1138.0</ele>
        <time>2018-10-31T08:24:56.985000Z</time>
      </trkpt>
      <trkpt lat="37.8436838239603" lon="112.00660272276056">
        <ele>1137.0</ele>
        <time>2018-10-31T08:24:59.985000Z</time>
      </trkpt>
      <trkpt lat="37.84345445682153" lon="112.00673060733001">
        <ele>1135.0</ele>
        <time>2018-10-31T08:25:09.085000Z</time>
      </trkpt>
      <trkpt lat="37.84321906344399" lon="112.00696905054066">
        <ele>1136.0</ele>
        <time>2018-10-31T08:25:21.085000Z</time>
      </trkpt>
      <trkpt lat="37.84299774862587" lon="112.00712639894375">
        <ele>1135.0</ele>
        <time>2018-10-31T08:25:29.985000Z</time>
      </trkpt>
      <trkpt lat="37.84296413556177" lon="112.00720776722484">
        <ele>1135.0</ele>
        <time>2018-10-31T08:25:33.085000Z</time>
      </trkpt>
      <trkpt lat="37.84287991837059" lon="112.00724508052508">
        <ele>1136.0</ele>
        <time>2018-10-31T08:25:35.985000Z</time>
      </trkpt>
      <trkpt lat="37.842625639852585" lon="112.00744811661109">
        <ele>1136.0</ele>
        <time>2018-10-31T08:25:47.985000Z</time>
      </trkpt>
      <trkpt lat="37.842489217990654" lon="112.00752355062723">
        <ele>1137.0</ele>
        <time>2018-10-31T08:25:53.985000Z</time>
      </trkpt>
      <trkpt lat="37.84242092647108" lon="112.00758843431929">
        <ele>1140.0</ele>
        <time>2018-10-31T08:25:56.985000Z</time>
      </trkpt>
      <trkpt lat="37.842344017218736" lon="112.00763169389384">
        <ele>1141.0</ele>
        <time>2018-10-31T08:26:00.085000Z</time>
      </trkpt>
      <trkpt lat="37.84220962092736" lon="112.00775605498383">
        <ele>1142.0</ele>
        <time>2018-10-31T08:26:06.085000Z</time>
      </trkpt>
      <trkpt lat="37.841945738365084" lon="112.00790448990142">
        <ele>1142.0</ele>
        <time>2018-10-31T08:26:17.985000Z</time>
      </trkpt>
      <trkpt lat="37.8416617575149" lon="112.00806022611646">
        <ele>1141.0</ele>
        <time>2018-10-31T08:26:30.085000Z</time>
      </trkpt>
      <trkpt lat="37.84153105301864" lon="112.00812917255337">
        <ele>1140.0</ele>
        <time>2018-10-31T08:26:35.985000Z</time>
      </trkpt>
      <trkpt lat="37.84139502320718" lon="112.00816405971027">
        <ele>1141.0</ele>
        <time>2018-10-31T08:26:41.985000Z</time>
      </trkpt>
      <trkpt lat="37.8412463882717" lon="112.00814948031397">
        <ele>1140.0</ele>
        <time>2018-10-31T08:26:47.985000Z</time>
      </trkpt>
      <trkpt lat="37.841019736003126" lon="112.00818600020116">
        <ele>1140.0</ele>
        <time>2018-10-31T08:26:56.985000Z</time>
      </trkpt>
      <trkpt lat="37.840790842836206" lon="112.00815467070304">
        <ele>1141.0</ele>
        <time>2018-10-31T08:27:06.085000Z</time>
      </trkpt>
      <trkpt lat="37.840598980002504" lon="112.0080787344861">
        <ele>1141.0</ele>
        <time>2018-10-31T08:27:11.985000Z</time>
      </trkpt>
      <trkpt lat="37.84049041903602" lon="112.0080911820218">
        <ele>1140.0</ele>
        <time>2018-10-31T08:27:18.085000Z</time>
      </trkpt>
      <trkpt lat="37.84024186685842" lon="112.0080103869422">
        <ele>1142.0</ele>
        <time>2018-10-31T08:27:26.985000Z</time>
      </trkpt>
      <trkpt lat="37.840169444626596" lon="112.00800444861696">
        <ele>1143.0</ele>
        <time>2018-10-31T08:27:29.985000Z</time>
      </trkpt>
      <trkpt lat="37.83995302298184" lon="112.00806772856951">
        <ele>1143.0</ele>
        <time>2018-10-31T08:27:38.985000Z</time>
      </trkpt>
      <trkpt lat="37.839818011290205" lon="112.00812532221069">
        <ele>1144.0</ele>
        <time>2018-10-31T08:27:44.985000Z</time>
      </trkpt>
      <trkpt lat="37.839677996643374" lon="112.00811527976894">
        <ele>1140.0</ele>
        <time>2018-10-31T08:27:50.985000Z</time>
      </trkpt>
      <trkpt lat="37.8396247317168" lon="112.00816046855041">
        <ele>1140.0</ele>
        <time>2018-10-31T08:27:53.985000Z</time>
      </trkpt>
      <trkpt lat="37.83953514600077" lon="112.00817941942093">
        <ele>1140.0</ele>
        <time>2018-10-31T08:27:56.985000Z</time>
      </trkpt>
      <trkpt lat="37.839463286416866" lon="112.00816672307883">
        <ele>1142.0</ele>
        <time>2018-10-31T08:27:59.985000Z</time>
      </trkpt>
      <trkpt lat="37.83937886814689" lon="112.0081805193384">
        <ele>1143.0</ele>
        <time>2018-10-31T08:28:02.985000Z</time>
      </trkpt>
      <trkpt lat="37.839329381680976" lon="112.00821701810435">
        <ele>1145.0</ele>
        <time>2018-10-31T08:28:05.985000Z</time>
      </trkpt>
      <trkpt lat="37.839159428668346" lon="112.008163515528">
        <ele>1144.0</ele>
        <time>2018-10-31T08:28:11.985000Z</time>
      </trkpt>
      <trkpt lat="37.838928244465286" lon="112.0081730042211">
        <ele>1148.0</ele>
        <time>2018-10-31T08:28:20.985000Z</time>
      </trkpt>
      <trkpt lat="37.83878460142212" lon="112.00821356898167">
        <ele>1149.0</ele>
        <time>2018-10-31T08:28:26.985000Z</time>
      </trkpt>
      <trkpt lat="37.838631877880324" lon="112.00820547767874">
        <ele>1152.0</ele>
        <time>2018-10-31T08:28:32.985000Z</time>
      </trkpt>
      <trkpt lat="37.83849925300011" lon="112.00828172309255">
        <ele>1153.0</ele>
        <time>2018-10-31T08:28:38.985000Z</time>
      </trkpt>
      <trkpt lat="37.838360063783256" lon="112.00828417256199">
        <ele>1155.0</ele>
        <time>2018-10-31T08:28:44.985000Z</time>
      </trkpt>
      <trkpt lat="37.8381994537898" lon="112.00819066181339">
        <ele>1156.0</ele>
        <time>2018-10-31T08:28:50.985000Z</time>
      </trkpt>
      <trkpt lat="37.83803769464526" lon="112.00811877670768">
        <ele>1153.0</ele>
        <time>2018-10-31T08:28:56.985000Z</time>
      </trkpt>
      <trkpt lat="37.83775194136824" lon="112.0080487986936">
        <ele>1152.0</ele>
        <time>2018-10-31T08:29:08.985000Z</time>
      </trkpt>
      <trkpt lat="37.8376906637743" lon="112.00803583079596">
        <ele>1149.0</ele>
        <time>2018-10-31T08:29:11.985000Z</time>
      </trkpt>
      <trkpt lat="37.837560385569" lon="112.00796096862355">
        <ele>1150.0</ele>
        <time>2018-10-31T08:29:17.985000Z</time>
      </trkpt>
      <trkpt lat="37.83748928077325" lon="112.00796827565276">
        <ele>1151.0</ele>
        <time>2018-10-31T08:29:21.085000Z</time>
      </trkpt>
      <trkpt lat="37.83719745105356" lon="112.00784315403179">
        <ele>1152.0</ele>
        <time>2018-10-31T08:29:33.085000Z</time>
      </trkpt>
      <trkpt lat="37.83712345481291" lon="112.00781910473805">
        <ele>1151.0</ele>
        <time>2018-10-31T08:29:36.085000Z</time>
      </trkpt>
      <trkpt lat="37.83696722571784" lon="112.00771234867396">
        <ele>1152.0</ele>
        <time>2018-10-31T08:29:41.985000Z</time>
      </trkpt>
      <trkpt lat="37.83689342226257" lon="112.00771479031728">
        <ele>1153.0</ele>
        <time>2018-10-31T08:29:44.985000Z</time>
      </trkpt>
      <trkpt lat="37.836770917769265" lon="112.00767182478162">
        <ele>1154.0</ele>
        <time>2018-10-31T08:29:50.985000Z</time>
      </trkpt>
      <trkpt lat="37.83670944835724" lon="112.00763209577475">
        <ele>1150.0</ele>
        <time>2018-10-31T08:29:53.985000Z</time>
      </trkpt>
      <trkpt lat="37.8364798608442" lon="112.00756075999844">
        <ele>1152.0</ele>
        <time>2018-10-31T08:30:02.985000Z</time>
      </trkpt>
      <trkpt lat="37.83637411819944" lon="112.00744642952233">
        <ele>1153.0</ele>
        <time>2018-10-31T08:30:09.085000Z</time>
      </trkpt>
      <trkpt lat="37.836190972992405" lon="112.0074502357683">
        <ele>1154.0</ele>
        <time>2018-10-31T08:30:15.085000Z</time>
      </trkpt>
      <trkpt lat="37.835899239775024" lon="112.00738431387781">
        <ele>1158.0</ele>
        <time>2018-10-31T08:30:27.085000Z</time>
      </trkpt>
      <trkpt lat="37.83559522788374" lon="112.00734191082708">
        <ele>1162.0</ele>
        <time>2018-10-31T08:30:38.985000Z</time>
      </trkpt>
      <trkpt lat="37.835463197339834" lon="112.00730921858892">
        <ele>1161.0</ele>
        <time>2018-10-31T08:30:44.985000Z</time>
      </trkpt>
      <trkpt lat="37.83543390250234" lon="112.00721569355285">
        <ele>1159.0</ele>
        <time>2018-10-31T08:30:47.985000Z</time>
      </trkpt>
      <trkpt lat="37.83537692134714" lon="112.00712649695718">
        <ele>1157.0</ele>
        <time>2018-10-31T08:30:50.985000Z</time>
      </trkpt>
      <trkpt lat="37.83534759294509" lon="112.00704432531275">
        <ele>1156.0</ele>
        <time>2018-10-31T08:30:54.085000Z</time>
      </trkpt>
      <trkpt lat="37.8352903511106" lon="112.00695161490903">
        <ele>1156.0</ele>
        <time>2018-10-31T08:30:56.985000Z</time>
      </trkpt>
      <trkpt lat="37.83521671659646" lon="112.00689729090995">
        <ele>1157.0</ele>
        <time>2018-10-31T08:30:59.985000Z</time>
      </trkpt>
      <trkpt lat="37.835084996976185" lon="112.00685135355211">
        <ele>1156.0</ele>
        <time>2018-10-31T08:31:05.985000Z</time>
      </trkpt>
      <trkpt lat="37.83500485856141" lon="112.00688569274688">
        <ele>1156.0</ele>
        <time>2018-10-31T08:31:08.985000Z</time>
      </trkpt>
      <trkpt lat="37.83494137700014" lon="112.00688407844324">
        <ele>1159.0</ele>
        <time>2018-10-31T08:31:11.985000Z</time>
      </trkpt>
      <trkpt lat="37.834705842220856" lon="112.00698817679732">
        <ele>1161.0</ele>
        <time>2018-10-31T08:31:20.985000Z</time>
      </trkpt>
      <trkpt lat="37.83462767378998" lon="112.00699872831022">
        <ele>1160.0</ele>
        <time>2018-10-31T08:31:23.985000Z</time>
      </trkpt>
      <trkpt lat="37.83451510826409" lon="112.00689818550558">
        <ele>1161.0</ele>
        <time>2018-10-31T08:31:29.985000Z</time>
      </trkpt>
      <trkpt lat="37.83442644643882" lon="112.00687927422287">
        <ele>1159.0</ele>
        <time>2018-10-31T08:31:32.985000Z</time>
      </trkpt>
      <trkpt lat="37.834208659756946" lon="112.00676306605361">
        <ele>1166.0</ele>
        <time>2018-10-31T08:31:38.985000Z</time>
      </trkpt>
      <trkpt lat="37.8341819217992" lon="112.00681334723988">
        <ele>1157.0</ele>
        <time>2018-10-31T08:31:41.985000Z</time>
      </trkpt>
      <trkpt lat="37.83410337909777" lon="112.00685849870946">
        <ele>1157.0</ele>
        <time>2018-10-31T08:31:44.985000Z</time>
      </trkpt>
      <trkpt lat="37.834036795519964" lon="112.00680525518632">
        <ele>1157.0</ele>
        <time>2018-10-31T08:31:48.085000Z</time>
      </trkpt>
      <trkpt lat="37.833856351460895" lon="112.00672202068826">
        <ele>1158.0</ele>
        <time>2018-10-31T08:31:56.985000Z</time>
      </trkpt>
      <trkpt lat="37.83374565326427" lon="112.00663229050255">
        <ele>1159.0</ele>
        <time>2018-10-31T08:32:03.085000Z</time>
      </trkpt>
      <trkpt lat="37.83359547845058" lon="112.00658851800121">
        <ele>1164.0</ele>
        <time>2018-10-31T08:32:09.085000Z</time>
      </trkpt>
      <trkpt lat="37.83344490996396" lon="112.00658583284091">
        <ele>1168.0</ele>
        <time>2018-10-31T08:32:14.985000Z</time>
      </trkpt>
      <trkpt lat="37.833376597252766" lon="112.0065666489028">
        <ele>1168.0</ele>
        <time>2018-10-31T08:32:17.985000Z</time>
      </trkpt>
      <trkpt lat="37.8332285262662" lon="112.00645421727596">
        <ele>1170.0</ele>
        <time>2018-10-31T08:32:23.985000Z</time>
      </trkpt>
      <trkpt lat="37.83295444396017" lon="112.00638342861764">
        <ele>1166.0</ele>
        <time>2018-10-31T08:32:36.085000Z</time>
      </trkpt>
      <trkpt lat="37.832814614547566" lon="112.00632776138703">
        <ele>1165.0</ele>
        <time>2018-10-31T08:32:41.985000Z</time>
      </trkpt>
      <trkpt lat="37.83275139472838" lon="112.00632939078336">
        <ele>1165.0</ele>
        <time>2018-10-31T08:32:45.085000Z</time>
      </trkpt>
      <trkpt lat="37.8324627981795" lon="112.00621292162684">
        <ele>1164.0</ele>
        <time>2018-10-31T08:32:56.985000Z</time>
      </trkpt>
      <trkpt lat="37.83231697108895" lon="112.00616698638024">
        <ele>1164.0</ele>
        <time>2018-10-31T08:33:03.085000Z</time>
      </trkpt>
      <trkpt lat="37.83202644288222" lon="112.00615242429673">
        <ele>1166.0</ele>
        <time>2018-10-31T08:33:15.085000Z</time>
      </trkpt>
      <trkpt lat="37.83194696876112" lon="112.0061459463427">
        <ele>1165.0</ele>
        <time>2018-10-31T08:33:18.085000Z</time>
      </trkpt>
      <trkpt lat="37.8318033778721" lon="112.0061689397612">
        <ele>1165.0</ele>
        <time>2018-10-31T08:33:24.085000Z</time>
      </trkpt>
      <trkpt lat="37.83175819305729" lon="112.00621841180309">
        <ele>1166.0</ele>
        <time>2018-10-31T08:33:26.985000Z</time>
      </trkpt>
      <trkpt lat="37.83159627092636" lon="112.00620194221311">
        <ele>1165.0</ele>
        <time>2018-10-31T08:33:32.985000Z</time>
      </trkpt>
      <trkpt lat="37.83128533181441" lon="112.00620846670456">
        <ele>1165.0</ele>
        <time>2018-10-31T08:33:44.985000Z</time>
      </trkpt>
      <trkpt lat="37.83123050005173" lon="112.00621766376877">
        <ele>1163.0</ele>
        <time>2018-10-31T08:33:48.085000Z</time>
      </trkpt>
      <trkpt lat="37.83117522807498" lon="112.00619253155921">
        <ele>1163.0</ele>
        <time>2018-10-31T08:33:51.085000Z</time>
      </trkpt>
      <trkpt lat="37.83098556480096" lon="112.00619877128534">
        <ele>1166.0</ele>
        <time>2018-10-31T08:33:57.085000Z</time>
      </trkpt>
      <trkpt lat="37.830903689274926" lon="112.0061787781339">
        <ele>1167.0</ele>
        <time>2018-10-31T08:33:59.985000Z</time>
      </trkpt>
      <trkpt lat="37.830807084066684" lon="112.00618527707721">
        <ele>1168.0</ele>
        <time>2018-10-31T08:34:03.085000Z</time>
      </trkpt>
      <trkpt lat="37.83072857913234" lon="112.00621772359047">
        <ele>1170.0</ele>
        <time>2018-10-31T08:34:06.085000Z</time>
      </trkpt>
      <trkpt lat="37.830437507006444" lon="112.00620370217818">
        <ele>1166.0</ele>
        <time>2018-10-31T08:34:18.085000Z</time>
      </trkpt>
      <trkpt lat="37.83029558444553" lon="112.00621317993127">
        <ele>1166.0</ele>
        <time>2018-10-31T08:34:24.085000Z</time>
      </trkpt>
      <trkpt lat="37.830233011368485" lon="112.00617993930454">
        <ele>1165.0</ele>
        <time>2018-10-31T08:34:26.985000Z</time>
      </trkpt>
      <trkpt lat="37.83016194306754" lon="112.00617508220239">
        <ele>1168.0</ele>
        <time>2018-10-31T08:34:29.985000Z</time>
      </trkpt>
      <trkpt lat="37.83011031866445" lon="112.00620049745709">
        <ele>1167.0</ele>
        <time>2018-10-31T08:34:33.085000Z</time>
      </trkpt>
      <trkpt lat="37.82996416002641" lon="112.00617483546436">
        <ele>1170.0</ele>
        <time>2018-10-31T08:34:39.085000Z</time>
      </trkpt>
      <trkpt lat="37.829681984788216" lon="112.00617973466544">
        <ele>1169.0</ele>
        <time>2018-10-31T08:34:51.085000Z</time>
      </trkpt>
      <trkpt lat="37.82938777608724" lon="112.00621680214954">
        <ele>1175.0</ele>
        <time>2018-10-31T08:35:02.985000Z</time>
      </trkpt>
      <trkpt lat="37.82911117750642" lon="112.00626224716035">
        <ele>1176.0</ele>
        <time>2018-10-31T08:35:14.985000Z</time>
      </trkpt>
      <trkpt lat="37.828964804888884" lon="112.00621739317708">
        <ele>1177.0</ele>
        <time>2018-10-31T08:35:20.985000Z</time>
      </trkpt>
      <trkpt lat="37.82865300001607" lon="112.00624148790578">
        <ele>1177.0</ele>
        <time>2018-10-31T08:35:32.985000Z</time>
      </trkpt>
      <trkpt lat="37.82843760150375" lon="112.00623475583059">
        <ele>1175.0</ele>
        <time>2018-10-31T08:35:42.085000Z</time>
      </trkpt>
      <trkpt lat="37.82837646849629" lon="112.00626449719938">
        <ele>1175.0</ele>
        <time>2018-10-31T08:35:44.985000Z</time>
      </trkpt>
      <trkpt lat="37.82812597374298" lon="112.00629047680755">
        <ele>1176.0</ele>
        <time>2018-10-31T08:35:53.985000Z</time>
      </trkpt>
      <trkpt lat="37.828064292508564" lon="112.00632211043589">
        <ele>1177.0</ele>
        <time>2018-10-31T08:35:56.985000Z</time>
      </trkpt>
      <trkpt lat="37.827908040033414" lon="112.0063151009944">
        <ele>1177.0</ele>
        <time>2018-10-31T08:36:02.985000Z</time>
      </trkpt>
      <trkpt lat="37.82786287717591" lon="112.00635727476453">
        <ele>1179.0</ele>
        <time>2018-10-31T08:36:06.085000Z</time>
      </trkpt>
      <trkpt lat="37.827719066205525" lon="112.00636323872929">
        <ele>1179.0</ele>
        <time>2018-10-31T08:36:11.985000Z</time>
      </trkpt>
      <trkpt lat="37.827665529087334" lon="112.00639324955723">
        <ele>1181.0</ele>
        <time>2018-10-31T08:36:14.985000Z</time>
      </trkpt>
      <trkpt lat="37.827340217160206" lon="112.00639788360361">
        <ele>1186.0</ele>
        <time>2018-10-31T08:36:26.985000Z</time>
      </trkpt>
      <trkpt lat="37.8271574875599" lon="112.0064446690982">
        <ele>1186.0</ele>
        <time>2018-10-31T08:36:36.085000Z</time>
      </trkpt>
      <trkpt lat="37.82707369129199" lon="112.00643197448787">
        <ele>1186.0</ele>
        <time>2018-10-31T08:36:39.085000Z</time>
      </trkpt>
      <trkpt lat="37.82679116074205" lon="112.00646525636415">
        <ele>1184.0</ele>
        <time>2018-10-31T08:36:51.085000Z</time>
      </trkpt>
      <trkpt lat="37.82649963361057" lon="112.00651313611368">
        <ele>1184.0</ele>
        <time>2018-10-31T08:37:03.085000Z</time>
      </trkpt>
      <trkpt lat="37.82636234142242" lon="112.00651666651703">
        <ele>1185.0</ele>
        <time>2018-10-31T08:37:08.985000Z</time>
      </trkpt>
      <trkpt lat="37.82625369753229" lon="112.00655722610827">
        <ele>1185.0</ele>
        <time>2018-10-31T08:37:14.985000Z</time>
      </trkpt>
      <trkpt lat="37.82592382283069" lon="112.00654537173705">
        <ele>1187.0</ele>
        <time>2018-10-31T08:37:26.985000Z</time>
      </trkpt>
      <trkpt lat="37.8258732187751" lon="112.00650158740035">
        <ele>1188.0</ele>
        <time>2018-10-31T08:37:30.085000Z</time>
      </trkpt>
      <trkpt lat="37.8255416341685" lon="112.006517304946">
        <ele>1190.0</ele>
        <time>2018-10-31T08:37:42.085000Z</time>
      </trkpt>
      <trkpt lat="37.825253610266635" lon="112.00648219886256">
        <ele>1191.0</ele>
        <time>2018-10-31T08:37:53.985000Z</time>
      </trkpt>
      <trkpt lat="37.82497296491089" lon="112.00642925141621">
        <ele>1190.0</ele>
        <time>2018-10-31T08:38:06.085000Z</time>
      </trkpt>
      <trkpt lat="37.82476799104192" lon="112.00638413399115">
        <ele>1191.0</ele>
        <time>2018-10-31T08:38:14.985000Z</time>
      </trkpt>
      <trkpt lat="37.82469185438921" lon="112.00635035427176">
        <ele>1192.0</ele>
        <time>2018-10-31T08:38:17.985000Z</time>
      </trkpt>
      <trkpt lat="37.82437966502726" lon="112.00632173858828">
        <ele>1189.0</ele>
        <time>2018-10-31T08:38:29.985000Z</time>
      </trkpt>
      <trkpt lat="37.82424278137204" lon="112.00627931621445">
        <ele>1190.0</ele>
        <time>2018-10-31T08:38:35.985000Z</time>
      </trkpt>
      <trkpt lat="37.824204899922734" lon="112.00624526167452">
        <ele>1191.0</ele>
        <time>2018-10-31T08:38:38.985000Z</time>
      </trkpt>
      <trkpt lat="37.82393000155329" lon="112.0061758248205">
        <ele>1187.0</ele>
        <time>2018-10-31T08:38:47.985000Z</time>
      </trkpt>
      <trkpt lat="37.82369245012392" lon="112.00613773947532">
        <ele>1189.0</ele>
        <time>2018-10-31T08:38:57.085000Z</time>
      </trkpt>
      <trkpt lat="37.823459567746376" lon="112.00617155591674">
        <ele>1189.0</ele>
        <time>2018-10-31T08:39:05.985000Z</time>
      </trkpt>
      <trkpt lat="37.82329330968692" lon="112.00615373529237">
        <ele>1188.0</ele>
        <time>2018-10-31T08:39:11.985000Z</time>
      </trkpt>
      <trkpt lat="37.82325188150535" lon="112.00621726300224">
        <ele>1188.0</ele>
        <time>2018-10-31T08:39:17.985000Z</time>
      </trkpt>
      <trkpt lat="37.823151174964075" lon="112.00623457482993">
        <ele>1188.0</ele>
        <time>2018-10-31T08:39:20.985000Z</time>
      </trkpt>
      <trkpt lat="37.82287759786346" lon="112.00617703144721">
        <ele>1190.0</ele>
        <time>2018-10-31T08:39:29.985000Z</time>
      </trkpt>
      <trkpt lat="37.82267547009014" lon="112.00617840707727">
        <ele>1189.0</ele>
        <time>2018-10-31T08:39:38.985000Z</time>
      </trkpt>
      <trkpt lat="37.82237898528576" lon="112.00606950768788">
        <ele>1197.0</ele>
        <time>2018-10-31T08:39:50.985000Z</time>
      </trkpt>
      <trkpt lat="37.822314312349064" lon="112.00601275046965">
        <ele>1199.0</ele>
        <time>2018-10-31T08:39:53.985000Z</time>
      </trkpt>
      <trkpt lat="37.82209598114777" lon="112.0058981655283">
        <ele>1200.0</ele>
        <time>2018-10-31T08:40:02.985000Z</time>
      </trkpt>
      <trkpt lat="37.821983458181386" lon="112.00578410877308">
        <ele>1202.0</ele>
        <time>2018-10-31T08:40:08.985000Z</time>
      </trkpt>
      <trkpt lat="37.82190998973851" lon="112.00576546625891">
        <ele>1203.0</ele>
        <time>2018-10-31T08:40:11.985000Z</time>
      </trkpt>
      <trkpt lat="37.82177901565396" lon="112.00565222282376">
        <ele>1202.0</ele>
        <time>2018-10-31T08:40:17.985000Z</time>
      </trkpt>
      <trkpt lat="37.82166034265632" lon="112.00550816305754">
        <ele>1203.0</ele>
        <time>2018-10-31T08:40:23.985000Z</time>
      </trkpt>
      <trkpt lat="37.82151515582917" lon="112.0054300615925">
        <ele>1202.0</ele>
        <time>2018-10-31T08:40:29.985000Z</time>
      </trkpt>
      <trkpt lat="37.82137811682287" lon="112.00525843316855">
        <ele>1201.0</ele>
        <time>2018-10-31T08:40:38.985000Z</time>
      </trkpt>
      <trkpt lat="37.82122041510274" lon="112.00510140409276">
        <ele>1205.0</ele>
        <time>2018-10-31T08:40:47.985000Z</time>
      </trkpt>
      <trkpt lat="37.82110658607254" lon="112.00506141239114">
        <ele>1205.0</ele>
        <time>2018-10-31T08:40:53.985000Z</time>
      </trkpt>
      <trkpt lat="37.82084572455961" lon="112.0049017911966">
        <ele>1204.0</ele>
        <time>2018-10-31T08:41:05.985000Z</time>
      </trkpt>
      <trkpt lat="37.820641772194485" lon="112.00472115355139">
        <ele>1204.0</ele>
        <time>2018-10-31T08:41:14.985000Z</time>
      </trkpt>
      <trkpt lat="37.82059205924596" lon="112.00465196152463">
        <ele>1206.0</ele>
        <time>2018-10-31T08:41:17.985000Z</time>
      </trkpt>
      <trkpt lat="37.82055677504662" lon="112.0045662792871">
        <ele>1206.0</ele>
        <time>2018-10-31T08:41:21.085000Z</time>
      </trkpt>
      <trkpt lat="37.82044910233762" lon="112.00446384692083">
        <ele>1206.0</ele>
        <time>2018-10-31T08:41:26.985000Z</time>
      </trkpt>
      <trkpt lat="37.82047227171004" lon="112.00451817523437">
        <ele>1207.0</ele>
        <time>2018-10-31T08:41:29.985000Z</time>
      </trkpt>
      <trkpt lat="37.820645585883575" lon="112.00471601731033">
        <ele>1205.0</ele>
        <time>2018-10-31T08:41:38.985000Z</time>
      </trkpt>
      <trkpt lat="37.820719032188535" lon="112.0047419578087">
        <ele>1206.0</ele>
        <time>2018-10-31T08:41:41.985000Z</time>
      </trkpt>
      <trkpt lat="37.82080225194648" lon="112.00485628684929">
        <ele>1210.0</ele>
        <time>2018-10-31T08:41:47.985000Z</time>
      </trkpt>
      <trkpt lat="37.82087532413324" lon="112.00491655619348">
        <ele>1208.0</ele>
        <time>2018-10-31T08:41:50.985000Z</time>
      </trkpt>
      <trkpt lat="37.821037925945426" lon="112.00497735553247">
        <ele>1208.0</ele>
        <time>2018-10-31T08:41:56.985000Z</time>
      </trkpt>
      <trkpt lat="37.82130285130147" lon="112.00520573240362">
        <ele>1205.0</ele>
        <time>2018-10-31T08:42:09.085000Z</time>
      </trkpt>
      <trkpt lat="37.821351815437204" lon="112.00525330047954">
        <ele>1202.0</ele>
        <time>2018-10-31T08:42:11.985000Z</time>
      </trkpt>
      <trkpt lat="37.82142711980963" lon="112.00529302655805">
        <ele>1204.0</ele>
        <time>2018-10-31T08:42:14.985000Z</time>
      </trkpt>
      <trkpt lat="37.82151867069037" lon="112.00543411577871">
        <ele>1203.0</ele>
        <time>2018-10-31T08:42:20.985000Z</time>
      </trkpt>
      <trkpt lat="37.82162215063421" lon="112.0054873539506">
        <ele>1201.0</ele>
        <time>2018-10-31T08:42:23.985000Z</time>
      </trkpt>
      <trkpt lat="37.82182622052655" lon="112.00574385158716">
        <ele>1203.0</ele>
        <time>2018-10-31T08:42:35.985000Z</time>
      </trkpt>
      <trkpt lat="37.82196614218531" lon="112.00576816265189">
        <ele>1206.0</ele>
        <time>2018-10-31T08:42:41.985000Z</time>
      </trkpt>
      <trkpt lat="37.822069653832564" lon="112.00581085902495">
        <ele>1204.0</ele>
        <time>2018-10-31T08:42:45.085000Z</time>
      </trkpt>
      <trkpt lat="37.82215416281629" lon="112.00594816571231">
        <ele>1203.0</ele>
        <time>2018-10-31T08:42:50.985000Z</time>
      </trkpt>
      <trkpt lat="37.82246821381684" lon="112.00608003911957">
        <ele>1198.0</ele>
        <time>2018-10-31T08:42:59.985000Z</time>
      </trkpt>
      <trkpt lat="37.82269803453826" lon="112.00616299674006">
        <ele>1195.0</ele>
        <time>2018-10-31T08:43:08.985000Z</time>
      </trkpt>
      <trkpt lat="37.82302164659578" lon="112.00618215016843">
        <ele>1192.0</ele>
        <time>2018-10-31T08:43:17.985000Z</time>
      </trkpt>
      <trkpt lat="37.82311414296127" lon="112.0061886265804">
        <ele>1191.0</ele>
        <time>2018-10-31T08:43:20.985000Z</time>
      </trkpt>
      <trkpt lat="37.823359885590165" lon="112.00611831681682">
        <ele>1192.0</ele>
        <time>2018-10-31T08:43:29.985000Z</time>
      </trkpt>
      <trkpt lat="37.82347456060799" lon="112.00614776688754">
        <ele>1192.0</ele>
        <time>2018-10-31T08:43:32.985000Z</time>
      </trkpt>
      <trkpt lat="37.82354869521482" lon="112.0061250520576">
        <ele>1190.0</ele>
        <time>2018-10-31T08:43:35.985000Z</time>
      </trkpt>
      <trkpt lat="37.82379578188406" lon="112.00614989109212">
        <ele>1190.0</ele>
        <time>2018-10-31T08:43:44.985000Z</time>
      </trkpt>
      <trkpt lat="37.82405897206938" lon="112.00623338542798">
        <ele>1193.0</ele>
        <time>2018-10-31T08:43:53.985000Z</time>
      </trkpt>
      <trkpt lat="37.824306578093775" lon="112.00626606342345">
        <ele>1191.0</ele>
        <time>2018-10-31T08:44:02.985000Z</time>
      </trkpt>
      <trkpt lat="37.824588939435856" lon="112.00638037098165">
        <ele>1192.0</ele>
        <time>2018-10-31T08:44:14.985000Z</time>
      </trkpt>
      <trkpt lat="37.82472014746912" lon="112.00641549570534">
        <ele>1193.0</ele>
        <time>2018-10-31T08:44:20.985000Z</time>
      </trkpt>
      <trkpt lat="37.82478785428251" lon="112.00645576391534">
        <ele>1193.0</ele>
        <time>2018-10-31T08:44:23.985000Z</time>
      </trkpt>
      <trkpt lat="37.82488774536694" lon="112.00643899275241">
        <ele>1190.0</ele>
        <time>2018-10-31T08:44:26.985000Z</time>
      </trkpt>
      <trkpt lat="37.824967884519715" lon="112.0064527735855">
        <ele>1188.0</ele>
        <time>2018-10-31T08:44:29.985000Z</time>
      </trkpt>
      <trkpt lat="37.825020594087896" lon="112.00648236057282">
        <ele>1187.0</ele>
        <time>2018-10-31T08:44:32.985000Z</time>
      </trkpt>
      <trkpt lat="37.82509028584949" lon="112.00645818101594">
        <ele>1187.0</ele>
        <time>2018-10-31T08:44:35.985000Z</time>
      </trkpt>
      <trkpt lat="37.82531487502098" lon="112.00649922114165">
        <ele>1190.0</ele>
        <time>2018-10-31T08:44:41.985000Z</time>
      </trkpt>
      <trkpt lat="37.825389264031244" lon="112.00648218269679">
        <ele>1191.0</ele>
        <time>2018-10-31T08:44:44.985000Z</time>
      </trkpt>
      <trkpt lat="37.82557069387962" lon="112.00650729998064">
        <ele>1186.0</ele>
        <time>2018-10-31T08:44:50.985000Z</time>
      </trkpt>
      <trkpt lat="37.82565211273502" lon="112.00649837002024">
        <ele>1186.0</ele>
        <time>2018-10-31T08:44:53.985000Z</time>
      </trkpt>
      <trkpt lat="37.82571759533336" lon="112.00646565461518">
        <ele>1184.0</ele>
        <time>2018-10-31T08:44:56.985000Z</time>
      </trkpt>
      <trkpt lat="37.82600441408893" lon="112.0065410371568">
        <ele>1182.0</ele>
        <time>2018-10-31T08:45:05.985000Z</time>
      </trkpt>
      <trkpt lat="37.826095023602505" lon="112.00654345915713">
        <ele>1182.0</ele>
        <time>2018-10-31T08:45:08.985000Z</time>
      </trkpt>
      <trkpt lat="37.82644518774272" lon="112.00648394903507">
        <ele>1184.0</ele>
        <time>2018-10-31T08:45:20.985000Z</time>
      </trkpt>
      <trkpt lat="37.826790426573" lon="112.00643849569954">
        <ele>1177.0</ele>
        <time>2018-10-31T08:45:32.985000Z</time>
      </trkpt>
      <trkpt lat="37.82714312193791" lon="112.00644007553028">
        <ele>1176.0</ele>
        <time>2018-10-31T08:45:44.985000Z</time>
      </trkpt>
      <trkpt lat="37.8273689250385" lon="112.0064149097406">
        <ele>1178.0</ele>
        <time>2018-10-31T08:45:53.985000Z</time>
      </trkpt>
      <trkpt lat="37.827432104421575" lon="112.00643124848594">
        <ele>1179.0</ele>
        <time>2018-10-31T08:45:56.985000Z</time>
      </trkpt>
      <trkpt lat="37.82755648020547" lon="112.0063875860352">
        <ele>1174.0</ele>
        <time>2018-10-31T08:45:59.985000Z</time>
      </trkpt>
      <trkpt lat="37.827668797675514" lon="112.00638892420149">
        <ele>1174.0</ele>
        <time>2018-10-31T08:46:02.985000Z</time>
      </trkpt>
      <trkpt lat="37.827716973494134" lon="112.00635801595598">
        <ele>1176.0</ele>
        <time>2018-10-31T08:46:05.985000Z</time>
      </trkpt>
      <trkpt lat="37.82781275047228" lon="112.00633538561084">
        <ele>1175.0</ele>
        <time>2018-10-31T08:46:08.985000Z</time>
      </trkpt>
      <trkpt lat="37.82799342905483" lon="112.0062485945646">
        <ele>1177.0</ele>
        <time>2018-10-31T08:46:14.985000Z</time>
      </trkpt>
      <trkpt lat="37.82804544603348" lon="112.00627345687604">
        <ele>1174.0</ele>
        <time>2018-10-31T08:46:17.985000Z</time>
      </trkpt>
      <trkpt lat="37.828210016735916" lon="112.00622045653469">
        <ele>1173.0</ele>
        <time>2018-10-31T08:46:23.985000Z</time>
      </trkpt>
      <trkpt lat="37.82833587224763" lon="112.00623098361694">
        <ele>1173.0</ele>
        <time>2018-10-31T08:46:26.985000Z</time>
      </trkpt>
      <trkpt lat="37.82853387903873" lon="112.00620355708402">
        <ele>1169.0</ele>
        <time>2018-10-31T08:46:32.985000Z</time>
      </trkpt>
      <trkpt lat="37.828788180019934" lon="112.00621849546519">
        <ele>1172.0</ele>
        <time>2018-10-31T08:46:41.985000Z</time>
      </trkpt>
      <trkpt lat="37.82909000216249" lon="112.00617575057163">
        <ele>1172.0</ele>
        <time>2018-10-31T08:46:53.985000Z</time>
      </trkpt>
      <trkpt lat="37.82929940537625" lon="112.0061914035725">
        <ele>1172.0</ele>
        <time>2018-10-31T08:47:00.085000Z</time>
      </trkpt>
      <trkpt lat="37.82938978410039" lon="112.00618031010798">
        <ele>1172.0</ele>
        <time>2018-10-31T08:47:03.085000Z</time>
      </trkpt>
      <trkpt lat="37.82973833306832" lon="112.00620784015094">
        <ele>1170.0</ele>
        <time>2018-10-31T08:47:14.985000Z</time>
      </trkpt>
      <trkpt lat="37.829953981313025" lon="112.00622187055453">
        <ele>1170.0</ele>
        <time>2018-10-31T08:47:20.985000Z</time>
      </trkpt>
      <trkpt lat="37.830158896584024" lon="112.00619589640375">
        <ele>1167.0</ele>
        <time>2018-10-31T08:47:26.985000Z</time>
      </trkpt>
      <trkpt lat="37.8305094215008" lon="112.00619774679518">
        <ele>1161.0</ele>
        <time>2018-10-31T08:47:38.985000Z</time>
      </trkpt>
      <trkpt lat="37.83075309849996" lon="112.00618366165389">
        <ele>1165.0</ele>
        <time>2018-10-31T08:47:47.985000Z</time>
      </trkpt>
      <trkpt lat="37.83083104550743" lon="112.0061563511022">
        <ele>1166.0</ele>
        <time>2018-10-31T08:47:51.085000Z</time>
      </trkpt>
      <trkpt lat="37.83114255214374" lon="112.00614144695686">
        <ele>1165.0</ele>
        <time>2018-10-31T08:48:00.085000Z</time>
      </trkpt>
      <trkpt lat="37.83148243819321" lon="112.00616276089441">
        <ele>1166.0</ele>
        <time>2018-10-31T08:48:11.985000Z</time>
      </trkpt>
      <trkpt lat="37.83177008673425" lon="112.00614218309285">
        <ele>1165.0</ele>
        <time>2018-10-31T08:48:20.985000Z</time>
      </trkpt>
      <trkpt lat="37.83187817811892" lon="112.00610513783059">
        <ele>1166.0</ele>
        <time>2018-10-31T08:48:26.985000Z</time>
      </trkpt>
      <trkpt lat="37.83199122193434" lon="112.00613593962049">
        <ele>1163.0</ele>
        <time>2018-10-31T08:48:29.985000Z</time>
      </trkpt>
      <trkpt lat="37.83221289580479" lon="112.00614758115081">
        <ele>1163.0</ele>
        <time>2018-10-31T08:48:35.985000Z</time>
      </trkpt>
      <trkpt lat="37.832550875207104" lon="112.00624588891456">
        <ele>1160.0</ele>
        <time>2018-10-31T08:48:47.985000Z</time>
      </trkpt>
      <trkpt lat="37.83287034704458" lon="112.00638046522914">
        <ele>1160.0</ele>
        <time>2018-10-31T08:48:59.985000Z</time>
      </trkpt>
      <trkpt lat="37.83321236195857" lon="112.00650692978039">
        <ele>1159.0</ele>
        <time>2018-10-31T08:49:11.985000Z</time>
      </trkpt>
      <trkpt lat="37.833299082081034" lon="112.00655486220535">
        <ele>1160.0</ele>
        <time>2018-10-31T08:49:14.985000Z</time>
      </trkpt>
      <trkpt lat="37.83338063854218" lon="112.00655235773561">
        <ele>1159.0</ele>
        <time>2018-10-31T08:49:17.985000Z</time>
      </trkpt>
      <trkpt lat="37.83316439745057" lon="112.00648774343732">
        <ele>1164.0</ele>
        <time>2018-10-31T08:49:26.985000Z</time>
      </trkpt>
      <trkpt lat="37.83309430242298" lon="112.00642936470975">
        <ele>1164.0</ele>
        <time>2018-10-31T08:49:29.985000Z</time>
      </trkpt>
      <trkpt lat="37.83303573432452" lon="112.0064177483425">
        <ele>1166.0</ele>
        <time>2018-10-31T08:49:32.985000Z</time>
      </trkpt>
      <trkpt lat="37.83297916832096" lon="112.00646262662919">
        <ele>1166.0</ele>
        <time>2018-10-31T08:49:35.985000Z</time>
      </trkpt>
      <trkpt lat="37.83290817559883" lon="112.0064323603124">
        <ele>1164.0</ele>
        <time>2018-10-31T08:49:38.985000Z</time>
      </trkpt>
      <trkpt lat="37.83282725807657" lon="112.00636398144022">
        <ele>1164.0</ele>
        <time>2018-10-31T08:49:41.985000Z</time>
      </trkpt>
      <trkpt lat="37.83275769269877" lon="112.00636322889616">
        <ele>1165.0</ele>
        <time>2018-10-31T08:49:44.985000Z</time>
      </trkpt>
      <trkpt lat="37.83261552376458" lon="112.00631102589519">
        <ele>1165.0</ele>
        <time>2018-10-31T08:49:50.985000Z</time>
      </trkpt>
      <trkpt lat="37.83254933442748" lon="112.00621669564765">
        <ele>1164.0</ele>
        <time>2018-10-31T08:49:54.085000Z</time>
      </trkpt>
      <trkpt lat="37.83249367901631" lon="112.00622913652747">
        <ele>1165.0</ele>
        <time>2018-10-31T08:49:57.085000Z</time>
      </trkpt>
      <trkpt lat="37.83220447066226" lon="112.00613591420397">
        <ele>1167.0</ele>
        <time>2018-10-31T08:50:08.985000Z</time>
      </trkpt>
      <trkpt lat="37.832158024430726" lon="112.00615348985156">
        <ele>1166.0</ele>
        <time>2018-10-31T08:50:12.085000Z</time>
      </trkpt>
      <trkpt lat="37.832027512994216" lon="112.00615437428486">
        <ele>1165.0</ele>
        <time>2018-10-31T08:50:17.985000Z</time>
      </trkpt>
      <trkpt lat="37.831926680284205" lon="112.00612594586653">
        <ele>1165.0</ele>
        <time>2018-10-31T08:50:20.985000Z</time>
      </trkpt>
      <trkpt lat="37.83163387200394" lon="112.00614814613492">
        <ele>1165.0</ele>
        <time>2018-10-31T08:50:32.985000Z</time>
      </trkpt>
      <trkpt lat="37.83151345206525" lon="112.00613437470741">
        <ele>1166.0</ele>
        <time>2018-10-31T08:50:38.985000Z</time>
      </trkpt>
      <trkpt lat="37.83144002661545" lon="112.00610113541198">
        <ele>1166.0</ele>
        <time>2018-10-31T08:50:41.985000Z</time>
      </trkpt>
      <trkpt lat="37.8311349675995" lon="112.00613739321972">
        <ele>1166.0</ele>
        <time>2018-10-31T08:50:53.985000Z</time>
      </trkpt>
      <trkpt lat="37.83094548289446" lon="112.00617471850963">
        <ele>1166.0</ele>
        <time>2018-10-31T08:51:02.985000Z</time>
      </trkpt>
      <trkpt lat="37.83078925027753" lon="112.0061609513446">
        <ele>1168.0</ele>
        <time>2018-10-31T08:51:08.985000Z</time>
      </trkpt>
      <trkpt lat="37.83059547629749" lon="112.00618097734396">
        <ele>1170.0</ele>
        <time>2018-10-31T08:51:17.985000Z</time>
      </trkpt>
      <trkpt lat="37.830526376491314" lon="112.00615287338985">
        <ele>1167.0</ele>
        <time>2018-10-31T08:51:21.085000Z</time>
      </trkpt>
      <trkpt lat="37.83045418342679" lon="112.00616126158766">
        <ele>1166.0</ele>
        <time>2018-10-31T08:51:23.985000Z</time>
      </trkpt>
      <trkpt lat="37.83038044316114" lon="112.0061426190232">
        <ele>1169.0</ele>
        <time>2018-10-31T08:51:26.985000Z</time>
      </trkpt>
      <trkpt lat="37.83005922281322" lon="112.00613968390188">
        <ele>1169.0</ele>
        <time>2018-10-31T08:51:42.085000Z</time>
      </trkpt>
      <trkpt lat="37.82999465705336" lon="112.0061377994307">
        <ele>1171.0</ele>
        <time>2018-10-31T08:51:45.085000Z</time>
      </trkpt>
      <trkpt lat="37.829930834251535" lon="112.00615970210275">
        <ele>1173.0</ele>
        <time>2018-10-31T08:51:48.085000Z</time>
      </trkpt>
      <trkpt lat="37.82985737419292" lon="112.00613808610096">
        <ele>1174.0</ele>
        <time>2018-10-31T08:51:51.085000Z</time>
      </trkpt>
      <trkpt lat="37.82956974296731" lon="112.00615298739908">
        <ele>1173.0</ele>
        <time>2018-10-31T08:52:03.085000Z</time>
      </trkpt>
      <trkpt lat="37.82950950606545" lon="112.00615515705364">
        <ele>1175.0</ele>
        <time>2018-10-31T08:52:06.085000Z</time>
      </trkpt>
      <trkpt lat="37.82945804377939" lon="112.00612624007748">
        <ele>1175.0</ele>
        <time>2018-10-31T08:52:08.985000Z</time>
      </trkpt>
      <trkpt lat="37.82930880485513" lon="112.00613274528811">
        <ele>1175.0</ele>
        <time>2018-10-31T08:52:14.985000Z</time>
      </trkpt>
      <trkpt lat="37.82918385788553" lon="112.00618141588755">
        <ele>1177.0</ele>
        <time>2018-10-31T08:52:20.985000Z</time>
      </trkpt>
      <trkpt lat="37.828898163857986" lon="112.00618361241153">
        <ele>1180.0</ele>
        <time>2018-10-31T08:52:32.985000Z</time>
      </trkpt>
      <trkpt lat="37.82882399753939" lon="112.00621686933832">
        <ele>1181.0</ele>
        <time>2018-10-31T08:52:35.985000Z</time>
      </trkpt>
      <trkpt lat="37.82862378500334" lon="112.00621256824296">
        <ele>1179.0</ele>
        <time>2018-10-31T08:52:44.985000Z</time>
      </trkpt>
      <trkpt lat="37.82846305893436" lon="112.00615906609411">
        <ele>1178.0</ele>
        <time>2018-10-31T08:52:50.985000Z</time>
      </trkpt>
      <trkpt lat="37.82830676852469" lon="112.00616476121915">
        <ele>1176.0</ele>
        <time>2018-10-31T08:52:56.985000Z</time>
      </trkpt>
      <trkpt lat="37.82804417575233" lon="112.00624453386939">
        <ele>1175.0</ele>
        <time>2018-10-31T08:53:08.985000Z</time>
      </trkpt>
      <trkpt lat="37.82797337967084" lon="112.0062394064196">
        <ele>1175.0</ele>
        <time>2018-10-31T08:53:11.985000Z</time>
      </trkpt>
      <trkpt lat="37.827660080640484" lon="112.00630972434283">
        <ele>1184.0</ele>
        <time>2018-10-31T08:53:26.985000Z</time>
      </trkpt>
      <trkpt lat="37.82759658248504" lon="112.00631378656144">
        <ele>1184.0</ele>
        <time>2018-10-31T08:53:29.985000Z</time>
      </trkpt>
      <trkpt lat="37.8275285462518" lon="112.00629298079485">
        <ele>1181.0</ele>
        <time>2018-10-31T08:53:32.985000Z</time>
      </trkpt>
      <trkpt lat="37.82732333347909" lon="112.00632787525176">
        <ele>1176.0</ele>
        <time>2018-10-31T08:53:41.985000Z</time>
      </trkpt>
      <trkpt lat="37.82720785867608" lon="112.00629355963143">
        <ele>1173.0</ele>
        <time>2018-10-31T08:53:47.985000Z</time>
      </trkpt>
      <trkpt lat="37.82693032736244" lon="112.00637901072497">
        <ele>1176.0</ele>
        <time>2018-10-31T08:53:59.985000Z</time>
      </trkpt>
      <trkpt lat="37.82677542268257" lon="112.00637497453012">
        <ele>1180.0</ele>
        <time>2018-10-31T08:54:05.985000Z</time>
      </trkpt>
      <trkpt lat="37.826711479462986" lon="112.0063463292601">
        <ele>1179.0</ele>
        <time>2018-10-31T08:54:08.985000Z</time>
      </trkpt>
      <trkpt lat="37.82649042139616" lon="112.00641798785115">
        <ele>1180.0</ele>
        <time>2018-10-31T08:54:17.985000Z</time>
      </trkpt>
      <trkpt lat="37.82643465990581" lon="112.00646610978224">
        <ele>1182.0</ele>
        <time>2018-10-31T08:54:20.985000Z</time>
      </trkpt>
      <trkpt lat="37.82617896398817" lon="112.0065077681127">
        <ele>1183.0</ele>
        <time>2018-10-31T08:54:32.985000Z</time>
      </trkpt>
      <trkpt lat="37.82614166436434" lon="112.00655156292858">
        <ele>1183.0</ele>
        <time>2018-10-31T08:54:35.985000Z</time>
      </trkpt>
      <trkpt lat="37.826216020389516" lon="112.00654560722504">
        <ele>1184.0</ele>
        <time>2018-10-31T08:54:39.085000Z</time>
      </trkpt>
      <trkpt lat="37.8263700596648" lon="112.0064758486663">
        <ele>1182.0</ele>
        <time>2018-10-31T08:54:44.985000Z</time>
      </trkpt>
      <trkpt lat="37.826676390292384" lon="112.00646770283817">
        <ele>1182.0</ele>
        <time>2018-10-31T08:54:53.985000Z</time>
      </trkpt>
      <trkpt lat="37.826992294100705" lon="112.00643360605174">
        <ele>1183.0</ele>
        <time>2018-10-31T08:55:05.985000Z</time>
      </trkpt>
      <trkpt lat="37.8273573168109" lon="112.00639544877204">
        <ele>1180.0</ele>
        <time>2018-10-31T08:55:17.985000Z</time>
      </trkpt>
      <trkpt lat="37.8275624771836" lon="112.00637812445801">
        <ele>1181.0</ele>
        <time>2018-10-31T08:55:23.985000Z</time>
      </trkpt>
      <trkpt lat="37.82780548640975" lon="112.00631484290605">
        <ele>1176.0</ele>
        <time>2018-10-31T08:55:32.985000Z</time>
      </trkpt>
      <trkpt lat="37.8279571653249" lon="112.00630887800791">
        <ele>1178.0</ele>
        <time>2018-10-31T08:55:38.985000Z</time>
      </trkpt>
      <trkpt lat="37.8282949281055" lon="112.00622314951313">
        <ele>1176.0</ele>
        <time>2018-10-31T08:55:50.985000Z</time>
      </trkpt>
      <trkpt lat="37.828488836011296" lon="112.0062490761452">
        <ele>1180.0</ele>
        <time>2018-10-31T08:55:57.085000Z</time>
      </trkpt>
      <trkpt lat="37.82867878961023" lon="112.00623634894602">
        <ele>1177.0</ele>
        <time>2018-10-31T08:56:02.985000Z</time>
      </trkpt>
      <trkpt lat="37.828745681805096" lon="112.00627688745469">
        <ele>1178.0</ele>
        <time>2018-10-31T08:56:05.985000Z</time>
      </trkpt>
      <trkpt lat="37.82885099694606" lon="112.00626092661857">
        <ele>1177.0</ele>
        <time>2018-10-31T08:56:08.985000Z</time>
      </trkpt>
      <trkpt lat="37.828939826794404" lon="112.00622334296797">
        <ele>1180.0</ele>
        <time>2018-10-31T08:56:14.985000Z</time>
      </trkpt>
      <trkpt lat="37.82904535360229" lon="112.006227385038">
        <ele>1181.0</ele>
        <time>2018-10-31T08:56:17.985000Z</time>
      </trkpt>
      <trkpt lat="37.829137654040224" lon="112.00620872266717">
        <ele>1177.0</ele>
        <time>2018-10-31T08:56:20.985000Z</time>
      </trkpt>
      <trkpt lat="37.829191537153015" lon="112.0062446674428">
        <ele>1178.0</ele>
        <time>2018-10-31T08:56:23.985000Z</time>
      </trkpt>
      <trkpt lat="37.82960428658156" lon="112.00621461386864">
        <ele>1166.0</ele>
        <time>2018-10-31T08:56:32.985000Z</time>
      </trkpt>
      <trkpt lat="37.8297518581726" lon="112.00622135402409">
        <ele>1167.0</ele>
        <time>2018-10-31T08:56:35.985000Z</time>
      </trkpt>
      <trkpt lat="37.83002217245188" lon="112.00619077681576">
        <ele>1166.0</ele>
        <time>2018-10-31T08:56:44.985000Z</time>
      </trkpt>
      <trkpt lat="37.83025299652014" lon="112.00621095750813">
        <ele>1165.0</ele>
        <time>2018-10-31T08:56:54.085000Z</time>
      </trkpt>
      <trkpt lat="37.83056073106544" lon="112.00618692829566">
        <ele>1163.0</ele>
        <time>2018-10-31T08:57:03.085000Z</time>
      </trkpt>
      <trkpt lat="37.83070207555737" lon="112.00618934423623">
        <ele>1165.0</ele>
        <time>2018-10-31T08:57:09.085000Z</time>
      </trkpt>
      <trkpt lat="37.83077915848594" lon="112.00616439794445">
        <ele>1162.0</ele>
        <time>2018-10-31T08:57:12.085000Z</time>
      </trkpt>
      <trkpt lat="37.83087498380977" lon="112.00617140273008">
        <ele>1166.0</ele>
        <time>2018-10-31T08:57:14.985000Z</time>
      </trkpt>
      <trkpt lat="37.83098764863165" lon="112.00613687015868">
        <ele>1164.0</ele>
        <time>2018-10-31T08:57:17.985000Z</time>
      </trkpt>
      <trkpt lat="37.83108719953767" lon="112.00614334571982">
        <ele>1165.0</ele>
        <time>2018-10-31T08:57:20.985000Z</time>
      </trkpt>
      <trkpt lat="37.831169269439606" lon="112.00609819427939">
        <ele>1166.0</ele>
        <time>2018-10-31T08:57:23.985000Z</time>
      </trkpt>
      <trkpt lat="37.831442574363194" lon="112.00615654852766">
        <ele>1166.0</ele>
        <time>2018-10-31T08:57:32.985000Z</time>
      </trkpt>
      <trkpt lat="37.831596369344645" lon="112.00612487929628">
        <ele>1165.0</ele>
        <time>2018-10-31T08:57:38.985000Z</time>
      </trkpt>
      <trkpt lat="37.83168327922687" lon="112.00613840910744">
        <ele>1166.0</ele>
        <time>2018-10-31T08:57:41.985000Z</time>
      </trkpt>
      <trkpt lat="37.83174609638094" lon="112.00610230664017">
        <ele>1167.0</ele>
        <time>2018-10-31T08:57:44.985000Z</time>
      </trkpt>
      <trkpt lat="37.83186946397482" lon="112.00611595124076">
        <ele>1166.0</ele>
        <time>2018-10-31T08:57:48.085000Z</time>
      </trkpt>
      <trkpt lat="37.83204271092637" lon="112.00615593638061">
        <ele>1166.0</ele>
        <time>2018-10-31T08:57:53.985000Z</time>
      </trkpt>
      <trkpt lat="37.83211331976856" lon="112.0061329516649">
        <ele>1165.0</ele>
        <time>2018-10-31T08:57:56.985000Z</time>
      </trkpt>
      <trkpt lat="37.832336737928074" lon="112.00617995888099">
        <ele>1167.0</ele>
        <time>2018-10-31T08:58:05.985000Z</time>
      </trkpt>
      <trkpt lat="37.83242829115705" lon="112.00622995525046">
        <ele>1167.0</ele>
        <time>2018-10-31T08:58:08.985000Z</time>
      </trkpt>
      <trkpt lat="37.83277523445367" lon="112.00634128158663">
        <ele>1168.0</ele>
        <time>2018-10-31T08:58:20.985000Z</time>
      </trkpt>
      <trkpt lat="37.83308754870242" lon="112.00641963433887">
        <ele>1163.0</ele>
        <time>2018-10-31T08:58:29.985000Z</time>
      </trkpt>
      <trkpt lat="37.83318050456965" lon="112.00645422300055">
        <ele>1164.0</ele>
        <time>2018-10-31T08:58:32.985000Z</time>
      </trkpt>
      <trkpt lat="37.833477586996906" lon="112.006636647441">
        <ele>1166.0</ele>
        <time>2018-10-31T08:58:44.985000Z</time>
      </trkpt>
      <trkpt lat="37.83372996969613" lon="112.0067058170638">
        <ele>1162.0</ele>
        <time>2018-10-31T08:58:53.985000Z</time>
      </trkpt>
      <trkpt lat="37.833819520219336" lon="112.0066995892229">
        <ele>1163.0</ele>
        <time>2018-10-31T08:58:56.985000Z</time>
      </trkpt>
      <trkpt lat="37.83392038122433" lon="112.00672174274274">
        <ele>1162.0</ele>
        <time>2018-10-31T08:58:59.985000Z</time>
      </trkpt>
      <trkpt lat="37.83417527603395" lon="112.00685849013696">
        <ele>1159.0</ele>
        <time>2018-10-31T08:59:08.985000Z</time>
      </trkpt>
      <trkpt lat="37.83422373156634" lon="112.00687366416724">
        <ele>1156.0</ele>
        <time>2018-10-31T08:59:11.985000Z</time>
      </trkpt>
      <trkpt lat="37.83431449989454" lon="112.00695071940945">
        <ele>1156.0</ele>
        <time>2018-10-31T08:59:14.985000Z</time>
      </trkpt>
      <trkpt lat="37.83446793259034" lon="112.00699928079592">
        <ele>1155.0</ele>
        <time>2018-10-31T08:59:20.985000Z</time>
      </trkpt>
      <trkpt lat="37.834768507434" lon="112.00699060213833">
        <ele>1148.0</ele>
        <time>2018-10-31T08:59:29.985000Z</time>
      </trkpt>
      <trkpt lat="37.83496859346283" lon="112.0069385124388">
        <ele>1147.0</ele>
        <time>2018-10-31T08:59:35.985000Z</time>
      </trkpt>
      <trkpt lat="37.835160693364976" lon="112.00694216943499">
        <ele>1147.0</ele>
        <time>2018-10-31T08:59:41.985000Z</time>
      </trkpt>
      <trkpt lat="37.83526100145018" lon="112.00696783715719">
        <ele>1150.0</ele>
        <time>2018-10-31T08:59:44.985000Z</time>
      </trkpt>
      <trkpt lat="37.83538536327919" lon="112.00711595373924">
        <ele>1154.0</ele>
        <time>2018-10-31T08:59:50.985000Z</time>
      </trkpt>
      <trkpt lat="37.83547605810019" lon="112.00727245438061">
        <ele>1157.0</ele>
        <time>2018-10-31T08:59:56.985000Z</time>
      </trkpt>
      <trkpt lat="37.835800083372" lon="112.00742757598273">
        <ele>1151.0</ele>
        <time>2018-10-31T09:00:08.985000Z</time>
      </trkpt>
      <trkpt lat="37.835871653701425" lon="112.00744621913788">
        <ele>1151.0</ele>
        <time>2018-10-31T09:00:11.985000Z</time>
      </trkpt>
      <trkpt lat="37.835963662140365" lon="112.00743458464561">
        <ele>1152.0</ele>
        <time>2018-10-31T09:00:14.985000Z</time>
      </trkpt>
      <trkpt lat="37.836052275223594" lon="112.00746998526655">
        <ele>1153.0</ele>
        <time>2018-10-31T09:00:17.985000Z</time>
      </trkpt>
      <trkpt lat="37.83610883769214" lon="112.00751755388882">
        <ele>1150.0</ele>
        <time>2018-10-31T09:00:20.985000Z</time>
      </trkpt>
      <trkpt lat="37.83619039516505" lon="112.00755349602453">
        <ele>1149.0</ele>
        <time>2018-10-31T09:00:23.985000Z</time>
      </trkpt>
      <trkpt lat="37.83635916015631" lon="112.00754996180181">
        <ele>1151.0</ele>
        <time>2018-10-31T09:00:29.985000Z</time>
      </trkpt>
      <trkpt lat="37.83641277677719" lon="112.00758455571246">
        <ele>1151.0</ele>
        <time>2018-10-31T09:00:32.985000Z</time>
      </trkpt>
      <trkpt lat="37.836519202344455" lon="112.00756021467608">
        <ele>1149.0</ele>
        <time>2018-10-31T09:00:38.985000Z</time>
      </trkpt>
      <trkpt lat="37.83657389202984" lon="112.00750749677613">
        <ele>1148.0</ele>
        <time>2018-10-31T09:00:44.985000Z</time>
      </trkpt>
      <trkpt lat="37.83662946173333" lon="112.0076153457785">
        <ele>1155.0</ele>
        <time>2018-10-31T09:00:47.985000Z</time>
      </trkpt>
      <trkpt lat="37.836758306030404" lon="112.0077161580126">
        <ele>1148.0</ele>
        <time>2018-10-31T09:00:53.985000Z</time>
      </trkpt>
      <trkpt lat="37.83681628853885" lon="112.00774237170437">
        <ele>1148.0</ele>
        <time>2018-10-31T09:00:56.985000Z</time>
      </trkpt>
      <trkpt lat="37.836860816493655" lon="112.00779438739369">
        <ele>1145.0</ele>
        <time>2018-10-31T09:00:59.985000Z</time>
      </trkpt>
      <trkpt lat="37.8369478308765" lon="112.00784831981514">
        <ele>1143.0</ele>
        <time>2018-10-31T09:01:02.985000Z</time>
      </trkpt>
      <trkpt lat="37.837061168629425" lon="112.00787182379423">
        <ele>1143.0</ele>
        <time>2018-10-31T09:01:05.985000Z</time>
      </trkpt>
      <trkpt lat="37.83710106650053" lon="112.00791501222061">
        <ele>1145.0</ele>
        <time>2018-10-31T09:01:08.985000Z</time>
      </trkpt>
      <trkpt lat="37.83715557047387" lon="112.00793947227297">
        <ele>1144.0</ele>
        <time>2018-10-31T09:01:11.985000Z</time>
      </trkpt>
      <trkpt lat="37.83720600928324" lon="112.00799219313103">
        <ele>1145.0</ele>
        <time>2018-10-31T09:01:14.985000Z</time>
      </trkpt>
      <trkpt lat="37.837396495471005" lon="112.00803068030936">
        <ele>1143.0</ele>
        <time>2018-10-31T09:01:20.985000Z</time>
      </trkpt>
      <trkpt lat="37.83767996009669" lon="112.00813825910565">
        <ele>1141.0</ele>
        <time>2018-10-31T09:01:29.985000Z</time>
      </trkpt>
      <trkpt lat="37.83779084991736" lon="112.00811331448999">
        <ele>1139.0</ele>
        <time>2018-10-31T09:01:32.985000Z</time>
      </trkpt>
      <trkpt lat="37.838031676474365" lon="112.00816179160431">
        <ele>1138.0</ele>
        <time>2018-10-31T09:01:38.985000Z</time>
      </trkpt>
      <trkpt lat="37.8382226620932" lon="112.00822931125064">
        <ele>1139.0</ele>
        <time>2018-10-31T09:01:44.985000Z</time>
      </trkpt>
      <trkpt lat="37.83830199545345" lon="112.00828688266968">
        <ele>1142.0</ele>
        <time>2018-10-31T09:01:47.985000Z</time>
      </trkpt>
      <trkpt lat="37.83844224430961" lon="112.00829308324602">
        <ele>1144.0</ele>
        <time>2018-10-31T09:01:53.985000Z</time>
      </trkpt>
      <trkpt lat="37.8387420816401" lon="112.00821770671135">
        <ele>1143.0</ele>
        <time>2018-10-31T09:02:02.985000Z</time>
      </trkpt>
      <trkpt lat="37.83884106991696" lon="112.00820139795474">
        <ele>1143.0</ele>
        <time>2018-10-31T09:02:05.985000Z</time>
      </trkpt>
      <trkpt lat="37.838899410562554" lon="112.00816540152613">
        <ele>1141.0</ele>
        <time>2018-10-31T09:02:08.985000Z</time>
      </trkpt>
      <trkpt lat="37.83918283000955" lon="112.0081199311107">
        <ele>1139.0</ele>
        <time>2018-10-31T09:02:17.985000Z</time>
      </trkpt>
      <trkpt lat="37.83935314212573" lon="112.00815659941091">
        <ele>1138.0</ele>
        <time>2018-10-31T09:02:23.985000Z</time>
      </trkpt>
      <trkpt lat="37.839525817408294" lon="112.00812292422171">
        <ele>1140.0</ele>
        <time>2018-10-31T09:02:29.985000Z</time>
      </trkpt>
      <trkpt lat="37.839610599063185" lon="112.00807804147205">
        <ele>1138.0</ele>
        <time>2018-10-31T09:02:32.985000Z</time>
      </trkpt>
      <trkpt lat="37.839899829361734" lon="112.00807341157237">
        <ele>1138.0</ele>
        <time>2018-10-31T09:02:41.985000Z</time>
      </trkpt>
      <trkpt lat="37.84007949919825" lon="112.00805230541529">
        <ele>1138.0</ele>
        <time>2018-10-31T09:02:47.985000Z</time>
      </trkpt>
      <trkpt lat="37.8402486250519" lon="112.00809045104096">
        <ele>1135.0</ele>
        <time>2018-10-31T09:02:53.985000Z</time>
      </trkpt>
      <trkpt lat="37.840308952862465" lon="112.00812483967684">
        <ele>1132.0</ele>
        <time>2018-10-31T09:02:56.985000Z</time>
      </trkpt>
      <trkpt lat="37.8403815196907" lon="112.00817367319348">
        <ele>1133.0</ele>
        <time>2018-10-31T09:02:59.985000Z</time>
      </trkpt>
      <trkpt lat="37.84067728157084" lon="112.0081898136057">
        <ele>1128.0</ele>
        <time>2018-10-31T09:03:08.985000Z</time>
      </trkpt>
      <trkpt lat="37.840867915540684" lon="112.00823647294082">
        <ele>1129.0</ele>
        <time>2018-10-31T09:03:14.985000Z</time>
      </trkpt>
      <trkpt lat="37.84096013086124" lon="112.00819594263771">
        <ele>1131.0</ele>
        <time>2018-10-31T09:03:17.985000Z</time>
      </trkpt>
      <trkpt lat="37.8412537373604" lon="112.00822311176682">
        <ele>1131.0</ele>
        <time>2018-10-31T09:03:26.985000Z</time>
      </trkpt>
      <trkpt lat="37.84134933327635" lon="112.0082170011145">
        <ele>1133.0</ele>
        <time>2018-10-31T09:03:29.985000Z</time>
      </trkpt>
      <trkpt lat="37.841523839695746" lon="112.00809132902222">
        <ele>1132.0</ele>
        <time>2018-10-31T09:03:35.985000Z</time>
      </trkpt>
      <trkpt lat="37.84180449905501" lon="112.0079577590711">
        <ele>1133.0</ele>
        <time>2018-10-31T09:03:44.985000Z</time>
      </trkpt>
      <trkpt lat="37.84187891518606" lon="112.0078859461113">
        <ele>1131.0</ele>
        <time>2018-10-31T09:03:47.985000Z</time>
      </trkpt>
      <trkpt lat="37.84198140177753" lon="112.00783058897251">
        <ele>1133.0</ele>
        <time>2018-10-31T09:03:50.985000Z</time>
      </trkpt>
      <trkpt lat="37.84206848134922" lon="112.00780559641291">
        <ele>1131.0</ele>
        <time>2018-10-31T09:03:53.985000Z</time>
      </trkpt>
      <trkpt lat="37.84227636062015" lon="112.00766549135979">
        <ele>1131.0</ele>
        <time>2018-10-31T09:04:02.985000Z</time>
      </trkpt>
      <trkpt lat="37.842496503978616" lon="112.00744542887446">
        <ele>1129.0</ele>
        <time>2018-10-31T09:04:11.985000Z</time>
      </trkpt>
      <trkpt lat="37.84275332693289" lon="112.00729915835014">
        <ele>1126.0</ele>
        <time>2018-10-31T09:04:20.985000Z</time>
      </trkpt>
      <trkpt lat="37.84283517860044" lon="112.00723616551727">
        <ele>1135.0</ele>
        <time>2018-10-31T09:04:23.985000Z</time>
      </trkpt>
      <trkpt lat="37.84287935588236" lon="112.00716047251771">
        <ele>1132.0</ele>
        <time>2018-10-31T09:04:26.985000Z</time>
      </trkpt>
      <trkpt lat="37.84298984743019" lon="112.00712446013416">
        <ele>1128.0</ele>
        <time>2018-10-31T09:04:29.985000Z</time>
      </trkpt>
      <trkpt lat="37.84326512806345" lon="112.00695018340153">
        <ele>1123.0</ele>
        <time>2018-10-31T09:04:38.985000Z</time>
      </trkpt>
      <trkpt lat="37.84335134648471" lon="112.00688017655482">
        <ele>1125.0</ele>
        <time>2018-10-31T09:04:41.985000Z</time>
      </trkpt>
      <trkpt lat="37.84342385394952" lon="112.00678053472252">
        <ele>1124.0</ele>
        <time>2018-10-31T09:04:44.985000Z</time>
      </trkpt>
      <trkpt lat="37.843652130504985" lon="112.00658596726154">
        <ele>1128.0</ele>
        <time>2018-10-31T09:04:53.985000Z</time>
      </trkpt>
      <trkpt lat="37.84381016082123" lon="112.00645214463445">
        <ele>1129.0</ele>
        <time>2018-10-31T09:04:59.985000Z</time>
      </trkpt>
      <trkpt lat="37.84407553780848" lon="112.0063493951033">
        <ele>1126.0</ele>
        <time>2018-10-31T09:05:08.985000Z</time>
      </trkpt>
      <trkpt lat="37.84426399770081" lon="112.00629233723627">
        <ele>1124.0</ele>
        <time>2018-10-31T09:05:14.985000Z</time>
      </trkpt>
      <trkpt lat="37.84450906854378" lon="112.00617553426913">
        <ele>1131.0</ele>
        <time>2018-10-31T09:05:23.985000Z</time>
      </trkpt>
      <trkpt lat="37.84458616443187" lon="112.00616092837086">
        <ele>1129.0</ele>
        <time>2018-10-31T09:05:26.985000Z</time>
      </trkpt>
      <trkpt lat="37.84488201485185" lon="112.00621117063837">
        <ele>1125.0</ele>
        <time>2018-10-31T09:05:35.985000Z</time>
      </trkpt>
      <trkpt lat="37.845234483137446" lon="112.0062903293276">
        <ele>1123.0</ele>
        <time>2018-10-31T09:05:47.985000Z</time>
      </trkpt>
      <trkpt lat="37.84539183395799" lon="112.00629355427897">
        <ele>1126.0</ele>
        <time>2018-10-31T09:05:53.985000Z</time>
      </trkpt>
      <trkpt lat="37.84547050145568" lon="112.00631998114086">
        <ele>1129.0</ele>
        <time>2018-10-31T09:05:56.985000Z</time>
      </trkpt>
      <trkpt lat="37.845753885333565" lon="112.00647736027086">
        <ele>1129.0</ele>
        <time>2018-10-31T09:06:05.985000Z</time>
      </trkpt>
      <trkpt lat="37.84592751533907" lon="112.00652866029078">
        <ele>1128.0</ele>
        <time>2018-10-31T09:06:11.985000Z</time>
      </trkpt>
      <trkpt lat="37.845990462572686" lon="112.00651042189625">
        <ele>1128.0</ele>
        <time>2018-10-31T09:06:14.985000Z</time>
      </trkpt>
      <trkpt lat="37.84610190292853" lon="112.0065311453338">
        <ele>1125.0</ele>
        <time>2018-10-31T09:06:17.985000Z</time>
      </trkpt>
      <trkpt lat="37.84618887913779" lon="112.00658764369805">
        <ele>1126.0</ele>
        <time>2018-10-31T09:06:20.985000Z</time>
      </trkpt>
      <trkpt lat="37.84634241231692" lon="112.00659889161092">
        <ele>1122.0</ele>
        <time>2018-10-31T09:06:26.985000Z</time>
      </trkpt>
      <trkpt lat="37.84643925325962" lon="112.00664805105566">
        <ele>1124.0</ele>
        <time>2018-10-31T09:06:29.985000Z</time>
      </trkpt>
      <trkpt lat="37.84665766491379" lon="112.00669373320713">
        <ele>1124.0</ele>
        <time>2018-10-31T09:06:35.985000Z</time>
      </trkpt>
      <trkpt lat="37.84675425098036" lon="112.0066939919967">
        <ele>1125.0</ele>
        <time>2018-10-31T09:06:38.985000Z</time>
      </trkpt>
      <trkpt lat="37.84680516175786" lon="112.00672615297496">
        <ele>1124.0</ele>
        <time>2018-10-31T09:06:41.985000Z</time>
      </trkpt>
      <trkpt lat="37.84687845850675" lon="112.00671181772756">
        <ele>1125.0</ele>
        <time>2018-10-31T09:06:44.985000Z</time>
      </trkpt>
      <trkpt lat="37.84696245802879" lon="112.00674775912736">
        <ele>1123.0</ele>
        <time>2018-10-31T09:06:47.985000Z</time>
      </trkpt>
      <trkpt lat="37.8472744533873" lon="112.00675204689207">
        <ele>1123.0</ele>
        <time>2018-10-31T09:06:56.985000Z</time>
      </trkpt>
      <trkpt lat="37.84747286596854" lon="112.00681500583237">
        <ele>1121.0</ele>
        <time>2018-10-31T09:07:05.985000Z</time>
      </trkpt>
      <trkpt lat="37.847704663770266" lon="112.0068218841871">
        <ele>1122.0</ele>
        <time>2018-10-31T09:07:11.985000Z</time>
      </trkpt>
      <trkpt lat="37.84779427930491" lon="112.00684551272195">
        <ele>1122.0</ele>
        <time>2018-10-31T09:07:14.985000Z</time>
      </trkpt>
      <trkpt lat="37.848067841087506" lon="112.00681871921566">
        <ele>1120.0</ele>
        <time>2018-10-31T09:07:23.985000Z</time>
      </trkpt>
      <trkpt lat="37.848248237059074" lon="112.00691871311618">
        <ele>1121.0</ele>
        <time>2018-10-31T09:07:29.985000Z</time>
      </trkpt>
      <trkpt lat="37.84833281956614" lon="112.00694113893651">
        <ele>1121.0</ele>
        <time>2018-10-31T09:07:32.985000Z</time>
      </trkpt>
      <trkpt lat="37.848400472214486" lon="112.00700005895683">
        <ele>1121.0</ele>
        <time>2018-10-31T09:07:35.985000Z</time>
      </trkpt>
      <trkpt lat="37.848598435113345" lon="112.00731966622946">
        <ele>1123.0</ele>
        <time>2018-10-31T09:07:47.985000Z</time>
      </trkpt>
      <trkpt lat="37.84860649853002" lon="112.00744121717733">
        <ele>1126.0</ele>
        <time>2018-10-31T09:07:50.985000Z</time>
      </trkpt>
      <trkpt lat="37.84874651517358" lon="112.00759876241001">
        <ele>1124.0</ele>
        <time>2018-10-31T09:07:56.985000Z</time>
      </trkpt>
      <trkpt lat="37.84891887294157" lon="112.00784797261448">
        <ele>1125.0</ele>
        <time>2018-10-31T09:08:05.985000Z</time>
      </trkpt>
      <trkpt lat="37.84900283779178" lon="112.00789580852259">
        <ele>1122.0</ele>
        <time>2018-10-31T09:08:08.985000Z</time>
      </trkpt>
      <trkpt lat="37.84907199266864" lon="112.00790580196424">
        <ele>1123.0</ele>
        <time>2018-10-31T09:08:11.985000Z</time>
      </trkpt>
      <trkpt lat="37.84916722119611" lon="112.00818124332233">
        <ele>1121.0</ele>
        <time>2018-10-31T09:08:17.985000Z</time>
      </trkpt>
      <trkpt lat="37.84936807208925" lon="112.0085210090917">
        <ele>1126.0</ele>
        <time>2018-10-31T09:08:29.985000Z</time>
      </trkpt>
      <trkpt lat="37.84943377398293" lon="112.00859777181955">
        <ele>1124.0</ele>
        <time>2018-10-31T09:08:32.985000Z</time>
      </trkpt>
      <trkpt lat="37.84952359044276" lon="112.00865571120639">
        <ele>1127.0</ele>
        <time>2018-10-31T09:08:35.985000Z</time>
      </trkpt>
      <trkpt lat="37.84968680153789" lon="112.00890942029906">
        <ele>1120.0</ele>
        <time>2018-10-31T09:08:44.985000Z</time>
      </trkpt>
      <trkpt lat="37.84984811099643" lon="112.00922648776354">
        <ele>1120.0</ele>
        <time>2018-10-31T09:08:53.985000Z</time>
      </trkpt>
      <trkpt lat="37.84991146941046" lon="112.00945436198032">
        <ele>1119.0</ele>
        <time>2018-10-31T09:08:59.985000Z</time>
      </trkpt>
      <trkpt lat="37.84995538933504" lon="112.0095576201819">
        <ele>1122.0</ele>
        <time>2018-10-31T09:09:03.085000Z</time>
      </trkpt>
      <trkpt lat="37.84995378646637" lon="112.00991823291112">
        <ele>1119.0</ele>
        <time>2018-10-31T09:09:11.985000Z</time>
      </trkpt>
      <trkpt lat="37.84995454065068" lon="112.01003095849448">
        <ele>1118.0</ele>
        <time>2018-10-31T09:09:14.985000Z</time>
      </trkpt>
      <trkpt lat="37.84998256425662" lon="112.01009664431115">
        <ele>1120.0</ele>
        <time>2018-10-31T09:09:17.985000Z</time>
      </trkpt>
      <trkpt lat="37.84999226408323" lon="112.01021207244548">
        <ele>1118.0</ele>
        <time>2018-10-31T09:09:21.085000Z</time>
      </trkpt>
      <trkpt lat="37.849949621938244" lon="112.0105981051062">
        <ele>1118.0</ele>
        <time>2018-10-31T09:09:29.985000Z</time>
      </trkpt>
      <trkpt lat="37.84995666641245" lon="112.0107867937914">
        <ele>1121.0</ele>
        <time>2018-10-31T09:09:35.985000Z</time>
      </trkpt>
      <trkpt lat="37.84997301639488" lon="112.01085518519399">
        <ele>1118.0</ele>
        <time>2018-10-31T09:09:39.085000Z</time>
      </trkpt>
      <trkpt lat="37.84989483374652" lon="112.01114904366108">
        <ele>1121.0</ele>
        <time>2018-10-31T09:09:44.985000Z</time>
      </trkpt>
      <trkpt lat="37.8498568713642" lon="112.01151372613617">
        <ele>1116.0</ele>
        <time>2018-10-31T09:09:53.985000Z</time>
      </trkpt>
      <trkpt lat="37.849846550970064" lon="112.01189003225092">
        <ele>1116.0</ele>
        <time>2018-10-31T09:10:02.985000Z</time>
      </trkpt>
      <trkpt lat="37.84984461883152" lon="112.01199465221482">
        <ele>1115.0</ele>
        <time>2018-10-31T09:10:05.985000Z</time>
      </trkpt>
      <trkpt lat="37.84979859964441" lon="112.01223904160025">
        <ele>1113.0</ele>
        <time>2018-10-31T09:10:11.985000Z</time>
      </trkpt>
      <trkpt lat="37.8498318064827" lon="112.01233968515753">
        <ele>1111.0</ele>
        <time>2018-10-31T09:10:14.985000Z</time>
      </trkpt>
      <trkpt lat="37.849848453296104" lon="112.01244935811427">
        <ele>1113.0</ele>
        <time>2018-10-31T09:10:17.985000Z</time>
      </trkpt>
      <trkpt lat="37.84981340476243" lon="112.0125599306457">
        <ele>1113.0</ele>
        <time>2018-10-31T09:10:20.985000Z</time>
      </trkpt>
      <trkpt lat="37.84980579965647" lon="112.01265644250823">
        <ele>1114.0</ele>
        <time>2018-10-31T09:10:23.985000Z</time>
      </trkpt>
      <trkpt lat="37.84970794597259" lon="112.01300032671057">
        <ele>1110.0</ele>
        <time>2018-10-31T09:10:32.985000Z</time>
      </trkpt>
      <trkpt lat="37.84968858060104" lon="112.01312955218151">
        <ele>1110.0</ele>
        <time>2018-10-31T09:10:35.985000Z</time>
      </trkpt>
      <trkpt lat="37.84970835936435" lon="112.01323282045135">
        <ele>1110.0</ele>
        <time>2018-10-31T09:10:38.985000Z</time>
      </trkpt>
      <trkpt lat="37.84964848633203" lon="112.01357886697105">
        <ele>1113.0</ele>
        <time>2018-10-31T09:10:47.985000Z</time>
      </trkpt>
      <trkpt lat="37.84961169001756" lon="112.0139203173794">
        <ele>1113.0</ele>
        <time>2018-10-31T09:10:56.985000Z</time>
      </trkpt>
      <trkpt lat="37.84961672546382" lon="112.01415065231278">
        <ele>1113.0</ele>
        <time>2018-10-31T09:11:03.085000Z</time>
      </trkpt>
      <trkpt lat="37.849578840242245" lon="112.01439991796231">
        <ele>1113.0</ele>
        <time>2018-10-31T09:11:08.985000Z</time>
      </trkpt>
      <trkpt lat="37.8495463254622" lon="112.01476381309617">
        <ele>1107.0</ele>
        <time>2018-10-31T09:11:17.985000Z</time>
      </trkpt>
      <trkpt lat="37.84950231754663" lon="112.01516285851996">
        <ele>1110.0</ele>
        <time>2018-10-31T09:11:26.985000Z</time>
      </trkpt>
      <trkpt lat="37.84948966040823" lon="112.01551026582364">
        <ele>1108.0</ele>
        <time>2018-10-31T09:11:35.985000Z</time>
      </trkpt>
      <trkpt lat="37.849435788368275" lon="112.01575440422911">
        <ele>1107.0</ele>
        <time>2018-10-31T09:11:42.085000Z</time>
      </trkpt>
      <trkpt lat="37.84945256739729" lon="112.01586470814254">
        <ele>1107.0</ele>
        <time>2018-10-31T09:11:45.085000Z</time>
      </trkpt>
      <trkpt lat="37.849450609234964" lon="112.01598096247591">
        <ele>1106.0</ele>
        <time>2018-10-31T09:11:47.985000Z</time>
      </trkpt>
      <trkpt lat="37.84940329159771" lon="112.01611506628825">
        <ele>1106.0</ele>
        <time>2018-10-31T09:11:51.085000Z</time>
      </trkpt>
      <trkpt lat="37.8493751060835" lon="112.01648708610769">
        <ele>1104.0</ele>
        <time>2018-10-31T09:12:00.085000Z</time>
      </trkpt>
      <trkpt lat="37.84937141817559" lon="112.01673582032309">
        <ele>1107.0</ele>
        <time>2018-10-31T09:12:05.985000Z</time>
      </trkpt>
      <trkpt lat="37.84935465657182" lon="112.01681071311872">
        <ele>1107.0</ele>
        <time>2018-10-31T09:12:08.985000Z</time>
      </trkpt>
      <trkpt lat="37.84930508515698" lon="112.01678287156365">
        <ele>1108.0</ele>
        <time>2018-10-31T09:12:11.985000Z</time>
      </trkpt>
      <trkpt lat="37.84930846343172" lon="112.01702782159978">
        <ele>1108.0</ele>
        <time>2018-10-31T09:12:20.985000Z</time>
      </trkpt>
      <trkpt lat="37.849322095275156" lon="112.01710054836018">
        <ele>1108.0</ele>
        <time>2018-10-31T09:12:23.985000Z</time>
      </trkpt>
      <trkpt lat="37.849262841567885" lon="112.01733144869428">
        <ele>1109.0</ele>
        <time>2018-10-31T09:12:29.985000Z</time>
      </trkpt>
      <trkpt lat="37.84921649288602" lon="112.0177013187716">
        <ele>1110.0</ele>
        <time>2018-10-31T09:12:39.085000Z</time>
      </trkpt>
      <trkpt lat="37.849207363564815" lon="112.01805442473345">
        <ele>1109.0</ele>
        <time>2018-10-31T09:12:48.085000Z</time>
      </trkpt>
      <trkpt lat="37.8491855939356" lon="112.01817447290439">
        <ele>1111.0</ele>
        <time>2018-10-31T09:12:50.985000Z</time>
      </trkpt>
      <trkpt lat="37.849197533024004" lon="112.01827099486174">
        <ele>1110.0</ele>
        <time>2018-10-31T09:12:54.085000Z</time>
      </trkpt>
      <trkpt lat="37.849140849762435" lon="112.01865223083135">
        <ele>1112.0</ele>
        <time>2018-10-31T09:13:02.985000Z</time>
      </trkpt>
      <trkpt lat="37.84913781114406" lon="112.01876903408136">
        <ele>1110.0</ele>
        <time>2018-10-31T09:13:05.985000Z</time>
      </trkpt>
      <trkpt lat="37.84916148822805" lon="112.01893774715278">
        <ele>1109.0</ele>
        <time>2018-10-31T09:13:11.985000Z</time>
      </trkpt>
      <trkpt lat="37.849142788908566" lon="112.01922299995485">
        <ele>1109.0</ele>
        <time>2018-10-31T09:13:17.985000Z</time>
      </trkpt>
      <trkpt lat="37.84916723817185" lon="112.01930951894695">
        <ele>1106.0</ele>
        <time>2018-10-31T09:13:20.985000Z</time>
      </trkpt>
      <trkpt lat="37.84914766985857" lon="112.01941956665317">
        <ele>1108.0</ele>
        <time>2018-10-31T09:13:23.985000Z</time>
      </trkpt>
      <trkpt lat="37.84910647848736" lon="112.01950014555038">
        <ele>1107.0</ele>
        <time>2018-10-31T09:13:26.985000Z</time>
      </trkpt>
      <trkpt lat="37.84915054954884" lon="112.0195552983779">
        <ele>1105.0</ele>
        <time>2018-10-31T09:13:38.985000Z</time>
      </trkpt>
      <trkpt lat="37.84913059754963" lon="112.01970617484825">
        <ele>1105.0</ele>
        <time>2018-10-31T09:13:42.085000Z</time>
      </trkpt>
      <trkpt lat="37.84916671707787" lon="112.0197821859715">
        <ele>1105.0</ele>
        <time>2018-10-31T09:13:44.985000Z</time>
      </trkpt>
      <trkpt lat="37.84920034496265" lon="112.02014880276707">
        <ele>1106.0</ele>
        <time>2018-10-31T09:13:53.985000Z</time>
      </trkpt>
      <trkpt lat="37.84916125441192" lon="112.02053386890545">
        <ele>1110.0</ele>
        <time>2018-10-31T09:14:02.985000Z</time>
      </trkpt>
      <trkpt lat="37.84910967805086" lon="112.02089913196183">
        <ele>1110.0</ele>
        <time>2018-10-31T09:14:11.985000Z</time>
      </trkpt>
      <trkpt lat="37.849104977774395" lon="112.02122874325231">
        <ele>1107.0</ele>
        <time>2018-10-31T09:14:20.985000Z</time>
      </trkpt>
      <trkpt lat="37.84916347200778" lon="112.02162976294119">
        <ele>1101.0</ele>
        <time>2018-10-31T09:14:32.985000Z</time>
      </trkpt>
      <trkpt lat="37.8491833520741" lon="112.02183377386241">
        <ele>1101.0</ele>
        <time>2018-10-31T09:14:39.085000Z</time>
      </trkpt>
      <trkpt lat="37.84910447608523" lon="112.02221012811039">
        <ele>1102.0</ele>
        <time>2018-10-31T09:14:47.985000Z</time>
      </trkpt>
      <trkpt lat="37.84911558128691" lon="112.02231764222057">
        <ele>1103.0</ele>
        <time>2018-10-31T09:14:50.985000Z</time>
      </trkpt>
      <trkpt lat="37.84906901707199" lon="112.02248070190261">
        <ele>1105.0</ele>
        <time>2018-10-31T09:14:56.985000Z</time>
      </trkpt>
      <trkpt lat="37.84908117996502" lon="112.0226986479381">
        <ele>1105.0</ele>
        <time>2018-10-31T09:15:08.985000Z</time>
      </trkpt>
      <trkpt lat="37.84903085448065" lon="112.0227478681259">
        <ele>1105.0</ele>
        <time>2018-10-31T09:15:11.985000Z</time>
      </trkpt>
      <trkpt lat="37.849049824510956" lon="112.02285656987803">
        <ele>1105.0</ele>
        <time>2018-10-31T09:15:17.985000Z</time>
      </trkpt>
      <trkpt lat="37.84909670972131" lon="112.02287576325615">
        <ele>1104.0</ele>
        <time>2018-10-31T09:15:20.985000Z</time>
      </trkpt>
      <trkpt lat="37.84905374600612" lon="112.02301232505124">
        <ele>1105.0</ele>
        <time>2018-10-31T09:15:26.985000Z</time>
      </trkpt>
      <trkpt lat="37.84905412637529" lon="112.02307262643149">
        <ele>1104.0</ele>
        <time>2018-10-31T09:15:29.985000Z</time>
      </trkpt>
      <trkpt lat="37.849017894514226" lon="112.02322838743873">
        <ele>1104.0</ele>
        <time>2018-10-31T09:15:38.985000Z</time>
      </trkpt>
      <trkpt lat="37.84905197086505" lon="112.02326894509675">
        <ele>1103.0</ele>
        <time>2018-10-31T09:15:41.985000Z</time>
      </trkpt>
      <trkpt lat="37.849067405026965" lon="112.02338143475694">
        <ele>1106.0</ele>
        <time>2018-10-31T09:15:47.985000Z</time>
      </trkpt>
      <trkpt lat="37.849016727353984" lon="112.02354422815131">
        <ele>1103.0</ele>
        <time>2018-10-31T09:15:56.985000Z</time>
      </trkpt>
      <trkpt lat="37.849023609215514" lon="112.0237176760344">
        <ele>1104.0</ele>
        <time>2018-10-31T09:16:05.985000Z</time>
      </trkpt>
      <trkpt lat="37.84903977489045" lon="112.02378187480305">
        <ele>1107.0</ele>
        <time>2018-10-31T09:16:08.985000Z</time>
      </trkpt>
      <trkpt lat="37.84910021274984" lon="112.02386911180727">
        <ele>1104.0</ele>
        <time>2018-10-31T09:16:14.985000Z</time>
      </trkpt>
      <trkpt lat="37.8491110230634" lon="112.02398235480244">
        <ele>1101.0</ele>
        <time>2018-10-31T09:16:20.985000Z</time>
      </trkpt>
      <trkpt lat="37.849135750435224" lon="112.02404416616777">
        <ele>1101.0</ele>
        <time>2018-10-31T09:16:23.985000Z</time>
      </trkpt>
      <trkpt lat="37.84912312101259" lon="112.0241386489287">
        <ele>1101.0</ele>
        <time>2018-10-31T09:16:29.985000Z</time>
      </trkpt>
      <trkpt lat="37.84914284709054" lon="112.02437297935259">
        <ele>1103.0</ele>
        <time>2018-10-31T09:16:43.185000Z</time>
      </trkpt>
      <trkpt lat="37.849074088226615" lon="112.02442466441556">
        <ele>1103.0</ele>
        <time>2018-10-31T09:16:46.985000Z</time>
      </trkpt>
      <trkpt lat="37.84903769971432" lon="112.02453649716746">
        <ele>1103.0</ele>
        <time>2018-10-31T09:16:52.985000Z</time>
      </trkpt>
      <trkpt lat="37.84906465991873" lon="112.02464794297244">
        <ele>1104.0</ele>
        <time>2018-10-31T09:17:01.785000Z</time>
      </trkpt>
      <trkpt lat="37.84898899875115" lon="112.02476983729686">
        <ele>1104.0</ele>
        <time>2018-10-31T09:17:11.985000Z</time>
      </trkpt>
      <trkpt lat="37.84891815473482" lon="112.02477241896656">
        <ele>1104.0</ele>
        <time>2018-10-31T09:17:14.985000Z</time>
      </trkpt>
      <trkpt lat="37.848921829304615" lon="112.02488135693221">
        <ele>1105.0</ele>
        <time>2018-10-31T09:17:20.985000Z</time>
      </trkpt>
      <trkpt lat="37.848946932735124" lon="112.0249344478513">
        <ele>1106.0</ele>
        <time>2018-10-31T09:17:23.985000Z</time>
      </trkpt>
      <trkpt lat="37.848986669701006" lon="112.02507326523214">
        <ele>1106.0</ele>
        <time>2018-10-31T09:17:29.985000Z</time>
      </trkpt>
      <trkpt lat="37.848977275353306" lon="112.02513122117242">
        <ele>1108.0</ele>
        <time>2018-10-31T09:17:32.985000Z</time>
      </trkpt>
      <trkpt lat="37.848939810441074" lon="112.02516942828417">
        <ele>1107.0</ele>
        <time>2018-10-31T09:17:35.985000Z</time>
      </trkpt>
      <trkpt lat="37.848958041995154" lon="112.02528404153409">
        <ele>1108.0</ele>
        <time>2018-10-31T09:17:41.985000Z</time>
      </trkpt>
      <trkpt lat="37.84898826115229" lon="112.02533144552373">
        <ele>1109.0</ele>
        <time>2018-10-31T09:17:44.985000Z</time>
      </trkpt>
      <trkpt lat="37.84904094801469" lon="112.02542969752457">
        <ele>1107.0</ele>
        <time>2018-10-31T09:17:50.985000Z</time>
      </trkpt>
      <trkpt lat="37.849076755611954" lon="112.02558158695015">
        <ele>1106.0</ele>
        <time>2018-10-31T09:18:02.985000Z</time>
      </trkpt>
      <trkpt lat="37.849059974700346" lon="112.02566947930369">
        <ele>1106.0</ele>
        <time>2018-10-31T09:18:08.985000Z</time>
      </trkpt>
      <trkpt lat="37.84908021617009" lon="112.02581361756583">
        <ele>1105.0</ele>
        <time>2018-10-31T09:18:20.985000Z</time>
      </trkpt>
      <trkpt lat="37.84894312292469" lon="112.02594506779842">
        <ele>1107.0</ele>
        <time>2018-10-31T09:18:29.985000Z</time>
      </trkpt>
      <trkpt lat="37.84893251673717" lon="112.02602028199367">
        <ele>1107.0</ele>
        <time>2018-10-31T09:18:32.985000Z</time>
      </trkpt>
      <trkpt lat="37.84890226148683" lon="112.02607026569095">
        <ele>1107.0</ele>
        <time>2018-10-31T09:18:35.985000Z</time>
      </trkpt>
      <trkpt lat="37.84888948681602" lon="112.02613438237672">
        <ele>1109.0</ele>
        <time>2018-10-31T09:18:38.985000Z</time>
      </trkpt>
      <trkpt lat="37.848928456480685" lon="112.02626526301312">
        <ele>1107.0</ele>
        <time>2018-10-31T09:18:50.985000Z</time>
      </trkpt>
      <trkpt lat="37.84890117637904" lon="112.0263223286495">
        <ele>1107.0</ele>
        <time>2018-10-31T09:18:56.985000Z</time>
      </trkpt>
      <trkpt lat="37.84886434858142" lon="112.02660764647715">
        <ele>1103.0</ele>
        <time>2018-10-31T09:19:14.985000Z</time>
      </trkpt>
      <trkpt lat="37.848890265091796" lon="112.0266574044585">
        <ele>1105.0</ele>
        <time>2018-10-31T09:19:17.985000Z</time>
      </trkpt>
      <trkpt lat="37.848890265091796" lon="112.0266574044585">
        <ele>1105.0</ele>
        <time>2018-10-31T09:19:23.485000Z</time>
      </trkpt>
    </trkseg>
  </trk>
</gpx>