<?xml version="1.0" encoding="UTF-8"?>
<gpx xmlns="http://www.topografix.com/GPX/1/1" xmlns:gpxtpx="http://www.garmin.com/xmlschemas/TrackPointExtension/v1" xmlns:xsi="http://www.w3.org/2001/XMLSchema-instance" xsi:schemaLocation="http://www.topografix.com/GPX/1/1 http://www.topografix.com/GPX/1/1/gpx.xsd" version="1.1" creator="gpx.py -- https://github.com/tkrajina/gpxpy">
  <trk>
    <name>gpx from keep</name>
    <type>Run</type>
    <trkseg>
      <trkpt lat="37.847279403240506" lon="112.02935335206051">
        <ele>1120.5</ele>
        <time>2026-07-02T00:09:18.529000Z</time>
        <extensions>
          <gpxtpx:TrackPointExtension>
            <gpxtpx:hr>71</gpxtpx:hr>
          </gpxtpx:TrackPointExtension>
        </extensions>
      </trkpt>
      <trkpt lat="37.84725044639219" lon="112.02933441167414">
        <ele>1120.5</ele>
        <time>2026-07-02T00:09:19.529000Z</time>
        <extensions>
          <gpxtpx:TrackPointExtension>
            <gpxtpx:hr>71</gpxtpx:hr>
          </gpxtpx:TrackPointExtension>
        </extensions>
      </trkpt>
      <trkpt lat="37.847295494044744" lon="112.02931845353058">
        <ele>1120.5</ele>
        <time>2026-07-02T00:09:20.529000Z</time>
        <extensions>
          <gpxtpx:TrackPointExtension>
            <gpxtpx:hr>71</gpxtpx:hr>
          </gpxtpx:TrackPointExtension>
        </extensions>
      </trkpt>
      <trkpt lat="37.847337579033294" lon="112.02928754009123">
        <ele>1120.5</ele>
        <time>2026-07-02T00:09:26.929000Z</time>
        <extensions>
          <gpxtpx:TrackPointExtension>
            <gpxtpx:hr>71</gpxtpx:hr>
          </gpxtpx:TrackPointExtension>
        </extensions>
      </trkpt>
      <trkpt lat="37.84740466055698" lon="112.02925961480662">
        <ele>1120.1</ele>
        <time>2026-07-02T00:09:29.729000Z</time>
        <extensions>
          <gpxtpx:TrackPointExtension>
            <gpxtpx:hr>71</gpxtpx:hr>
          </gpxtpx:TrackPointExtension>
        </extensions>
      </trkpt>
      <trkpt lat="37.84740466055698" lon="112.02925961480662">
        <ele>1120.1</ele>
        <time>2026-07-02T00:09:30.929000Z</time>
        <extensions>
          <gpxtpx:TrackPointExtension>
            <gpxtpx:hr>71</gpxtpx:hr>
          </gpxtpx:TrackPointExtension>
        </extensions>
      </trkpt>
      <trkpt lat="37.847406779451106" lon="112.02921275357745">
        <ele>1120.1</ele>
        <time>2026-07-02T00:09:34.929000Z</time>
        <extensions>
          <gpxtpx:TrackPointExtension>
            <gpxtpx:hr>72</gpxtpx:hr>
          </gpxtpx:TrackPointExtension>
        </extensions>
      </trkpt>
      <trkpt lat="37.8474089085055" lon="112.02916190426707">
        <ele>1120.5</ele>
        <time>2026-07-02T00:09:38.929000Z</time>
        <extensions>
          <gpxtpx:TrackPointExtension>
            <gpxtpx:hr>74</gpxtpx:hr>
          </gpxtpx:TrackPointExtension>
        </extensions>
      </trkpt>
      <trkpt lat="37.847406062080694" lon="112.0291010852727">
        <ele>1120.5</ele>
        <time>2026-07-02T00:09:40.929000Z</time>
        <extensions>
          <gpxtpx:TrackPointExtension>
            <gpxtpx:hr>74</gpxtpx:hr>
          </gpxtpx:TrackPointExtension>
        </extensions>
      </trkpt>
      <trkpt lat="37.847397207196806" lon="112.02904325823738">
        <ele>1120.5</ele>
        <time>2026-07-02T00:09:42.929000Z</time>
        <extensions>
          <gpxtpx:TrackPointExtension>
            <gpxtpx:hr>84</gpxtpx:hr>
          </gpxtpx:TrackPointExtension>
        </extensions>
      </trkpt>
      <trkpt lat="37.84739134783546" lon="112.02898742502603">
        <ele>1120.5</ele>
        <time>2026-07-02T00:09:44.929000Z</time>
        <extensions>
          <gpxtpx:TrackPointExtension>
            <gpxtpx:hr>84</gpxtpx:hr>
          </gpxtpx:TrackPointExtension>
        </extensions>
      </trkpt>
      <trkpt lat="37.847391479413865" lon="112.02893557932916">
        <ele>1120.5</ele>
        <time>2026-07-02T00:09:46.929000Z</time>
        <extensions>
          <gpxtpx:TrackPointExtension>
            <gpxtpx:hr>101</gpxtpx:hr>
          </gpxtpx:TrackPointExtension>
        </extensions>
      </trkpt>
      <trkpt lat="37.847395619316245" lon="112.02888074215602">
        <ele>1120.6</ele>
        <time>2026-07-02T00:09:48.929000Z</time>
        <extensions>
          <gpxtpx:TrackPointExtension>
            <gpxtpx:hr>101</gpxtpx:hr>
          </gpxtpx:TrackPointExtension>
        </extensions>
      </trkpt>
      <trkpt lat="37.84739477115804" lon="112.02882092055127">
        <ele>1120.6</ele>
        <time>2026-07-02T00:09:50.929000Z</time>
        <extensions>
          <gpxtpx:TrackPointExtension>
            <gpxtpx:hr>101</gpxtpx:hr>
          </gpxtpx:TrackPointExtension>
        </extensions>
      </trkpt>
      <trkpt lat="37.84739493340553" lon="112.02875711084965">
        <ele>1120.6</ele>
        <time>2026-07-02T00:09:52.929000Z</time>
        <extensions>
          <gpxtpx:TrackPointExtension>
            <gpxtpx:hr>108</gpxtpx:hr>
          </gpxtpx:TrackPointExtension>
        </extensions>
      </trkpt>
      <trkpt lat="37.84739610100398" lon="112.02869130712399">
        <ele>1120.6</ele>
        <time>2026-07-02T00:09:54.929000Z</time>
        <extensions>
          <gpxtpx:TrackPointExtension>
            <gpxtpx:hr>108</gpxtpx:hr>
          </gpxtpx:TrackPointExtension>
        </extensions>
      </trkpt>
      <trkpt lat="37.84739827396407" lon="112.02862350938786">
        <ele>1120.6</ele>
        <time>2026-07-02T00:09:56.929000Z</time>
        <extensions>
          <gpxtpx:TrackPointExtension>
            <gpxtpx:hr>109</gpxtpx:hr>
          </gpxtpx:TrackPointExtension>
        </extensions>
      </trkpt>
      <trkpt lat="37.84739945197085" lon="112.0285537178958">
        <ele>1120.8</ele>
        <time>2026-07-02T00:09:58.929000Z</time>
        <extensions>
          <gpxtpx:TrackPointExtension>
            <gpxtpx:hr>109</gpxtpx:hr>
          </gpxtpx:TrackPointExtension>
        </extensions>
      </trkpt>
      <trkpt lat="37.84739862724213" lon="112.02848492383022">
        <ele>1120.8</ele>
        <time>2026-07-02T00:10:00.929000Z</time>
        <extensions>
          <gpxtpx:TrackPointExtension>
            <gpxtpx:hr>109</gpxtpx:hr>
          </gpxtpx:TrackPointExtension>
        </extensions>
      </trkpt>
      <trkpt lat="37.847401800749715" lon="112.02841712646183">
        <ele>1120.8</ele>
        <time>2026-07-02T00:10:02.929000Z</time>
        <extensions>
          <gpxtpx:TrackPointExtension>
            <gpxtpx:hr>109</gpxtpx:hr>
          </gpxtpx:TrackPointExtension>
        </extensions>
      </trkpt>
      <trkpt lat="37.84740397422026" lon="112.02834932937355">
        <ele>1120.8</ele>
        <time>2026-07-02T00:10:04.929000Z</time>
        <extensions>
          <gpxtpx:TrackPointExtension>
            <gpxtpx:hr>109</gpxtpx:hr>
          </gpxtpx:TrackPointExtension>
        </extensions>
      </trkpt>
      <trkpt lat="37.84740515530073" lon="112.02827854153844">
        <ele>1120.8</ele>
        <time>2026-07-02T00:10:06.929000Z</time>
        <extensions>
          <gpxtpx:TrackPointExtension>
            <gpxtpx:hr>110</gpxtpx:hr>
          </gpxtpx:TrackPointExtension>
        </extensions>
      </trkpt>
      <trkpt lat="37.84739833521438" lon="112.02820775483931">
        <ele>1120.8</ele>
        <time>2026-07-02T00:10:08.929000Z</time>
        <extensions>
          <gpxtpx:TrackPointExtension>
            <gpxtpx:hr>110</gpxtpx:hr>
          </gpxtpx:TrackPointExtension>
        </extensions>
      </trkpt>
      <trkpt lat="37.84738249848096" lon="112.02814295142052">
        <ele>1120.8</ele>
        <time>2026-07-02T00:10:10.929000Z</time>
        <extensions>
          <gpxtpx:TrackPointExtension>
            <gpxtpx:hr>110</gpxtpx:hr>
          </gpxtpx:TrackPointExtension>
        </extensions>
      </trkpt>
      <trkpt lat="37.84736764669815" lon="112.02808413003865">
        <ele>1120.8</ele>
        <time>2026-07-02T00:10:12.929000Z</time>
        <extensions>
          <gpxtpx:TrackPointExtension>
            <gpxtpx:hr>111</gpxtpx:hr>
          </gpxtpx:TrackPointExtension>
        </extensions>
      </trkpt>
      <trkpt lat="37.847360788645084" lon="112.02802829881422">
        <ele>1120.8</ele>
        <time>2026-07-02T00:10:14.929000Z</time>
        <extensions>
          <gpxtpx:TrackPointExtension>
            <gpxtpx:hr>111</gpxtpx:hr>
          </gpxtpx:TrackPointExtension>
        </extensions>
      </trkpt>
      <trkpt lat="37.84736193709485" lon="112.02797047273826">
        <ele>1120.8</ele>
        <time>2026-07-02T00:10:16.929000Z</time>
        <extensions>
          <gpxtpx:TrackPointExtension>
            <gpxtpx:hr>113</gpxtpx:hr>
          </gpxtpx:TrackPointExtension>
        </extensions>
      </trkpt>
      <trkpt lat="37.847363088194236" lon="112.02791164978103">
        <ele>1120.9</ele>
        <time>2026-07-02T00:10:18.929000Z</time>
        <extensions>
          <gpxtpx:TrackPointExtension>
            <gpxtpx:hr>113</gpxtpx:hr>
          </gpxtpx:TrackPointExtension>
        </extensions>
      </trkpt>
      <trkpt lat="37.84736724243665" lon="112.02785182958759">
        <ele>1120.9</ele>
        <time>2026-07-02T00:10:20.929000Z</time>
        <extensions>
          <gpxtpx:TrackPointExtension>
            <gpxtpx:hr>113</gpxtpx:hr>
          </gpxtpx:TrackPointExtension>
        </extensions>
      </trkpt>
      <trkpt lat="37.84737640271497" lon="112.02779001493123">
        <ele>1120.9</ele>
        <time>2026-07-02T00:10:22.929000Z</time>
        <extensions>
          <gpxtpx:TrackPointExtension>
            <gpxtpx:hr>116</gpxtpx:hr>
          </gpxtpx:TrackPointExtension>
        </extensions>
      </trkpt>
      <trkpt lat="37.847389571440196" lon="112.02772520895489">
        <ele>1120.9</ele>
        <time>2026-07-02T00:10:24.929000Z</time>
        <extensions>
          <gpxtpx:TrackPointExtension>
            <gpxtpx:hr>116</gpxtpx:hr>
          </gpxtpx:TrackPointExtension>
        </extensions>
      </trkpt>
      <trkpt lat="37.84740474317034" lon="112.02765940589398">
        <ele>1120.9</ele>
        <time>2026-07-02T00:10:26.929000Z</time>
        <extensions>
          <gpxtpx:TrackPointExtension>
            <gpxtpx:hr>116</gpxtpx:hr>
          </gpxtpx:TrackPointExtension>
        </extensions>
      </trkpt>
      <trkpt lat="37.8474199098819" lon="112.02759559695176">
        <ele>1121.5</ele>
        <time>2026-07-02T00:10:28.929000Z</time>
        <extensions>
          <gpxtpx:TrackPointExtension>
            <gpxtpx:hr>116</gpxtpx:hr>
          </gpxtpx:TrackPointExtension>
        </extensions>
      </trkpt>
      <trkpt lat="37.84743707702882" lon="112.02753178790778">
        <ele>1121.5</ele>
        <time>2026-07-02T00:10:30.929000Z</time>
        <extensions>
          <gpxtpx:TrackPointExtension>
            <gpxtpx:hr>116</gpxtpx:hr>
          </gpxtpx:TrackPointExtension>
        </extensions>
      </trkpt>
      <trkpt lat="37.847455249589935" lon="112.02746598491993">
        <ele>1121.5</ele>
        <time>2026-07-02T00:10:32.929000Z</time>
        <extensions>
          <gpxtpx:TrackPointExtension>
            <gpxtpx:hr>118</gpxtpx:hr>
          </gpxtpx:TrackPointExtension>
        </extensions>
      </trkpt>
      <trkpt lat="37.84747242724963" lon="112.02739818824192">
        <ele>1121.5</ele>
        <time>2026-07-02T00:10:34.929000Z</time>
        <extensions>
          <gpxtpx:TrackPointExtension>
            <gpxtpx:hr>118</gpxtpx:hr>
          </gpxtpx:TrackPointExtension>
        </extensions>
      </trkpt>
      <trkpt lat="37.84748959730857" lon="112.02733338264936">
        <ele>1121.5</ele>
        <time>2026-07-02T00:10:36.929000Z</time>
        <extensions>
          <gpxtpx:TrackPointExtension>
            <gpxtpx:hr>119</gpxtpx:hr>
          </gpxtpx:TrackPointExtension>
        </extensions>
      </trkpt>
      <trkpt lat="37.847508757500925" lon="112.02727256485633">
        <ele>1121.5</ele>
        <time>2026-07-02T00:10:38.929000Z</time>
        <extensions>
          <gpxtpx:TrackPointExtension>
            <gpxtpx:hr>119</gpxtpx:hr>
          </gpxtpx:TrackPointExtension>
        </extensions>
      </trkpt>
      <trkpt lat="37.84753090281504" lon="112.02721772866306">
        <ele>1121.5</ele>
        <time>2026-07-02T00:10:40.929000Z</time>
        <extensions>
          <gpxtpx:TrackPointExtension>
            <gpxtpx:hr>119</gpxtpx:hr>
          </gpxtpx:TrackPointExtension>
        </extensions>
      </trkpt>
      <trkpt lat="37.847554040635416" lon="112.0271658833637">
        <ele>1121.5</ele>
        <time>2026-07-02T00:10:42.929000Z</time>
        <extensions>
          <gpxtpx:TrackPointExtension>
            <gpxtpx:hr>119</gpxtpx:hr>
          </gpxtpx:TrackPointExtension>
        </extensions>
      </trkpt>
      <trkpt lat="37.84757717594715" lon="112.02711503512424">
        <ele>1121.5</ele>
        <time>2026-07-02T00:10:44.929000Z</time>
        <extensions>
          <gpxtpx:TrackPointExtension>
            <gpxtpx:hr>119</gpxtpx:hr>
          </gpxtpx:TrackPointExtension>
        </extensions>
      </trkpt>
      <trkpt lat="37.847598318746705" lon="112.02706119631003">
        <ele>1121.5</ele>
        <time>2026-07-02T00:10:46.929000Z</time>
        <extensions>
          <gpxtpx:TrackPointExtension>
            <gpxtpx:hr>118</gpxtpx:hr>
          </gpxtpx:TrackPointExtension>
        </extensions>
      </trkpt>
      <trkpt lat="37.84761747421319" lon="112.02700237300621">
        <ele>1121.8</ele>
        <time>2026-07-02T00:10:48.929000Z</time>
        <extensions>
          <gpxtpx:TrackPointExtension>
            <gpxtpx:hr>118</gpxtpx:hr>
          </gpxtpx:TrackPointExtension>
        </extensions>
      </trkpt>
      <trkpt lat="37.84763762218009" lon="112.02694654058894">
        <ele>1121.8</ele>
        <time>2026-07-02T00:10:50.929000Z</time>
        <extensions>
          <gpxtpx:TrackPointExtension>
            <gpxtpx:hr>118</gpxtpx:hr>
          </gpxtpx:TrackPointExtension>
        </extensions>
      </trkpt>
      <trkpt lat="37.8476627581143" lon="112.02689569248398">
        <ele>1121.8</ele>
        <time>2026-07-02T00:10:52.929000Z</time>
        <extensions>
          <gpxtpx:TrackPointExtension>
            <gpxtpx:hr>120</gpxtpx:hr>
          </gpxtpx:TrackPointExtension>
        </extensions>
      </trkpt>
      <trkpt lat="37.84769388215906" lon="112.0268498285455">
        <ele>1121.8</ele>
        <time>2026-07-02T00:10:54.929000Z</time>
        <extensions>
          <gpxtpx:TrackPointExtension>
            <gpxtpx:hr>120</gpxtpx:hr>
          </gpxtpx:TrackPointExtension>
        </extensions>
      </trkpt>
      <trkpt lat="37.847726001246016" lon="112.02680595847488">
        <ele>1121.8</ele>
        <time>2026-07-02T00:10:56.929000Z</time>
        <extensions>
          <gpxtpx:TrackPointExtension>
            <gpxtpx:hr>121</gpxtpx:hr>
          </gpxtpx:TrackPointExtension>
        </extensions>
      </trkpt>
      <trkpt lat="37.8477571254003" lon="112.02676009467413">
        <ele>1121.8</ele>
        <time>2026-07-02T00:10:58.929000Z</time>
        <extensions>
          <gpxtpx:TrackPointExtension>
            <gpxtpx:hr>121</gpxtpx:hr>
          </gpxtpx:TrackPointExtension>
        </extensions>
      </trkpt>
      <trkpt lat="37.84778624928406" lon="112.02671423118414">
        <ele>1121.8</ele>
        <time>2026-07-02T00:11:00.929000Z</time>
        <extensions>
          <gpxtpx:TrackPointExtension>
            <gpxtpx:hr>121</gpxtpx:hr>
          </gpxtpx:TrackPointExtension>
        </extensions>
      </trkpt>
      <trkpt lat="37.84781437565239" lon="112.02666737093027">
        <ele>1121.8</ele>
        <time>2026-07-02T00:11:02.929000Z</time>
        <extensions>
          <gpxtpx:TrackPointExtension>
            <gpxtpx:hr>124</gpxtpx:hr>
          </gpxtpx:TrackPointExtension>
        </extensions>
      </trkpt>
      <trkpt lat="37.84784150191554" lon="112.0266205108698">
        <ele>1121.8</ele>
        <time>2026-07-02T00:11:04.929000Z</time>
        <extensions>
          <gpxtpx:TrackPointExtension>
            <gpxtpx:hr>124</gpxtpx:hr>
          </gpxtpx:TrackPointExtension>
        </extensions>
      </trkpt>
      <trkpt lat="37.847868628236604" lon="112.02657365088243">
        <ele>1121.8</ele>
        <time>2026-07-02T00:11:06.929000Z</time>
        <extensions>
          <gpxtpx:TrackPointExtension>
            <gpxtpx:hr>124</gpxtpx:hr>
          </gpxtpx:TrackPointExtension>
        </extensions>
      </trkpt>
      <trkpt lat="37.8479007450491" lon="112.02653077816558">
        <ele>1121.8</ele>
        <time>2026-07-02T00:11:08.929000Z</time>
        <extensions>
          <gpxtpx:TrackPointExtension>
            <gpxtpx:hr>124</gpxtpx:hr>
          </gpxtpx:TrackPointExtension>
        </extensions>
      </trkpt>
      <trkpt lat="37.847939834490546" lon="112.02649887110175">
        <ele>1121.8</ele>
        <time>2026-07-02T00:11:10.929000Z</time>
        <extensions>
          <gpxtpx:TrackPointExtension>
            <gpxtpx:hr>124</gpxtpx:hr>
          </gpxtpx:TrackPointExtension>
        </extensions>
      </trkpt>
      <trkpt lat="37.84798688111573" lon="112.02648391122442">
        <ele>1121.8</ele>
        <time>2026-07-02T00:11:12.929000Z</time>
        <extensions>
          <gpxtpx:TrackPointExtension>
            <gpxtpx:hr>124</gpxtpx:hr>
          </gpxtpx:TrackPointExtension>
        </extensions>
      </trkpt>
      <trkpt lat="37.84803888960915" lon="112.02648390497252">
        <ele>1121.8</ele>
        <time>2026-07-02T00:11:14.929000Z</time>
        <extensions>
          <gpxtpx:TrackPointExtension>
            <gpxtpx:hr>124</gpxtpx:hr>
          </gpxtpx:TrackPointExtension>
        </extensions>
      </trkpt>
      <trkpt lat="37.84808988236022" lon="112.02648988053053">
        <ele>1121.8</ele>
        <time>2026-07-02T00:11:16.929000Z</time>
        <extensions>
          <gpxtpx:TrackPointExtension>
            <gpxtpx:hr>123</gpxtpx:hr>
          </gpxtpx:TrackPointExtension>
        </extensions>
      </trkpt>
      <trkpt lat="37.848141870084234" lon="112.0264978498667">
        <ele>1121.2</ele>
        <time>2026-07-02T00:11:18.929000Z</time>
        <extensions>
          <gpxtpx:TrackPointExtension>
            <gpxtpx:hr>123</gpxtpx:hr>
          </gpxtpx:TrackPointExtension>
        </extensions>
      </trkpt>
      <trkpt lat="37.84819385781163" lon="112.02650581920493">
        <ele>1121.2</ele>
        <time>2026-07-02T00:11:20.929000Z</time>
        <extensions>
          <gpxtpx:TrackPointExtension>
            <gpxtpx:hr>123</gpxtpx:hr>
          </gpxtpx:TrackPointExtension>
        </extensions>
      </trkpt>
      <trkpt lat="37.848243858196135" lon="112.02650880404023">
        <ele>1121.2</ele>
        <time>2026-07-02T00:11:22.929000Z</time>
        <extensions>
          <gpxtpx:TrackPointExtension>
            <gpxtpx:hr>121</gpxtpx:hr>
          </gpxtpx:TrackPointExtension>
        </extensions>
      </trkpt>
      <trkpt lat="37.8482948743232" lon="112.02650580706158">
        <ele>1121.2</ele>
        <time>2026-07-02T00:11:24.929000Z</time>
        <extensions>
          <gpxtpx:TrackPointExtension>
            <gpxtpx:hr>121</gpxtpx:hr>
          </gpxtpx:TrackPointExtension>
        </extensions>
      </trkpt>
      <trkpt lat="37.84834589304852" lon="112.02650181313443">
        <ele>1121.2</ele>
        <time>2026-07-02T00:11:26.929000Z</time>
        <extensions>
          <gpxtpx:TrackPointExtension>
            <gpxtpx:hr>123</gpxtpx:hr>
          </gpxtpx:TrackPointExtension>
        </extensions>
      </trkpt>
      <trkpt lat="37.848397904150104" lon="112.02650080993365">
        <ele>1120.3</ele>
        <time>2026-07-02T00:11:28.929000Z</time>
        <extensions>
          <gpxtpx:TrackPointExtension>
            <gpxtpx:hr>123</gpxtpx:hr>
          </gpxtpx:TrackPointExtension>
        </extensions>
      </trkpt>
      <trkpt lat="37.8484509128206" lon="112.02650080356136">
        <ele>1120.3</ele>
        <time>2026-07-02T00:11:30.929000Z</time>
        <extensions>
          <gpxtpx:TrackPointExtension>
            <gpxtpx:hr>123</gpxtpx:hr>
          </gpxtpx:TrackPointExtension>
        </extensions>
      </trkpt>
      <trkpt lat="37.848503916300096" lon="112.02650279108657">
        <ele>1120.3</ele>
        <time>2026-07-02T00:11:32.929000Z</time>
        <extensions>
          <gpxtpx:TrackPointExtension>
            <gpxtpx:hr>123</gpxtpx:hr>
          </gpxtpx:TrackPointExtension>
        </extensions>
      </trkpt>
      <trkpt lat="37.848554922050425" lon="112.02650378190353">
        <ele>1120.3</ele>
        <time>2026-07-02T00:11:34.929000Z</time>
        <extensions>
          <gpxtpx:TrackPointExtension>
            <gpxtpx:hr>123</gpxtpx:hr>
          </gpxtpx:TrackPointExtension>
        </extensions>
      </trkpt>
      <trkpt lat="37.84860592260984" lon="112.02650676661828">
        <ele>1120.3</ele>
        <time>2026-07-02T00:11:36.929000Z</time>
        <extensions>
          <gpxtpx:TrackPointExtension>
            <gpxtpx:hr>125</gpxtpx:hr>
          </gpxtpx:TrackPointExtension>
        </extensions>
      </trkpt>
      <trkpt lat="37.848656923171134" lon="112.0265097513333">
        <ele>1120.1</ele>
        <time>2026-07-02T00:11:38.929000Z</time>
        <extensions>
          <gpxtpx:TrackPointExtension>
            <gpxtpx:hr>125</gpxtpx:hr>
          </gpxtpx:TrackPointExtension>
        </extensions>
      </trkpt>
      <trkpt lat="37.84870892389807" lon="112.02651273592835">
        <ele>1120.1</ele>
        <time>2026-07-02T00:11:40.929000Z</time>
        <extensions>
          <gpxtpx:TrackPointExtension>
            <gpxtpx:hr>125</gpxtpx:hr>
          </gpxtpx:TrackPointExtension>
        </extensions>
      </trkpt>
      <trkpt lat="37.84875992446313" lon="112.0265157206439">
        <ele>1120.1</ele>
        <time>2026-07-02T00:11:42.929000Z</time>
        <extensions>
          <gpxtpx:TrackPointExtension>
            <gpxtpx:hr>125</gpxtpx:hr>
          </gpxtpx:TrackPointExtension>
        </extensions>
      </trkpt>
      <trkpt lat="37.84881091724233" lon="112.02652169620781">
        <ele>1120.1</ele>
        <time>2026-07-02T00:11:44.929000Z</time>
        <extensions>
          <gpxtpx:TrackPointExtension>
            <gpxtpx:hr>125</gpxtpx:hr>
          </gpxtpx:TrackPointExtension>
        </extensions>
      </trkpt>
      <trkpt lat="37.84885993305885" lon="112.02651869946823">
        <ele>1120.1</ele>
        <time>2026-07-02T00:11:46.929000Z</time>
        <extensions>
          <gpxtpx:TrackPointExtension>
            <gpxtpx:hr>125</gpxtpx:hr>
          </gpxtpx:TrackPointExtension>
        </extensions>
      </trkpt>
      <trkpt lat="37.84889600386533" lon="112.02649377141745">
        <ele>1119.9</ele>
        <time>2026-07-02T00:11:48.929000Z</time>
        <extensions>
          <gpxtpx:TrackPointExtension>
            <gpxtpx:hr>125</gpxtpx:hr>
          </gpxtpx:TrackPointExtension>
        </extensions>
      </trkpt>
      <trkpt lat="37.84891714236525" lon="112.02644192761603">
        <ele>1119.9</ele>
        <time>2026-07-02T00:11:50.929000Z</time>
        <extensions>
          <gpxtpx:TrackPointExtension>
            <gpxtpx:hr>125</gpxtpx:hr>
          </gpxtpx:TrackPointExtension>
        </extensions>
      </trkpt>
      <trkpt lat="37.84892332006873" lon="112.02637413459031">
        <ele>1119.9</ele>
        <time>2026-07-02T00:11:52.929000Z</time>
        <extensions>
          <gpxtpx:TrackPointExtension>
            <gpxtpx:hr>125</gpxtpx:hr>
          </gpxtpx:TrackPointExtension>
        </extensions>
      </trkpt>
      <trkpt lat="37.848926497400015" lon="112.0263063420771">
        <ele>1119.9</ele>
        <time>2026-07-02T00:11:54.929000Z</time>
        <extensions>
          <gpxtpx:TrackPointExtension>
            <gpxtpx:hr>125</gpxtpx:hr>
          </gpxtpx:TrackPointExtension>
        </extensions>
      </trkpt>
      <trkpt lat="37.84893468087666" lon="112.02623655523423">
        <ele>1119.9</ele>
        <time>2026-07-02T00:11:56.929000Z</time>
        <extensions>
          <gpxtpx:TrackPointExtension>
            <gpxtpx:hr>124</gpxtpx:hr>
          </gpxtpx:TrackPointExtension>
        </extensions>
      </trkpt>
      <trkpt lat="37.848946865135225" lon="112.02616676807077">
        <ele>1119.8</ele>
        <time>2026-07-02T00:11:58.929000Z</time>
        <extensions>
          <gpxtpx:TrackPointExtension>
            <gpxtpx:hr>124</gpxtpx:hr>
          </gpxtpx:TrackPointExtension>
        </extensions>
      </trkpt>
      <trkpt lat="37.84895704919198" lon="112.02609698130779">
        <ele>1119.8</ele>
        <time>2026-07-02T00:12:00.929000Z</time>
        <extensions>
          <gpxtpx:TrackPointExtension>
            <gpxtpx:hr>124</gpxtpx:hr>
          </gpxtpx:TrackPointExtension>
        </extensions>
      </trkpt>
      <trkpt lat="37.84896121673943" lon="112.0260331770254">
        <ele>1119.8</ele>
        <time>2026-07-02T00:12:02.929000Z</time>
        <extensions>
          <gpxtpx:TrackPointExtension>
            <gpxtpx:hr>123</gpxtpx:hr>
          </gpxtpx:TrackPointExtension>
        </extensions>
      </trkpt>
      <trkpt lat="37.84896137851585" lon="112.02597136721973">
        <ele>1119.8</ele>
        <time>2026-07-02T00:12:04.929000Z</time>
        <extensions>
          <gpxtpx:TrackPointExtension>
            <gpxtpx:hr>123</gpxtpx:hr>
          </gpxtpx:TrackPointExtension>
        </extensions>
      </trkpt>
      <trkpt lat="37.848962540554496" lon="112.02590955741871">
        <ele>1119.8</ele>
        <time>2026-07-02T00:12:06.929000Z</time>
        <extensions>
          <gpxtpx:TrackPointExtension>
            <gpxtpx:hr>123</gpxtpx:hr>
          </gpxtpx:TrackPointExtension>
        </extensions>
      </trkpt>
      <trkpt lat="37.848963700078045" lon="112.02584874466969">
        <ele>1120.5</ele>
        <time>2026-07-02T00:12:08.929000Z</time>
        <extensions>
          <gpxtpx:TrackPointExtension>
            <gpxtpx:hr>123</gpxtpx:hr>
          </gpxtpx:TrackPointExtension>
        </extensions>
      </trkpt>
      <trkpt lat="37.84896385953248" lon="112.02578793216132">
        <ele>1120.5</ele>
        <time>2026-07-02T00:12:10.929000Z</time>
        <extensions>
          <gpxtpx:TrackPointExtension>
            <gpxtpx:hr>123</gpxtpx:hr>
          </gpxtpx:TrackPointExtension>
        </extensions>
      </trkpt>
      <trkpt lat="37.84896501401292" lon="112.02572911349989">
        <ele>1120.5</ele>
        <time>2026-07-02T00:12:12.929000Z</time>
        <extensions>
          <gpxtpx:TrackPointExtension>
            <gpxtpx:hr>123</gpxtpx:hr>
          </gpxtpx:TrackPointExtension>
        </extensions>
      </trkpt>
      <trkpt lat="37.8489661738174" lon="112.02566830110771">
        <ele>1120.5</ele>
        <time>2026-07-02T00:12:14.929000Z</time>
        <extensions>
          <gpxtpx:TrackPointExtension>
            <gpxtpx:hr>123</gpxtpx:hr>
          </gpxtpx:TrackPointExtension>
        </extensions>
      </trkpt>
      <trkpt lat="37.84896633879113" lon="112.02560549511661">
        <ele>1120.5</ele>
        <time>2026-07-02T00:12:16.929000Z</time>
        <extensions>
          <gpxtpx:TrackPointExtension>
            <gpxtpx:hr>123</gpxtpx:hr>
          </gpxtpx:TrackPointExtension>
        </extensions>
      </trkpt>
      <trkpt lat="37.84896650386535" lon="112.02554268925314">
        <ele>1120.8</ele>
        <time>2026-07-02T00:12:18.929000Z</time>
        <extensions>
          <gpxtpx:TrackPointExtension>
            <gpxtpx:hr>123</gpxtpx:hr>
          </gpxtpx:TrackPointExtension>
        </extensions>
      </trkpt>
      <trkpt lat="37.84896866412258" lon="112.02548187710767">
        <ele>1120.8</ele>
        <time>2026-07-02T00:12:20.929000Z</time>
        <extensions>
          <gpxtpx:TrackPointExtension>
            <gpxtpx:hr>123</gpxtpx:hr>
          </gpxtpx:TrackPointExtension>
        </extensions>
      </trkpt>
      <trkpt lat="37.84897482512946" lon="112.02542106460072">
        <ele>1120.8</ele>
        <time>2026-07-02T00:12:22.929000Z</time>
        <extensions>
          <gpxtpx:TrackPointExtension>
            <gpxtpx:hr>124</gpxtpx:hr>
          </gpxtpx:TrackPointExtension>
        </extensions>
      </trkpt>
      <trkpt lat="37.84898298918363" lon="112.02535925506092">
        <ele>1120.8</ele>
        <time>2026-07-02T00:12:24.929000Z</time>
        <extensions>
          <gpxtpx:TrackPointExtension>
            <gpxtpx:hr>124</gpxtpx:hr>
          </gpxtpx:TrackPointExtension>
        </extensions>
      </trkpt>
      <trkpt lat="37.84899015317056" lon="112.02529744576417">
        <ele>1120.8</ele>
        <time>2026-07-02T00:12:26.929000Z</time>
        <extensions>
          <gpxtpx:TrackPointExtension>
            <gpxtpx:hr>124</gpxtpx:hr>
          </gpxtpx:TrackPointExtension>
        </extensions>
      </trkpt>
      <trkpt lat="37.84899732251163" lon="112.02523364277491">
        <ele>1120.8</ele>
        <time>2026-07-02T00:12:28.929000Z</time>
        <extensions>
          <gpxtpx:TrackPointExtension>
            <gpxtpx:hr>125</gpxtpx:hr>
          </gpxtpx:TrackPointExtension>
        </extensions>
      </trkpt>
      <trkpt lat="37.849004486694575" lon="112.02517183372716">
        <ele>1120.8</ele>
        <time>2026-07-02T00:12:30.929000Z</time>
        <extensions>
          <gpxtpx:TrackPointExtension>
            <gpxtpx:hr>125</gpxtpx:hr>
          </gpxtpx:TrackPointExtension>
        </extensions>
      </trkpt>
      <trkpt lat="37.84901065080975" lon="112.0251100249218">
        <ele>1120.8</ele>
        <time>2026-07-02T00:12:32.929000Z</time>
        <extensions>
          <gpxtpx:TrackPointExtension>
            <gpxtpx:hr>126</gpxtpx:hr>
          </gpxtpx:TrackPointExtension>
        </extensions>
      </trkpt>
      <trkpt lat="37.84901481732652" lon="112.02504721957717">
        <ele>1120.8</ele>
        <time>2026-07-02T00:12:34.929000Z</time>
        <extensions>
          <gpxtpx:TrackPointExtension>
            <gpxtpx:hr>126</gpxtpx:hr>
          </gpxtpx:TrackPointExtension>
        </extensions>
      </trkpt>
      <trkpt lat="37.849015986085426" lon="112.0249834178192">
        <ele>1120.8</ele>
        <time>2026-07-02T00:12:36.929000Z</time>
        <extensions>
          <gpxtpx:TrackPointExtension>
            <gpxtpx:hr>126</gpxtpx:hr>
          </gpxtpx:TrackPointExtension>
        </extensions>
      </trkpt>
      <trkpt lat="37.84901515461835" lon="112.02491961643109">
        <ele>1121.3</ele>
        <time>2026-07-02T00:12:38.929000Z</time>
        <extensions>
          <gpxtpx:TrackPointExtension>
            <gpxtpx:hr>126</gpxtpx:hr>
          </gpxtpx:TrackPointExtension>
        </extensions>
      </trkpt>
      <trkpt lat="37.849015320778726" lon="112.02485681194766">
        <ele>1121.3</ele>
        <time>2026-07-02T00:12:40.929000Z</time>
        <extensions>
          <gpxtpx:TrackPointExtension>
            <gpxtpx:hr>126</gpxtpx:hr>
          </gpxtpx:TrackPointExtension>
        </extensions>
      </trkpt>
      <trkpt lat="37.849019485053596" lon="112.02479500400223">
        <ele>1121.3</ele>
        <time>2026-07-02T00:12:42.929000Z</time>
        <extensions>
          <gpxtpx:TrackPointExtension>
            <gpxtpx:hr>126</gpxtpx:hr>
          </gpxtpx:TrackPointExtension>
        </extensions>
      </trkpt>
      <trkpt lat="37.849028647602175" lon="112.02473419246861">
        <ele>1121.3</ele>
        <time>2026-07-02T00:12:44.929000Z</time>
        <extensions>
          <gpxtpx:TrackPointExtension>
            <gpxtpx:hr>126</gpxtpx:hr>
          </gpxtpx:TrackPointExtension>
        </extensions>
      </trkpt>
      <trkpt lat="37.849041816184325" lon="112.02467138679175">
        <ele>1121.3</ele>
        <time>2026-07-02T00:12:46.929000Z</time>
        <extensions>
          <gpxtpx:TrackPointExtension>
            <gpxtpx:hr>126</gpxtpx:hr>
          </gpxtpx:TrackPointExtension>
        </extensions>
      </trkpt>
      <trkpt lat="37.84905398470051" lon="112.02460858135954">
        <ele>1121.9</ele>
        <time>2026-07-02T00:12:48.929000Z</time>
        <extensions>
          <gpxtpx:TrackPointExtension>
            <gpxtpx:hr>125</gpxtpx:hr>
          </gpxtpx:TrackPointExtension>
        </extensions>
      </trkpt>
      <trkpt lat="37.84906415827847" lon="112.02454378252038">
        <ele>1121.9</ele>
        <time>2026-07-02T00:12:50.929000Z</time>
        <extensions>
          <gpxtpx:TrackPointExtension>
            <gpxtpx:hr>125</gpxtpx:hr>
          </gpxtpx:TrackPointExtension>
        </extensions>
      </trkpt>
      <trkpt lat="37.849070333951964" lon="112.02447798741017">
        <ele>1121.9</ele>
        <time>2026-07-02T00:12:52.929000Z</time>
        <extensions>
          <gpxtpx:TrackPointExtension>
            <gpxtpx:hr>126</gpxtpx:hr>
          </gpxtpx:TrackPointExtension>
        </extensions>
      </trkpt>
      <trkpt lat="37.84907351188959" lon="112.02441119591465">
        <ele>1121.9</ele>
        <time>2026-07-02T00:12:54.929000Z</time>
        <extensions>
          <gpxtpx:TrackPointExtension>
            <gpxtpx:hr>126</gpxtpx:hr>
          </gpxtpx:TrackPointExtension>
        </extensions>
      </trkpt>
      <trkpt lat="37.849075689773144" lon="112.02434440467898">
        <ele>1121.9</ele>
        <time>2026-07-02T00:12:56.929000Z</time>
        <extensions>
          <gpxtpx:TrackPointExtension>
            <gpxtpx:hr>126</gpxtpx:hr>
          </gpxtpx:TrackPointExtension>
        </extensions>
      </trkpt>
      <trkpt lat="37.849076867602406" lon="112.02427761370288">
        <ele>1121.8</ele>
        <time>2026-07-02T00:12:58.929000Z</time>
        <extensions>
          <gpxtpx:TrackPointExtension>
            <gpxtpx:hr>125</gpxtpx:hr>
          </gpxtpx:TrackPointExtension>
        </extensions>
      </trkpt>
      <trkpt lat="37.849077045377165" lon="112.02421082298606">
        <ele>1121.8</ele>
        <time>2026-07-02T00:13:00.929000Z</time>
        <extensions>
          <gpxtpx:TrackPointExtension>
            <gpxtpx:hr>125</gpxtpx:hr>
          </gpxtpx:TrackPointExtension>
        </extensions>
      </trkpt>
      <trkpt lat="37.84907822342522" lon="112.02414403228802">
        <ele>1121.8</ele>
        <time>2026-07-02T00:13:02.929000Z</time>
        <extensions>
          <gpxtpx:TrackPointExtension>
            <gpxtpx:hr>127</gpxtpx:hr>
          </gpxtpx:TrackPointExtension>
        </extensions>
      </trkpt>
      <trkpt lat="37.84907940689724" lon="112.02407524798627">
        <ele>1121.8</ele>
        <time>2026-07-02T00:13:04.929000Z</time>
        <extensions>
          <gpxtpx:TrackPointExtension>
            <gpxtpx:hr>127</gpxtpx:hr>
          </gpxtpx:TrackPointExtension>
        </extensions>
      </trkpt>
      <trkpt lat="37.8490835883176" lon="112.02400746033992">
        <ele>1121.8</ele>
        <time>2026-07-02T00:13:06.929000Z</time>
        <extensions>
          <gpxtpx:TrackPointExtension>
            <gpxtpx:hr>127</gpxtpx:hr>
          </gpxtpx:TrackPointExtension>
        </extensions>
      </trkpt>
      <trkpt lat="37.84908576952186" lon="112.02393967307606">
        <ele>1121.9</ele>
        <time>2026-07-02T00:13:08.929000Z</time>
        <extensions>
          <gpxtpx:TrackPointExtension>
            <gpxtpx:hr>128</gpxtpx:hr>
          </gpxtpx:TrackPointExtension>
        </extensions>
      </trkpt>
      <trkpt lat="37.849087948175416" lon="112.02387288281908">
        <ele>1121.9</ele>
        <time>2026-07-02T00:13:10.929000Z</time>
        <extensions>
          <gpxtpx:TrackPointExtension>
            <gpxtpx:hr>128</gpxtpx:hr>
          </gpxtpx:TrackPointExtension>
        </extensions>
      </trkpt>
      <trkpt lat="37.849089129437196" lon="112.02380509595693">
        <ele>1121.9</ele>
        <time>2026-07-02T00:13:12.929000Z</time>
        <extensions>
          <gpxtpx:TrackPointExtension>
            <gpxtpx:hr>132</gpxtpx:hr>
          </gpxtpx:TrackPointExtension>
        </extensions>
      </trkpt>
      <trkpt lat="37.849089310646214" lon="112.0237373093563">
        <ele>1121.9</ele>
        <time>2026-07-02T00:13:14.929000Z</time>
        <extensions>
          <gpxtpx:TrackPointExtension>
            <gpxtpx:hr>132</gpxtpx:hr>
          </gpxtpx:TrackPointExtension>
        </extensions>
      </trkpt>
      <trkpt lat="37.84908949196626" lon="112.02366952289682">
        <ele>1121.9</ele>
        <time>2026-07-02T00:13:16.929000Z</time>
        <extensions>
          <gpxtpx:TrackPointExtension>
            <gpxtpx:hr>132</gpxtpx:hr>
          </gpxtpx:TrackPointExtension>
        </extensions>
      </trkpt>
      <trkpt lat="37.84908967072821" lon="112.0236027334348">
        <ele>1122.0</ele>
        <time>2026-07-02T00:13:18.929000Z</time>
        <extensions>
          <gpxtpx:TrackPointExtension>
            <gpxtpx:hr>133</gpxtpx:hr>
          </gpxtpx:TrackPointExtension>
        </extensions>
      </trkpt>
      <trkpt lat="37.84908985226802" lon="112.02353494725469">
        <ele>1122.0</ele>
        <time>2026-07-02T00:13:20.929000Z</time>
        <extensions>
          <gpxtpx:TrackPointExtension>
            <gpxtpx:hr>133</gpxtpx:hr>
          </gpxtpx:TrackPointExtension>
        </extensions>
      </trkpt>
      <trkpt lat="37.84909003124607" lon="112.02346815806737">
        <ele>1122.0</ele>
        <time>2026-07-02T00:13:22.929000Z</time>
        <extensions>
          <gpxtpx:TrackPointExtension>
            <gpxtpx:hr>133</gpxtpx:hr>
          </gpxtpx:TrackPointExtension>
        </extensions>
      </trkpt>
      <trkpt lat="37.849088215350505" lon="112.02339937555526">
        <ele>1122.0</ele>
        <time>2026-07-02T00:13:24.929000Z</time>
        <extensions>
          <gpxtpx:TrackPointExtension>
            <gpxtpx:hr>133</gpxtpx:hr>
          </gpxtpx:TrackPointExtension>
        </extensions>
      </trkpt>
      <trkpt lat="37.849085396728725" lon="112.02333159015548">
        <ele>1122.0</ele>
        <time>2026-07-02T00:13:26.929000Z</time>
        <extensions>
          <gpxtpx:TrackPointExtension>
            <gpxtpx:hr>133</gpxtpx:hr>
          </gpxtpx:TrackPointExtension>
        </extensions>
      </trkpt>
      <trkpt lat="37.84908157805263" lon="112.02326380501525">
        <ele>1121.9</ele>
        <time>2026-07-02T00:13:28.929000Z</time>
        <extensions>
          <gpxtpx:TrackPointExtension>
            <gpxtpx:hr>134</gpxtpx:hr>
          </gpxtpx:TrackPointExtension>
        </extensions>
      </trkpt>
      <trkpt lat="37.849077759486036" lon="112.02319602001415">
        <ele>1121.9</ele>
        <time>2026-07-02T00:13:30.929000Z</time>
        <extensions>
          <gpxtpx:TrackPointExtension>
            <gpxtpx:hr>134</gpxtpx:hr>
          </gpxtpx:TrackPointExtension>
        </extensions>
      </trkpt>
      <trkpt lat="37.84907493851251" lon="112.02312923187412">
        <ele>1121.9</ele>
        <time>2026-07-02T00:13:32.929000Z</time>
        <extensions>
          <gpxtpx:TrackPointExtension>
            <gpxtpx:hr>131</gpxtpx:hr>
          </gpxtpx:TrackPointExtension>
        </extensions>
      </trkpt>
      <trkpt lat="37.8490731151271" lon="112.02306344058886">
        <ele>1121.9</ele>
        <time>2026-07-02T00:13:34.929000Z</time>
        <extensions>
          <gpxtpx:TrackPointExtension>
            <gpxtpx:hr>131</gpxtpx:hr>
          </gpxtpx:TrackPointExtension>
        </extensions>
      </trkpt>
      <trkpt lat="37.84907428965292" lon="112.02299864591201">
        <ele>1121.9</ele>
        <time>2026-07-02T00:13:36.929000Z</time>
        <extensions>
          <gpxtpx:TrackPointExtension>
            <gpxtpx:hr>131</gpxtpx:hr>
          </gpxtpx:TrackPointExtension>
        </extensions>
      </trkpt>
      <trkpt lat="37.84907646444197" lon="112.02293385124126">
        <ele>1121.9</ele>
        <time>2026-07-02T00:13:38.929000Z</time>
        <extensions>
          <gpxtpx:TrackPointExtension>
            <gpxtpx:hr>133</gpxtpx:hr>
          </gpxtpx:TrackPointExtension>
        </extensions>
      </trkpt>
      <trkpt lat="37.84907863933006" lon="112.02286905669645">
        <ele>1121.9</ele>
        <time>2026-07-02T00:13:40.929000Z</time>
        <extensions>
          <gpxtpx:TrackPointExtension>
            <gpxtpx:hr>133</gpxtpx:hr>
          </gpxtpx:TrackPointExtension>
        </extensions>
      </trkpt>
      <trkpt lat="37.84908081969267" lon="112.02280226861225">
        <ele>1121.9</ele>
        <time>2026-07-02T00:13:42.929000Z</time>
        <extensions>
          <gpxtpx:TrackPointExtension>
            <gpxtpx:hr>133</gpxtpx:hr>
          </gpxtpx:TrackPointExtension>
        </extensions>
      </trkpt>
      <trkpt lat="37.849080997142664" lon="112.02273647773201">
        <ele>1121.9</ele>
        <time>2026-07-02T00:13:44.929000Z</time>
        <extensions>
          <gpxtpx:TrackPointExtension>
            <gpxtpx:hr>133</gpxtpx:hr>
          </gpxtpx:TrackPointExtension>
        </extensions>
      </trkpt>
      <trkpt lat="37.849081177385095" lon="112.02266969015226">
        <ele>1121.9</ele>
        <time>2026-07-02T00:13:46.929000Z</time>
        <extensions>
          <gpxtpx:TrackPointExtension>
            <gpxtpx:hr>133</gpxtpx:hr>
          </gpxtpx:TrackPointExtension>
        </extensions>
      </trkpt>
      <trkpt lat="37.849081357731905" lon="112.02260290270522">
        <ele>1122.1</ele>
        <time>2026-07-02T00:13:48.929000Z</time>
        <extensions>
          <gpxtpx:TrackPointExtension>
            <gpxtpx:hr>134</gpxtpx:hr>
          </gpxtpx:TrackPointExtension>
        </extensions>
      </trkpt>
      <trkpt lat="37.849081538182865" lon="112.02253611539064">
        <ele>1122.1</ele>
        <time>2026-07-02T00:13:50.929000Z</time>
        <extensions>
          <gpxtpx:TrackPointExtension>
            <gpxtpx:hr>134</gpxtpx:hr>
          </gpxtpx:TrackPointExtension>
        </extensions>
      </trkpt>
      <trkpt lat="37.84908271620617" lon="112.02247032491084">
        <ele>1122.1</ele>
        <time>2026-07-02T00:13:52.929000Z</time>
        <extensions>
          <gpxtpx:TrackPointExtension>
            <gpxtpx:hr>134</gpxtpx:hr>
          </gpxtpx:TrackPointExtension>
        </extensions>
      </trkpt>
      <trkpt lat="37.849081896699246" lon="112.02240353797846">
        <ele>1122.1</ele>
        <time>2026-07-02T00:13:54.929000Z</time>
        <extensions>
          <gpxtpx:TrackPointExtension>
            <gpxtpx:hr>134</gpxtpx:hr>
          </gpxtpx:TrackPointExtension>
        </extensions>
      </trkpt>
      <trkpt lat="37.84908207745985" lon="112.02233675105768">
        <ele>1122.1</ele>
        <time>2026-07-02T00:13:56.929000Z</time>
        <extensions>
          <gpxtpx:TrackPointExtension>
            <gpxtpx:hr>134</gpxtpx:hr>
          </gpxtpx:TrackPointExtension>
        </extensions>
      </trkpt>
      <trkpt lat="37.84908325848776" lon="112.02226996414822">
        <ele>1122.4</ele>
        <time>2026-07-02T00:13:58.929000Z</time>
        <extensions>
          <gpxtpx:TrackPointExtension>
            <gpxtpx:hr>134</gpxtpx:hr>
          </gpxtpx:TrackPointExtension>
        </extensions>
      </trkpt>
      <trkpt lat="37.84908543978275" lon="112.02220317724982">
        <ele>1122.4</ele>
        <time>2026-07-02T00:14:00.929000Z</time>
        <extensions>
          <gpxtpx:TrackPointExtension>
            <gpxtpx:hr>134</gpxtpx:hr>
          </gpxtpx:TrackPointExtension>
        </extensions>
      </trkpt>
      <trkpt lat="37.84908262036059" lon="112.02213639108251">
        <ele>1122.4</ele>
        <time>2026-07-02T00:14:02.929000Z</time>
        <extensions>
          <gpxtpx:TrackPointExtension>
            <gpxtpx:hr>131</gpxtpx:hr>
          </gpxtpx:TrackPointExtension>
        </extensions>
      </trkpt>
      <trkpt lat="37.84907780341794" lon="112.02206860847492">
        <ele>1122.4</ele>
        <time>2026-07-02T00:14:04.929000Z</time>
        <extensions>
          <gpxtpx:TrackPointExtension>
            <gpxtpx:hr>131</gpxtpx:hr>
          </gpxtpx:TrackPointExtension>
        </extensions>
      </trkpt>
      <trkpt lat="37.84907498420242" lon="112.02200182257037">
        <ele>1122.4</ele>
        <time>2026-07-02T00:14:06.929000Z</time>
        <extensions>
          <gpxtpx:TrackPointExtension>
            <gpxtpx:hr>134</gpxtpx:hr>
          </gpxtpx:TrackPointExtension>
        </extensions>
      </trkpt>
      <trkpt lat="37.84907616845301" lon="112.02193403950868">
        <ele>1122.6</ele>
        <time>2026-07-02T00:14:08.929000Z</time>
        <extensions>
          <gpxtpx:TrackPointExtension>
            <gpxtpx:hr>134</gpxtpx:hr>
          </gpxtpx:TrackPointExtension>
        </extensions>
      </trkpt>
      <trkpt lat="37.84908135346468" lon="112.02186625610051">
        <ele>1122.6</ele>
        <time>2026-07-02T00:14:10.929000Z</time>
        <extensions>
          <gpxtpx:TrackPointExtension>
            <gpxtpx:hr>134</gpxtpx:hr>
          </gpxtpx:TrackPointExtension>
        </extensions>
      </trkpt>
      <trkpt lat="37.8490875387452" lon="112.0217984727057">
        <ele>1122.6</ele>
        <time>2026-07-02T00:14:12.929000Z</time>
        <extensions>
          <gpxtpx:TrackPointExtension>
            <gpxtpx:hr>134</gpxtpx:hr>
          </gpxtpx:TrackPointExtension>
        </extensions>
      </trkpt>
      <trkpt lat="37.84909272396635" lon="112.02173068956404">
        <ele>1122.6</ele>
        <time>2026-07-02T00:14:14.929000Z</time>
        <extensions>
          <gpxtpx:TrackPointExtension>
            <gpxtpx:hr>134</gpxtpx:hr>
          </gpxtpx:TrackPointExtension>
        </extensions>
      </trkpt>
      <trkpt lat="37.84909590896388" lon="112.02166290679524">
        <ele>1122.6</ele>
        <time>2026-07-02T00:14:16.929000Z</time>
        <extensions>
          <gpxtpx:TrackPointExtension>
            <gpxtpx:hr>134</gpxtpx:hr>
          </gpxtpx:TrackPointExtension>
        </extensions>
      </trkpt>
      <trkpt lat="37.84909709102194" lon="112.02159612119623">
        <ele>1123.0</ele>
        <time>2026-07-02T00:14:18.929000Z</time>
        <extensions>
          <gpxtpx:TrackPointExtension>
            <gpxtpx:hr>134</gpxtpx:hr>
          </gpxtpx:TrackPointExtension>
        </extensions>
      </trkpt>
      <trkpt lat="37.84909926791077" lon="112.02153132919628">
        <ele>1123.0</ele>
        <time>2026-07-02T00:14:20.929000Z</time>
        <extensions>
          <gpxtpx:TrackPointExtension>
            <gpxtpx:hr>134</gpxtpx:hr>
          </gpxtpx:TrackPointExtension>
        </extensions>
      </trkpt>
      <trkpt lat="37.84910144217588" lon="112.02146753411044">
        <ele>1123.0</ele>
        <time>2026-07-02T00:14:22.929000Z</time>
        <extensions>
          <gpxtpx:TrackPointExtension>
            <gpxtpx:hr>135</gpxtpx:hr>
          </gpxtpx:TrackPointExtension>
        </extensions>
      </trkpt>
      <trkpt lat="37.849102616368654" lon="112.02140373926127">
        <ele>1123.0</ele>
        <time>2026-07-02T00:14:24.929000Z</time>
        <extensions>
          <gpxtpx:TrackPointExtension>
            <gpxtpx:hr>135</gpxtpx:hr>
          </gpxtpx:TrackPointExtension>
        </extensions>
      </trkpt>
      <trkpt lat="37.849102793210264" lon="112.02133894785865">
        <ele>1123.0</ele>
        <time>2026-07-02T00:14:26.929000Z</time>
        <extensions>
          <gpxtpx:TrackPointExtension>
            <gpxtpx:hr>135</gpxtpx:hr>
          </gpxtpx:TrackPointExtension>
        </extensions>
      </trkpt>
      <trkpt lat="37.84910296742325" lon="112.02127515336392">
        <ele>1123.2</ele>
        <time>2026-07-02T00:14:28.929000Z</time>
        <extensions>
          <gpxtpx:TrackPointExtension>
            <gpxtpx:hr>135</gpxtpx:hr>
          </gpxtpx:TrackPointExtension>
        </extensions>
      </trkpt>
      <trkpt lat="37.84910413916715" lon="112.02121235565136">
        <ele>1123.2</ele>
        <time>2026-07-02T00:14:30.929000Z</time>
        <extensions>
          <gpxtpx:TrackPointExtension>
            <gpxtpx:hr>135</gpxtpx:hr>
          </gpxtpx:TrackPointExtension>
        </extensions>
      </trkpt>
      <trkpt lat="37.84910531645039" lon="112.02114756448196">
        <ele>1123.2</ele>
        <time>2026-07-02T00:14:32.929000Z</time>
        <extensions>
          <gpxtpx:TrackPointExtension>
            <gpxtpx:hr>135</gpxtpx:hr>
          </gpxtpx:TrackPointExtension>
        </extensions>
      </trkpt>
      <trkpt lat="37.84910549093613" lon="112.0210837703343">
        <ele>1123.2</ele>
        <time>2026-07-02T00:14:34.929000Z</time>
        <extensions>
          <gpxtpx:TrackPointExtension>
            <gpxtpx:hr>135</gpxtpx:hr>
          </gpxtpx:TrackPointExtension>
        </extensions>
      </trkpt>
      <trkpt lat="37.84910566824089" lon="112.02101897952102">
        <ele>1123.2</ele>
        <time>2026-07-02T00:14:36.929000Z</time>
        <extensions>
          <gpxtpx:TrackPointExtension>
            <gpxtpx:hr>137</gpxtpx:hr>
          </gpxtpx:TrackPointExtension>
        </extensions>
      </trkpt>
      <trkpt lat="37.84910383985102" lon="112.02095618262437">
        <ele>1123.4</ele>
        <time>2026-07-02T00:14:38.929000Z</time>
        <extensions>
          <gpxtpx:TrackPointExtension>
            <gpxtpx:hr>137</gpxtpx:hr>
          </gpxtpx:TrackPointExtension>
        </extensions>
      </trkpt>
      <trkpt lat="37.84910101411577" lon="112.02089238918158">
        <ele>1123.4</ele>
        <time>2026-07-02T00:14:40.929000Z</time>
        <extensions>
          <gpxtpx:TrackPointExtension>
            <gpxtpx:hr>137</gpxtpx:hr>
          </gpxtpx:TrackPointExtension>
        </extensions>
      </trkpt>
      <trkpt lat="37.849097191039164" lon="112.02082759919782">
        <ele>1123.4</ele>
        <time>2026-07-02T00:14:42.929000Z</time>
        <extensions>
          <gpxtpx:TrackPointExtension>
            <gpxtpx:hr>139</gpxtpx:hr>
          </gpxtpx:TrackPointExtension>
        </extensions>
      </trkpt>
      <trkpt lat="37.84909436821919" lon="112.02076280921187">
        <ele>1123.4</ele>
        <time>2026-07-02T00:14:44.929000Z</time>
        <extensions>
          <gpxtpx:TrackPointExtension>
            <gpxtpx:hr>139</gpxtpx:hr>
          </gpxtpx:TrackPointExtension>
        </extensions>
      </trkpt>
      <trkpt lat="37.84909554341212" lon="112.02069901563546">
        <ele>1123.4</ele>
        <time>2026-07-02T00:14:46.929000Z</time>
        <extensions>
          <gpxtpx:TrackPointExtension>
            <gpxtpx:hr>140</gpxtpx:hr>
          </gpxtpx:TrackPointExtension>
        </extensions>
      </trkpt>
      <trkpt lat="37.84909771338464" lon="112.02063721559307">
        <ele>1124.0</ele>
        <time>2026-07-02T00:14:48.929000Z</time>
        <extensions>
          <gpxtpx:TrackPointExtension>
            <gpxtpx:hr>140</gpxtpx:hr>
          </gpxtpx:TrackPointExtension>
        </extensions>
      </trkpt>
      <trkpt lat="37.84910388135871" lon="112.02057641194577">
        <ele>1124.0</ele>
        <time>2026-07-02T00:14:50.929000Z</time>
        <extensions>
          <gpxtpx:TrackPointExtension>
            <gpxtpx:hr>140</gpxtpx:hr>
          </gpxtpx:TrackPointExtension>
        </extensions>
      </trkpt>
      <trkpt lat="37.8491110495777" lon="112.02051560828147">
        <ele>1124.0</ele>
        <time>2026-07-02T00:14:52.929000Z</time>
        <extensions>
          <gpxtpx:TrackPointExtension>
            <gpxtpx:hr>136</gpxtpx:hr>
          </gpxtpx:TrackPointExtension>
        </extensions>
      </trkpt>
      <trkpt lat="37.84911622029024" lon="112.0204538081948">
        <ele>1124.0</ele>
        <time>2026-07-02T00:14:54.929000Z</time>
        <extensions>
          <gpxtpx:TrackPointExtension>
            <gpxtpx:hr>136</gpxtpx:hr>
          </gpxtpx:TrackPointExtension>
        </extensions>
      </trkpt>
      <trkpt lat="37.84911438993783" lon="112.02039200905385">
        <ele>1124.0</ele>
        <time>2026-07-02T00:14:56.929000Z</time>
        <extensions>
          <gpxtpx:TrackPointExtension>
            <gpxtpx:hr>135</gpxtpx:hr>
          </gpxtpx:TrackPointExtension>
        </extensions>
      </trkpt>
      <trkpt lat="37.84910856175595" lon="112.02032921373679">
        <ele>1124.4</ele>
        <time>2026-07-02T00:14:58.929000Z</time>
        <extensions>
          <gpxtpx:TrackPointExtension>
            <gpxtpx:hr>135</gpxtpx:hr>
          </gpxtpx:TrackPointExtension>
        </extensions>
      </trkpt>
      <trkpt lat="37.84910373382363" lon="112.02026641840862">
        <ele>1124.4</ele>
        <time>2026-07-02T00:15:00.929000Z</time>
        <extensions>
          <gpxtpx:TrackPointExtension>
            <gpxtpx:hr>135</gpxtpx:hr>
          </gpxtpx:TrackPointExtension>
        </extensions>
      </trkpt>
      <trkpt lat="37.84910391228935" lon="112.02020162907299">
        <ele>1124.4</ele>
        <time>2026-07-02T00:15:02.929000Z</time>
        <extensions>
          <gpxtpx:TrackPointExtension>
            <gpxtpx:hr>136</gpxtpx:hr>
          </gpxtpx:TrackPointExtension>
        </extensions>
      </trkpt>
      <trkpt lat="37.8491080915018" lon="112.02013683937295">
        <ele>1124.4</ele>
        <time>2026-07-02T00:15:04.929000Z</time>
        <extensions>
          <gpxtpx:TrackPointExtension>
            <gpxtpx:hr>136</gpxtpx:hr>
          </gpxtpx:TrackPointExtension>
        </extensions>
      </trkpt>
      <trkpt lat="37.8491112706407" lon="112.02007204990804">
        <ele>1124.4</ele>
        <time>2026-07-02T00:15:06.929000Z</time>
        <extensions>
          <gpxtpx:TrackPointExtension>
            <gpxtpx:hr>135</gpxtpx:hr>
          </gpxtpx:TrackPointExtension>
        </extensions>
      </trkpt>
      <trkpt lat="37.84911344970583" lon="112.02000726067803">
        <ele>1124.7</ele>
        <time>2026-07-02T00:15:08.929000Z</time>
        <extensions>
          <gpxtpx:TrackPointExtension>
            <gpxtpx:hr>135</gpxtpx:hr>
          </gpxtpx:TrackPointExtension>
        </extensions>
      </trkpt>
      <trkpt lat="37.84911663177694" lon="112.01994147469169">
        <ele>1124.7</ele>
        <time>2026-07-02T00:15:10.929000Z</time>
        <extensions>
          <gpxtpx:TrackPointExtension>
            <gpxtpx:hr>135</gpxtpx:hr>
          </gpxtpx:TrackPointExtension>
        </extensions>
      </trkpt>
      <trkpt lat="37.8491198111874" lon="112.01987668557257">
        <ele>1124.7</ele>
        <time>2026-07-02T00:15:12.929000Z</time>
        <extensions>
          <gpxtpx:TrackPointExtension>
            <gpxtpx:hr>134</gpxtpx:hr>
          </gpxtpx:TrackPointExtension>
        </extensions>
      </trkpt>
      <trkpt lat="37.84912498826092" lon="112.01981289307527">
        <ele>1124.7</ele>
        <time>2026-07-02T00:15:14.929000Z</time>
        <extensions>
          <gpxtpx:TrackPointExtension>
            <gpxtpx:hr>134</gpxtpx:hr>
          </gpxtpx:TrackPointExtension>
        </extensions>
      </trkpt>
      <trkpt lat="37.84912815682524" lon="112.01975209116584">
        <ele>1124.7</ele>
        <time>2026-07-02T00:15:16.929000Z</time>
        <extensions>
          <gpxtpx:TrackPointExtension>
            <gpxtpx:hr>136</gpxtpx:hr>
          </gpxtpx:TrackPointExtension>
        </extensions>
      </trkpt>
      <trkpt lat="37.849130325304145" lon="112.01969128947646">
        <ele>1125.0</ele>
        <time>2026-07-02T00:15:18.929000Z</time>
        <extensions>
          <gpxtpx:TrackPointExtension>
            <gpxtpx:hr>136</gpxtpx:hr>
          </gpxtpx:TrackPointExtension>
        </extensions>
      </trkpt>
      <trkpt lat="37.84913149369746" lon="112.01963048800692">
        <ele>1125.0</ele>
        <time>2026-07-02T00:15:20.929000Z</time>
        <extensions>
          <gpxtpx:TrackPointExtension>
            <gpxtpx:hr>136</gpxtpx:hr>
          </gpxtpx:TrackPointExtension>
        </extensions>
      </trkpt>
      <trkpt lat="37.84913266768868" lon="112.01956769315515">
        <ele>1125.0</ele>
        <time>2026-07-02T00:15:22.929000Z</time>
        <extensions>
          <gpxtpx:TrackPointExtension>
            <gpxtpx:hr>135</gpxtpx:hr>
          </gpxtpx:TrackPointExtension>
        </extensions>
      </trkpt>
      <trkpt lat="37.8491338417632" lon="112.0195048984095">
        <ele>1125.0</ele>
        <time>2026-07-02T00:15:24.929000Z</time>
        <extensions>
          <gpxtpx:TrackPointExtension>
            <gpxtpx:hr>135</gpxtpx:hr>
          </gpxtpx:TrackPointExtension>
        </extensions>
      </trkpt>
      <trkpt lat="37.849134012994355" lon="112.0194431006272">
        <ele>1125.0</ele>
        <time>2026-07-02T00:15:26.929000Z</time>
        <extensions>
          <gpxtpx:TrackPointExtension>
            <gpxtpx:hr>134</gpxtpx:hr>
          </gpxtpx:TrackPointExtension>
        </extensions>
      </trkpt>
      <trkpt lat="37.849137187561695" lon="112.01938030585151">
        <ele>1125.5</ele>
        <time>2026-07-02T00:15:28.929000Z</time>
        <extensions>
          <gpxtpx:TrackPointExtension>
            <gpxtpx:hr>134</gpxtpx:hr>
          </gpxtpx:TrackPointExtension>
        </extensions>
      </trkpt>
      <trkpt lat="37.84914136237584" lon="112.01931751106132">
        <ele>1125.5</ele>
        <time>2026-07-02T00:15:30.929000Z</time>
        <extensions>
          <gpxtpx:TrackPointExtension>
            <gpxtpx:hr>134</gpxtpx:hr>
          </gpxtpx:TrackPointExtension>
        </extensions>
      </trkpt>
      <trkpt lat="37.84914654020298" lon="112.01925371952383">
        <ele>1125.5</ele>
        <time>2026-07-02T00:15:32.929000Z</time>
        <extensions>
          <gpxtpx:TrackPointExtension>
            <gpxtpx:hr>133</gpxtpx:hr>
          </gpxtpx:TrackPointExtension>
        </extensions>
      </trkpt>
      <trkpt lat="37.849148717623045" lon="112.01918992845441">
        <ele>1125.5</ele>
        <time>2026-07-02T00:15:34.929000Z</time>
        <extensions>
          <gpxtpx:TrackPointExtension>
            <gpxtpx:hr>133</gpxtpx:hr>
          </gpxtpx:TrackPointExtension>
        </extensions>
      </trkpt>
      <trkpt lat="37.849148897568924" lon="112.01912514100368">
        <ele>1125.5</ele>
        <time>2026-07-02T00:15:36.929000Z</time>
        <extensions>
          <gpxtpx:TrackPointExtension>
            <gpxtpx:hr>133</gpxtpx:hr>
          </gpxtpx:TrackPointExtension>
        </extensions>
      </trkpt>
      <trkpt lat="37.84914907760209" lon="112.01906035366419">
        <ele>1125.7</ele>
        <time>2026-07-02T00:15:38.929000Z</time>
        <extensions>
          <gpxtpx:TrackPointExtension>
            <gpxtpx:hr>133</gpxtpx:hr>
          </gpxtpx:TrackPointExtension>
        </extensions>
      </trkpt>
      <trkpt lat="37.84915025511465" lon="112.01899656304144">
        <ele>1125.7</ele>
        <time>2026-07-02T00:15:40.929000Z</time>
        <extensions>
          <gpxtpx:TrackPointExtension>
            <gpxtpx:hr>133</gpxtpx:hr>
          </gpxtpx:TrackPointExtension>
        </extensions>
      </trkpt>
      <trkpt lat="37.8491534274935" lon="112.01893476573446">
        <ele>1125.7</ele>
        <time>2026-07-02T00:15:42.929000Z</time>
        <extensions>
          <gpxtpx:TrackPointExtension>
            <gpxtpx:hr>134</gpxtpx:hr>
          </gpxtpx:TrackPointExtension>
        </extensions>
      </trkpt>
      <trkpt lat="37.84915559978718" lon="112.01887296864788">
        <ele>1125.7</ele>
        <time>2026-07-02T00:15:44.929000Z</time>
        <extensions>
          <gpxtpx:TrackPointExtension>
            <gpxtpx:hr>134</gpxtpx:hr>
          </gpxtpx:TrackPointExtension>
        </extensions>
      </trkpt>
      <trkpt lat="37.84915777215957" lon="112.01881117166158">
        <ele>1125.7</ele>
        <time>2026-07-02T00:15:46.929000Z</time>
        <extensions>
          <gpxtpx:TrackPointExtension>
            <gpxtpx:hr>134</gpxtpx:hr>
          </gpxtpx:TrackPointExtension>
        </extensions>
      </trkpt>
      <trkpt lat="37.849160947551354" lon="112.01874837793615">
        <ele>1125.7</ele>
        <time>2026-07-02T00:15:48.929000Z</time>
        <extensions>
          <gpxtpx:TrackPointExtension>
            <gpxtpx:hr>137</gpxtpx:hr>
          </gpxtpx:TrackPointExtension>
        </extensions>
      </trkpt>
      <trkpt lat="37.84916312563811" lon="112.01868458771605">
        <ele>1125.7</ele>
        <time>2026-07-02T00:15:50.929000Z</time>
        <extensions>
          <gpxtpx:TrackPointExtension>
            <gpxtpx:hr>137</gpxtpx:hr>
          </gpxtpx:TrackPointExtension>
        </extensions>
      </trkpt>
      <trkpt lat="37.849167304136245" lon="112.0186207973623">
        <ele>1125.7</ele>
        <time>2026-07-02T00:15:52.929000Z</time>
        <extensions>
          <gpxtpx:TrackPointExtension>
            <gpxtpx:hr>137</gpxtpx:hr>
          </gpxtpx:TrackPointExtension>
        </extensions>
      </trkpt>
      <trkpt lat="37.84917147993677" lon="112.01855800382877">
        <ele>1126.0</ele>
        <time>2026-07-02T00:15:54.929000Z</time>
        <extensions>
          <gpxtpx:TrackPointExtension>
            <gpxtpx:hr>137</gpxtpx:hr>
          </gpxtpx:TrackPointExtension>
        </extensions>
      </trkpt>
      <trkpt lat="37.84917765336379" lon="112.01849620687057">
        <ele>1126.0</ele>
        <time>2026-07-02T00:15:56.929000Z</time>
        <extensions>
          <gpxtpx:TrackPointExtension>
            <gpxtpx:hr>137</gpxtpx:hr>
          </gpxtpx:TrackPointExtension>
        </extensions>
      </trkpt>
      <trkpt lat="37.849183824085245" lon="112.01843540672243">
        <ele>1126.6</ele>
        <time>2026-07-02T00:15:58.929000Z</time>
        <extensions>
          <gpxtpx:TrackPointExtension>
            <gpxtpx:hr>137</gpxtpx:hr>
          </gpxtpx:TrackPointExtension>
        </extensions>
      </trkpt>
      <trkpt lat="37.84919099504575" lon="112.01837460655001">
        <ele>1126.6</ele>
        <time>2026-07-02T00:16:00.929000Z</time>
        <extensions>
          <gpxtpx:TrackPointExtension>
            <gpxtpx:hr>137</gpxtpx:hr>
          </gpxtpx:TrackPointExtension>
        </extensions>
      </trkpt>
      <trkpt lat="37.84919816329546" lon="112.01831480318098">
        <ele>1126.6</ele>
        <time>2026-07-02T00:16:02.929000Z</time>
        <extensions>
          <gpxtpx:TrackPointExtension>
            <gpxtpx:hr>138</gpxtpx:hr>
          </gpxtpx:TrackPointExtension>
        </extensions>
      </trkpt>
      <trkpt lat="37.84920333686295" lon="112.01825300673073">
        <ele>1126.6</ele>
        <time>2026-07-02T00:16:04.929000Z</time>
        <extensions>
          <gpxtpx:TrackPointExtension>
            <gpxtpx:hr>138</gpxtpx:hr>
          </gpxtpx:TrackPointExtension>
        </extensions>
      </trkpt>
      <trkpt lat="37.84920551559139" lon="112.01818921732838">
        <ele>1126.6</ele>
        <time>2026-07-02T00:16:06.929000Z</time>
        <extensions>
          <gpxtpx:TrackPointExtension>
            <gpxtpx:hr>138</gpxtpx:hr>
          </gpxtpx:TrackPointExtension>
        </extensions>
      </trkpt>
      <trkpt lat="37.84920269916012" lon="112.0181234352232">
        <ele>1126.9</ele>
        <time>2026-07-02T00:16:08.929000Z</time>
        <extensions>
          <gpxtpx:TrackPointExtension>
            <gpxtpx:hr>138</gpxtpx:hr>
          </gpxtpx:TrackPointExtension>
        </extensions>
      </trkpt>
      <trkpt lat="37.84920088856124" lon="112.01805565970572">
        <ele>1126.9</ele>
        <time>2026-07-02T00:16:10.929000Z</time>
        <extensions>
          <gpxtpx:TrackPointExtension>
            <gpxtpx:hr>138</gpxtpx:hr>
          </gpxtpx:TrackPointExtension>
        </extensions>
      </trkpt>
      <trkpt lat="37.84920508183083" lon="112.0179868868864">
        <ele>1126.9</ele>
        <time>2026-07-02T00:16:12.929000Z</time>
        <extensions>
          <gpxtpx:TrackPointExtension>
            <gpxtpx:hr>137</gpxtpx:hr>
          </gpxtpx:TrackPointExtension>
        </extensions>
      </trkpt>
      <trkpt lat="37.84921227289343" lon="112.01791911052575">
        <ele>1126.9</ele>
        <time>2026-07-02T00:16:14.929000Z</time>
        <extensions>
          <gpxtpx:TrackPointExtension>
            <gpxtpx:hr>137</gpxtpx:hr>
          </gpxtpx:TrackPointExtension>
        </extensions>
      </trkpt>
      <trkpt lat="37.84922245615518" lon="112.01785432401101">
        <ele>1126.9</ele>
        <time>2026-07-02T00:16:16.929000Z</time>
        <extensions>
          <gpxtpx:TrackPointExtension>
            <gpxtpx:hr>137</gpxtpx:hr>
          </gpxtpx:TrackPointExtension>
        </extensions>
      </trkpt>
      <trkpt lat="37.84923063637601" lon="112.0177905345369">
        <ele>1126.7</ele>
        <time>2026-07-02T00:16:18.929000Z</time>
        <extensions>
          <gpxtpx:TrackPointExtension>
            <gpxtpx:hr>139</gpxtpx:hr>
          </gpxtpx:TrackPointExtension>
        </extensions>
      </trkpt>
      <trkpt lat="37.849237813716" lon="112.01772774197852">
        <ele>1126.7</ele>
        <time>2026-07-02T00:16:20.929000Z</time>
        <extensions>
          <gpxtpx:TrackPointExtension>
            <gpxtpx:hr>139</gpxtpx:hr>
          </gpxtpx:TrackPointExtension>
        </extensions>
      </trkpt>
      <trkpt lat="37.849244988335364" lon="112.01766594621103">
        <ele>1126.7</ele>
        <time>2026-07-02T00:16:22.929000Z</time>
        <extensions>
          <gpxtpx:TrackPointExtension>
            <gpxtpx:hr>138</gpxtpx:hr>
          </gpxtpx:TrackPointExtension>
        </extensions>
      </trkpt>
      <trkpt lat="37.849253165993815" lon="112.01760315372957">
        <ele>1126.7</ele>
        <time>2026-07-02T00:16:24.929000Z</time>
        <extensions>
          <gpxtpx:TrackPointExtension>
            <gpxtpx:hr>138</gpxtpx:hr>
          </gpxtpx:TrackPointExtension>
        </extensions>
      </trkpt>
      <trkpt lat="37.84926134092882" lon="112.01754135803543">
        <ele>1126.7</ele>
        <time>2026-07-02T00:16:26.929000Z</time>
        <extensions>
          <gpxtpx:TrackPointExtension>
            <gpxtpx:hr>138</gpxtpx:hr>
          </gpxtpx:TrackPointExtension>
        </extensions>
      </trkpt>
      <trkpt lat="37.849267515610514" lon="112.01747956267646">
        <ele>1127.0</ele>
        <time>2026-07-02T00:16:28.929000Z</time>
        <extensions>
          <gpxtpx:TrackPointExtension>
            <gpxtpx:hr>137</gpxtpx:hr>
          </gpxtpx:TrackPointExtension>
        </extensions>
      </trkpt>
      <trkpt lat="37.849272693006164" lon="112.01741677084715">
        <ele>1127.0</ele>
        <time>2026-07-02T00:16:30.929000Z</time>
        <extensions>
          <gpxtpx:TrackPointExtension>
            <gpxtpx:hr>137</gpxtpx:hr>
          </gpxtpx:TrackPointExtension>
        </extensions>
      </trkpt>
      <trkpt lat="37.8492788734475" lon="112.01735298231226">
        <ele>1127.0</ele>
        <time>2026-07-02T00:16:32.929000Z</time>
        <extensions>
          <gpxtpx:TrackPointExtension>
            <gpxtpx:hr>138</gpxtpx:hr>
          </gpxtpx:TrackPointExtension>
        </extensions>
      </trkpt>
      <trkpt lat="37.84928505396806" lon="112.01728919387838">
        <ele>1127.0</ele>
        <time>2026-07-02T00:16:34.929000Z</time>
        <extensions>
          <gpxtpx:TrackPointExtension>
            <gpxtpx:hr>138</gpxtpx:hr>
          </gpxtpx:TrackPointExtension>
        </extensions>
      </trkpt>
      <trkpt lat="37.84929223473174" lon="112.01722540542545">
        <ele>1127.0</ele>
        <time>2026-07-02T00:16:36.929000Z</time>
        <extensions>
          <gpxtpx:TrackPointExtension>
            <gpxtpx:hr>138</gpxtpx:hr>
          </gpxtpx:TrackPointExtension>
        </extensions>
      </trkpt>
      <trkpt lat="37.849299415574265" lon="112.017161617073">
        <ele>1127.2</ele>
        <time>2026-07-02T00:16:38.929000Z</time>
        <extensions>
          <gpxtpx:TrackPointExtension>
            <gpxtpx:hr>137</gpxtpx:hr>
          </gpxtpx:TrackPointExtension>
        </extensions>
      </trkpt>
      <trkpt lat="37.84930559633127" lon="112.01709782894066">
        <ele>1127.2</ele>
        <time>2026-07-02T00:16:40.929000Z</time>
        <extensions>
          <gpxtpx:TrackPointExtension>
            <gpxtpx:hr>137</gpxtpx:hr>
          </gpxtpx:TrackPointExtension>
        </extensions>
      </trkpt>
      <trkpt lat="37.84931277733083" lon="112.01703404078852">
        <ele>1127.2</ele>
        <time>2026-07-02T00:16:42.929000Z</time>
        <extensions>
          <gpxtpx:TrackPointExtension>
            <gpxtpx:hr>136</gpxtpx:hr>
          </gpxtpx:TrackPointExtension>
        </extensions>
      </trkpt>
      <trkpt lat="37.849320961384784" lon="112.01696925594189">
        <ele>1127.2</ele>
        <time>2026-07-02T00:16:44.929000Z</time>
        <extensions>
          <gpxtpx:TrackPointExtension>
            <gpxtpx:hr>136</gpxtpx:hr>
          </gpxtpx:TrackPointExtension>
        </extensions>
      </trkpt>
      <trkpt lat="37.84932914270598" lon="112.01690546787077">
        <ele>1127.2</ele>
        <time>2026-07-02T00:16:46.929000Z</time>
        <extensions>
          <gpxtpx:TrackPointExtension>
            <gpxtpx:hr>136</gpxtpx:hr>
          </gpxtpx:TrackPointExtension>
        </extensions>
      </trkpt>
      <trkpt lat="37.84933632394087" lon="112.01684168001873">
        <ele>1127.8</ele>
        <time>2026-07-02T00:16:48.929000Z</time>
        <extensions>
          <gpxtpx:TrackPointExtension>
            <gpxtpx:hr>138</gpxtpx:hr>
          </gpxtpx:TrackPointExtension>
        </extensions>
      </trkpt>
      <trkpt lat="37.84934250227358" lon="112.01677888905529">
        <ele>1127.8</ele>
        <time>2026-07-02T00:16:50.929000Z</time>
        <extensions>
          <gpxtpx:TrackPointExtension>
            <gpxtpx:hr>138</gpxtpx:hr>
          </gpxtpx:TrackPointExtension>
        </extensions>
      </trkpt>
      <trkpt lat="37.849347683334" lon="112.01671510163911">
        <ele>1127.8</ele>
        <time>2026-07-02T00:16:52.929000Z</time>
        <extensions>
          <gpxtpx:TrackPointExtension>
            <gpxtpx:hr>139</gpxtpx:hr>
          </gpxtpx:TrackPointExtension>
        </extensions>
      </trkpt>
      <trkpt lat="37.84935486761804" lon="112.01665031741513">
        <ele>1127.8</ele>
        <time>2026-07-02T00:16:54.929000Z</time>
        <extensions>
          <gpxtpx:TrackPointExtension>
            <gpxtpx:hr>139</gpxtpx:hr>
          </gpxtpx:TrackPointExtension>
        </extensions>
      </trkpt>
      <trkpt lat="37.84936204916225" lon="112.01658652995768">
        <ele>1127.8</ele>
        <time>2026-07-02T00:16:56.929000Z</time>
        <extensions>
          <gpxtpx:TrackPointExtension>
            <gpxtpx:hr>139</gpxtpx:hr>
          </gpxtpx:TrackPointExtension>
        </extensions>
      </trkpt>
      <trkpt lat="37.849368230619135" lon="112.01652274271801">
        <ele>1128.0</ele>
        <time>2026-07-02T00:16:58.929000Z</time>
        <extensions>
          <gpxtpx:TrackPointExtension>
            <gpxtpx:hr>138</gpxtpx:hr>
          </gpxtpx:TrackPointExtension>
        </extensions>
      </trkpt>
      <trkpt lat="37.84937540949517" lon="112.01645995211845">
        <ele>1128.0</ele>
        <time>2026-07-02T00:17:00.929000Z</time>
        <extensions>
          <gpxtpx:TrackPointExtension>
            <gpxtpx:hr>138</gpxtpx:hr>
          </gpxtpx:TrackPointExtension>
        </extensions>
      </trkpt>
      <trkpt lat="37.849380590939745" lon="112.01639616519236">
        <ele>1128.0</ele>
        <time>2026-07-02T00:17:02.929000Z</time>
        <extensions>
          <gpxtpx:TrackPointExtension>
            <gpxtpx:hr>139</gpxtpx:hr>
          </gpxtpx:TrackPointExtension>
        </extensions>
      </trkpt>
      <trkpt lat="37.84938677262473" lon="112.01633237824373">
        <ele>1128.0</ele>
        <time>2026-07-02T00:17:04.929000Z</time>
        <extensions>
          <gpxtpx:TrackPointExtension>
            <gpxtpx:hr>139</gpxtpx:hr>
          </gpxtpx:TrackPointExtension>
        </extensions>
      </trkpt>
      <trkpt lat="37.84939295156055" lon="112.01626958804972">
        <ele>1128.0</ele>
        <time>2026-07-02T00:17:06.929000Z</time>
        <extensions>
          <gpxtpx:TrackPointExtension>
            <gpxtpx:hr>139</gpxtpx:hr>
          </gpxtpx:TrackPointExtension>
        </extensions>
      </trkpt>
      <trkpt lat="37.84939913339623" lon="112.0162058012934">
        <ele>1128.2</ele>
        <time>2026-07-02T00:17:08.929000Z</time>
        <extensions>
          <gpxtpx:TrackPointExtension>
            <gpxtpx:hr>137</gpxtpx:hr>
          </gpxtpx:TrackPointExtension>
        </extensions>
      </trkpt>
      <trkpt lat="37.849406312644206" lon="112.0161430111684">
        <ele>1128.2</ele>
        <time>2026-07-02T00:17:10.929000Z</time>
        <extensions>
          <gpxtpx:TrackPointExtension>
            <gpxtpx:hr>137</gpxtpx:hr>
          </gpxtpx:TrackPointExtension>
        </extensions>
      </trkpt>
      <trkpt lat="37.849412494629796" lon="112.01607922460335">
        <ele>1128.2</ele>
        <time>2026-07-02T00:17:12.929000Z</time>
        <extensions>
          <gpxtpx:TrackPointExtension>
            <gpxtpx:hr>136</gpxtpx:hr>
          </gpxtpx:TrackPointExtension>
        </extensions>
      </trkpt>
      <trkpt lat="37.84941967685484" lon="112.01601543801458">
        <ele>1128.2</ele>
        <time>2026-07-02T00:17:14.929000Z</time>
        <extensions>
          <gpxtpx:TrackPointExtension>
            <gpxtpx:hr>136</gpxtpx:hr>
          </gpxtpx:TrackPointExtension>
        </extensions>
      </trkpt>
      <trkpt lat="37.849426859154946" lon="112.01595165152159">
        <ele>1128.2</ele>
        <time>2026-07-02T00:17:16.929000Z</time>
        <extensions>
          <gpxtpx:TrackPointExtension>
            <gpxtpx:hr>136</gpxtpx:hr>
          </gpxtpx:TrackPointExtension>
        </extensions>
      </trkpt>
      <trkpt lat="37.84943504452635" lon="112.01588686835575">
        <ele>1128.5</ele>
        <time>2026-07-02T00:17:18.929000Z</time>
        <extensions>
          <gpxtpx:TrackPointExtension>
            <gpxtpx:hr>136</gpxtpx:hr>
          </gpxtpx:TrackPointExtension>
        </extensions>
      </trkpt>
      <trkpt lat="37.84944322430794" lon="112.01582407858241">
        <ele>1128.5</ele>
        <time>2026-07-02T00:17:20.929000Z</time>
        <extensions>
          <gpxtpx:TrackPointExtension>
            <gpxtpx:hr>136</gpxtpx:hr>
          </gpxtpx:TrackPointExtension>
        </extensions>
      </trkpt>
      <trkpt lat="37.84945040116294" lon="112.01576228566661">
        <ele>1128.5</ele>
        <time>2026-07-02T00:17:22.929000Z</time>
        <extensions>
          <gpxtpx:TrackPointExtension>
            <gpxtpx:hr>137</gpxtpx:hr>
          </gpxtpx:TrackPointExtension>
        </extensions>
      </trkpt>
      <trkpt lat="37.84945558059483" lon="112.01569949643502">
        <ele>1128.5</ele>
        <time>2026-07-02T00:17:24.929000Z</time>
        <extensions>
          <gpxtpx:TrackPointExtension>
            <gpxtpx:hr>137</gpxtpx:hr>
          </gpxtpx:TrackPointExtension>
        </extensions>
      </trkpt>
      <trkpt lat="37.84946076577209" lon="112.0156347140095">
        <ele>1128.5</ele>
        <time>2026-07-02T00:17:26.929000Z</time>
        <extensions>
          <gpxtpx:TrackPointExtension>
            <gpxtpx:hr>137</gpxtpx:hr>
          </gpxtpx:TrackPointExtension>
        </extensions>
      </trkpt>
      <trkpt lat="37.84946695118976" lon="112.01556993156147">
        <ele>1128.6</ele>
        <time>2026-07-02T00:17:28.929000Z</time>
        <extensions>
          <gpxtpx:TrackPointExtension>
            <gpxtpx:hr>136</gpxtpx:hr>
          </gpxtpx:TrackPointExtension>
        </extensions>
      </trkpt>
      <trkpt lat="37.84947614001531" lon="112.01550415221143">
        <ele>1128.6</ele>
        <time>2026-07-02T00:17:30.929000Z</time>
        <extensions>
          <gpxtpx:TrackPointExtension>
            <gpxtpx:hr>136</gpxtpx:hr>
          </gpxtpx:TrackPointExtension>
        </extensions>
      </trkpt>
      <trkpt lat="37.84948532891898" lon="112.01543837296114">
        <ele>1128.6</ele>
        <time>2026-07-02T00:17:32.929000Z</time>
        <extensions>
          <gpxtpx:TrackPointExtension>
            <gpxtpx:hr>136</gpxtpx:hr>
          </gpxtpx:TrackPointExtension>
        </extensions>
      </trkpt>
      <trkpt lat="37.84949451505902" lon="112.01537359044704">
        <ele>1128.6</ele>
        <time>2026-07-02T00:17:34.929000Z</time>
        <extensions>
          <gpxtpx:TrackPointExtension>
            <gpxtpx:hr>136</gpxtpx:hr>
          </gpxtpx:TrackPointExtension>
        </extensions>
      </trkpt>
      <trkpt lat="37.849501703788604" lon="112.01530781163335">
        <ele>1128.6</ele>
        <time>2026-07-02T00:17:36.929000Z</time>
        <extensions>
          <gpxtpx:TrackPointExtension>
            <gpxtpx:hr>136</gpxtpx:hr>
          </gpxtpx:TrackPointExtension>
        </extensions>
      </trkpt>
      <trkpt lat="37.84950789243138" lon="112.01524203303828">
        <ele>1128.7</ele>
        <time>2026-07-02T00:17:38.929000Z</time>
        <extensions>
          <gpxtpx:TrackPointExtension>
            <gpxtpx:hr>139</gpxtpx:hr>
          </gpxtpx:TrackPointExtension>
        </extensions>
      </trkpt>
      <trkpt lat="37.849515081315644" lon="112.0151762544221">
        <ele>1128.7</ele>
        <time>2026-07-02T00:17:40.929000Z</time>
        <extensions>
          <gpxtpx:TrackPointExtension>
            <gpxtpx:hr>139</gpxtpx:hr>
          </gpxtpx:TrackPointExtension>
        </extensions>
      </trkpt>
      <trkpt lat="37.84952326759499" lon="112.01511147241531">
        <ele>1128.7</ele>
        <time>2026-07-02T00:17:42.929000Z</time>
        <extensions>
          <gpxtpx:TrackPointExtension>
            <gpxtpx:hr>138</gpxtpx:hr>
          </gpxtpx:TrackPointExtension>
        </extensions>
      </trkpt>
      <trkpt lat="37.8495314511015" lon="112.01504768713299">
        <ele>1128.7</ele>
        <time>2026-07-02T00:17:44.929000Z</time>
        <extensions>
          <gpxtpx:TrackPointExtension>
            <gpxtpx:hr>138</gpxtpx:hr>
          </gpxtpx:TrackPointExtension>
        </extensions>
      </trkpt>
      <trkpt lat="37.84953863166732" lon="112.01498489869029">
        <ele>1128.7</ele>
        <time>2026-07-02T00:17:46.929000Z</time>
        <extensions>
          <gpxtpx:TrackPointExtension>
            <gpxtpx:hr>138</gpxtpx:hr>
          </gpxtpx:TrackPointExtension>
        </extensions>
      </trkpt>
      <trkpt lat="37.84954581800182" lon="112.01492011708345">
        <ele>1129.0</ele>
        <time>2026-07-02T00:17:48.929000Z</time>
        <extensions>
          <gpxtpx:TrackPointExtension>
            <gpxtpx:hr>139</gpxtpx:hr>
          </gpxtpx:TrackPointExtension>
        </extensions>
      </trkpt>
      <trkpt lat="37.84955200424589" lon="112.01485533569064">
        <ele>1129.0</ele>
        <time>2026-07-02T00:17:50.929000Z</time>
        <extensions>
          <gpxtpx:TrackPointExtension>
            <gpxtpx:hr>139</gpxtpx:hr>
          </gpxtpx:TrackPointExtension>
        </extensions>
      </trkpt>
      <trkpt lat="37.849557187547504" lon="112.01479155113525">
        <ele>1129.0</ele>
        <time>2026-07-02T00:17:52.929000Z</time>
        <extensions>
          <gpxtpx:TrackPointExtension>
            <gpxtpx:hr>138</gpxtpx:hr>
          </gpxtpx:TrackPointExtension>
        </extensions>
      </trkpt>
      <trkpt lat="37.84956337108459" lon="112.01472776655105">
        <ele>1129.0</ele>
        <time>2026-07-02T00:17:54.929000Z</time>
        <extensions>
          <gpxtpx:TrackPointExtension>
            <gpxtpx:hr>138</gpxtpx:hr>
          </gpxtpx:TrackPointExtension>
        </extensions>
      </trkpt>
      <trkpt lat="37.84956855452838" lon="112.01466398217725">
        <ele>1129.0</ele>
        <time>2026-07-02T00:17:56.929000Z</time>
        <extensions>
          <gpxtpx:TrackPointExtension>
            <gpxtpx:hr>138</gpxtpx:hr>
          </gpxtpx:TrackPointExtension>
        </extensions>
      </trkpt>
      <trkpt lat="37.84957374089808" lon="112.01459920127455">
        <ele>1129.3</ele>
        <time>2026-07-02T00:17:58.929000Z</time>
        <extensions>
          <gpxtpx:TrackPointExtension>
            <gpxtpx:hr>136</gpxtpx:hr>
          </gpxtpx:TrackPointExtension>
        </extensions>
      </trkpt>
      <trkpt lat="37.84957792432003" lon="112.01453541720247">
        <ele>1129.3</ele>
        <time>2026-07-02T00:18:00.929000Z</time>
        <extensions>
          <gpxtpx:TrackPointExtension>
            <gpxtpx:hr>136</gpxtpx:hr>
          </gpxtpx:TrackPointExtension>
        </extensions>
      </trkpt>
      <trkpt lat="37.849582107812346" lon="112.0144716332203">
        <ele>1129.3</ele>
        <time>2026-07-02T00:18:02.929000Z</time>
        <extensions>
          <gpxtpx:TrackPointExtension>
            <gpxtpx:hr>135</gpxtpx:hr>
          </gpxtpx:TrackPointExtension>
        </extensions>
      </trkpt>
      <trkpt lat="37.84958928900933" lon="112.01440884558386">
        <ele>1129.3</ele>
        <time>2026-07-02T00:18:04.929000Z</time>
        <extensions>
          <gpxtpx:TrackPointExtension>
            <gpxtpx:hr>135</gpxtpx:hr>
          </gpxtpx:TrackPointExtension>
        </extensions>
      </trkpt>
      <trkpt lat="37.84959646455516" lon="112.01434805126169">
        <ele>1129.3</ele>
        <time>2026-07-02T00:18:06.929000Z</time>
        <extensions>
          <gpxtpx:TrackPointExtension>
            <gpxtpx:hr>135</gpxtpx:hr>
          </gpxtpx:TrackPointExtension>
        </extensions>
      </trkpt>
      <trkpt lat="37.849605643353556" lon="112.01428626016867">
        <ele>1129.7</ele>
        <time>2026-07-02T00:18:08.929000Z</time>
        <extensions>
          <gpxtpx:TrackPointExtension>
            <gpxtpx:hr>135</gpxtpx:hr>
          </gpxtpx:TrackPointExtension>
        </extensions>
      </trkpt>
      <trkpt lat="37.849613819191404" lon="112.01422546588996">
        <ele>1129.7</ele>
        <time>2026-07-02T00:18:10.929000Z</time>
        <extensions>
          <gpxtpx:TrackPointExtension>
            <gpxtpx:hr>135</gpxtpx:hr>
          </gpxtpx:TrackPointExtension>
        </extensions>
      </trkpt>
      <trkpt lat="37.84961900318717" lon="112.01416168222147">
        <ele>1129.7</ele>
        <time>2026-07-02T00:18:12.929000Z</time>
        <extensions>
          <gpxtpx:TrackPointExtension>
            <gpxtpx:hr>135</gpxtpx:hr>
          </gpxtpx:TrackPointExtension>
        </extensions>
      </trkpt>
      <trkpt lat="37.84962118675913" lon="112.01409789900043">
        <ele>1129.7</ele>
        <time>2026-07-02T00:18:14.929000Z</time>
        <extensions>
          <gpxtpx:TrackPointExtension>
            <gpxtpx:hr>135</gpxtpx:hr>
          </gpxtpx:TrackPointExtension>
        </extensions>
      </trkpt>
      <trkpt lat="37.84962436769961" lon="112.01403511235492">
        <ele>1129.7</ele>
        <time>2026-07-02T00:18:16.929000Z</time>
        <extensions>
          <gpxtpx:TrackPointExtension>
            <gpxtpx:hr>135</gpxtpx:hr>
          </gpxtpx:TrackPointExtension>
        </extensions>
      </trkpt>
      <trkpt lat="37.849629549035406" lon="112.01397232555523">
        <ele>1130.1</ele>
        <time>2026-07-02T00:18:18.929000Z</time>
        <extensions>
          <gpxtpx:TrackPointExtension>
            <gpxtpx:hr>136</gpxtpx:hr>
          </gpxtpx:TrackPointExtension>
        </extensions>
      </trkpt>
      <trkpt lat="37.849636730766335" lon="112.01390953860117">
        <ele>1130.1</ele>
        <time>2026-07-02T00:18:20.929000Z</time>
        <extensions>
          <gpxtpx:TrackPointExtension>
            <gpxtpx:hr>136</gpxtpx:hr>
          </gpxtpx:TrackPointExtension>
        </extensions>
      </trkpt>
      <trkpt lat="37.84964191223487" lon="112.01384675197114">
        <ele>1130.1</ele>
        <time>2026-07-02T00:18:22.929000Z</time>
        <extensions>
          <gpxtpx:TrackPointExtension>
            <gpxtpx:hr>137</gpxtpx:hr>
          </gpxtpx:TrackPointExtension>
        </extensions>
      </trkpt>
      <trkpt lat="37.84964609647412" lon="112.01378296894362">
        <ele>1130.1</ele>
        <time>2026-07-02T00:18:24.929000Z</time>
        <extensions>
          <gpxtpx:TrackPointExtension>
            <gpxtpx:hr>137</gpxtpx:hr>
          </gpxtpx:TrackPointExtension>
        </extensions>
      </trkpt>
      <trkpt lat="37.84965128094569" lon="112.01371918588335">
        <ele>1130.1</ele>
        <time>2026-07-02T00:18:26.929000Z</time>
        <extensions>
          <gpxtpx:TrackPointExtension>
            <gpxtpx:hr>137</gpxtpx:hr>
          </gpxtpx:TrackPointExtension>
        </extensions>
      </trkpt>
      <trkpt lat="37.849657462778296" lon="112.013656399389">
        <ele>1130.6</ele>
        <time>2026-07-02T00:18:28.929000Z</time>
        <extensions>
          <gpxtpx:TrackPointExtension>
            <gpxtpx:hr>137</gpxtpx:hr>
          </gpxtpx:TrackPointExtension>
        </extensions>
      </trkpt>
      <trkpt lat="37.849665647877245" lon="112.01359261614148">
        <ele>1130.6</ele>
        <time>2026-07-02T00:18:30.929000Z</time>
        <extensions>
          <gpxtpx:TrackPointExtension>
            <gpxtpx:hr>137</gpxtpx:hr>
          </gpxtpx:TrackPointExtension>
        </extensions>
      </trkpt>
      <trkpt lat="37.849671832714876" lon="112.01352883321942">
        <ele>1130.6</ele>
        <time>2026-07-02T00:18:32.929000Z</time>
        <extensions>
          <gpxtpx:TrackPointExtension>
            <gpxtpx:hr>136</gpxtpx:hr>
          </gpxtpx:TrackPointExtension>
        </extensions>
      </trkpt>
      <trkpt lat="37.84967702032959" lon="112.01346405390801">
        <ele>1130.6</ele>
        <time>2026-07-02T00:18:34.929000Z</time>
        <extensions>
          <gpxtpx:TrackPointExtension>
            <gpxtpx:hr>136</gpxtpx:hr>
          </gpxtpx:TrackPointExtension>
        </extensions>
      </trkpt>
      <trkpt lat="37.84968220801338" lon="112.01339927468493">
        <ele>1130.6</ele>
        <time>2026-07-02T00:18:36.929000Z</time>
        <extensions>
          <gpxtpx:TrackPointExtension>
            <gpxtpx:hr>136</gpxtpx:hr>
          </gpxtpx:TrackPointExtension>
        </extensions>
      </trkpt>
      <trkpt lat="37.849685398313675" lon="112.01333349919702">
        <ele>1130.8</ele>
        <time>2026-07-02T00:18:38.929000Z</time>
        <extensions>
          <gpxtpx:TrackPointExtension>
            <gpxtpx:hr>136</gpxtpx:hr>
          </gpxtpx:TrackPointExtension>
        </extensions>
      </trkpt>
      <trkpt lat="37.84969059189097" lon="112.01326672696953">
        <ele>1130.8</ele>
        <time>2026-07-02T00:18:40.929000Z</time>
        <extensions>
          <gpxtpx:TrackPointExtension>
            <gpxtpx:hr>136</gpxtpx:hr>
          </gpxtpx:TrackPointExtension>
        </extensions>
      </trkpt>
      <trkpt lat="37.84969578266239" lon="112.01320095142444">
        <ele>1130.8</ele>
        <time>2026-07-02T00:18:42.929000Z</time>
        <extensions>
          <gpxtpx:TrackPointExtension>
            <gpxtpx:hr>136</gpxtpx:hr>
          </gpxtpx:TrackPointExtension>
        </extensions>
      </trkpt>
      <trkpt lat="37.849701973668516" lon="112.01313517584968">
        <ele>1130.8</ele>
        <time>2026-07-02T00:18:44.929000Z</time>
        <extensions>
          <gpxtpx:TrackPointExtension>
            <gpxtpx:hr>136</gpxtpx:hr>
          </gpxtpx:TrackPointExtension>
        </extensions>
      </trkpt>
      <trkpt lat="37.849707164580366" lon="112.01306940048421">
        <ele>1130.8</ele>
        <time>2026-07-02T00:18:46.929000Z</time>
        <extensions>
          <gpxtpx:TrackPointExtension>
            <gpxtpx:hr>136</gpxtpx:hr>
          </gpxtpx:TrackPointExtension>
        </extensions>
      </trkpt>
      <trkpt lat="37.84971035811506" lon="112.01300262886205">
        <ele>1130.9</ele>
        <time>2026-07-02T00:18:48.929000Z</time>
        <extensions>
          <gpxtpx:TrackPointExtension>
            <gpxtpx:hr>136</gpxtpx:hr>
          </gpxtpx:TrackPointExtension>
        </extensions>
      </trkpt>
      <trkpt lat="37.8497155520503" lon="112.01293585709244">
        <ele>1130.9</ele>
        <time>2026-07-02T00:18:50.929000Z</time>
        <extensions>
          <gpxtpx:TrackPointExtension>
            <gpxtpx:hr>136</gpxtpx:hr>
          </gpxtpx:TrackPointExtension>
        </extensions>
      </trkpt>
      <trkpt lat="37.84972074605707" lon="112.01286908541437">
        <ele>1130.9</ele>
        <time>2026-07-02T00:18:52.929000Z</time>
        <extensions>
          <gpxtpx:TrackPointExtension>
            <gpxtpx:hr>135</gpxtpx:hr>
          </gpxtpx:TrackPointExtension>
        </extensions>
      </trkpt>
      <trkpt lat="37.84972594302011" lon="112.0128013172463">
        <ele>1130.9</ele>
        <time>2026-07-02T00:18:54.929000Z</time>
        <extensions>
          <gpxtpx:TrackPointExtension>
            <gpxtpx:hr>135</gpxtpx:hr>
          </gpxtpx:TrackPointExtension>
        </extensions>
      </trkpt>
      <trkpt lat="37.84973114005634" lon="112.0127335491719">
        <ele>1130.9</ele>
        <time>2026-07-02T00:18:56.929000Z</time>
        <extensions>
          <gpxtpx:TrackPointExtension>
            <gpxtpx:hr>135</gpxtpx:hr>
          </gpxtpx:TrackPointExtension>
        </extensions>
      </trkpt>
      <trkpt lat="37.84973833172014" lon="112.0126677741086">
        <ele>1131.0</ele>
        <time>2026-07-02T00:18:58.929000Z</time>
        <extensions>
          <gpxtpx:TrackPointExtension>
            <gpxtpx:hr>136</gpxtpx:hr>
          </gpxtpx:TrackPointExtension>
        </extensions>
      </trkpt>
      <trkpt lat="37.84974552056435" lon="112.01260299571022">
        <ele>1131.0</ele>
        <time>2026-07-02T00:19:00.929000Z</time>
        <extensions>
          <gpxtpx:TrackPointExtension>
            <gpxtpx:hr>136</gpxtpx:hr>
          </gpxtpx:TrackPointExtension>
        </extensions>
      </trkpt>
      <trkpt lat="37.84975370675011" lon="112.0125392138529">
        <ele>1131.0</ele>
        <time>2026-07-02T00:19:02.929000Z</time>
        <extensions>
          <gpxtpx:TrackPointExtension>
            <gpxtpx:hr>137</gpxtpx:hr>
          </gpxtpx:TrackPointExtension>
        </extensions>
      </trkpt>
      <trkpt lat="37.84975589490352" lon="112.01247443622053">
        <ele>1131.0</ele>
        <time>2026-07-02T00:19:04.929000Z</time>
        <extensions>
          <gpxtpx:TrackPointExtension>
            <gpxtpx:hr>137</gpxtpx:hr>
          </gpxtpx:TrackPointExtension>
        </extensions>
      </trkpt>
      <trkpt lat="37.84975908617826" lon="112.0124086619794">
        <ele>1131.0</ele>
        <time>2026-07-02T00:19:06.929000Z</time>
        <extensions>
          <gpxtpx:TrackPointExtension>
            <gpxtpx:hr>137</gpxtpx:hr>
          </gpxtpx:TrackPointExtension>
        </extensions>
      </trkpt>
      <trkpt lat="37.84976227462846" lon="112.01234388439686">
        <ele>1131.3</ele>
        <time>2026-07-02T00:19:08.929000Z</time>
        <extensions>
          <gpxtpx:TrackPointExtension>
            <gpxtpx:hr>138</gpxtpx:hr>
          </gpxtpx:TrackPointExtension>
        </extensions>
      </trkpt>
      <trkpt lat="37.84977046396611" lon="112.01227910630001">
        <ele>1131.3</ele>
        <time>2026-07-02T00:19:10.929000Z</time>
        <extensions>
          <gpxtpx:TrackPointExtension>
            <gpxtpx:hr>138</gpxtpx:hr>
          </gpxtpx:TrackPointExtension>
        </extensions>
      </trkpt>
      <trkpt lat="37.84977765320451" lon="112.01221432840617">
        <ele>1131.3</ele>
        <time>2026-07-02T00:19:12.929000Z</time>
        <extensions>
          <gpxtpx:TrackPointExtension>
            <gpxtpx:hr>137</gpxtpx:hr>
          </gpxtpx:TrackPointExtension>
        </extensions>
      </trkpt>
      <trkpt lat="37.849783845238605" lon="112.01214855414693">
        <ele>1131.3</ele>
        <time>2026-07-02T00:19:14.929000Z</time>
        <extensions>
          <gpxtpx:TrackPointExtension>
            <gpxtpx:hr>137</gpxtpx:hr>
          </gpxtpx:TrackPointExtension>
        </extensions>
      </trkpt>
      <trkpt lat="37.849789037174986" lon="112.0120827800927">
        <ele>1131.3</ele>
        <time>2026-07-02T00:19:16.929000Z</time>
        <extensions>
          <gpxtpx:TrackPointExtension>
            <gpxtpx:hr>137</gpxtpx:hr>
          </gpxtpx:TrackPointExtension>
        </extensions>
      </trkpt>
      <trkpt lat="37.8497952322395" lon="112.01201600943845">
        <ele>1131.3</ele>
        <time>2026-07-02T00:19:18.929000Z</time>
        <extensions>
          <gpxtpx:TrackPointExtension>
            <gpxtpx:hr>139</gpxtpx:hr>
          </gpxtpx:TrackPointExtension>
        </extensions>
      </trkpt>
      <trkpt lat="37.849800427207875" lon="112.01194923899126">
        <ele>1131.3</ele>
        <time>2026-07-02T00:19:20.929000Z</time>
        <extensions>
          <gpxtpx:TrackPointExtension>
            <gpxtpx:hr>139</gpxtpx:hr>
          </gpxtpx:TrackPointExtension>
        </extensions>
      </trkpt>
      <trkpt lat="37.84980562224431" lon="112.01188246863123">
        <ele>1131.3</ele>
        <time>2026-07-02T00:19:22.929000Z</time>
        <extensions>
          <gpxtpx:TrackPointExtension>
            <gpxtpx:hr>141</gpxtpx:hr>
          </gpxtpx:TrackPointExtension>
        </extensions>
      </trkpt>
      <trkpt lat="37.84981081154813" lon="112.01181769148144">
        <ele>1131.6</ele>
        <time>2026-07-02T00:19:24.929000Z</time>
        <extensions>
          <gpxtpx:TrackPointExtension>
            <gpxtpx:hr>141</gpxtpx:hr>
          </gpxtpx:TrackPointExtension>
        </extensions>
      </trkpt>
      <trkpt lat="37.849817001080005" lon="112.01175291429357">
        <ele>1131.6</ele>
        <time>2026-07-02T00:19:26.929000Z</time>
        <extensions>
          <gpxtpx:TrackPointExtension>
            <gpxtpx:hr>141</gpxtpx:hr>
          </gpxtpx:TrackPointExtension>
        </extensions>
      </trkpt>
      <trkpt lat="37.84982219051084" lon="112.01168813730649">
        <ele>1132.1</ele>
        <time>2026-07-02T00:19:28.929000Z</time>
        <extensions>
          <gpxtpx:TrackPointExtension>
            <gpxtpx:hr>141</gpxtpx:hr>
          </gpxtpx:TrackPointExtension>
        </extensions>
      </trkpt>
      <trkpt lat="37.849826382743544" lon="112.01162236396195">
        <ele>1132.1</ele>
        <time>2026-07-02T00:19:30.929000Z</time>
        <extensions>
          <gpxtpx:TrackPointExtension>
            <gpxtpx:hr>141</gpxtpx:hr>
          </gpxtpx:TrackPointExtension>
        </extensions>
      </trkpt>
      <trkpt lat="37.84982957197259" lon="112.01155758737683">
        <ele>1132.1</ele>
        <time>2026-07-02T00:19:32.929000Z</time>
        <extensions>
          <gpxtpx:TrackPointExtension>
            <gpxtpx:hr>141</gpxtpx:hr>
          </gpxtpx:TrackPointExtension>
        </extensions>
      </trkpt>
      <trkpt lat="37.849831764005" lon="112.0114918144362">
        <ele>1132.1</ele>
        <time>2026-07-02T00:19:34.929000Z</time>
        <extensions>
          <gpxtpx:TrackPointExtension>
            <gpxtpx:hr>141</gpxtpx:hr>
          </gpxtpx:TrackPointExtension>
        </extensions>
      </trkpt>
      <trkpt lat="37.84983695078315" lon="112.01142803432793">
        <ele>1132.1</ele>
        <time>2026-07-02T00:19:36.929000Z</time>
        <extensions>
          <gpxtpx:TrackPointExtension>
            <gpxtpx:hr>144</gpxtpx:hr>
          </gpxtpx:TrackPointExtension>
        </extensions>
      </trkpt>
      <trkpt lat="37.84984214343569" lon="112.01136226119104">
        <ele>1132.5</ele>
        <time>2026-07-02T00:19:38.929000Z</time>
        <extensions>
          <gpxtpx:TrackPointExtension>
            <gpxtpx:hr>144</gpxtpx:hr>
          </gpxtpx:TrackPointExtension>
        </extensions>
      </trkpt>
      <trkpt lat="37.84984633017187" lon="112.0112984813593">
        <ele>1132.5</ele>
        <time>2026-07-02T00:19:40.929000Z</time>
        <extensions>
          <gpxtpx:TrackPointExtension>
            <gpxtpx:hr>144</gpxtpx:hr>
          </gpxtpx:TrackPointExtension>
        </extensions>
      </trkpt>
      <trkpt lat="37.849848519548004" lon="112.01123370529297">
        <ele>1132.5</ele>
        <time>2026-07-02T00:19:42.929000Z</time>
        <extensions>
          <gpxtpx:TrackPointExtension>
            <gpxtpx:hr>141</gpxtpx:hr>
          </gpxtpx:TrackPointExtension>
        </extensions>
      </trkpt>
      <trkpt lat="37.849849705911474" lon="112.01116992597454">
        <ele>1132.5</ele>
        <time>2026-07-02T00:19:44.929000Z</time>
        <extensions>
          <gpxtpx:TrackPointExtension>
            <gpxtpx:hr>141</gpxtpx:hr>
          </gpxtpx:TrackPointExtension>
        </extensions>
      </trkpt>
      <trkpt lat="37.849852892663456" lon="112.01110614649339">
        <ele>1132.5</ele>
        <time>2026-07-02T00:19:46.929000Z</time>
        <extensions>
          <gpxtpx:TrackPointExtension>
            <gpxtpx:hr>141</gpxtpx:hr>
          </gpxtpx:TrackPointExtension>
        </extensions>
      </trkpt>
      <trkpt lat="37.84985607656313" lon="112.01104336363534">
        <ele>1132.5</ele>
        <time>2026-07-02T00:19:48.929000Z</time>
        <extensions>
          <gpxtpx:TrackPointExtension>
            <gpxtpx:hr>140</gpxtpx:hr>
          </gpxtpx:TrackPointExtension>
        </extensions>
      </trkpt>
      <trkpt lat="37.849860266509765" lon="112.01097858763956">
        <ele>1133.1</ele>
        <time>2026-07-02T00:19:50.929000Z</time>
        <extensions>
          <gpxtpx:TrackPointExtension>
            <gpxtpx:hr>140</gpxtpx:hr>
          </gpxtpx:TrackPointExtension>
        </extensions>
      </trkpt>
      <trkpt lat="37.84986345635275" lon="112.01091381184128">
        <ele>1133.1</ele>
        <time>2026-07-02T00:19:52.929000Z</time>
        <extensions>
          <gpxtpx:TrackPointExtension>
            <gpxtpx:hr>140</gpxtpx:hr>
          </gpxtpx:TrackPointExtension>
        </extensions>
      </trkpt>
      <trkpt lat="37.84986764350633" lon="112.01085003254457">
        <ele>1133.1</ele>
        <time>2026-07-02T00:19:54.929000Z</time>
        <extensions>
          <gpxtpx:TrackPointExtension>
            <gpxtpx:hr>140</gpxtpx:hr>
          </gpxtpx:TrackPointExtension>
        </extensions>
      </trkpt>
      <trkpt lat="37.849870827638604" lon="112.01078724998474">
        <ele>1133.1</ele>
        <time>2026-07-02T00:19:56.929000Z</time>
        <extensions>
          <gpxtpx:TrackPointExtension>
            <gpxtpx:hr>140</gpxtpx:hr>
          </gpxtpx:TrackPointExtension>
        </extensions>
      </trkpt>
      <trkpt lat="37.84987501490813" lon="112.01072347083674">
        <ele>1133.1</ele>
        <time>2026-07-02T00:19:58.929000Z</time>
        <extensions>
          <gpxtpx:TrackPointExtension>
            <gpxtpx:hr>140</gpxtpx:hr>
          </gpxtpx:TrackPointExtension>
        </extensions>
      </trkpt>
      <trkpt lat="37.84987820498848" lon="112.01065869534281">
        <ele>1133.8</ele>
        <time>2026-07-02T00:20:00.929000Z</time>
        <extensions>
          <gpxtpx:TrackPointExtension>
            <gpxtpx:hr>140</gpxtpx:hr>
          </gpxtpx:TrackPointExtension>
        </extensions>
      </trkpt>
      <trkpt lat="37.849881392210456" lon="112.01059491646429">
        <ele>1133.8</ele>
        <time>2026-07-02T00:20:02.929000Z</time>
        <extensions>
          <gpxtpx:TrackPointExtension>
            <gpxtpx:hr>139</gpxtpx:hr>
          </gpxtpx:TrackPointExtension>
        </extensions>
      </trkpt>
      <trkpt lat="37.849884582409125" lon="112.01053014112212">
        <ele>1133.8</ele>
        <time>2026-07-02T00:20:04.929000Z</time>
        <extensions>
          <gpxtpx:TrackPointExtension>
            <gpxtpx:hr>139</gpxtpx:hr>
          </gpxtpx:TrackPointExtension>
        </extensions>
      </trkpt>
      <trkpt lat="37.84988676666281" lon="112.01046735904848">
        <ele>1133.8</ele>
        <time>2026-07-02T00:20:06.929000Z</time>
        <extensions>
          <gpxtpx:TrackPointExtension>
            <gpxtpx:hr>139</gpxtpx:hr>
          </gpxtpx:TrackPointExtension>
        </extensions>
      </trkpt>
      <trkpt lat="37.84989094838024" lon="112.0104055733424">
        <ele>1133.8</ele>
        <time>2026-07-02T00:20:08.929000Z</time>
        <extensions>
          <gpxtpx:TrackPointExtension>
            <gpxtpx:hr>140</gpxtpx:hr>
          </gpxtpx:TrackPointExtension>
        </extensions>
      </trkpt>
      <trkpt lat="37.84989312690065" lon="112.01034478447833">
        <ele>1134.0</ele>
        <time>2026-07-02T00:20:10.929000Z</time>
        <extensions>
          <gpxtpx:TrackPointExtension>
            <gpxtpx:hr>140</gpxtpx:hr>
          </gpxtpx:TrackPointExtension>
        </extensions>
      </trkpt>
      <trkpt lat="37.84989631148214" lon="112.01028200249469">
        <ele>1134.0</ele>
        <time>2026-07-02T00:20:12.929000Z</time>
        <extensions>
          <gpxtpx:TrackPointExtension>
            <gpxtpx:hr>141</gpxtpx:hr>
          </gpxtpx:TrackPointExtension>
        </extensions>
      </trkpt>
      <trkpt lat="37.8498974987129" lon="112.01021822428848">
        <ele>1134.0</ele>
        <time>2026-07-02T00:20:14.929000Z</time>
        <extensions>
          <gpxtpx:TrackPointExtension>
            <gpxtpx:hr>141</gpxtpx:hr>
          </gpxtpx:TrackPointExtension>
        </extensions>
      </trkpt>
      <trkpt lat="37.849899689088865" lon="112.0101534495043">
        <ele>1134.0</ele>
        <time>2026-07-02T00:20:16.929000Z</time>
        <extensions>
          <gpxtpx:TrackPointExtension>
            <gpxtpx:hr>141</gpxtpx:hr>
          </gpxtpx:TrackPointExtension>
        </extensions>
      </trkpt>
      <trkpt lat="37.849901882447995" lon="112.01008767826485">
        <ele>1134.0</ele>
        <time>2026-07-02T00:20:18.929000Z</time>
        <extensions>
          <gpxtpx:TrackPointExtension>
            <gpxtpx:hr>142</gpxtpx:hr>
          </gpxtpx:TrackPointExtension>
        </extensions>
      </trkpt>
      <trkpt lat="37.84990407586673" lon="112.01002190710192">
        <ele>1134.7</ele>
        <time>2026-07-02T00:20:20.929000Z</time>
        <extensions>
          <gpxtpx:TrackPointExtension>
            <gpxtpx:hr>142</gpxtpx:hr>
          </gpxtpx:TrackPointExtension>
        </extensions>
      </trkpt>
      <trkpt lat="37.849907269509345" lon="112.00995613589568">
        <ele>1134.7</ele>
        <time>2026-07-02T00:20:22.929000Z</time>
        <extensions>
          <gpxtpx:TrackPointExtension>
            <gpxtpx:hr>142</gpxtpx:hr>
          </gpxtpx:TrackPointExtension>
        </extensions>
      </trkpt>
      <trkpt lat="37.84990946597444" lon="112.00988936835857">
        <ele>1134.7</ele>
        <time>2026-07-02T00:20:24.929000Z</time>
        <extensions>
          <gpxtpx:TrackPointExtension>
            <gpxtpx:hr>142</gpxtpx:hr>
          </gpxtpx:TrackPointExtension>
        </extensions>
      </trkpt>
      <trkpt lat="37.84990666460651" lon="112.0098216049717">
        <ele>1134.7</ele>
        <time>2026-07-02T00:20:26.929000Z</time>
        <extensions>
          <gpxtpx:TrackPointExtension>
            <gpxtpx:hr>142</gpxtpx:hr>
          </gpxtpx:TrackPointExtension>
        </extensions>
      </trkpt>
      <trkpt lat="37.84989785938418" lon="112.00975483890552">
        <ele>1134.7</ele>
        <time>2026-07-02T00:20:28.929000Z</time>
        <extensions>
          <gpxtpx:TrackPointExtension>
            <gpxtpx:hr>143</gpxtpx:hr>
          </gpxtpx:TrackPointExtension>
        </extensions>
      </trkpt>
      <trkpt lat="37.84988605372866" lon="112.00968807327502">
        <ele>1135.0</ele>
        <time>2026-07-02T00:20:30.929000Z</time>
        <extensions>
          <gpxtpx:TrackPointExtension>
            <gpxtpx:hr>143</gpxtpx:hr>
          </gpxtpx:TrackPointExtension>
        </extensions>
      </trkpt>
      <trkpt lat="37.84987624846218" lon="112.0096213074825">
        <ele>1135.0</ele>
        <time>2026-07-02T00:20:32.929000Z</time>
        <extensions>
          <gpxtpx:TrackPointExtension>
            <gpxtpx:hr>144</gpxtpx:hr>
          </gpxtpx:TrackPointExtension>
        </extensions>
      </trkpt>
      <trkpt lat="37.849868443584455" lon="112.0095545415277">
        <ele>1135.0</ele>
        <time>2026-07-02T00:20:34.929000Z</time>
        <extensions>
          <gpxtpx:TrackPointExtension>
            <gpxtpx:hr>144</gpxtpx:hr>
          </gpxtpx:TrackPointExtension>
        </extensions>
      </trkpt>
      <trkpt lat="37.849859641535055" lon="112.00948677924939">
        <ele>1135.0</ele>
        <time>2026-07-02T00:20:36.929000Z</time>
        <extensions>
          <gpxtpx:TrackPointExtension>
            <gpxtpx:hr>144</gpxtpx:hr>
          </gpxtpx:TrackPointExtension>
        </extensions>
      </trkpt>
      <trkpt lat="37.849847836119196" lon="112.00942001392596">
        <ele>1135.0</ele>
        <time>2026-07-02T00:20:38.929000Z</time>
        <extensions>
          <gpxtpx:TrackPointExtension>
            <gpxtpx:hr>144</gpxtpx:hr>
          </gpxtpx:TrackPointExtension>
        </extensions>
      </trkpt>
      <trkpt lat="37.84983303026909" lon="112.00935324903664">
        <ele>1135.7</ele>
        <time>2026-07-02T00:20:40.929000Z</time>
        <extensions>
          <gpxtpx:TrackPointExtension>
            <gpxtpx:hr>144</gpxtpx:hr>
          </gpxtpx:TrackPointExtension>
        </extensions>
      </trkpt>
      <trkpt lat="37.849813214848055" lon="112.00928947436788">
        <ele>1135.7</ele>
        <time>2026-07-02T00:20:42.929000Z</time>
        <extensions>
          <gpxtpx:TrackPointExtension>
            <gpxtpx:hr>145</gpxtpx:hr>
          </gpxtpx:TrackPointExtension>
        </extensions>
      </trkpt>
      <trkpt lat="37.84978939001298" lon="112.00922868979025">
        <ele>1135.7</ele>
        <time>2026-07-02T00:20:44.929000Z</time>
        <extensions>
          <gpxtpx:TrackPointExtension>
            <gpxtpx:hr>145</gpxtpx:hr>
          </gpxtpx:TrackPointExtension>
        </extensions>
      </trkpt>
      <trkpt lat="37.84976156163154" lon="112.00916890226634">
        <ele>1135.7</ele>
        <time>2026-07-02T00:20:46.929000Z</time>
        <extensions>
          <gpxtpx:TrackPointExtension>
            <gpxtpx:hr>145</gpxtpx:hr>
          </gpxtpx:TrackPointExtension>
        </extensions>
      </trkpt>
      <trkpt lat="37.84973172709203" lon="112.00911110806703">
        <ele>1135.7</ele>
        <time>2026-07-02T00:20:48.929000Z</time>
        <extensions>
          <gpxtpx:TrackPointExtension>
            <gpxtpx:hr>144</gpxtpx:hr>
          </gpxtpx:TrackPointExtension>
        </extensions>
      </trkpt>
      <trkpt lat="37.84970088655428" lon="112.00905530706689">
        <ele>1136.3</ele>
        <time>2026-07-02T00:20:50.929000Z</time>
        <extensions>
          <gpxtpx:TrackPointExtension>
            <gpxtpx:hr>144</gpxtpx:hr>
          </gpxtpx:TrackPointExtension>
        </extensions>
      </trkpt>
      <trkpt lat="37.84967004605745" lon="112.00899950611839">
        <ele>1136.3</ele>
        <time>2026-07-02T00:20:52.929000Z</time>
        <extensions>
          <gpxtpx:TrackPointExtension>
            <gpxtpx:hr>144</gpxtpx:hr>
          </gpxtpx:TrackPointExtension>
        </extensions>
      </trkpt>
      <trkpt lat="37.849638199556416" lon="112.0089456983613">
        <ele>1136.3</ele>
        <time>2026-07-02T00:20:54.929000Z</time>
        <extensions>
          <gpxtpx:TrackPointExtension>
            <gpxtpx:hr>144</gpxtpx:hr>
          </gpxtpx:TrackPointExtension>
        </extensions>
      </trkpt>
      <trkpt lat="37.84960535292895" lon="112.00889189077131">
        <ele>1136.3</ele>
        <time>2026-07-02T00:20:56.929000Z</time>
        <extensions>
          <gpxtpx:TrackPointExtension>
            <gpxtpx:hr>144</gpxtpx:hr>
          </gpxtpx:TrackPointExtension>
        </extensions>
      </trkpt>
      <trkpt lat="37.849570503068996" lon="112.00883907997623">
        <ele>1136.3</ele>
        <time>2026-07-02T00:20:58.929000Z</time>
        <extensions>
          <gpxtpx:TrackPointExtension>
            <gpxtpx:hr>144</gpxtpx:hr>
          </gpxtpx:TrackPointExtension>
        </extensions>
      </trkpt>
      <trkpt lat="37.84953465308118" lon="112.00878626934615">
        <ele>1136.6</ele>
        <time>2026-07-02T00:21:00.929000Z</time>
        <extensions>
          <gpxtpx:TrackPointExtension>
            <gpxtpx:hr>144</gpxtpx:hr>
          </gpxtpx:TrackPointExtension>
        </extensions>
      </trkpt>
      <trkpt lat="37.84950080051515" lon="112.00873445502953">
        <ele>1136.6</ele>
        <time>2026-07-02T00:21:02.929000Z</time>
        <extensions>
          <gpxtpx:TrackPointExtension>
            <gpxtpx:hr>144</gpxtpx:hr>
          </gpxtpx:TrackPointExtension>
        </extensions>
      </trkpt>
      <trkpt lat="37.849467948148146" lon="112.00868264063709">
        <ele>1136.6</ele>
        <time>2026-07-02T00:21:04.929000Z</time>
        <extensions>
          <gpxtpx:TrackPointExtension>
            <gpxtpx:hr>144</gpxtpx:hr>
          </gpxtpx:TrackPointExtension>
        </extensions>
      </trkpt>
      <trkpt lat="37.849436090091395" lon="112.00863281917906">
        <ele>1136.6</ele>
        <time>2026-07-02T00:21:06.929000Z</time>
        <extensions>
          <gpxtpx:TrackPointExtension>
            <gpxtpx:hr>144</gpxtpx:hr>
          </gpxtpx:TrackPointExtension>
        </extensions>
      </trkpt>
      <trkpt lat="37.849404237956406" lon="112.00858100475236">
        <ele>1136.6</ele>
        <time>2026-07-02T00:21:08.929000Z</time>
        <extensions>
          <gpxtpx:TrackPointExtension>
            <gpxtpx:hr>144</gpxtpx:hr>
          </gpxtpx:TrackPointExtension>
        </extensions>
      </trkpt>
      <trkpt lat="37.84937237996467" lon="112.00853118337594">
        <ele>1137.2</ele>
        <time>2026-07-02T00:21:10.929000Z</time>
        <extensions>
          <gpxtpx:TrackPointExtension>
            <gpxtpx:hr>144</gpxtpx:hr>
          </gpxtpx:TrackPointExtension>
        </extensions>
      </trkpt>
      <trkpt lat="37.849339521840506" lon="112.00848136215875">
        <ele>1137.2</ele>
        <time>2026-07-02T00:21:12.929000Z</time>
        <extensions>
          <gpxtpx:TrackPointExtension>
            <gpxtpx:hr>144</gpxtpx:hr>
          </gpxtpx:TrackPointExtension>
        </extensions>
      </trkpt>
      <trkpt lat="37.849306660801226" lon="112.0084325374832">
        <ele>1137.2</ele>
        <time>2026-07-02T00:21:14.929000Z</time>
        <extensions>
          <gpxtpx:TrackPointExtension>
            <gpxtpx:hr>144</gpxtpx:hr>
          </gpxtpx:TrackPointExtension>
        </extensions>
      </trkpt>
      <trkpt lat="37.84927380273968" lon="112.00838271634447">
        <ele>1137.2</ele>
        <time>2026-07-02T00:21:16.929000Z</time>
        <extensions>
          <gpxtpx:TrackPointExtension>
            <gpxtpx:hr>143</gpxtpx:hr>
          </gpxtpx:TrackPointExtension>
        </extensions>
      </trkpt>
      <trkpt lat="37.84924194487369" lon="112.00833289512576">
        <ele>1137.2</ele>
        <time>2026-07-02T00:21:18.929000Z</time>
        <extensions>
          <gpxtpx:TrackPointExtension>
            <gpxtpx:hr>143</gpxtpx:hr>
          </gpxtpx:TrackPointExtension>
        </extensions>
      </trkpt>
      <trkpt lat="37.84921008998765" lon="112.00828207744676">
        <ele>1137.6</ele>
        <time>2026-07-02T00:21:20.929000Z</time>
        <extensions>
          <gpxtpx:TrackPointExtension>
            <gpxtpx:hr>143</gpxtpx:hr>
          </gpxtpx:TrackPointExtension>
        </extensions>
      </trkpt>
      <trkpt lat="37.84917723202078" lon="112.00823225642675">
        <ele>1137.6</ele>
        <time>2026-07-02T00:21:22.929000Z</time>
        <extensions>
          <gpxtpx:TrackPointExtension>
            <gpxtpx:hr>140</gpxtpx:hr>
          </gpxtpx:TrackPointExtension>
        </extensions>
      </trkpt>
      <trkpt lat="37.84914437408507" lon="112.00818243544579">
        <ele>1137.6</ele>
        <time>2026-07-02T00:21:24.929000Z</time>
        <extensions>
          <gpxtpx:TrackPointExtension>
            <gpxtpx:hr>140</gpxtpx:hr>
          </gpxtpx:TrackPointExtension>
        </extensions>
      </trkpt>
      <trkpt lat="37.84911351355799" lon="112.00813361076223">
        <ele>1137.6</ele>
        <time>2026-07-02T00:21:26.929000Z</time>
        <extensions>
          <gpxtpx:TrackPointExtension>
            <gpxtpx:hr>141</gpxtpx:hr>
          </gpxtpx:TrackPointExtension>
        </extensions>
      </trkpt>
      <trkpt lat="37.84908265601163" lon="112.00808378961945">
        <ele>1137.6</ele>
        <time>2026-07-02T00:21:28.929000Z</time>
        <extensions>
          <gpxtpx:TrackPointExtension>
            <gpxtpx:hr>141</gpxtpx:hr>
          </gpxtpx:TrackPointExtension>
        </extensions>
      </trkpt>
      <trkpt lat="37.84905379587235" lon="112.00803496477229">
        <ele>1137.8</ele>
        <time>2026-07-02T00:21:30.929000Z</time>
        <extensions>
          <gpxtpx:TrackPointExtension>
            <gpxtpx:hr>141</gpxtpx:hr>
          </gpxtpx:TrackPointExtension>
        </extensions>
      </trkpt>
      <trkpt lat="37.84902193231842" lon="112.00798713681533">
        <ele>1137.8</ele>
        <time>2026-07-02T00:21:32.929000Z</time>
        <extensions>
          <gpxtpx:TrackPointExtension>
            <gpxtpx:hr>142</gpxtpx:hr>
          </gpxtpx:TrackPointExtension>
        </extensions>
      </trkpt>
      <trkpt lat="37.8489910689567" lon="112.00793930877441">
        <ele>1137.8</ele>
        <time>2026-07-02T00:21:34.929000Z</time>
        <extensions>
          <gpxtpx:TrackPointExtension>
            <gpxtpx:hr>142</gpxtpx:hr>
          </gpxtpx:TrackPointExtension>
        </extensions>
      </trkpt>
      <trkpt lat="37.84895920250586" lon="112.0078924773817">
        <ele>1137.8</ele>
        <time>2026-07-02T00:21:36.929000Z</time>
        <extensions>
          <gpxtpx:TrackPointExtension>
            <gpxtpx:hr>141</gpxtpx:hr>
          </gpxtpx:TrackPointExtension>
        </extensions>
      </trkpt>
      <trkpt lat="37.8489283391998" lon="112.00784464941054">
        <ele>1137.8</ele>
        <time>2026-07-02T00:21:38.929000Z</time>
        <extensions>
          <gpxtpx:TrackPointExtension>
            <gpxtpx:hr>141</gpxtpx:hr>
          </gpxtpx:TrackPointExtension>
        </extensions>
      </trkpt>
      <trkpt lat="37.848897475921724" lon="112.00779682147449">
        <ele>1138.5</ele>
        <time>2026-07-02T00:21:40.929000Z</time>
        <extensions>
          <gpxtpx:TrackPointExtension>
            <gpxtpx:hr>141</gpxtpx:hr>
          </gpxtpx:TrackPointExtension>
        </extensions>
      </trkpt>
      <trkpt lat="37.848866618581674" lon="112.00774700059077">
        <ele>1138.5</ele>
        <time>2026-07-02T00:21:42.929000Z</time>
        <extensions>
          <gpxtpx:TrackPointExtension>
            <gpxtpx:hr>141</gpxtpx:hr>
          </gpxtpx:TrackPointExtension>
        </extensions>
      </trkpt>
      <trkpt lat="37.84883475815224" lon="112.00769817635481">
        <ele>1138.5</ele>
        <time>2026-07-02T00:21:44.929000Z</time>
        <extensions>
          <gpxtpx:TrackPointExtension>
            <gpxtpx:hr>141</gpxtpx:hr>
          </gpxtpx:TrackPointExtension>
        </extensions>
      </trkpt>
      <trkpt lat="37.84880389495926" lon="112.00765034852553">
        <ele>1138.5</ele>
        <time>2026-07-02T00:21:46.929000Z</time>
        <extensions>
          <gpxtpx:TrackPointExtension>
            <gpxtpx:hr>140</gpxtpx:hr>
          </gpxtpx:TrackPointExtension>
        </extensions>
      </trkpt>
      <trkpt lat="37.848772028673324" lon="112.00760351733936">
        <ele>1138.5</ele>
        <time>2026-07-02T00:21:48.929000Z</time>
        <extensions>
          <gpxtpx:TrackPointExtension>
            <gpxtpx:hr>140</gpxtpx:hr>
          </gpxtpx:TrackPointExtension>
        </extensions>
      </trkpt>
      <trkpt lat="37.84874116257762" lon="112.00755668606693">
        <ele>1138.9</ele>
        <time>2026-07-02T00:21:50.929000Z</time>
        <extensions>
          <gpxtpx:TrackPointExtension>
            <gpxtpx:hr>140</gpxtpx:hr>
          </gpxtpx:TrackPointExtension>
        </extensions>
      </trkpt>
      <trkpt lat="37.84871229683574" lon="112.0075098545888">
        <ele>1138.9</ele>
        <time>2026-07-02T00:21:52.929000Z</time>
        <extensions>
          <gpxtpx:TrackPointExtension>
            <gpxtpx:hr>141</gpxtpx:hr>
          </gpxtpx:TrackPointExtension>
        </extensions>
      </trkpt>
      <trkpt lat="37.84868143079258" lon="112.00746302338226">
        <ele>1138.9</ele>
        <time>2026-07-02T00:21:54.929000Z</time>
        <extensions>
          <gpxtpx:TrackPointExtension>
            <gpxtpx:hr>141</gpxtpx:hr>
          </gpxtpx:TrackPointExtension>
        </extensions>
      </trkpt>
      <trkpt lat="37.848649564611875" lon="112.00741619232787">
        <ele>1138.9</ele>
        <time>2026-07-02T00:21:56.929000Z</time>
        <extensions>
          <gpxtpx:TrackPointExtension>
            <gpxtpx:hr>140</gpxtpx:hr>
          </gpxtpx:TrackPointExtension>
        </extensions>
      </trkpt>
      <trkpt lat="37.84861570108942" lon="112.00736836505922">
        <ele>1138.9</ele>
        <time>2026-07-02T00:21:58.929000Z</time>
        <extensions>
          <gpxtpx:TrackPointExtension>
            <gpxtpx:hr>140</gpxtpx:hr>
          </gpxtpx:TrackPointExtension>
        </extensions>
      </trkpt>
      <trkpt lat="37.84858283479778" lon="112.00732153419013">
        <ele>1139.1</ele>
        <time>2026-07-02T00:22:00.929000Z</time>
        <extensions>
          <gpxtpx:TrackPointExtension>
            <gpxtpx:hr>140</gpxtpx:hr>
          </gpxtpx:TrackPointExtension>
        </extensions>
      </trkpt>
      <trkpt lat="37.84855096869579" lon="112.00727470323413">
        <ele>1139.1</ele>
        <time>2026-07-02T00:22:02.929000Z</time>
        <extensions>
          <gpxtpx:TrackPointExtension>
            <gpxtpx:hr>141</gpxtpx:hr>
          </gpxtpx:TrackPointExtension>
        </extensions>
      </trkpt>
      <trkpt lat="37.84851910261967" lon="112.00722787231048">
        <ele>1139.1</ele>
        <time>2026-07-02T00:22:04.929000Z</time>
        <extensions>
          <gpxtpx:TrackPointExtension>
            <gpxtpx:hr>141</gpxtpx:hr>
          </gpxtpx:TrackPointExtension>
        </extensions>
      </trkpt>
      <trkpt lat="37.84848823673294" lon="112.00718104129975">
        <ele>1139.1</ele>
        <time>2026-07-02T00:22:06.929000Z</time>
        <extensions>
          <gpxtpx:TrackPointExtension>
            <gpxtpx:hr>141</gpxtpx:hr>
          </gpxtpx:TrackPointExtension>
        </extensions>
      </trkpt>
      <trkpt lat="37.84845637070829" lon="112.00713421044051">
        <ele>1139.1</ele>
        <time>2026-07-02T00:22:08.929000Z</time>
        <extensions>
          <gpxtpx:TrackPointExtension>
            <gpxtpx:hr>141</gpxtpx:hr>
          </gpxtpx:TrackPointExtension>
        </extensions>
      </trkpt>
      <trkpt lat="37.84842549894741" lon="112.00708937245699">
        <ele>1139.4</ele>
        <time>2026-07-02T00:22:10.929000Z</time>
        <extensions>
          <gpxtpx:TrackPointExtension>
            <gpxtpx:hr>141</gpxtpx:hr>
          </gpxtpx:TrackPointExtension>
        </extensions>
      </trkpt>
      <trkpt lat="37.848393624083194" lon="112.00704553110295">
        <ele>1139.4</ele>
        <time>2026-07-02T00:22:12.929000Z</time>
        <extensions>
          <gpxtpx:TrackPointExtension>
            <gpxtpx:hr>142</gpxtpx:hr>
          </gpxtpx:TrackPointExtension>
        </extensions>
      </trkpt>
      <trkpt lat="37.848359740023305" lon="112.00700467945629">
        <ele>1139.4</ele>
        <time>2026-07-02T00:22:14.929000Z</time>
        <extensions>
          <gpxtpx:TrackPointExtension>
            <gpxtpx:hr>142</gpxtpx:hr>
          </gpxtpx:TrackPointExtension>
        </extensions>
      </trkpt>
      <trkpt lat="37.84832384676368" lon="112.00696681751158">
        <ele>1139.4</ele>
        <time>2026-07-02T00:22:16.929000Z</time>
        <extensions>
          <gpxtpx:TrackPointExtension>
            <gpxtpx:hr>141</gpxtpx:hr>
          </gpxtpx:TrackPointExtension>
        </extensions>
      </trkpt>
      <trkpt lat="37.84828693853513" lon="112.00693393810303">
        <ele>1139.4</ele>
        <time>2026-07-02T00:22:18.929000Z</time>
        <extensions>
          <gpxtpx:TrackPointExtension>
            <gpxtpx:hr>141</gpxtpx:hr>
          </gpxtpx:TrackPointExtension>
        </extensions>
      </trkpt>
      <trkpt lat="37.8482490153322" lon="112.00690604122352">
        <ele>1140.6</ele>
        <time>2026-07-02T00:22:20.929000Z</time>
        <extensions>
          <gpxtpx:TrackPointExtension>
            <gpxtpx:hr>141</gpxtpx:hr>
          </gpxtpx:TrackPointExtension>
        </extensions>
      </trkpt>
      <trkpt lat="37.848208076823376" lon="112.00688312710567">
        <ele>1140.6</ele>
        <time>2026-07-02T00:22:22.929000Z</time>
        <extensions>
          <gpxtpx:TrackPointExtension>
            <gpxtpx:hr>141</gpxtpx:hr>
          </gpxtpx:TrackPointExtension>
        </extensions>
      </trkpt>
      <trkpt lat="37.848164125970285" lon="112.00686419926622">
        <ele>1140.6</ele>
        <time>2026-07-02T00:22:24.929000Z</time>
        <extensions>
          <gpxtpx:TrackPointExtension>
            <gpxtpx:hr>141</gpxtpx:hr>
          </gpxtpx:TrackPointExtension>
        </extensions>
      </trkpt>
      <trkpt lat="37.8481181658994" lon="112.0068482611046">
        <ele>1140.6</ele>
        <time>2026-07-02T00:22:26.929000Z</time>
        <extensions>
          <gpxtpx:TrackPointExtension>
            <gpxtpx:hr>141</gpxtpx:hr>
          </gpxtpx:TrackPointExtension>
        </extensions>
      </trkpt>
      <trkpt lat="37.848071199738214" lon="112.00683431602151">
        <ele>1140.6</ele>
        <time>2026-07-02T00:22:28.929000Z</time>
        <extensions>
          <gpxtpx:TrackPointExtension>
            <gpxtpx:hr>141</gpxtpx:hr>
          </gpxtpx:TrackPointExtension>
        </extensions>
      </trkpt>
      <trkpt lat="37.84802422468349" lon="112.00682336037418">
        <ele>1141.0</ele>
        <time>2026-07-02T00:22:30.929000Z</time>
        <extensions>
          <gpxtpx:TrackPointExtension>
            <gpxtpx:hr>141</gpxtpx:hr>
          </gpxtpx:TrackPointExtension>
        </extensions>
      </trkpt>
      <trkpt lat="37.847976240570866" lon="112.00681539428054">
        <ele>1141.0</ele>
        <time>2026-07-02T00:22:32.929000Z</time>
        <extensions>
          <gpxtpx:TrackPointExtension>
            <gpxtpx:hr>143</gpxtpx:hr>
          </gpxtpx:TrackPointExtension>
        </extensions>
      </trkpt>
      <trkpt lat="37.847928244597064" lon="112.00681141409774">
        <ele>1141.0</ele>
        <time>2026-07-02T00:22:34.929000Z</time>
        <extensions>
          <gpxtpx:TrackPointExtension>
            <gpxtpx:hr>143</gpxtpx:hr>
          </gpxtpx:TrackPointExtension>
        </extensions>
      </trkpt>
      <trkpt lat="37.847879248461666" lon="112.00680743403447">
        <ele>1141.0</ele>
        <time>2026-07-02T00:22:36.929000Z</time>
        <extensions>
          <gpxtpx:TrackPointExtension>
            <gpxtpx:hr>143</gpxtpx:hr>
          </gpxtpx:TrackPointExtension>
        </extensions>
      </trkpt>
      <trkpt lat="37.847831255457066" lon="112.00680245737466">
        <ele>1141.0</ele>
        <time>2026-07-02T00:22:38.929000Z</time>
        <extensions>
          <gpxtpx:TrackPointExtension>
            <gpxtpx:hr>143</gpxtpx:hr>
          </gpxtpx:TrackPointExtension>
        </extensions>
      </trkpt>
      <trkpt lat="37.84778226525701" lon="112.00679648435715">
        <ele>1140.9</ele>
        <time>2026-07-02T00:22:40.929000Z</time>
        <extensions>
          <gpxtpx:TrackPointExtension>
            <gpxtpx:hr>143</gpxtpx:hr>
          </gpxtpx:TrackPointExtension>
        </extensions>
      </trkpt>
      <trkpt lat="37.84773327505886" lon="112.00679051134013">
        <ele>1140.9</ele>
        <time>2026-07-02T00:22:42.929000Z</time>
        <extensions>
          <gpxtpx:TrackPointExtension>
            <gpxtpx:hr>143</gpxtpx:hr>
          </gpxtpx:TrackPointExtension>
        </extensions>
      </trkpt>
      <trkpt lat="37.84768528502573" lon="112.00678453820426">
        <ele>1140.9</ele>
        <time>2026-07-02T00:22:44.929000Z</time>
        <extensions>
          <gpxtpx:TrackPointExtension>
            <gpxtpx:hr>143</gpxtpx:hr>
          </gpxtpx:TrackPointExtension>
        </extensions>
      </trkpt>
      <trkpt lat="37.84763729796064" lon="112.00677756859179">
        <ele>1140.9</ele>
        <time>2026-07-02T00:22:46.929000Z</time>
        <extensions>
          <gpxtpx:TrackPointExtension>
            <gpxtpx:hr>140</gpxtpx:hr>
          </gpxtpx:TrackPointExtension>
        </extensions>
      </trkpt>
      <trkpt lat="37.84759030512808" lon="112.00677259181461">
        <ele>1140.9</ele>
        <time>2026-07-02T00:22:48.929000Z</time>
        <extensions>
          <gpxtpx:TrackPointExtension>
            <gpxtpx:hr>140</gpxtpx:hr>
          </gpxtpx:TrackPointExtension>
        </extensions>
      </trkpt>
      <trkpt lat="37.84754230916789" lon="112.00676861163399">
        <ele>1141.5</ele>
        <time>2026-07-02T00:22:50.929000Z</time>
        <extensions>
          <gpxtpx:TrackPointExtension>
            <gpxtpx:hr>139</gpxtpx:hr>
          </gpxtpx:TrackPointExtension>
        </extensions>
      </trkpt>
      <trkpt lat="37.847495316338644" lon="112.00676363485738">
        <ele>1141.5</ele>
        <time>2026-07-02T00:22:52.929000Z</time>
        <extensions>
          <gpxtpx:TrackPointExtension>
            <gpxtpx:hr>139</gpxtpx:hr>
          </gpxtpx:TrackPointExtension>
        </extensions>
      </trkpt>
      <trkpt lat="37.84744832647748" lon="112.00675766160428">
        <ele>1141.5</ele>
        <time>2026-07-02T00:22:54.929000Z</time>
        <extensions>
          <gpxtpx:TrackPointExtension>
            <gpxtpx:hr>139</gpxtpx:hr>
          </gpxtpx:TrackPointExtension>
        </extensions>
      </trkpt>
      <trkpt lat="37.84740134255107" lon="112.00674969539831">
        <ele>1141.5</ele>
        <time>2026-07-02T00:22:56.929000Z</time>
        <extensions>
          <gpxtpx:TrackPointExtension>
            <gpxtpx:hr>140</gpxtpx:hr>
          </gpxtpx:TrackPointExtension>
        </extensions>
      </trkpt>
      <trkpt lat="37.84735334956419" lon="112.00674471874224">
        <ele>1141.5</ele>
        <time>2026-07-02T00:22:58.929000Z</time>
        <extensions>
          <gpxtpx:TrackPointExtension>
            <gpxtpx:hr>140</gpxtpx:hr>
          </gpxtpx:TrackPointExtension>
        </extensions>
      </trkpt>
      <trkpt lat="37.84730536251226" lon="112.00673774913346">
        <ele>1142.1</ele>
        <time>2026-07-02T00:23:00.929000Z</time>
        <extensions>
          <gpxtpx:TrackPointExtension>
            <gpxtpx:hr>140</gpxtpx:hr>
          </gpxtpx:TrackPointExtension>
        </extensions>
      </trkpt>
      <trkpt lat="37.847257381395764" lon="112.00672878657252">
        <ele>1142.1</ele>
        <time>2026-07-02T00:23:02.929000Z</time>
        <extensions>
          <gpxtpx:TrackPointExtension>
            <gpxtpx:hr>140</gpxtpx:hr>
          </gpxtpx:TrackPointExtension>
        </extensions>
      </trkpt>
      <trkpt lat="37.8472093913812" lon="112.00672281344153">
        <ele>1142.1</ele>
        <time>2026-07-02T00:23:04.929000Z</time>
        <extensions>
          <gpxtpx:TrackPointExtension>
            <gpxtpx:hr>140</gpxtpx:hr>
          </gpxtpx:TrackPointExtension>
        </extensions>
      </trkpt>
      <trkpt lat="37.84716040417258" lon="112.0067158439541">
        <ele>1142.1</ele>
        <time>2026-07-02T00:23:06.929000Z</time>
        <extensions>
          <gpxtpx:TrackPointExtension>
            <gpxtpx:hr>140</gpxtpx:hr>
          </gpxtpx:TrackPointExtension>
        </extensions>
      </trkpt>
      <trkpt lat="37.847113414324554" lon="112.00670987070481">
        <ele>1142.1</ele>
        <time>2026-07-02T00:23:08.929000Z</time>
        <extensions>
          <gpxtpx:TrackPointExtension>
            <gpxtpx:hr>140</gpxtpx:hr>
          </gpxtpx:TrackPointExtension>
        </extensions>
      </trkpt>
      <trkpt lat="37.84706642744533" lon="112.00670290097996">
        <ele>1142.6</ele>
        <time>2026-07-02T00:23:10.929000Z</time>
        <extensions>
          <gpxtpx:TrackPointExtension>
            <gpxtpx:hr>139</gpxtpx:hr>
          </gpxtpx:TrackPointExtension>
        </extensions>
      </trkpt>
      <trkpt lat="37.84701943760097" lon="112.00669692773168">
        <ele>1142.6</ele>
        <time>2026-07-02T00:23:12.929000Z</time>
        <extensions>
          <gpxtpx:TrackPointExtension>
            <gpxtpx:hr>139</gpxtpx:hr>
          </gpxtpx:TrackPointExtension>
        </extensions>
      </trkpt>
      <trkpt lat="37.846972441824136" lon="112.00669294743562">
        <ele>1142.6</ele>
        <time>2026-07-02T00:23:14.929000Z</time>
        <extensions>
          <gpxtpx:TrackPointExtension>
            <gpxtpx:hr>139</gpxtpx:hr>
          </gpxtpx:TrackPointExtension>
        </extensions>
      </trkpt>
      <trkpt lat="37.84692445182061" lon="112.00668697430744">
        <ele>1142.6</ele>
        <time>2026-07-02T00:23:16.929000Z</time>
        <extensions>
          <gpxtpx:TrackPointExtension>
            <gpxtpx:hr>139</gpxtpx:hr>
          </gpxtpx:TrackPointExtension>
        </extensions>
      </trkpt>
      <trkpt lat="37.84687746494879" lon="112.00668000458471">
        <ele>1142.6</ele>
        <time>2026-07-02T00:23:18.929000Z</time>
        <extensions>
          <gpxtpx:TrackPointExtension>
            <gpxtpx:hr>139</gpxtpx:hr>
          </gpxtpx:TrackPointExtension>
        </extensions>
      </trkpt>
      <trkpt lat="37.84682947494902" lon="112.00667403145754">
        <ele>1143.1</ele>
        <time>2026-07-02T00:23:20.929000Z</time>
        <extensions>
          <gpxtpx:TrackPointExtension>
            <gpxtpx:hr>139</gpxtpx:hr>
          </gpxtpx:TrackPointExtension>
        </extensions>
      </trkpt>
      <trkpt lat="37.84678248511364" lon="112.00666805821152">
        <ele>1143.1</ele>
        <time>2026-07-02T00:23:22.929000Z</time>
        <extensions>
          <gpxtpx:TrackPointExtension>
            <gpxtpx:hr>139</gpxtpx:hr>
          </gpxtpx:TrackPointExtension>
        </extensions>
      </trkpt>
      <trkpt lat="37.84673649544254" lon="112.00666208484667">
        <ele>1143.1</ele>
        <time>2026-07-02T00:23:24.929000Z</time>
        <extensions>
          <gpxtpx:TrackPointExtension>
            <gpxtpx:hr>139</gpxtpx:hr>
          </gpxtpx:TrackPointExtension>
        </extensions>
      </trkpt>
      <trkpt lat="37.8466894996757" lon="112.0066581045524">
        <ele>1143.1</ele>
        <time>2026-07-02T00:23:26.929000Z</time>
        <extensions>
          <gpxtpx:TrackPointExtension>
            <gpxtpx:hr>139</gpxtpx:hr>
          </gpxtpx:TrackPointExtension>
        </extensions>
      </trkpt>
      <trkpt lat="37.846643501105326" lon="112.00665512061435">
        <ele>1143.1</ele>
        <time>2026-07-02T00:23:28.929000Z</time>
        <extensions>
          <gpxtpx:TrackPointExtension>
            <gpxtpx:hr>139</gpxtpx:hr>
          </gpxtpx:TrackPointExtension>
        </extensions>
      </trkpt>
      <trkpt lat="37.84658850404231" lon="112.00665114127486">
        <ele>1143.8</ele>
        <time>2026-07-02T00:23:30.929000Z</time>
        <extensions>
          <gpxtpx:TrackPointExtension>
            <gpxtpx:hr>139</gpxtpx:hr>
          </gpxtpx:TrackPointExtension>
        </extensions>
      </trkpt>
      <trkpt lat="37.846533509949005" lon="112.00664616546031">
        <ele>1143.8</ele>
        <time>2026-07-02T00:23:33.929000Z</time>
        <extensions>
          <gpxtpx:TrackPointExtension>
            <gpxtpx:hr>139</gpxtpx:hr>
          </gpxtpx:TrackPointExtension>
        </extensions>
      </trkpt>
      <trkpt lat="37.84647752459868" lon="112.00663820033989">
        <ele>1143.8</ele>
        <time>2026-07-02T00:23:35.929000Z</time>
        <extensions>
          <gpxtpx:TrackPointExtension>
            <gpxtpx:hr>139</gpxtpx:hr>
          </gpxtpx:TrackPointExtension>
        </extensions>
      </trkpt>
      <trkpt lat="37.846431529002935" lon="112.00663421992748">
        <ele>1143.8</ele>
        <time>2026-07-02T00:23:37.929000Z</time>
        <extensions>
          <gpxtpx:TrackPointExtension>
            <gpxtpx:hr>139</gpxtpx:hr>
          </gpxtpx:TrackPointExtension>
        </extensions>
      </trkpt>
      <trkpt lat="37.84638453918207" lon="112.00662824668454">
        <ele>1143.8</ele>
        <time>2026-07-02T00:23:39.929000Z</time>
        <extensions>
          <gpxtpx:TrackPointExtension>
            <gpxtpx:hr>139</gpxtpx:hr>
          </gpxtpx:TrackPointExtension>
        </extensions>
      </trkpt>
      <trkpt lat="37.84633754936301" lon="112.00662227344208">
        <ele>1144.2</ele>
        <time>2026-07-02T00:23:41.929000Z</time>
        <extensions>
          <gpxtpx:TrackPointExtension>
            <gpxtpx:hr>140</gpxtpx:hr>
          </gpxtpx:TrackPointExtension>
        </extensions>
      </trkpt>
      <trkpt lat="37.84628956828745" lon="112.00661331089495">
        <ele>1144.2</ele>
        <time>2026-07-02T00:23:43.929000Z</time>
        <extensions>
          <gpxtpx:TrackPointExtension>
            <gpxtpx:hr>140</gpxtpx:hr>
          </gpxtpx:TrackPointExtension>
        </extensions>
      </trkpt>
      <trkpt lat="37.84624159018235" lon="112.00660335187422">
        <ele>1144.2</ele>
        <time>2026-07-02T00:23:45.929000Z</time>
        <extensions>
          <gpxtpx:TrackPointExtension>
            <gpxtpx:hr>140</gpxtpx:hr>
          </gpxtpx:TrackPointExtension>
        </extensions>
      </trkpt>
      <trkpt lat="37.84619261488587" lon="112.00659239649963">
        <ele>1144.2</ele>
        <time>2026-07-02T00:23:47.929000Z</time>
        <extensions>
          <gpxtpx:TrackPointExtension>
            <gpxtpx:hr>140</gpxtpx:hr>
          </gpxtpx:TrackPointExtension>
        </extensions>
      </trkpt>
      <trkpt lat="37.846144636786015" lon="112.00658243748173">
        <ele>1144.2</ele>
        <time>2026-07-02T00:23:49.929000Z</time>
        <extensions>
          <gpxtpx:TrackPointExtension>
            <gpxtpx:hr>140</gpxtpx:hr>
          </gpxtpx:TrackPointExtension>
        </extensions>
      </trkpt>
      <trkpt lat="37.846096661657164" lon="112.00657148199095">
        <ele>1144.9</ele>
        <time>2026-07-02T00:23:51.929000Z</time>
        <extensions>
          <gpxtpx:TrackPointExtension>
            <gpxtpx:hr>141</gpxtpx:hr>
          </gpxtpx:TrackPointExtension>
        </extensions>
      </trkpt>
      <trkpt lat="37.84605069872958" lon="112.00655654036707">
        <ele>1144.9</ele>
        <time>2026-07-02T00:23:53.929000Z</time>
        <extensions>
          <gpxtpx:TrackPointExtension>
            <gpxtpx:hr>141</gpxtpx:hr>
          </gpxtpx:TrackPointExtension>
        </extensions>
      </trkpt>
      <trkpt lat="37.846005744874184" lon="112.0065386092056">
        <ele>1144.9</ele>
        <time>2026-07-02T00:23:55.929000Z</time>
        <extensions>
          <gpxtpx:TrackPointExtension>
            <gpxtpx:hr>141</gpxtpx:hr>
          </gpxtpx:TrackPointExtension>
        </extensions>
      </trkpt>
      <trkpt lat="37.8459607939926" lon="112.0065196815751">
        <ele>1144.9</ele>
        <time>2026-07-02T00:23:57.929000Z</time>
        <extensions>
          <gpxtpx:TrackPointExtension>
            <gpxtpx:hr>141</gpxtpx:hr>
          </gpxtpx:TrackPointExtension>
        </extensions>
      </trkpt>
      <trkpt lat="37.845914837015826" lon="112.0065027470153">
        <ele>1144.9</ele>
        <time>2026-07-02T00:23:59.929000Z</time>
        <extensions>
          <gpxtpx:TrackPointExtension>
            <gpxtpx:hr>141</gpxtpx:hr>
          </gpxtpx:TrackPointExtension>
        </extensions>
      </trkpt>
      <trkpt lat="37.84586887707414" lon="112.00648680893248">
        <ele>1145.5</ele>
        <time>2026-07-02T00:24:01.929000Z</time>
        <extensions>
          <gpxtpx:TrackPointExtension>
            <gpxtpx:hr>141</gpxtpx:hr>
          </gpxtpx:TrackPointExtension>
        </extensions>
      </trkpt>
      <trkpt lat="37.84582191697465" lon="112.00647087097244">
        <ele>1145.5</ele>
        <time>2026-07-02T00:24:03.929000Z</time>
        <extensions>
          <gpxtpx:TrackPointExtension>
            <gpxtpx:hr>141</gpxtpx:hr>
          </gpxtpx:TrackPointExtension>
        </extensions>
      </trkpt>
      <trkpt lat="37.84577495390962" lon="112.00645592948848">
        <ele>1145.5</ele>
        <time>2026-07-02T00:24:05.929000Z</time>
        <extensions>
          <gpxtpx:TrackPointExtension>
            <gpxtpx:hr>141</gpxtpx:hr>
          </gpxtpx:TrackPointExtension>
        </extensions>
      </trkpt>
      <trkpt lat="37.845729002889826" lon="112.00643700199873">
        <ele>1145.5</ele>
        <time>2026-07-02T00:24:07.929000Z</time>
        <extensions>
          <gpxtpx:TrackPointExtension>
            <gpxtpx:hr>141</gpxtpx:hr>
          </gpxtpx:TrackPointExtension>
        </extensions>
      </trkpt>
      <trkpt lat="37.84568306078563" lon="112.0064150850977">
        <ele>1145.5</ele>
        <time>2026-07-02T00:24:09.929000Z</time>
        <extensions>
          <gpxtpx:TrackPointExtension>
            <gpxtpx:hr>141</gpxtpx:hr>
          </gpxtpx:TrackPointExtension>
        </extensions>
      </trkpt>
      <trkpt lat="37.845639130893176" lon="112.0063891820778">
        <ele>1146.3</ele>
        <time>2026-07-02T00:24:11.929000Z</time>
        <extensions>
          <gpxtpx:TrackPointExtension>
            <gpxtpx:hr>140</gpxtpx:hr>
          </gpxtpx:TrackPointExtension>
        </extensions>
      </trkpt>
      <trkpt lat="37.84559620117097" lon="112.00636327894782">
        <ele>1146.3</ele>
        <time>2026-07-02T00:24:13.929000Z</time>
        <extensions>
          <gpxtpx:TrackPointExtension>
            <gpxtpx:hr>140</gpxtpx:hr>
          </gpxtpx:TrackPointExtension>
        </extensions>
      </trkpt>
      <trkpt lat="37.84555226238253" lon="112.00634036535932">
        <ele>1146.3</ele>
        <time>2026-07-02T00:24:15.929000Z</time>
        <extensions>
          <gpxtpx:TrackPointExtension>
            <gpxtpx:hr>140</gpxtpx:hr>
          </gpxtpx:TrackPointExtension>
        </extensions>
      </trkpt>
      <trkpt lat="37.84550630842174" lon="112.00632243437029">
        <ele>1146.3</ele>
        <time>2026-07-02T00:24:17.929000Z</time>
        <extensions>
          <gpxtpx:TrackPointExtension>
            <gpxtpx:hr>140</gpxtpx:hr>
          </gpxtpx:TrackPointExtension>
        </extensions>
      </trkpt>
      <trkpt lat="37.845460348523105" lon="112.00630649632669">
        <ele>1146.3</ele>
        <time>2026-07-02T00:24:19.929000Z</time>
        <extensions>
          <gpxtpx:TrackPointExtension>
            <gpxtpx:hr>140</gpxtpx:hr>
          </gpxtpx:TrackPointExtension>
        </extensions>
      </trkpt>
      <trkpt lat="37.84541238830525" lon="112.0062905585251">
        <ele>1147.0</ele>
        <time>2026-07-02T00:24:21.929000Z</time>
        <extensions>
          <gpxtpx:TrackPointExtension>
            <gpxtpx:hr>140</gpxtpx:hr>
          </gpxtpx:TrackPointExtension>
        </extensions>
      </trkpt>
      <trkpt lat="37.84536542528157" lon="112.00627561707776">
        <ele>1147.0</ele>
        <time>2026-07-02T00:24:23.929000Z</time>
        <extensions>
          <gpxtpx:TrackPointExtension>
            <gpxtpx:hr>140</gpxtpx:hr>
          </gpxtpx:TrackPointExtension>
        </extensions>
      </trkpt>
      <trkpt lat="37.84531845631812" lon="112.00626266857334">
        <ele>1147.0</ele>
        <time>2026-07-02T00:24:25.929000Z</time>
        <extensions>
          <gpxtpx:TrackPointExtension>
            <gpxtpx:hr>140</gpxtpx:hr>
          </gpxtpx:TrackPointExtension>
        </extensions>
      </trkpt>
      <trkpt lat="37.845270478280625" lon="112.00625270959985">
        <ele>1147.0</ele>
        <time>2026-07-02T00:24:27.929000Z</time>
        <extensions>
          <gpxtpx:TrackPointExtension>
            <gpxtpx:hr>141</gpxtpx:hr>
          </gpxtpx:TrackPointExtension>
        </extensions>
      </trkpt>
      <trkpt lat="37.845221500084136" lon="112.00624275074696">
        <ele>1147.0</ele>
        <time>2026-07-02T00:24:29.929000Z</time>
        <extensions>
          <gpxtpx:TrackPointExtension>
            <gpxtpx:hr>141</gpxtpx:hr>
          </gpxtpx:TrackPointExtension>
        </extensions>
      </trkpt>
      <trkpt lat="37.84517252189024" lon="112.00623279189537">
        <ele>1147.4</ele>
        <time>2026-07-02T00:24:31.929000Z</time>
        <extensions>
          <gpxtpx:TrackPointExtension>
            <gpxtpx:hr>141</gpxtpx:hr>
          </gpxtpx:TrackPointExtension>
        </extensions>
      </trkpt>
      <trkpt lat="37.84512354667115" lon="112.00622183657568">
        <ele>1147.4</ele>
        <time>2026-07-02T00:24:33.929000Z</time>
        <extensions>
          <gpxtpx:TrackPointExtension>
            <gpxtpx:hr>141</gpxtpx:hr>
          </gpxtpx:TrackPointExtension>
        </extensions>
      </trkpt>
      <trkpt lat="37.84507557161631" lon="112.00621088113827">
        <ele>1147.4</ele>
        <time>2026-07-02T00:24:35.929000Z</time>
        <extensions>
          <gpxtpx:TrackPointExtension>
            <gpxtpx:hr>141</gpxtpx:hr>
          </gpxtpx:TrackPointExtension>
        </extensions>
      </trkpt>
      <trkpt lat="37.84502559624142" lon="112.00619992594102">
        <ele>1147.4</ele>
        <time>2026-07-02T00:24:37.929000Z</time>
        <extensions>
          <gpxtpx:TrackPointExtension>
            <gpxtpx:hr>141</gpxtpx:hr>
          </gpxtpx:TrackPointExtension>
        </extensions>
      </trkpt>
      <trkpt lat="37.84497462070803" lon="112.00618897086461">
        <ele>1147.4</ele>
        <time>2026-07-02T00:24:39.929000Z</time>
        <extensions>
          <gpxtpx:TrackPointExtension>
            <gpxtpx:hr>141</gpxtpx:hr>
          </gpxtpx:TrackPointExtension>
        </extensions>
      </trkpt>
      <trkpt lat="37.84492364815027" lon="112.00617701932099">
        <ele>1147.6</ele>
        <time>2026-07-02T00:24:41.929000Z</time>
        <extensions>
          <gpxtpx:TrackPointExtension>
            <gpxtpx:hr>140</gpxtpx:hr>
          </gpxtpx:TrackPointExtension>
        </extensions>
      </trkpt>
      <trkpt lat="37.84487367872981" lon="112.00616407119132">
        <ele>1147.6</ele>
        <time>2026-07-02T00:24:43.929000Z</time>
        <extensions>
          <gpxtpx:TrackPointExtension>
            <gpxtpx:hr>140</gpxtpx:hr>
          </gpxtpx:TrackPointExtension>
        </extensions>
      </trkpt>
      <trkpt lat="37.84482471244697" lon="112.00615012647614">
        <ele>1147.6</ele>
        <time>2026-07-02T00:24:45.929000Z</time>
        <extensions>
          <gpxtpx:TrackPointExtension>
            <gpxtpx:hr>140</gpxtpx:hr>
          </gpxtpx:TrackPointExtension>
        </extensions>
      </trkpt>
      <trkpt lat="37.84477573724845" lon="112.00613917116839">
        <ele>1147.6</ele>
        <time>2026-07-02T00:24:47.929000Z</time>
        <extensions>
          <gpxtpx:TrackPointExtension>
            <gpxtpx:hr>140</gpxtpx:hr>
          </gpxtpx:TrackPointExtension>
        </extensions>
      </trkpt>
      <trkpt lat="37.84472676205274" lon="112.0061282158622">
        <ele>1147.6</ele>
        <time>2026-07-02T00:24:49.929000Z</time>
        <extensions>
          <gpxtpx:TrackPointExtension>
            <gpxtpx:hr>140</gpxtpx:hr>
          </gpxtpx:TrackPointExtension>
        </extensions>
      </trkpt>
      <trkpt lat="37.84467778091323" lon="112.00611925349365">
        <ele>1148.1</ele>
        <time>2026-07-02T00:24:51.929000Z</time>
        <extensions>
          <gpxtpx:TrackPointExtension>
            <gpxtpx:hr>140</gpxtpx:hr>
          </gpxtpx:TrackPointExtension>
        </extensions>
      </trkpt>
      <trkpt lat="37.8446267816137" lon="112.00611627017238">
        <ele>1148.1</ele>
        <time>2026-07-02T00:24:53.929000Z</time>
        <extensions>
          <gpxtpx:TrackPointExtension>
            <gpxtpx:hr>140</gpxtpx:hr>
          </gpxtpx:TrackPointExtension>
        </extensions>
      </trkpt>
      <trkpt lat="37.84457575555617" lon="112.00612225506337">
        <ele>1148.1</ele>
        <time>2026-07-02T00:24:55.929000Z</time>
        <extensions>
          <gpxtpx:TrackPointExtension>
            <gpxtpx:hr>140</gpxtpx:hr>
          </gpxtpx:TrackPointExtension>
        </extensions>
      </trkpt>
      <trkpt lat="37.84452571182279" lon="112.00613421864482">
        <ele>1148.1</ele>
        <time>2026-07-02T00:24:57.929000Z</time>
        <extensions>
          <gpxtpx:TrackPointExtension>
            <gpxtpx:hr>141</gpxtpx:hr>
          </gpxtpx:TrackPointExtension>
        </extensions>
      </trkpt>
      <trkpt lat="37.84447765949566" lon="112.00614917139501">
        <ele>1148.1</ele>
        <time>2026-07-02T00:24:59.929000Z</time>
        <extensions>
          <gpxtpx:TrackPointExtension>
            <gpxtpx:hr>141</gpxtpx:hr>
          </gpxtpx:TrackPointExtension>
        </extensions>
      </trkpt>
      <trkpt lat="37.84443060436059" lon="112.0061651204977">
        <ele>1148.8</ele>
        <time>2026-07-02T00:25:01.929000Z</time>
        <extensions>
          <gpxtpx:TrackPointExtension>
            <gpxtpx:hr>140</gpxtpx:hr>
          </gpxtpx:TrackPointExtension>
        </extensions>
      </trkpt>
      <trkpt lat="37.84438454344537" lon="112.00618306242245">
        <ele>1148.8</ele>
        <time>2026-07-02T00:25:03.929000Z</time>
        <extensions>
          <gpxtpx:TrackPointExtension>
            <gpxtpx:hr>140</gpxtpx:hr>
          </gpxtpx:TrackPointExtension>
        </extensions>
      </trkpt>
      <trkpt lat="37.84433847361769" lon="112.00620399375924">
        <ele>1148.8</ele>
        <time>2026-07-02T00:25:05.929000Z</time>
        <extensions>
          <gpxtpx:TrackPointExtension>
            <gpxtpx:hr>140</gpxtpx:hr>
          </gpxtpx:TrackPointExtension>
        </extensions>
      </trkpt>
      <trkpt lat="37.84429340098479" lon="112.00622592145236">
        <ele>1148.8</ele>
        <time>2026-07-02T00:25:07.929000Z</time>
        <extensions>
          <gpxtpx:TrackPointExtension>
            <gpxtpx:hr>141</gpxtpx:hr>
          </gpxtpx:TrackPointExtension>
        </extensions>
      </trkpt>
      <trkpt lat="37.84425032273627" lon="112.00624984185325">
        <ele>1148.8</ele>
        <time>2026-07-02T00:25:09.929000Z</time>
        <extensions>
          <gpxtpx:TrackPointExtension>
            <gpxtpx:hr>141</gpxtpx:hr>
          </gpxtpx:TrackPointExtension>
        </extensions>
      </trkpt>
      <trkpt lat="37.84420924184517" lon="112.00627475849372">
        <ele>1149.5</ele>
        <time>2026-07-02T00:25:11.929000Z</time>
        <extensions>
          <gpxtpx:TrackPointExtension>
            <gpxtpx:hr>143</gpxtpx:hr>
          </gpxtpx:TrackPointExtension>
        </extensions>
      </trkpt>
      <trkpt lat="37.844167163772305" lon="112.00629867879162">
        <ele>1149.5</ele>
        <time>2026-07-02T00:25:13.929000Z</time>
        <extensions>
          <gpxtpx:TrackPointExtension>
            <gpxtpx:hr>143</gpxtpx:hr>
          </gpxtpx:TrackPointExtension>
        </extensions>
      </trkpt>
      <trkpt lat="37.84412309726968" lon="112.00631861345279">
        <ele>1149.5</ele>
        <time>2026-07-02T00:25:15.929000Z</time>
        <extensions>
          <gpxtpx:TrackPointExtension>
            <gpxtpx:hr>143</gpxtpx:hr>
          </gpxtpx:TrackPointExtension>
        </extensions>
      </trkpt>
      <trkpt lat="37.844079027801605" lon="112.00633954459062">
        <ele>1149.5</ele>
        <time>2026-07-02T00:25:17.929000Z</time>
        <extensions>
          <gpxtpx:TrackPointExtension>
            <gpxtpx:hr>142</gpxtpx:hr>
          </gpxtpx:TrackPointExtension>
        </extensions>
      </trkpt>
      <trkpt lat="37.84403495239803" lon="112.00636246867735">
        <ele>1149.5</ele>
        <time>2026-07-02T00:25:19.929000Z</time>
        <extensions>
          <gpxtpx:TrackPointExtension>
            <gpxtpx:hr>142</gpxtpx:hr>
          </gpxtpx:TrackPointExtension>
        </extensions>
      </trkpt>
      <trkpt lat="37.84399087403091" lon="112.00638638924319">
        <ele>1150.0</ele>
        <time>2026-07-02T00:25:21.929000Z</time>
        <extensions>
          <gpxtpx:TrackPointExtension>
            <gpxtpx:hr>142</gpxtpx:hr>
          </gpxtpx:TrackPointExtension>
        </extensions>
      </trkpt>
      <trkpt lat="37.84394779583191" lon="112.0064103096978">
        <ele>1150.0</ele>
        <time>2026-07-02T00:25:23.929000Z</time>
        <extensions>
          <gpxtpx:TrackPointExtension>
            <gpxtpx:hr>142</gpxtpx:hr>
          </gpxtpx:TrackPointExtension>
        </extensions>
      </trkpt>
      <trkpt lat="37.84390472061022" lon="112.00643323368809">
        <ele>1150.0</ele>
        <time>2026-07-02T00:25:25.929000Z</time>
        <extensions>
          <gpxtpx:TrackPointExtension>
            <gpxtpx:hr>142</gpxtpx:hr>
          </gpxtpx:TrackPointExtension>
        </extensions>
      </trkpt>
      <trkpt lat="37.84386263367735" lon="112.00646014345742">
        <ele>1150.0</ele>
        <time>2026-07-02T00:25:27.929000Z</time>
        <extensions>
          <gpxtpx:TrackPointExtension>
            <gpxtpx:hr>142</gpxtpx:hr>
          </gpxtpx:TrackPointExtension>
        </extensions>
      </trkpt>
      <trkpt lat="37.843821535036696" lon="112.00649103901038">
        <ele>1150.0</ele>
        <time>2026-07-02T00:25:29.929000Z</time>
        <extensions>
          <gpxtpx:TrackPointExtension>
            <gpxtpx:hr>142</gpxtpx:hr>
          </gpxtpx:TrackPointExtension>
        </extensions>
      </trkpt>
      <trkpt lat="37.84378043343852" lon="112.00652293105047">
        <ele>1150.5</ele>
        <time>2026-07-02T00:25:31.929000Z</time>
        <extensions>
          <gpxtpx:TrackPointExtension>
            <gpxtpx:hr>142</gpxtpx:hr>
          </gpxtpx:TrackPointExtension>
        </extensions>
      </trkpt>
      <trkpt lat="37.84373933778977" lon="112.0065528301568">
        <ele>1150.5</ele>
        <time>2026-07-02T00:25:33.929000Z</time>
        <extensions>
          <gpxtpx:TrackPointExtension>
            <gpxtpx:hr>142</gpxtpx:hr>
          </gpxtpx:TrackPointExtension>
        </extensions>
      </trkpt>
      <trkpt lat="37.84369724495966" lon="112.00658173292064">
        <ele>1150.5</ele>
        <time>2026-07-02T00:25:35.929000Z</time>
        <extensions>
          <gpxtpx:TrackPointExtension>
            <gpxtpx:hr>142</gpxtpx:hr>
          </gpxtpx:TrackPointExtension>
        </extensions>
      </trkpt>
      <trkpt lat="37.84365615526837" lon="112.0066096391022">
        <ele>1150.5</ele>
        <time>2026-07-02T00:25:37.929000Z</time>
        <extensions>
          <gpxtpx:TrackPointExtension>
            <gpxtpx:hr>142</gpxtpx:hr>
          </gpxtpx:TrackPointExtension>
        </extensions>
      </trkpt>
      <trkpt lat="37.84361506261897" lon="112.00663854177013">
        <ele>1150.5</ele>
        <time>2026-07-02T00:25:39.929000Z</time>
        <extensions>
          <gpxtpx:TrackPointExtension>
            <gpxtpx:hr>142</gpxtpx:hr>
          </gpxtpx:TrackPointExtension>
        </extensions>
      </trkpt>
      <trkpt lat="37.84357496420552" lon="112.00666943728213">
        <ele>1151.1</ele>
        <time>2026-07-02T00:25:41.929000Z</time>
        <extensions>
          <gpxtpx:TrackPointExtension>
            <gpxtpx:hr>142</gpxtpx:hr>
          </gpxtpx:TrackPointExtension>
        </extensions>
      </trkpt>
      <trkpt lat="37.843533862676125" lon="112.00670132940321">
        <ele>1151.1</ele>
        <time>2026-07-02T00:25:43.929000Z</time>
        <extensions>
          <gpxtpx:TrackPointExtension>
            <gpxtpx:hr>142</gpxtpx:hr>
          </gpxtpx:TrackPointExtension>
        </extensions>
      </trkpt>
      <trkpt lat="37.843493758352786" lon="112.00673421789625">
        <ele>1151.1</ele>
        <time>2026-07-02T00:25:45.929000Z</time>
        <extensions>
          <gpxtpx:TrackPointExtension>
            <gpxtpx:hr>142</gpxtpx:hr>
          </gpxtpx:TrackPointExtension>
        </extensions>
      </trkpt>
      <trkpt lat="37.843453654042435" lon="112.00676710640482">
        <ele>1151.1</ele>
        <time>2026-07-02T00:25:47.929000Z</time>
        <extensions>
          <gpxtpx:TrackPointExtension>
            <gpxtpx:hr>141</gpxtpx:hr>
          </gpxtpx:TrackPointExtension>
        </extensions>
      </trkpt>
      <trkpt lat="37.843413549745115" lon="112.00679999492898">
        <ele>1151.1</ele>
        <time>2026-07-02T00:25:49.929000Z</time>
        <extensions>
          <gpxtpx:TrackPointExtension>
            <gpxtpx:hr>141</gpxtpx:hr>
          </gpxtpx:TrackPointExtension>
        </extensions>
      </trkpt>
      <trkpt lat="37.84337244826608" lon="112.00683188711001">
        <ele>1151.7</ele>
        <time>2026-07-02T00:25:51.929000Z</time>
        <extensions>
          <gpxtpx:TrackPointExtension>
            <gpxtpx:hr>141</gpxtpx:hr>
          </gpxtpx:TrackPointExtension>
        </extensions>
      </trkpt>
      <trkpt lat="37.84333134976472" lon="112.00686278282727">
        <ele>1151.7</ele>
        <time>2026-07-02T00:25:53.929000Z</time>
        <extensions>
          <gpxtpx:TrackPointExtension>
            <gpxtpx:hr>141</gpxtpx:hr>
          </gpxtpx:TrackPointExtension>
        </extensions>
      </trkpt>
      <trkpt lat="37.843290254239996" lon="112.00689268207947">
        <ele>1151.7</ele>
        <time>2026-07-02T00:25:55.929000Z</time>
        <extensions>
          <gpxtpx:TrackPointExtension>
            <gpxtpx:hr>141</gpxtpx:hr>
          </gpxtpx:TrackPointExtension>
        </extensions>
      </trkpt>
      <trkpt lat="37.84325015295749" lon="112.0069245741841">
        <ele>1151.7</ele>
        <time>2026-07-02T00:25:57.929000Z</time>
        <extensions>
          <gpxtpx:TrackPointExtension>
            <gpxtpx:hr>141</gpxtpx:hr>
          </gpxtpx:TrackPointExtension>
        </extensions>
      </trkpt>
      <trkpt lat="37.84321004575905" lon="112.00695845926323">
        <ele>1151.7</ele>
        <time>2026-07-02T00:25:59.929000Z</time>
        <extensions>
          <gpxtpx:TrackPointExtension>
            <gpxtpx:hr>141</gpxtpx:hr>
          </gpxtpx:TrackPointExtension>
        </extensions>
      </trkpt>
      <trkpt lat="37.84316994153835" lon="112.00699134787878">
        <ele>1152.2</ele>
        <time>2026-07-02T00:26:01.929000Z</time>
        <extensions>
          <gpxtpx:TrackPointExtension>
            <gpxtpx:hr>141</gpxtpx:hr>
          </gpxtpx:TrackPointExtension>
        </extensions>
      </trkpt>
      <trkpt lat="37.84312884606106" lon="112.00702124718707">
        <ele>1152.2</ele>
        <time>2026-07-02T00:26:03.929000Z</time>
        <extensions>
          <gpxtpx:TrackPointExtension>
            <gpxtpx:hr>141</gpxtpx:hr>
          </gpxtpx:TrackPointExtension>
        </extensions>
      </trkpt>
      <trkpt lat="37.84308775059496" lon="112.0070511465085">
        <ele>1152.2</ele>
        <time>2026-07-02T00:26:05.929000Z</time>
        <extensions>
          <gpxtpx:TrackPointExtension>
            <gpxtpx:hr>141</gpxtpx:hr>
          </gpxtpx:TrackPointExtension>
        </extensions>
      </trkpt>
      <trkpt lat="37.84304665810287" lon="112.00708004936142">
        <ele>1152.2</ele>
        <time>2026-07-02T00:26:07.929000Z</time>
        <extensions>
          <gpxtpx:TrackPointExtension>
            <gpxtpx:hr>140</gpxtpx:hr>
          </gpxtpx:TrackPointExtension>
        </extensions>
      </trkpt>
      <trkpt lat="37.84300655689405" lon="112.0071119415536">
        <ele>1152.2</ele>
        <time>2026-07-02T00:26:09.929000Z</time>
        <extensions>
          <gpxtpx:TrackPointExtension>
            <gpxtpx:hr>140</gpxtpx:hr>
          </gpxtpx:TrackPointExtension>
        </extensions>
      </trkpt>
      <trkpt lat="37.842965455537744" lon="112.0071438338801">
        <ele>1152.8</ele>
        <time>2026-07-02T00:26:11.929000Z</time>
        <extensions>
          <gpxtpx:TrackPointExtension>
            <gpxtpx:hr>141</gpxtpx:hr>
          </gpxtpx:TrackPointExtension>
        </extensions>
      </trkpt>
      <trkpt lat="37.84292534843075" lon="112.00717771906842">
        <ele>1152.8</ele>
        <time>2026-07-02T00:26:13.929000Z</time>
        <extensions>
          <gpxtpx:TrackPointExtension>
            <gpxtpx:hr>141</gpxtpx:hr>
          </gpxtpx:TrackPointExtension>
        </extensions>
      </trkpt>
      <trkpt lat="37.8428832469405" lon="112.00720961154532">
        <ele>1152.8</ele>
        <time>2026-07-02T00:26:15.929000Z</time>
        <extensions>
          <gpxtpx:TrackPointExtension>
            <gpxtpx:hr>141</gpxtpx:hr>
          </gpxtpx:TrackPointExtension>
        </extensions>
      </trkpt>
      <trkpt lat="37.84284015418602" lon="112.00723851470468">
        <ele>1152.8</ele>
        <time>2026-07-02T00:26:17.929000Z</time>
        <extensions>
          <gpxtpx:TrackPointExtension>
            <gpxtpx:hr>140</gpxtpx:hr>
          </gpxtpx:TrackPointExtension>
        </extensions>
      </trkpt>
      <trkpt lat="37.84279906176226" lon="112.00726741763785">
        <ele>1152.8</ele>
        <time>2026-07-02T00:26:19.929000Z</time>
        <extensions>
          <gpxtpx:TrackPointExtension>
            <gpxtpx:hr>140</gpxtpx:hr>
          </gpxtpx:TrackPointExtension>
        </extensions>
      </trkpt>
      <trkpt lat="37.84275696326858" lon="112.00729831367251">
        <ele>1153.0</ele>
        <time>2026-07-02T00:26:21.929000Z</time>
        <extensions>
          <gpxtpx:TrackPointExtension>
            <gpxtpx:hr>141</gpxtpx:hr>
          </gpxtpx:TrackPointExtension>
        </extensions>
      </trkpt>
      <trkpt lat="37.842714864787034" lon="112.00732920972143">
        <ele>1153.0</ele>
        <time>2026-07-02T00:26:23.929000Z</time>
        <extensions>
          <gpxtpx:TrackPointExtension>
            <gpxtpx:hr>141</gpxtpx:hr>
          </gpxtpx:TrackPointExtension>
        </extensions>
      </trkpt>
      <trkpt lat="37.842672763358046" lon="112.00736110227047">
        <ele>1153.0</ele>
        <time>2026-07-02T00:26:25.929000Z</time>
        <extensions>
          <gpxtpx:TrackPointExtension>
            <gpxtpx:hr>141</gpxtpx:hr>
          </gpxtpx:TrackPointExtension>
        </extensions>
      </trkpt>
      <trkpt lat="37.84263065602353" lon="112.00739498780732">
        <ele>1153.0</ele>
        <time>2026-07-02T00:26:27.929000Z</time>
        <extensions>
          <gpxtpx:TrackPointExtension>
            <gpxtpx:hr>142</gpxtpx:hr>
          </gpxtpx:TrackPointExtension>
        </extensions>
      </trkpt>
      <trkpt lat="37.842589548863316" lon="112.00742887324213">
        <ele>1153.0</ele>
        <time>2026-07-02T00:26:29.929000Z</time>
        <extensions>
          <gpxtpx:TrackPointExtension>
            <gpxtpx:hr>142</gpxtpx:hr>
          </gpxtpx:TrackPointExtension>
        </extensions>
      </trkpt>
      <trkpt lat="37.8425474474746" lon="112.00746076583901">
        <ele>1153.8</ele>
        <time>2026-07-02T00:26:31.929000Z</time>
        <extensions>
          <gpxtpx:TrackPointExtension>
            <gpxtpx:hr>142</gpxtpx:hr>
          </gpxtpx:TrackPointExtension>
        </extensions>
      </trkpt>
      <trkpt lat="37.84250534905697" lon="112.00749166196351">
        <ele>1153.8</ele>
        <time>2026-07-02T00:26:33.929000Z</time>
        <extensions>
          <gpxtpx:TrackPointExtension>
            <gpxtpx:hr>142</gpxtpx:hr>
          </gpxtpx:TrackPointExtension>
        </extensions>
      </trkpt>
      <trkpt lat="37.84246125328986" lon="112.00752156185295">
        <ele>1153.8</ele>
        <time>2026-07-02T00:26:35.929000Z</time>
        <extensions>
          <gpxtpx:TrackPointExtension>
            <gpxtpx:hr>142</gpxtpx:hr>
          </gpxtpx:TrackPointExtension>
        </extensions>
      </trkpt>
      <trkpt lat="37.84241715161971" lon="112.00755345473327">
        <ele>1153.8</ele>
        <time>2026-07-02T00:26:37.929000Z</time>
        <extensions>
          <gpxtpx:TrackPointExtension>
            <gpxtpx:hr>141</gpxtpx:hr>
          </gpxtpx:TrackPointExtension>
        </extensions>
      </trkpt>
      <trkpt lat="37.84237304996275" lon="112.0075853476291">
        <ele>1153.8</ele>
        <time>2026-07-02T00:26:39.929000Z</time>
        <extensions>
          <gpxtpx:TrackPointExtension>
            <gpxtpx:hr>141</gpxtpx:hr>
          </gpxtpx:TrackPointExtension>
        </extensions>
      </trkpt>
      <trkpt lat="37.84232894536238" lon="112.00761823703009">
        <ele>1154.4</ele>
        <time>2026-07-02T00:26:41.929000Z</time>
        <extensions>
          <gpxtpx:TrackPointExtension>
            <gpxtpx:hr>142</gpxtpx:hr>
          </gpxtpx:TrackPointExtension>
        </extensions>
      </trkpt>
      <trkpt lat="37.84228384061638" lon="112.00765112656694">
        <ele>1154.4</ele>
        <time>2026-07-02T00:26:43.929000Z</time>
        <extensions>
          <gpxtpx:TrackPointExtension>
            <gpxtpx:hr>142</gpxtpx:hr>
          </gpxtpx:TrackPointExtension>
        </extensions>
      </trkpt>
      <trkpt lat="37.842237735724865" lon="112.00768401623971">
        <ele>1154.4</ele>
        <time>2026-07-02T00:26:45.929000Z</time>
        <extensions>
          <gpxtpx:TrackPointExtension>
            <gpxtpx:hr>142</gpxtpx:hr>
          </gpxtpx:TrackPointExtension>
        </extensions>
      </trkpt>
      <trkpt lat="37.842192625096224" lon="112.00771889879209">
        <ele>1154.4</ele>
        <time>2026-07-02T00:26:47.929000Z</time>
        <extensions>
          <gpxtpx:TrackPointExtension>
            <gpxtpx:hr>141</gpxtpx:hr>
          </gpxtpx:TrackPointExtension>
        </extensions>
      </trkpt>
      <trkpt lat="37.8421485175979" lon="112.00775278475216">
        <ele>1154.4</ele>
        <time>2026-07-02T00:26:49.929000Z</time>
        <extensions>
          <gpxtpx:TrackPointExtension>
            <gpxtpx:hr>141</gpxtpx:hr>
          </gpxtpx:TrackPointExtension>
        </extensions>
      </trkpt>
      <trkpt lat="37.842104410114494" lon="112.00778667072991">
        <ele>1154.4</ele>
        <time>2026-07-02T00:26:51.929000Z</time>
        <extensions>
          <gpxtpx:TrackPointExtension>
            <gpxtpx:hr>141</gpxtpx:hr>
          </gpxtpx:TrackPointExtension>
        </extensions>
      </trkpt>
      <trkpt lat="37.84206030855449" lon="112.00781856373996">
        <ele>1154.4</ele>
        <time>2026-07-02T00:26:53.929000Z</time>
        <extensions>
          <gpxtpx:TrackPointExtension>
            <gpxtpx:hr>141</gpxtpx:hr>
          </gpxtpx:TrackPointExtension>
        </extensions>
      </trkpt>
      <trkpt lat="37.842017213075096" lon="112.00784846366003">
        <ele>1154.4</ele>
        <time>2026-07-02T00:26:55.929000Z</time>
        <extensions>
          <gpxtpx:TrackPointExtension>
            <gpxtpx:hr>141</gpxtpx:hr>
          </gpxtpx:TrackPointExtension>
        </extensions>
      </trkpt>
      <trkpt lat="37.84197512072058" lon="112.007877366981">
        <ele>1154.4</ele>
        <time>2026-07-02T00:26:57.929000Z</time>
        <extensions>
          <gpxtpx:TrackPointExtension>
            <gpxtpx:hr>139</gpxtpx:hr>
          </gpxtpx:TrackPointExtension>
        </extensions>
      </trkpt>
      <trkpt lat="37.841932031171034" lon="112.00790527394028">
        <ele>1154.4</ele>
        <time>2026-07-02T00:26:59.929000Z</time>
        <extensions>
          <gpxtpx:TrackPointExtension>
            <gpxtpx:hr>139</gpxtpx:hr>
          </gpxtpx:TrackPointExtension>
        </extensions>
      </trkpt>
      <trkpt lat="37.841887944425544" lon="112.00793218453654">
        <ele>1154.9</ele>
        <time>2026-07-02T00:27:01.929000Z</time>
        <extensions>
          <gpxtpx:TrackPointExtension>
            <gpxtpx:hr>140</gpxtpx:hr>
          </gpxtpx:TrackPointExtension>
        </extensions>
      </trkpt>
      <trkpt lat="37.84184385769003" lon="112.00795909514414">
        <ele>1154.9</ele>
        <time>2026-07-02T00:27:03.929000Z</time>
        <extensions>
          <gpxtpx:TrackPointExtension>
            <gpxtpx:hr>140</gpxtpx:hr>
          </gpxtpx:TrackPointExtension>
        </extensions>
      </trkpt>
      <trkpt lat="37.84180177128315" lon="112.00798600552436">
        <ele>1154.9</ele>
        <time>2026-07-02T00:27:05.929000Z</time>
        <extensions>
          <gpxtpx:TrackPointExtension>
            <gpxtpx:hr>140</gpxtpx:hr>
          </gpxtpx:TrackPointExtension>
        </extensions>
      </trkpt>
      <trkpt lat="37.84175968193426" lon="112.00801391241168">
        <ele>1154.9</ele>
        <time>2026-07-02T00:27:07.929000Z</time>
        <extensions>
          <gpxtpx:TrackPointExtension>
            <gpxtpx:hr>141</gpxtpx:hr>
          </gpxtpx:TrackPointExtension>
        </extensions>
      </trkpt>
      <trkpt lat="37.84171760440231" lon="112.00803783332665">
        <ele>1154.9</ele>
        <time>2026-07-02T00:27:09.929000Z</time>
        <extensions>
          <gpxtpx:TrackPointExtension>
            <gpxtpx:hr>141</gpxtpx:hr>
          </gpxtpx:TrackPointExtension>
        </extensions>
      </trkpt>
      <trkpt lat="37.8416745385246" lon="112.00805776838412">
        <ele>1155.6</ele>
        <time>2026-07-02T00:27:11.929000Z</time>
        <extensions>
          <gpxtpx:TrackPointExtension>
            <gpxtpx:hr>142</gpxtpx:hr>
          </gpxtpx:TrackPointExtension>
        </extensions>
      </trkpt>
      <trkpt lat="37.841630481347174" lon="112.00807471407707">
        <ele>1155.6</ele>
        <time>2026-07-02T00:27:13.929000Z</time>
        <extensions>
          <gpxtpx:TrackPointExtension>
            <gpxtpx:hr>142</gpxtpx:hr>
          </gpxtpx:TrackPointExtension>
        </extensions>
      </trkpt>
      <trkpt lat="37.84158643302744" lon="112.00808867028375">
        <ele>1155.6</ele>
        <time>2026-07-02T00:27:15.929000Z</time>
        <extensions>
          <gpxtpx:TrackPointExtension>
            <gpxtpx:hr>142</gpxtpx:hr>
          </gpxtpx:TrackPointExtension>
        </extensions>
      </trkpt>
      <trkpt lat="37.84154138455219" lon="112.00810262661288">
        <ele>1155.6</ele>
        <time>2026-07-02T00:27:17.929000Z</time>
        <extensions>
          <gpxtpx:TrackPointExtension>
            <gpxtpx:hr>141</gpxtpx:hr>
          </gpxtpx:TrackPointExtension>
        </extensions>
      </trkpt>
      <trkpt lat="37.84149533592151" lon="112.00811658306446">
        <ele>1155.6</ele>
        <time>2026-07-02T00:27:19.929000Z</time>
        <extensions>
          <gpxtpx:TrackPointExtension>
            <gpxtpx:hr>141</gpxtpx:hr>
          </gpxtpx:TrackPointExtension>
        </extensions>
      </trkpt>
      <trkpt lat="37.84144828713549" lon="112.00813053963849">
        <ele>1156.7</ele>
        <time>2026-07-02T00:27:21.929000Z</time>
        <extensions>
          <gpxtpx:TrackPointExtension>
            <gpxtpx:hr>141</gpxtpx:hr>
          </gpxtpx:TrackPointExtension>
        </extensions>
      </trkpt>
      <trkpt lat="37.84140124130363" lon="112.00814349971783">
        <ele>1156.7</ele>
        <time>2026-07-02T00:27:23.929000Z</time>
        <extensions>
          <gpxtpx:TrackPointExtension>
            <gpxtpx:hr>143</gpxtpx:hr>
          </gpxtpx:TrackPointExtension>
        </extensions>
      </trkpt>
      <trkpt lat="37.841352206958014" lon="112.00815247404677">
        <ele>1156.7</ele>
        <time>2026-07-02T00:27:25.929000Z</time>
        <extensions>
          <gpxtpx:TrackPointExtension>
            <gpxtpx:hr>143</gpxtpx:hr>
          </gpxtpx:TrackPointExtension>
        </extensions>
      </trkpt>
      <trkpt lat="37.8413031844155" lon="112.00815746238484">
        <ele>1156.7</ele>
        <time>2026-07-02T00:27:27.929000Z</time>
        <extensions>
          <gpxtpx:TrackPointExtension>
            <gpxtpx:hr>145</gpxtpx:hr>
          </gpxtpx:TrackPointExtension>
        </extensions>
      </trkpt>
      <trkpt lat="37.84125516793407" lon="112.00816045760783">
        <ele>1156.7</ele>
        <time>2026-07-02T00:27:29.929000Z</time>
        <extensions>
          <gpxtpx:TrackPointExtension>
            <gpxtpx:hr>145</gpxtpx:hr>
          </gpxtpx:TrackPointExtension>
        </extensions>
      </trkpt>
      <trkpt lat="37.84120515998673" lon="112.00816046357542">
        <ele>1156.7</ele>
        <time>2026-07-02T00:27:31.929000Z</time>
        <extensions>
          <gpxtpx:TrackPointExtension>
            <gpxtpx:hr>145</gpxtpx:hr>
          </gpxtpx:TrackPointExtension>
        </extensions>
      </trkpt>
      <trkpt lat="37.8411541577824" lon="112.0081584766663">
        <ele>1157.5</ele>
        <time>2026-07-02T00:27:33.929000Z</time>
        <extensions>
          <gpxtpx:TrackPointExtension>
            <gpxtpx:hr>144</gpxtpx:hr>
          </gpxtpx:TrackPointExtension>
        </extensions>
      </trkpt>
      <trkpt lat="37.84110416753949" lon="112.00815250364597">
        <ele>1157.5</ele>
        <time>2026-07-02T00:27:35.929000Z</time>
        <extensions>
          <gpxtpx:TrackPointExtension>
            <gpxtpx:hr>144</gpxtpx:hr>
          </gpxtpx:TrackPointExtension>
        </extensions>
      </trkpt>
      <trkpt lat="37.841055180407785" lon="112.00814553400899">
        <ele>1157.5</ele>
        <time>2026-07-02T00:27:37.929000Z</time>
        <extensions>
          <gpxtpx:TrackPointExtension>
            <gpxtpx:hr>144</gpxtpx:hr>
          </gpxtpx:TrackPointExtension>
        </extensions>
      </trkpt>
      <trkpt lat="37.841007196387466" lon="112.00813756775564">
        <ele>1157.5</ele>
        <time>2026-07-02T00:27:39.929000Z</time>
        <extensions>
          <gpxtpx:TrackPointExtension>
            <gpxtpx:hr>144</gpxtpx:hr>
          </gpxtpx:TrackPointExtension>
        </extensions>
      </trkpt>
      <trkpt lat="37.840960206627216" lon="112.00813159437911">
        <ele>1157.5</ele>
        <time>2026-07-02T00:27:41.929000Z</time>
        <extensions>
          <gpxtpx:TrackPointExtension>
            <gpxtpx:hr>145</gpxtpx:hr>
          </gpxtpx:TrackPointExtension>
        </extensions>
      </trkpt>
      <trkpt lat="37.840912219660666" lon="112.00812462462494">
        <ele>1157.8</ele>
        <time>2026-07-02T00:27:43.929000Z</time>
        <extensions>
          <gpxtpx:TrackPointExtension>
            <gpxtpx:hr>145</gpxtpx:hr>
          </gpxtpx:TrackPointExtension>
        </extensions>
      </trkpt>
      <trkpt lat="37.84086323548817" lon="112.00811665849344">
        <ele>1157.8</ele>
        <time>2026-07-02T00:27:45.929000Z</time>
        <extensions>
          <gpxtpx:TrackPointExtension>
            <gpxtpx:hr>145</gpxtpx:hr>
          </gpxtpx:TrackPointExtension>
        </extensions>
      </trkpt>
      <trkpt lat="37.84081425426879" lon="112.00810769586562">
        <ele>1157.8</ele>
        <time>2026-07-02T00:27:47.929000Z</time>
        <extensions>
          <gpxtpx:TrackPointExtension>
            <gpxtpx:hr>147</gpxtpx:hr>
          </gpxtpx:TrackPointExtension>
        </extensions>
      </trkpt>
      <trkpt lat="37.84076627025974" lon="112.00809972961677">
        <ele>1157.8</ele>
        <time>2026-07-02T00:27:49.929000Z</time>
        <extensions>
          <gpxtpx:TrackPointExtension>
            <gpxtpx:hr>147</gpxtpx:hr>
          </gpxtpx:TrackPointExtension>
        </extensions>
      </trkpt>
      <trkpt lat="37.84071828330202" lon="112.00809275986589">
        <ele>1157.8</ele>
        <time>2026-07-02T00:27:51.929000Z</time>
        <extensions>
          <gpxtpx:TrackPointExtension>
            <gpxtpx:hr>146</gpxtpx:hr>
          </gpxtpx:TrackPointExtension>
        </extensions>
      </trkpt>
      <trkpt lat="37.84067230256565" lon="112.00808379688324">
        <ele>1158.1</ele>
        <time>2026-07-02T00:27:53.929000Z</time>
        <extensions>
          <gpxtpx:TrackPointExtension>
            <gpxtpx:hr>146</gpxtpx:hr>
          </gpxtpx:TrackPointExtension>
        </extensions>
      </trkpt>
      <trkpt lat="37.84062532167311" lon="112.00807483402114">
        <ele>1158.1</ele>
        <time>2026-07-02T00:27:55.929000Z</time>
        <extensions>
          <gpxtpx:TrackPointExtension>
            <gpxtpx:hr>146</gpxtpx:hr>
          </gpxtpx:TrackPointExtension>
        </extensions>
      </trkpt>
      <trkpt lat="37.840580347002614" lon="112.00806387792838">
        <ele>1158.1</ele>
        <time>2026-07-02T00:27:57.929000Z</time>
        <extensions>
          <gpxtpx:TrackPointExtension>
            <gpxtpx:hr>145</gpxtpx:hr>
          </gpxtpx:TrackPointExtension>
        </extensions>
      </trkpt>
      <trkpt lat="37.84053436922498" lon="112.00805391845319">
        <ele>1158.1</ele>
        <time>2026-07-02T00:27:59.929000Z</time>
        <extensions>
          <gpxtpx:TrackPointExtension>
            <gpxtpx:hr>145</gpxtpx:hr>
          </gpxtpx:TrackPointExtension>
        </extensions>
      </trkpt>
      <trkpt lat="37.840489391608415" lon="112.00804395886016">
        <ele>1158.1</ele>
        <time>2026-07-02T00:28:01.929000Z</time>
        <extensions>
          <gpxtpx:TrackPointExtension>
            <gpxtpx:hr>145</gpxtpx:hr>
          </gpxtpx:TrackPointExtension>
        </extensions>
      </trkpt>
      <trkpt lat="37.840443413835956" lon="112.00803399938796">
        <ele>1158.9</ele>
        <time>2026-07-02T00:28:03.929000Z</time>
        <extensions>
          <gpxtpx:TrackPointExtension>
            <gpxtpx:hr>145</gpxtpx:hr>
          </gpxtpx:TrackPointExtension>
        </extensions>
      </trkpt>
      <trkpt lat="37.84039643590769" lon="112.00802404003659">
        <ele>1158.9</ele>
        <time>2026-07-02T00:28:05.929000Z</time>
        <extensions>
          <gpxtpx:TrackPointExtension>
            <gpxtpx:hr>145</gpxtpx:hr>
          </gpxtpx:TrackPointExtension>
        </extensions>
      </trkpt>
      <trkpt lat="37.84034945503018" lon="112.00801507718255">
        <ele>1158.9</ele>
        <time>2026-07-02T00:28:07.929000Z</time>
        <extensions>
          <gpxtpx:TrackPointExtension>
            <gpxtpx:hr>144</gpxtpx:hr>
          </gpxtpx:TrackPointExtension>
        </extensions>
      </trkpt>
      <trkpt lat="37.84030246825113" lon="112.00800810732109">
        <ele>1158.9</ele>
        <time>2026-07-02T00:28:09.929000Z</time>
        <extensions>
          <gpxtpx:TrackPointExtension>
            <gpxtpx:hr>144</gpxtpx:hr>
          </gpxtpx:TrackPointExtension>
        </extensions>
      </trkpt>
      <trkpt lat="37.84025547557003" lon="112.00800313045163">
        <ele>1158.9</ele>
        <time>2026-07-02T00:28:11.929000Z</time>
        <extensions>
          <gpxtpx:TrackPointExtension>
            <gpxtpx:hr>144</gpxtpx:hr>
          </gpxtpx:TrackPointExtension>
        </extensions>
      </trkpt>
      <trkpt lat="37.840208479938596" lon="112.0079991500781">
        <ele>1159.3</ele>
        <time>2026-07-02T00:28:13.929000Z</time>
        <extensions>
          <gpxtpx:TrackPointExtension>
            <gpxtpx:hr>144</gpxtpx:hr>
          </gpxtpx:TrackPointExtension>
        </extensions>
      </trkpt>
      <trkpt lat="37.840161472500384" lon="112.00799915568703">
        <ele>1159.3</ele>
        <time>2026-07-02T00:28:15.929000Z</time>
        <extensions>
          <gpxtpx:TrackPointExtension>
            <gpxtpx:hr>144</gpxtpx:hr>
          </gpxtpx:TrackPointExtension>
        </extensions>
      </trkpt>
      <trkpt lat="37.84011445325539" lon="112.00800314727842">
        <ele>1159.3</ele>
        <time>2026-07-02T00:28:17.929000Z</time>
        <extensions>
          <gpxtpx:TrackPointExtension>
            <gpxtpx:hr>143</gpxtpx:hr>
          </gpxtpx:TrackPointExtension>
        </extensions>
      </trkpt>
      <trkpt lat="37.84006642499796" lon="112.00801012847664">
        <ele>1159.3</ele>
        <time>2026-07-02T00:28:19.929000Z</time>
        <extensions>
          <gpxtpx:TrackPointExtension>
            <gpxtpx:hr>143</gpxtpx:hr>
          </gpxtpx:TrackPointExtension>
        </extensions>
      </trkpt>
      <trkpt lat="37.84001939099708" lon="112.00801910254806">
        <ele>1159.3</ele>
        <time>2026-07-02T00:28:21.929000Z</time>
        <extensions>
          <gpxtpx:TrackPointExtension>
            <gpxtpx:hr>143</gpxtpx:hr>
          </gpxtpx:TrackPointExtension>
        </extensions>
      </trkpt>
      <trkpt lat="37.83997236585389" lon="112.00802508713271">
        <ele>1160.0</ele>
        <time>2026-07-02T00:28:23.929000Z</time>
        <extensions>
          <gpxtpx:TrackPointExtension>
            <gpxtpx:hr>143</gpxtpx:hr>
          </gpxtpx:TrackPointExtension>
        </extensions>
      </trkpt>
      <trkpt lat="37.839924334651116" lon="112.0080330648295">
        <ele>1160.0</ele>
        <time>2026-07-02T00:28:25.929000Z</time>
        <extensions>
          <gpxtpx:TrackPointExtension>
            <gpxtpx:hr>143</gpxtpx:hr>
          </gpxtpx:TrackPointExtension>
        </extensions>
      </trkpt>
      <trkpt lat="37.83987630049908" lon="112.00804203902355">
        <ele>1160.8</ele>
        <time>2026-07-02T00:28:27.929000Z</time>
        <extensions>
          <gpxtpx:TrackPointExtension>
            <gpxtpx:hr>144</gpxtpx:hr>
          </gpxtpx:TrackPointExtension>
        </extensions>
      </trkpt>
      <trkpt lat="37.83982726324006" lon="112.00805200983464">
        <ele>1160.8</ele>
        <time>2026-07-02T00:28:29.929000Z</time>
        <extensions>
          <gpxtpx:TrackPointExtension>
            <gpxtpx:hr>144</gpxtpx:hr>
          </gpxtpx:TrackPointExtension>
        </extensions>
      </trkpt>
      <trkpt lat="37.839777231728505" lon="112.00805998777355">
        <ele>1160.8</ele>
        <time>2026-07-02T00:28:31.929000Z</time>
        <extensions>
          <gpxtpx:TrackPointExtension>
            <gpxtpx:hr>145</gpxtpx:hr>
          </gpxtpx:TrackPointExtension>
        </extensions>
      </trkpt>
      <trkpt lat="37.83972719726813" lon="112.00806896221013">
        <ele>1160.8</ele>
        <time>2026-07-02T00:28:33.929000Z</time>
        <extensions>
          <gpxtpx:TrackPointExtension>
            <gpxtpx:hr>145</gpxtpx:hr>
          </gpxtpx:TrackPointExtension>
        </extensions>
      </trkpt>
      <trkpt lat="37.839685178829626" lon="112.00807295320931">
        <ele>1160.8</ele>
        <time>2026-07-02T00:28:35.929000Z</time>
        <extensions>
          <gpxtpx:TrackPointExtension>
            <gpxtpx:hr>145</gpxtpx:hr>
          </gpxtpx:TrackPointExtension>
        </extensions>
      </trkpt>
      <trkpt lat="37.839640156967626" lon="112.00807794106359">
        <ele>1161.4</ele>
        <time>2026-07-02T00:28:43.929000Z</time>
        <extensions>
          <gpxtpx:TrackPointExtension>
            <gpxtpx:hr>142</gpxtpx:hr>
          </gpxtpx:TrackPointExtension>
        </extensions>
      </trkpt>
      <trkpt lat="37.83959714132517" lon="112.00808093568577">
        <ele>1161.5</ele>
        <time>2026-07-02T00:28:47.929000Z</time>
        <extensions>
          <gpxtpx:TrackPointExtension>
            <gpxtpx:hr>139</gpxtpx:hr>
          </gpxtpx:TrackPointExtension>
        </extensions>
      </trkpt>
      <trkpt lat="37.839548112932874" lon="112.008087917012">
        <ele>1161.5</ele>
        <time>2026-07-02T00:28:49.929000Z</time>
        <extensions>
          <gpxtpx:TrackPointExtension>
            <gpxtpx:hr>139</gpxtpx:hr>
          </gpxtpx:TrackPointExtension>
        </extensions>
      </trkpt>
      <trkpt lat="37.839502087967105" lon="112.00809390148393">
        <ele>1161.5</ele>
        <time>2026-07-02T00:28:51.929000Z</time>
        <extensions>
          <gpxtpx:TrackPointExtension>
            <gpxtpx:hr>139</gpxtpx:hr>
          </gpxtpx:TrackPointExtension>
        </extensions>
      </trkpt>
      <trkpt lat="37.83945808102414" lon="112.00809390673487">
        <ele>1161.5</ele>
        <time>2026-07-02T00:28:53.929000Z</time>
        <extensions>
          <gpxtpx:TrackPointExtension>
            <gpxtpx:hr>139</gpxtpx:hr>
          </gpxtpx:TrackPointExtension>
        </extensions>
      </trkpt>
      <trkpt lat="37.83941909847911" lon="112.00808593941282">
        <ele>1161.5</ele>
        <time>2026-07-02T00:28:55.929000Z</time>
        <extensions>
          <gpxtpx:TrackPointExtension>
            <gpxtpx:hr>139</gpxtpx:hr>
          </gpxtpx:TrackPointExtension>
        </extensions>
      </trkpt>
      <trkpt lat="37.83938211625132" lon="112.00807797185306">
        <ele>1162.0</ele>
        <time>2026-07-02T00:28:57.929000Z</time>
        <extensions>
          <gpxtpx:TrackPointExtension>
            <gpxtpx:hr>139</gpxtpx:hr>
          </gpxtpx:TrackPointExtension>
        </extensions>
      </trkpt>
      <trkpt lat="37.83934211879612" lon="112.00807498713608">
        <ele>1162.0</ele>
        <time>2026-07-02T00:28:59.929000Z</time>
        <extensions>
          <gpxtpx:TrackPointExtension>
            <gpxtpx:hr>139</gpxtpx:hr>
          </gpxtpx:TrackPointExtension>
        </extensions>
      </trkpt>
      <trkpt lat="37.839300103319715" lon="112.00807798163878">
        <ele>1162.0</ele>
        <time>2026-07-02T00:29:01.929000Z</time>
        <extensions>
          <gpxtpx:TrackPointExtension>
            <gpxtpx:hr>137</gpxtpx:hr>
          </gpxtpx:TrackPointExtension>
        </extensions>
      </trkpt>
      <trkpt lat="37.83925708473584" lon="112.00808197275785">
        <ele>1162.0</ele>
        <time>2026-07-02T00:29:03.929000Z</time>
        <extensions>
          <gpxtpx:TrackPointExtension>
            <gpxtpx:hr>137</gpxtpx:hr>
          </gpxtpx:TrackPointExtension>
        </extensions>
      </trkpt>
      <trkpt lat="37.83921406025136" lon="112.00808795687118">
        <ele>1162.0</ele>
        <time>2026-07-02T00:29:05.929000Z</time>
        <extensions>
          <gpxtpx:TrackPointExtension>
            <gpxtpx:hr>137</gpxtpx:hr>
          </gpxtpx:TrackPointExtension>
        </extensions>
      </trkpt>
      <trkpt lat="37.83917003266001" lon="112.00809493760156">
        <ele>1162.7</ele>
        <time>2026-07-02T00:29:07.929000Z</time>
        <extensions>
          <gpxtpx:TrackPointExtension>
            <gpxtpx:hr>136</gpxtpx:hr>
          </gpxtpx:TrackPointExtension>
        </extensions>
      </trkpt>
      <trkpt lat="37.839127005228086" lon="112.00810191821336">
        <ele>1162.7</ele>
        <time>2026-07-02T00:29:09.929000Z</time>
        <extensions>
          <gpxtpx:TrackPointExtension>
            <gpxtpx:hr>136</gpxtpx:hr>
          </gpxtpx:TrackPointExtension>
        </extensions>
      </trkpt>
      <trkpt lat="37.83908297468972" lon="112.00810989544263">
        <ele>1162.7</ele>
        <time>2026-07-02T00:29:11.929000Z</time>
        <extensions>
          <gpxtpx:TrackPointExtension>
            <gpxtpx:hr>137</gpxtpx:hr>
          </gpxtpx:TrackPointExtension>
        </extensions>
      </trkpt>
      <trkpt lat="37.8390389353015" lon="112.00812086216547">
        <ele>1162.7</ele>
        <time>2026-07-02T00:29:13.929000Z</time>
        <extensions>
          <gpxtpx:TrackPointExtension>
            <gpxtpx:hr>137</gpxtpx:hr>
          </gpxtpx:TrackPointExtension>
        </extensions>
      </trkpt>
      <trkpt lat="37.83899489886652" lon="112.00813083239252">
        <ele>1162.7</ele>
        <time>2026-07-02T00:29:15.929000Z</time>
        <extensions>
          <gpxtpx:TrackPointExtension>
            <gpxtpx:hr>137</gpxtpx:hr>
          </gpxtpx:TrackPointExtension>
        </extensions>
      </trkpt>
      <trkpt lat="37.83894985932623" lon="112.00814179923837">
        <ele>1162.7</ele>
        <time>2026-07-02T00:29:17.929000Z</time>
        <extensions>
          <gpxtpx:TrackPointExtension>
            <gpxtpx:hr>138</gpxtpx:hr>
          </gpxtpx:TrackPointExtension>
        </extensions>
      </trkpt>
      <trkpt lat="37.83890482568922" lon="112.0081507730901">
        <ele>1162.7</ele>
        <time>2026-07-02T00:29:19.929000Z</time>
        <extensions>
          <gpxtpx:TrackPointExtension>
            <gpxtpx:hr>138</gpxtpx:hr>
          </gpxtpx:TrackPointExtension>
        </extensions>
      </trkpt>
      <trkpt lat="37.83885979500468" lon="112.00815875044496">
        <ele>1162.7</ele>
        <time>2026-07-02T00:29:21.929000Z</time>
        <extensions>
          <gpxtpx:TrackPointExtension>
            <gpxtpx:hr>138</gpxtpx:hr>
          </gpxtpx:TrackPointExtension>
        </extensions>
      </trkpt>
      <trkpt lat="37.838814764322265" lon="112.00816672780086">
        <ele>1163.4</ele>
        <time>2026-07-02T00:29:23.929000Z</time>
        <extensions>
          <gpxtpx:TrackPointExtension>
            <gpxtpx:hr>138</gpxtpx:hr>
          </gpxtpx:TrackPointExtension>
        </extensions>
      </trkpt>
      <trkpt lat="37.838768733484656" lon="112.0081747052771">
        <ele>1163.4</ele>
        <time>2026-07-02T00:29:25.929000Z</time>
        <extensions>
          <gpxtpx:TrackPointExtension>
            <gpxtpx:hr>138</gpxtpx:hr>
          </gpxtpx:TrackPointExtension>
        </extensions>
      </trkpt>
      <trkpt lat="37.83872370280651" lon="112.00818268263504">
        <ele>1163.4</ele>
        <time>2026-07-02T00:29:27.929000Z</time>
        <extensions>
          <gpxtpx:TrackPointExtension>
            <gpxtpx:hr>138</gpxtpx:hr>
          </gpxtpx:TrackPointExtension>
        </extensions>
      </trkpt>
      <trkpt lat="37.83867767787278" lon="112.00818866711607">
        <ele>1163.4</ele>
        <time>2026-07-02T00:29:29.929000Z</time>
        <extensions>
          <gpxtpx:TrackPointExtension>
            <gpxtpx:hr>138</gpxtpx:hr>
          </gpxtpx:TrackPointExtension>
        </extensions>
      </trkpt>
      <trkpt lat="37.83863164999118" lon="112.00819564809643">
        <ele>1163.4</ele>
        <time>2026-07-02T00:29:31.929000Z</time>
        <extensions>
          <gpxtpx:TrackPointExtension>
            <gpxtpx:hr>139</gpxtpx:hr>
          </gpxtpx:TrackPointExtension>
        </extensions>
      </trkpt>
      <trkpt lat="37.83858461900478" lon="112.00820362569574">
        <ele>1164.1</ele>
        <time>2026-07-02T00:29:33.929000Z</time>
        <extensions>
          <gpxtpx:TrackPointExtension>
            <gpxtpx:hr>139</gpxtpx:hr>
          </gpxtpx:TrackPointExtension>
        </extensions>
      </trkpt>
      <trkpt lat="37.83853758802062" lon="112.00821160329609">
        <ele>1164.1</ele>
        <time>2026-07-02T00:29:35.929000Z</time>
        <extensions>
          <gpxtpx:TrackPointExtension>
            <gpxtpx:hr>139</gpxtpx:hr>
          </gpxtpx:TrackPointExtension>
        </extensions>
      </trkpt>
      <trkpt lat="37.83849056588699" lon="112.00821659140018">
        <ele>1164.1</ele>
        <time>2026-07-02T00:29:37.929000Z</time>
        <extensions>
          <gpxtpx:TrackPointExtension>
            <gpxtpx:hr>140</gpxtpx:hr>
          </gpxtpx:TrackPointExtension>
        </extensions>
      </trkpt>
      <trkpt lat="37.83844256129456" lon="112.00821560062946">
        <ele>1164.1</ele>
        <time>2026-07-02T00:29:39.929000Z</time>
        <extensions>
          <gpxtpx:TrackPointExtension>
            <gpxtpx:hr>140</gpxtpx:hr>
          </gpxtpx:TrackPointExtension>
        </extensions>
      </trkpt>
      <trkpt lat="37.83839557750735" lon="112.00820763424653">
        <ele>1164.1</ele>
        <time>2026-07-02T00:29:41.929000Z</time>
        <extensions>
          <gpxtpx:TrackPointExtension>
            <gpxtpx:hr>141</gpxtpx:hr>
          </gpxtpx:TrackPointExtension>
        </extensions>
      </trkpt>
      <trkpt lat="37.83834961157755" lon="112.00819368875268">
        <ele>1164.7</ele>
        <time>2026-07-02T00:29:43.929000Z</time>
        <extensions>
          <gpxtpx:TrackPointExtension>
            <gpxtpx:hr>141</gpxtpx:hr>
          </gpxtpx:TrackPointExtension>
        </extensions>
      </trkpt>
      <trkpt lat="37.83830365450129" lon="112.00817675376642">
        <ele>1164.7</ele>
        <time>2026-07-02T00:29:45.929000Z</time>
        <extensions>
          <gpxtpx:TrackPointExtension>
            <gpxtpx:hr>141</gpxtpx:hr>
          </gpxtpx:TrackPointExtension>
        </extensions>
      </trkpt>
      <trkpt lat="37.838257697429945" lon="112.00815981878459">
        <ele>1164.7</ele>
        <time>2026-07-02T00:29:47.929000Z</time>
        <extensions>
          <gpxtpx:TrackPointExtension>
            <gpxtpx:hr>139</gpxtpx:hr>
          </gpxtpx:TrackPointExtension>
        </extensions>
      </trkpt>
      <trkpt lat="37.83821174331388" lon="112.00814188730928">
        <ele>1164.7</ele>
        <time>2026-07-02T00:29:49.929000Z</time>
        <extensions>
          <gpxtpx:TrackPointExtension>
            <gpxtpx:hr>139</gpxtpx:hr>
          </gpxtpx:TrackPointExtension>
        </extensions>
      </trkpt>
      <trkpt lat="37.83816478904621" lon="112.00812395595825">
        <ele>1164.7</ele>
        <time>2026-07-02T00:29:51.929000Z</time>
        <extensions>
          <gpxtpx:TrackPointExtension>
            <gpxtpx:hr>139</gpxtpx:hr>
          </gpxtpx:TrackPointExtension>
        </extensions>
      </trkpt>
      <trkpt lat="37.83811983804853" lon="112.00810502787618">
        <ele>1165.2</ele>
        <time>2026-07-02T00:29:53.929000Z</time>
        <extensions>
          <gpxtpx:TrackPointExtension>
            <gpxtpx:hr>139</gpxtpx:hr>
          </gpxtpx:TrackPointExtension>
        </extensions>
      </trkpt>
      <trkpt lat="37.83807388689969" lon="112.00808609991896">
        <ele>1165.2</ele>
        <time>2026-07-02T00:29:55.929000Z</time>
        <extensions>
          <gpxtpx:TrackPointExtension>
            <gpxtpx:hr>139</gpxtpx:hr>
          </gpxtpx:TrackPointExtension>
        </extensions>
      </trkpt>
      <trkpt lat="37.838029936070285" lon="112.00806717172858">
        <ele>1165.2</ele>
        <time>2026-07-02T00:29:57.929000Z</time>
        <extensions>
          <gpxtpx:TrackPointExtension>
            <gpxtpx:hr>138</gpxtpx:hr>
          </gpxtpx:TrackPointExtension>
        </extensions>
      </trkpt>
      <trkpt lat="37.837985982295045" lon="112.00804924004018">
        <ele>1165.2</ele>
        <time>2026-07-02T00:29:59.929000Z</time>
        <extensions>
          <gpxtpx:TrackPointExtension>
            <gpxtpx:hr>138</gpxtpx:hr>
          </gpxtpx:TrackPointExtension>
        </extensions>
      </trkpt>
      <trkpt lat="37.837942019669946" lon="112.00803429784536">
        <ele>1165.2</ele>
        <time>2026-07-02T00:30:01.929000Z</time>
        <extensions>
          <gpxtpx:TrackPointExtension>
            <gpxtpx:hr>138</gpxtpx:hr>
          </gpxtpx:TrackPointExtension>
        </extensions>
      </trkpt>
      <trkpt lat="37.837898060000704" lon="112.00801835915794">
        <ele>1166.1</ele>
        <time>2026-07-02T00:30:03.929000Z</time>
        <extensions>
          <gpxtpx:TrackPointExtension>
            <gpxtpx:hr>138</gpxtpx:hr>
          </gpxtpx:TrackPointExtension>
        </extensions>
      </trkpt>
      <trkpt lat="37.83785409738378" lon="112.00800341697017">
        <ele>1166.1</ele>
        <time>2026-07-02T00:30:05.929000Z</time>
        <extensions>
          <gpxtpx:TrackPointExtension>
            <gpxtpx:hr>138</gpxtpx:hr>
          </gpxtpx:TrackPointExtension>
        </extensions>
      </trkpt>
      <trkpt lat="37.83781014067531" lon="112.00798648179476">
        <ele>1166.1</ele>
        <time>2026-07-02T00:30:07.929000Z</time>
        <extensions>
          <gpxtpx:TrackPointExtension>
            <gpxtpx:hr>138</gpxtpx:hr>
          </gpxtpx:TrackPointExtension>
        </extensions>
      </trkpt>
      <trkpt lat="37.83776518381494" lon="112.00796954674307">
        <ele>1166.1</ele>
        <time>2026-07-02T00:30:09.929000Z</time>
        <extensions>
          <gpxtpx:TrackPointExtension>
            <gpxtpx:hr>138</gpxtpx:hr>
          </gpxtpx:TrackPointExtension>
        </extensions>
      </trkpt>
      <trkpt lat="37.83772122121075" lon="112.00795460456641">
        <ele>1166.1</ele>
        <time>2026-07-02T00:30:11.929000Z</time>
        <extensions>
          <gpxtpx:TrackPointExtension>
            <gpxtpx:hr>138</gpxtpx:hr>
          </gpxtpx:TrackPointExtension>
        </extensions>
      </trkpt>
      <trkpt lat="37.83767825876713" lon="112.00793966227381">
        <ele>1167.1</ele>
        <time>2026-07-02T00:30:13.929000Z</time>
        <extensions>
          <gpxtpx:TrackPointExtension>
            <gpxtpx:hr>138</gpxtpx:hr>
          </gpxtpx:TrackPointExtension>
        </extensions>
      </trkpt>
      <trkpt lat="37.83763429617087" lon="112.00792472010393">
        <ele>1167.1</ele>
        <time>2026-07-02T00:30:15.929000Z</time>
        <extensions>
          <gpxtpx:TrackPointExtension>
            <gpxtpx:hr>138</gpxtpx:hr>
          </gpxtpx:TrackPointExtension>
        </extensions>
      </trkpt>
      <trkpt lat="37.837590336531754" lon="112.00790878144313">
        <ele>1168.2</ele>
        <time>2026-07-02T00:30:17.929000Z</time>
        <extensions>
          <gpxtpx:TrackPointExtension>
            <gpxtpx:hr>138</gpxtpx:hr>
          </gpxtpx:TrackPointExtension>
        </extensions>
      </trkpt>
      <trkpt lat="37.83754537674048" lon="112.00789284290549">
        <ele>1168.2</ele>
        <time>2026-07-02T00:30:19.929000Z</time>
        <extensions>
          <gpxtpx:TrackPointExtension>
            <gpxtpx:hr>138</gpxtpx:hr>
          </gpxtpx:TrackPointExtension>
        </extensions>
      </trkpt>
      <trkpt lat="37.83750142006365" lon="112.00787590775856">
        <ele>1168.2</ele>
        <time>2026-07-02T00:30:21.929000Z</time>
        <extensions>
          <gpxtpx:TrackPointExtension>
            <gpxtpx:hr>139</gpxtpx:hr>
          </gpxtpx:TrackPointExtension>
        </extensions>
      </trkpt>
      <trkpt lat="37.83745746043779" lon="112.00785996910953">
        <ele>1168.2</ele>
        <time>2026-07-02T00:30:23.929000Z</time>
        <extensions>
          <gpxtpx:TrackPointExtension>
            <gpxtpx:hr>139</gpxtpx:hr>
          </gpxtpx:TrackPointExtension>
        </extensions>
      </trkpt>
      <trkpt lat="37.83741349786233" lon="112.00784502695767">
        <ele>1168.2</ele>
        <time>2026-07-02T00:30:25.929000Z</time>
        <extensions>
          <gpxtpx:TrackPointExtension>
            <gpxtpx:hr>139</gpxtpx:hr>
          </gpxtpx:TrackPointExtension>
        </extensions>
      </trkpt>
      <trkpt lat="37.837369544153226" lon="112.00782709532992">
        <ele>1168.9</ele>
        <time>2026-07-02T00:30:27.929000Z</time>
        <extensions>
          <gpxtpx:TrackPointExtension>
            <gpxtpx:hr>140</gpxtpx:hr>
          </gpxtpx:TrackPointExtension>
        </extensions>
      </trkpt>
      <trkpt lat="37.83732559340362" lon="112.00780816721424">
        <ele>1168.9</ele>
        <time>2026-07-02T00:30:29.929000Z</time>
        <extensions>
          <gpxtpx:TrackPointExtension>
            <gpxtpx:hr>140</gpxtpx:hr>
          </gpxtpx:TrackPointExtension>
        </extensions>
      </trkpt>
      <trkpt lat="37.83728364001766" lon="112.00779023535783">
        <ele>1168.9</ele>
        <time>2026-07-02T00:30:31.929000Z</time>
        <extensions>
          <gpxtpx:TrackPointExtension>
            <gpxtpx:hr>141</gpxtpx:hr>
          </gpxtpx:TrackPointExtension>
        </extensions>
      </trkpt>
      <trkpt lat="37.83723968336932" lon="112.00777330023716">
        <ele>1168.9</ele>
        <time>2026-07-02T00:30:33.929000Z</time>
        <extensions>
          <gpxtpx:TrackPointExtension>
            <gpxtpx:hr>141</gpxtpx:hr>
          </gpxtpx:TrackPointExtension>
        </extensions>
      </trkpt>
      <trkpt lat="37.83719572377071" lon="112.00775736161282">
        <ele>1168.9</ele>
        <time>2026-07-02T00:30:35.929000Z</time>
        <extensions>
          <gpxtpx:TrackPointExtension>
            <gpxtpx:hr>141</gpxtpx:hr>
          </gpxtpx:TrackPointExtension>
        </extensions>
      </trkpt>
      <trkpt lat="37.83715177008677" lon="112.00773943000877">
        <ele>1169.8</ele>
        <time>2026-07-02T00:30:37.929000Z</time>
        <extensions>
          <gpxtpx:TrackPointExtension>
            <gpxtpx:hr>142</gpxtpx:hr>
          </gpxtpx:TrackPointExtension>
        </extensions>
      </trkpt>
      <trkpt lat="37.837106813296344" lon="112.00772249502033">
        <ele>1169.8</ele>
        <time>2026-07-02T00:30:39.929000Z</time>
        <extensions>
          <gpxtpx:TrackPointExtension>
            <gpxtpx:hr>142</gpxtpx:hr>
          </gpxtpx:TrackPointExtension>
        </extensions>
      </trkpt>
      <trkpt lat="37.837061850599525" lon="112.00770755301869">
        <ele>1169.8</ele>
        <time>2026-07-02T00:30:41.929000Z</time>
        <extensions>
          <gpxtpx:TrackPointExtension>
            <gpxtpx:hr>142</gpxtpx:hr>
          </gpxtpx:TrackPointExtension>
        </extensions>
      </trkpt>
      <trkpt lat="37.837015884794816" lon="112.00769360763071">
        <ele>1169.8</ele>
        <time>2026-07-02T00:30:43.929000Z</time>
        <extensions>
          <gpxtpx:TrackPointExtension>
            <gpxtpx:hr>142</gpxtpx:hr>
          </gpxtpx:TrackPointExtension>
        </extensions>
      </trkpt>
      <trkpt lat="37.83696992194973" lon="112.00767866575481">
        <ele>1169.8</ele>
        <time>2026-07-02T00:30:45.929000Z</time>
        <extensions>
          <gpxtpx:TrackPointExtension>
            <gpxtpx:hr>142</gpxtpx:hr>
          </gpxtpx:TrackPointExtension>
        </extensions>
      </trkpt>
      <trkpt lat="37.836923962064795" lon="112.00766272739165">
        <ele>1170.4</ele>
        <time>2026-07-02T00:30:47.929000Z</time>
        <extensions>
          <gpxtpx:TrackPointExtension>
            <gpxtpx:hr>142</gpxtpx:hr>
          </gpxtpx:TrackPointExtension>
        </extensions>
      </trkpt>
      <trkpt lat="37.836879002340346" lon="112.00764678891295">
        <ele>1170.4</ele>
        <time>2026-07-02T00:30:49.929000Z</time>
        <extensions>
          <gpxtpx:TrackPointExtension>
            <gpxtpx:hr>142</gpxtpx:hr>
          </gpxtpx:TrackPointExtension>
        </extensions>
      </trkpt>
      <trkpt lat="37.83683303950776" lon="112.00763184704745">
        <ele>1170.4</ele>
        <time>2026-07-02T00:30:51.929000Z</time>
        <extensions>
          <gpxtpx:TrackPointExtension>
            <gpxtpx:hr>142</gpxtpx:hr>
          </gpxtpx:TrackPointExtension>
        </extensions>
      </trkpt>
      <trkpt lat="37.836788079791866" lon="112.00761590857608">
        <ele>1170.4</ele>
        <time>2026-07-02T00:30:53.929000Z</time>
        <extensions>
          <gpxtpx:TrackPointExtension>
            <gpxtpx:hr>142</gpxtpx:hr>
          </gpxtpx:TrackPointExtension>
        </extensions>
      </trkpt>
      <trkpt lat="37.83674312008032" lon="112.00759997010849">
        <ele>1170.4</ele>
        <time>2026-07-02T00:30:55.929000Z</time>
        <extensions>
          <gpxtpx:TrackPointExtension>
            <gpxtpx:hr>142</gpxtpx:hr>
          </gpxtpx:TrackPointExtension>
        </extensions>
      </trkpt>
      <trkpt lat="37.83669715726017" lon="112.00758502825339">
        <ele>1171.0</ele>
        <time>2026-07-02T00:30:57.929000Z</time>
        <extensions>
          <gpxtpx:TrackPointExtension>
            <gpxtpx:hr>142</gpxtpx:hr>
          </gpxtpx:TrackPointExtension>
        </extensions>
      </trkpt>
      <trkpt lat="37.83665119740126" lon="112.0075690899124">
        <ele>1171.0</ele>
        <time>2026-07-02T00:30:59.929000Z</time>
        <extensions>
          <gpxtpx:TrackPointExtension>
            <gpxtpx:hr>142</gpxtpx:hr>
          </gpxtpx:TrackPointExtension>
        </extensions>
      </trkpt>
      <trkpt lat="37.83660523458938" lon="112.0075541480641">
        <ele>1171.0</ele>
        <time>2026-07-02T00:31:01.929000Z</time>
        <extensions>
          <gpxtpx:TrackPointExtension>
            <gpxtpx:hr>142</gpxtpx:hr>
          </gpxtpx:TrackPointExtension>
        </extensions>
      </trkpt>
      <trkpt lat="37.83655827162569" lon="112.00753920633841">
        <ele>1171.0</ele>
        <time>2026-07-02T00:31:03.929000Z</time>
        <extensions>
          <gpxtpx:TrackPointExtension>
            <gpxtpx:hr>142</gpxtpx:hr>
          </gpxtpx:TrackPointExtension>
        </extensions>
      </trkpt>
      <trkpt lat="37.83651031146801" lon="112.0075232682468">
        <ele>1171.0</ele>
        <time>2026-07-02T00:31:05.929000Z</time>
        <extensions>
          <gpxtpx:TrackPointExtension>
            <gpxtpx:hr>142</gpxtpx:hr>
          </gpxtpx:TrackPointExtension>
        </extensions>
      </trkpt>
      <trkpt lat="37.836463357386485" lon="112.00750533706315">
        <ele>1170.9</ele>
        <time>2026-07-02T00:31:07.929000Z</time>
        <extensions>
          <gpxtpx:TrackPointExtension>
            <gpxtpx:hr>142</gpxtpx:hr>
          </gpxtpx:TrackPointExtension>
        </extensions>
      </trkpt>
      <trkpt lat="37.836415400196316" lon="112.00748840249152">
        <ele>1170.9</ele>
        <time>2026-07-02T00:31:09.929000Z</time>
        <extensions>
          <gpxtpx:TrackPointExtension>
            <gpxtpx:hr>142</gpxtpx:hr>
          </gpxtpx:TrackPointExtension>
        </extensions>
      </trkpt>
      <trkpt lat="37.83636843429183" lon="112.00747445726805">
        <ele>1170.9</ele>
        <time>2026-07-02T00:31:11.929000Z</time>
        <extensions>
          <gpxtpx:TrackPointExtension>
            <gpxtpx:hr>142</gpxtpx:hr>
          </gpxtpx:TrackPointExtension>
        </extensions>
      </trkpt>
      <trkpt lat="37.83632046527695" lon="112.00746150865432">
        <ele>1170.9</ele>
        <time>2026-07-02T00:31:13.929000Z</time>
        <extensions>
          <gpxtpx:TrackPointExtension>
            <gpxtpx:hr>142</gpxtpx:hr>
          </gpxtpx:TrackPointExtension>
        </extensions>
      </trkpt>
      <trkpt lat="37.8362724903484" lon="112.00745055301782">
        <ele>1170.9</ele>
        <time>2026-07-02T00:31:15.929000Z</time>
        <extensions>
          <gpxtpx:TrackPointExtension>
            <gpxtpx:hr>142</gpxtpx:hr>
          </gpxtpx:TrackPointExtension>
        </extensions>
      </trkpt>
      <trkpt lat="37.83622452134023" lon="112.00743760440858">
        <ele>1170.9</ele>
        <time>2026-07-02T00:31:17.929000Z</time>
        <extensions>
          <gpxtpx:TrackPointExtension>
            <gpxtpx:hr>141</gpxtpx:hr>
          </gpxtpx:TrackPointExtension>
        </extensions>
      </trkpt>
      <trkpt lat="37.836176552335566" lon="112.00742465580178">
        <ele>1170.9</ele>
        <time>2026-07-02T00:31:19.929000Z</time>
        <extensions>
          <gpxtpx:TrackPointExtension>
            <gpxtpx:hr>141</gpxtpx:hr>
          </gpxtpx:TrackPointExtension>
        </extensions>
      </trkpt>
      <trkpt lat="37.83612858925247" lon="112.00740971422377">
        <ele>1170.9</ele>
        <time>2026-07-02T00:31:21.929000Z</time>
        <extensions>
          <gpxtpx:TrackPointExtension>
            <gpxtpx:hr>141</gpxtpx:hr>
          </gpxtpx:TrackPointExtension>
        </extensions>
      </trkpt>
      <trkpt lat="37.83608162041063" lon="112.00739676550295">
        <ele>1170.9</ele>
        <time>2026-07-02T00:31:23.929000Z</time>
        <extensions>
          <gpxtpx:TrackPointExtension>
            <gpxtpx:hr>141</gpxtpx:hr>
          </gpxtpx:TrackPointExtension>
        </extensions>
      </trkpt>
      <trkpt lat="37.83603564580904" lon="112.00738580963817">
        <ele>1170.9</ele>
        <time>2026-07-02T00:31:25.929000Z</time>
        <extensions>
          <gpxtpx:TrackPointExtension>
            <gpxtpx:hr>141</gpxtpx:hr>
          </gpxtpx:TrackPointExtension>
        </extensions>
      </trkpt>
      <trkpt lat="37.835990668406296" lon="112.00737585014215">
        <ele>1170.9</ele>
        <time>2026-07-02T00:31:27.929000Z</time>
        <extensions>
          <gpxtpx:TrackPointExtension>
            <gpxtpx:hr>140</gpxtpx:hr>
          </gpxtpx:TrackPointExtension>
        </extensions>
      </trkpt>
      <trkpt lat="37.8359466911615" lon="112.00736589052829">
        <ele>1171.5</ele>
        <time>2026-07-02T00:31:29.929000Z</time>
        <extensions>
          <gpxtpx:TrackPointExtension>
            <gpxtpx:hr>140</gpxtpx:hr>
          </gpxtpx:TrackPointExtension>
        </extensions>
      </trkpt>
      <trkpt lat="37.83590071656802" lon="112.00735493466838">
        <ele>1171.5</ele>
        <time>2026-07-02T00:31:31.929000Z</time>
        <extensions>
          <gpxtpx:TrackPointExtension>
            <gpxtpx:hr>140</gpxtpx:hr>
          </gpxtpx:TrackPointExtension>
        </extensions>
      </trkpt>
      <trkpt lat="37.835854739017556" lon="112.00734497529608">
        <ele>1171.5</ele>
        <time>2026-07-02T00:31:33.929000Z</time>
        <extensions>
          <gpxtpx:TrackPointExtension>
            <gpxtpx:hr>140</gpxtpx:hr>
          </gpxtpx:TrackPointExtension>
        </extensions>
      </trkpt>
      <trkpt lat="37.83580775539453" lon="112.00733700901596">
        <ele>1171.5</ele>
        <time>2026-07-02T00:31:35.929000Z</time>
        <extensions>
          <gpxtpx:TrackPointExtension>
            <gpxtpx:hr>140</gpxtpx:hr>
          </gpxtpx:TrackPointExtension>
        </extensions>
      </trkpt>
      <trkpt lat="37.83576076881376" lon="112.00733003922235">
        <ele>1171.5</ele>
        <time>2026-07-02T00:31:37.929000Z</time>
        <extensions>
          <gpxtpx:TrackPointExtension>
            <gpxtpx:hr>140</gpxtpx:hr>
          </gpxtpx:TrackPointExtension>
        </extensions>
      </trkpt>
      <trkpt lat="37.83571378223504" lon="112.00732306942946">
        <ele>1172.0</ele>
        <time>2026-07-02T00:31:39.929000Z</time>
        <extensions>
          <gpxtpx:TrackPointExtension>
            <gpxtpx:hr>140</gpxtpx:hr>
          </gpxtpx:TrackPointExtension>
        </extensions>
      </trkpt>
      <trkpt lat="37.835665795503125" lon="112.00731609975651">
        <ele>1172.0</ele>
        <time>2026-07-02T00:31:41.929000Z</time>
        <extensions>
          <gpxtpx:TrackPointExtension>
            <gpxtpx:hr>140</gpxtpx:hr>
          </gpxtpx:TrackPointExtension>
        </extensions>
      </trkpt>
      <trkpt lat="37.835616802697714" lon="112.00731112317425">
        <ele>1172.0</ele>
        <time>2026-07-02T00:31:43.929000Z</time>
        <extensions>
          <gpxtpx:TrackPointExtension>
            <gpxtpx:hr>140</gpxtpx:hr>
          </gpxtpx:TrackPointExtension>
        </extensions>
      </trkpt>
      <trkpt lat="37.83556881596991" lon="112.00730415350246">
        <ele>1172.0</ele>
        <time>2026-07-02T00:31:45.929000Z</time>
        <extensions>
          <gpxtpx:TrackPointExtension>
            <gpxtpx:hr>140</gpxtpx:hr>
          </gpxtpx:TrackPointExtension>
        </extensions>
      </trkpt>
      <trkpt lat="37.83552086180869" lon="112.0072862224953">
        <ele>1172.0</ele>
        <time>2026-07-02T00:31:47.929000Z</time>
        <extensions>
          <gpxtpx:TrackPointExtension>
            <gpxtpx:hr>140</gpxtpx:hr>
          </gpxtpx:TrackPointExtension>
        </extensions>
      </trkpt>
      <trkpt lat="37.83548095626594" lon="112.0072523467845">
        <ele>1172.6</ele>
        <time>2026-07-02T00:31:49.929000Z</time>
        <extensions>
          <gpxtpx:TrackPointExtension>
            <gpxtpx:hr>140</gpxtpx:hr>
          </gpxtpx:TrackPointExtension>
        </extensions>
      </trkpt>
      <trkpt lat="37.83544809328165" lon="112.0072045194808">
        <ele>1172.6</ele>
        <time>2026-07-02T00:31:51.929000Z</time>
        <extensions>
          <gpxtpx:TrackPointExtension>
            <gpxtpx:hr>140</gpxtpx:hr>
          </gpxtpx:TrackPointExtension>
        </extensions>
      </trkpt>
      <trkpt lat="37.83542224918172" lon="112.00715071247734">
        <ele>1172.6</ele>
        <time>2026-07-02T00:31:53.929000Z</time>
        <extensions>
          <gpxtpx:TrackPointExtension>
            <gpxtpx:hr>141</gpxtpx:hr>
          </gpxtpx:TrackPointExtension>
        </extensions>
      </trkpt>
      <trkpt lat="37.83539841135065" lon="112.00709491231329">
        <ele>1172.6</ele>
        <time>2026-07-02T00:31:55.929000Z</time>
        <extensions>
          <gpxtpx:TrackPointExtension>
            <gpxtpx:hr>141</gpxtpx:hr>
          </gpxtpx:TrackPointExtension>
        </extensions>
      </trkpt>
      <trkpt lat="37.8353745765186" lon="112.00703811571329">
        <ele>1172.6</ele>
        <time>2026-07-02T00:31:57.929000Z</time>
        <extensions>
          <gpxtpx:TrackPointExtension>
            <gpxtpx:hr>140</gpxtpx:hr>
          </gpxtpx:TrackPointExtension>
        </extensions>
      </trkpt>
      <trkpt lat="37.83534873548553" lon="112.00698331235984">
        <ele>1172.4</ele>
        <time>2026-07-02T00:31:59.929000Z</time>
        <extensions>
          <gpxtpx:TrackPointExtension>
            <gpxtpx:hr>140</gpxtpx:hr>
          </gpxtpx:TrackPointExtension>
        </extensions>
      </trkpt>
      <trkpt lat="37.83531788185369" lon="112.0069324955655">
        <ele>1172.4</ele>
        <time>2026-07-02T00:32:01.929000Z</time>
        <extensions>
          <gpxtpx:TrackPointExtension>
            <gpxtpx:hr>141</gpxtpx:hr>
          </gpxtpx:TrackPointExtension>
        </extensions>
      </trkpt>
      <trkpt lat="37.83527999158686" lon="112.00689363739374">
        <ele>1172.4</ele>
        <time>2026-07-02T00:32:03.929000Z</time>
        <extensions>
          <gpxtpx:TrackPointExtension>
            <gpxtpx:hr>141</gpxtpx:hr>
          </gpxtpx:TrackPointExtension>
        </extensions>
      </trkpt>
      <trkpt lat="37.8352360470338" lon="112.00687271657894">
        <ele>1172.4</ele>
        <time>2026-07-02T00:32:05.929000Z</time>
        <extensions>
          <gpxtpx:TrackPointExtension>
            <gpxtpx:hr>141</gpxtpx:hr>
          </gpxtpx:TrackPointExtension>
        </extensions>
      </trkpt>
      <trkpt lat="37.83518605411282" lon="112.00686774014697">
        <ele>1172.4</ele>
        <time>2026-07-02T00:32:07.929000Z</time>
        <extensions>
          <gpxtpx:TrackPointExtension>
            <gpxtpx:hr>141</gpxtpx:hr>
          </gpxtpx:TrackPointExtension>
        </extensions>
      </trkpt>
      <trkpt lat="37.835137028731566" lon="112.00687372486445">
        <ele>1172.3</ele>
        <time>2026-07-02T00:32:09.929000Z</time>
        <extensions>
          <gpxtpx:TrackPointExtension>
            <gpxtpx:hr>141</gpxtpx:hr>
          </gpxtpx:TrackPointExtension>
        </extensions>
      </trkpt>
      <trkpt lat="37.83508899757709" lon="112.00688170242145">
        <ele>1172.3</ele>
        <time>2026-07-02T00:32:11.929000Z</time>
        <extensions>
          <gpxtpx:TrackPointExtension>
            <gpxtpx:hr>141</gpxtpx:hr>
          </gpxtpx:TrackPointExtension>
        </extensions>
      </trkpt>
      <trkpt lat="37.83504295783972" lon="112.00689266917873">
        <ele>1172.3</ele>
        <time>2026-07-02T00:32:13.929000Z</time>
        <extensions>
          <gpxtpx:TrackPointExtension>
            <gpxtpx:hr>141</gpxtpx:hr>
          </gpxtpx:TrackPointExtension>
        </extensions>
      </trkpt>
      <trkpt lat="37.834997918259916" lon="112.0069036358185">
        <ele>1172.3</ele>
        <time>2026-07-02T00:32:15.929000Z</time>
        <extensions>
          <gpxtpx:TrackPointExtension>
            <gpxtpx:hr>141</gpxtpx:hr>
          </gpxtpx:TrackPointExtension>
        </extensions>
      </trkpt>
      <trkpt lat="37.83495287868283" lon="112.00691460246006">
        <ele>1172.3</ele>
        <time>2026-07-02T00:32:17.929000Z</time>
        <extensions>
          <gpxtpx:TrackPointExtension>
            <gpxtpx:hr>141</gpxtpx:hr>
          </gpxtpx:TrackPointExtension>
        </extensions>
      </trkpt>
      <trkpt lat="37.83490684191829" lon="112.00692457274286">
        <ele>1172.9</ele>
        <time>2026-07-02T00:32:19.929000Z</time>
        <extensions>
          <gpxtpx:TrackPointExtension>
            <gpxtpx:hr>141</gpxtpx:hr>
          </gpxtpx:TrackPointExtension>
        </extensions>
      </trkpt>
      <trkpt lat="37.83486180234655" lon="112.0069355393878">
        <ele>1172.9</ele>
        <time>2026-07-02T00:32:21.929000Z</time>
        <extensions>
          <gpxtpx:TrackPointExtension>
            <gpxtpx:hr>140</gpxtpx:hr>
          </gpxtpx:TrackPointExtension>
        </extensions>
      </trkpt>
      <trkpt lat="37.8348167687062" lon="112.00694451307439">
        <ele>1172.9</ele>
        <time>2026-07-02T00:32:23.929000Z</time>
        <extensions>
          <gpxtpx:TrackPointExtension>
            <gpxtpx:hr>140</gpxtpx:hr>
          </gpxtpx:TrackPointExtension>
        </extensions>
      </trkpt>
      <trkpt lat="37.834771743960886" lon="112.00695049732165">
        <ele>1172.9</ele>
        <time>2026-07-02T00:32:25.929000Z</time>
        <extensions>
          <gpxtpx:TrackPointExtension>
            <gpxtpx:hr>140</gpxtpx:hr>
          </gpxtpx:TrackPointExtension>
        </extensions>
      </trkpt>
      <trkpt lat="37.834725727955416" lon="112.00695349224807">
        <ele>1172.9</ele>
        <time>2026-07-02T00:32:27.929000Z</time>
        <extensions>
          <gpxtpx:TrackPointExtension>
            <gpxtpx:hr>139</gpxtpx:hr>
          </gpxtpx:TrackPointExtension>
        </extensions>
      </trkpt>
      <trkpt lat="37.834680726927246" lon="112.00695150465438">
        <ele>1173.3</ele>
        <time>2026-07-02T00:32:29.929000Z</time>
        <extensions>
          <gpxtpx:TrackPointExtension>
            <gpxtpx:hr>139</gpxtpx:hr>
          </gpxtpx:TrackPointExtension>
        </extensions>
      </trkpt>
      <trkpt lat="37.83463574368641" lon="112.00694353818015">
        <ele>1173.3</ele>
        <time>2026-07-02T00:32:31.929000Z</time>
        <extensions>
          <gpxtpx:TrackPointExtension>
            <gpxtpx:hr>138</gpxtpx:hr>
          </gpxtpx:TrackPointExtension>
        </extensions>
      </trkpt>
      <trkpt lat="37.83459076341211" lon="112.00693457522688">
        <ele>1173.3</ele>
        <time>2026-07-02T00:32:33.929000Z</time>
        <extensions>
          <gpxtpx:TrackPointExtension>
            <gpxtpx:hr>138</gpxtpx:hr>
          </gpxtpx:TrackPointExtension>
        </extensions>
      </trkpt>
      <trkpt lat="37.83454678033003" lon="112.00692660863525">
        <ele>1173.3</ele>
        <time>2026-07-02T00:32:35.929000Z</time>
        <extensions>
          <gpxtpx:TrackPointExtension>
            <gpxtpx:hr>138</gpxtpx:hr>
          </gpxtpx:TrackPointExtension>
        </extensions>
      </trkpt>
      <trkpt lat="37.83450279724997" lon="112.00691864204452">
        <ele>1173.3</ele>
        <time>2026-07-02T00:32:37.929000Z</time>
        <extensions>
          <gpxtpx:TrackPointExtension>
            <gpxtpx:hr>138</gpxtpx:hr>
          </gpxtpx:TrackPointExtension>
        </extensions>
      </trkpt>
      <trkpt lat="37.83445982025582" lon="112.00690868237625">
        <ele>1174.1</ele>
        <time>2026-07-02T00:32:39.929000Z</time>
        <extensions>
          <gpxtpx:TrackPointExtension>
            <gpxtpx:hr>138</gpxtpx:hr>
          </gpxtpx:TrackPointExtension>
        </extensions>
      </trkpt>
      <trkpt lat="37.83441585200426" lon="112.00689573339045">
        <ele>1174.1</ele>
        <time>2026-07-02T00:32:41.929000Z</time>
        <extensions>
          <gpxtpx:TrackPointExtension>
            <gpxtpx:hr>138</gpxtpx:hr>
          </gpxtpx:TrackPointExtension>
        </extensions>
      </trkpt>
      <trkpt lat="37.83437188968598" lon="112.00688079144864">
        <ele>1174.1</ele>
        <time>2026-07-02T00:32:43.929000Z</time>
        <extensions>
          <gpxtpx:TrackPointExtension>
            <gpxtpx:hr>138</gpxtpx:hr>
          </gpxtpx:TrackPointExtension>
        </extensions>
      </trkpt>
      <trkpt lat="37.83432693611289" lon="112.00686286019246">
        <ele>1174.1</ele>
        <time>2026-07-02T00:32:45.929000Z</time>
        <extensions>
          <gpxtpx:TrackPointExtension>
            <gpxtpx:hr>138</gpxtpx:hr>
          </gpxtpx:TrackPointExtension>
        </extensions>
      </trkpt>
      <trkpt lat="37.834282979733615" lon="112.00684592530023">
        <ele>1174.1</ele>
        <time>2026-07-02T00:32:47.929000Z</time>
        <extensions>
          <gpxtpx:TrackPointExtension>
            <gpxtpx:hr>138</gpxtpx:hr>
          </gpxtpx:TrackPointExtension>
        </extensions>
      </trkpt>
      <trkpt lat="37.834239023358855" lon="112.00682899041203">
        <ele>1174.9</ele>
        <time>2026-07-02T00:32:49.929000Z</time>
        <extensions>
          <gpxtpx:TrackPointExtension>
            <gpxtpx:hr>138</gpxtpx:hr>
          </gpxtpx:TrackPointExtension>
        </extensions>
      </trkpt>
      <trkpt lat="37.83419406386855" lon="112.00681305212531">
        <ele>1174.9</ele>
        <time>2026-07-02T00:32:51.929000Z</time>
        <extensions>
          <gpxtpx:TrackPointExtension>
            <gpxtpx:hr>139</gpxtpx:hr>
          </gpxtpx:TrackPointExtension>
        </extensions>
      </trkpt>
      <trkpt lat="37.8341501015707" lon="112.00679811020089">
        <ele>1174.9</ele>
        <time>2026-07-02T00:32:53.929000Z</time>
        <extensions>
          <gpxtpx:TrackPointExtension>
            <gpxtpx:hr>139</gpxtpx:hr>
          </gpxtpx:TrackPointExtension>
        </extensions>
      </trkpt>
      <trkpt lat="37.83410513912245" lon="112.00678316839885">
        <ele>1174.9</ele>
        <time>2026-07-02T00:32:55.929000Z</time>
        <extensions>
          <gpxtpx:TrackPointExtension>
            <gpxtpx:hr>139</gpxtpx:hr>
          </gpxtpx:TrackPointExtension>
        </extensions>
      </trkpt>
      <trkpt lat="37.83406017667806" lon="112.00676822659993">
        <ele>1174.9</ele>
        <time>2026-07-02T00:32:57.929000Z</time>
        <extensions>
          <gpxtpx:TrackPointExtension>
            <gpxtpx:hr>139</gpxtpx:hr>
          </gpxtpx:TrackPointExtension>
        </extensions>
      </trkpt>
      <trkpt lat="37.83401522017048" lon="112.00675129184944">
        <ele>1175.8</ele>
        <time>2026-07-02T00:32:59.929000Z</time>
        <extensions>
          <gpxtpx:TrackPointExtension>
            <gpxtpx:hr>139</gpxtpx:hr>
          </gpxtpx:TrackPointExtension>
        </extensions>
      </trkpt>
      <trkpt lat="37.83397026070078" lon="112.00673535358005">
        <ele>1175.8</ele>
        <time>2026-07-02T00:33:01.929000Z</time>
        <extensions>
          <gpxtpx:TrackPointExtension>
            <gpxtpx:hr>140</gpxtpx:hr>
          </gpxtpx:TrackPointExtension>
        </extensions>
      </trkpt>
      <trkpt lat="37.833928292797" lon="112.00672240438719">
        <ele>1175.8</ele>
        <time>2026-07-02T00:33:03.929000Z</time>
        <extensions>
          <gpxtpx:TrackPointExtension>
            <gpxtpx:hr>140</gpxtpx:hr>
          </gpxtpx:TrackPointExtension>
        </extensions>
      </trkpt>
      <trkpt lat="37.83388731911642" lon="112.00671144803091">
        <ele>1175.8</ele>
        <time>2026-07-02T00:33:05.929000Z</time>
        <extensions>
          <gpxtpx:TrackPointExtension>
            <gpxtpx:hr>140</gpxtpx:hr>
          </gpxtpx:TrackPointExtension>
        </extensions>
      </trkpt>
      <trkpt lat="37.833845348251366" lon="112.00669949531893">
        <ele>1175.8</ele>
        <time>2026-07-02T00:33:07.929000Z</time>
        <extensions>
          <gpxtpx:TrackPointExtension>
            <gpxtpx:hr>140</gpxtpx:hr>
          </gpxtpx:TrackPointExtension>
        </extensions>
      </trkpt>
      <trkpt lat="37.83380438051027" lon="112.00668654601326">
        <ele>1176.3</ele>
        <time>2026-07-02T00:33:09.929000Z</time>
        <extensions>
          <gpxtpx:TrackPointExtension>
            <gpxtpx:hr>140</gpxtpx:hr>
          </gpxtpx:TrackPointExtension>
        </extensions>
      </trkpt>
      <trkpt lat="37.833763412772164" lon="112.00667359670989">
        <ele>1176.3</ele>
        <time>2026-07-02T00:33:11.929000Z</time>
        <extensions>
          <gpxtpx:TrackPointExtension>
            <gpxtpx:hr>140</gpxtpx:hr>
          </gpxtpx:TrackPointExtension>
        </extensions>
      </trkpt>
      <trkpt lat="37.83372244206957" lon="112.00666164388493">
        <ele>1176.3</ele>
        <time>2026-07-02T00:33:13.929000Z</time>
        <extensions>
          <gpxtpx:TrackPointExtension>
            <gpxtpx:hr>140</gpxtpx:hr>
          </gpxtpx:TrackPointExtension>
        </extensions>
      </trkpt>
      <trkpt lat="37.83368048011867" lon="112.00664670175352">
        <ele>1176.3</ele>
        <time>2026-07-02T00:33:15.929000Z</time>
        <extensions>
          <gpxtpx:TrackPointExtension>
            <gpxtpx:hr>140</gpxtpx:hr>
          </gpxtpx:TrackPointExtension>
        </extensions>
      </trkpt>
      <trkpt lat="37.83363852410705" lon="112.00662976667395">
        <ele>1176.3</ele>
        <time>2026-07-02T00:33:17.929000Z</time>
        <extensions>
          <gpxtpx:TrackPointExtension>
            <gpxtpx:hr>141</gpxtpx:hr>
          </gpxtpx:TrackPointExtension>
        </extensions>
      </trkpt>
      <trkpt lat="37.83359457372815" lon="112.0066108388861">
        <ele>1177.6</ele>
        <time>2026-07-02T00:33:19.929000Z</time>
        <extensions>
          <gpxtpx:TrackPointExtension>
            <gpxtpx:hr>141</gpxtpx:hr>
          </gpxtpx:TrackPointExtension>
        </extensions>
      </trkpt>
      <trkpt lat="37.83354962023245" lon="112.00659290769755">
        <ele>1177.6</ele>
        <time>2026-07-02T00:33:21.929000Z</time>
        <extensions>
          <gpxtpx:TrackPointExtension>
            <gpxtpx:hr>141</gpxtpx:hr>
          </gpxtpx:TrackPointExtension>
        </extensions>
      </trkpt>
      <trkpt lat="37.833503669556315" lon="112.00657398015784">
        <ele>1177.6</ele>
        <time>2026-07-02T00:33:23.929000Z</time>
        <extensions>
          <gpxtpx:TrackPointExtension>
            <gpxtpx:hr>141</gpxtpx:hr>
          </gpxtpx:TrackPointExtension>
        </extensions>
      </trkpt>
      <trkpt lat="37.833457718885526" lon="112.00655505262309">
        <ele>1177.6</ele>
        <time>2026-07-02T00:33:25.929000Z</time>
        <extensions>
          <gpxtpx:TrackPointExtension>
            <gpxtpx:hr>141</gpxtpx:hr>
          </gpxtpx:TrackPointExtension>
        </extensions>
      </trkpt>
      <trkpt lat="37.83341276837382" lon="112.00653612497406">
        <ele>1177.6</ele>
        <time>2026-07-02T00:33:27.929000Z</time>
        <extensions>
          <gpxtpx:TrackPointExtension>
            <gpxtpx:hr>141</gpxtpx:hr>
          </gpxtpx:TrackPointExtension>
        </extensions>
      </trkpt>
      <trkpt lat="37.83336781489835" lon="112.00651819380403">
        <ele>1178.5</ele>
        <time>2026-07-02T00:33:29.929000Z</time>
        <extensions>
          <gpxtpx:TrackPointExtension>
            <gpxtpx:hr>141</gpxtpx:hr>
          </gpxtpx:TrackPointExtension>
        </extensions>
      </trkpt>
      <trkpt lat="37.83332185236645" lon="112.00650325217917">
        <ele>1178.5</ele>
        <time>2026-07-02T00:33:31.929000Z</time>
        <extensions>
          <gpxtpx:TrackPointExtension>
            <gpxtpx:hr>141</gpxtpx:hr>
          </gpxtpx:TrackPointExtension>
        </extensions>
      </trkpt>
      <trkpt lat="37.8332768870227" lon="112.0064893069118">
        <ele>1178.5</ele>
        <time>2026-07-02T00:33:33.929000Z</time>
        <extensions>
          <gpxtpx:TrackPointExtension>
            <gpxtpx:hr>141</gpxtpx:hr>
          </gpxtpx:TrackPointExtension>
        </extensions>
      </trkpt>
      <trkpt lat="37.83323292480554" lon="112.0064743650544">
        <ele>1178.5</ele>
        <time>2026-07-02T00:33:35.929000Z</time>
        <extensions>
          <gpxtpx:TrackPointExtension>
            <gpxtpx:hr>141</gpxtpx:hr>
          </gpxtpx:TrackPointExtension>
        </extensions>
      </trkpt>
      <trkpt lat="37.8331889655618" lon="112.0064584267268">
        <ele>1178.5</ele>
        <time>2026-07-02T00:33:37.929000Z</time>
        <extensions>
          <gpxtpx:TrackPointExtension>
            <gpxtpx:hr>140</gpxtpx:hr>
          </gpxtpx:TrackPointExtension>
        </extensions>
      </trkpt>
      <trkpt lat="37.83314701256895" lon="112.0064404952182">
        <ele>1179.2</ele>
        <time>2026-07-02T00:33:39.929000Z</time>
        <extensions>
          <gpxtpx:TrackPointExtension>
            <gpxtpx:hr>140</gpxtpx:hr>
          </gpxtpx:TrackPointExtension>
        </extensions>
      </trkpt>
      <trkpt lat="37.83310505067061" lon="112.00642555313232">
        <ele>1179.2</ele>
        <time>2026-07-02T00:33:41.929000Z</time>
        <extensions>
          <gpxtpx:TrackPointExtension>
            <gpxtpx:hr>141</gpxtpx:hr>
          </gpxtpx:TrackPointExtension>
        </extensions>
      </trkpt>
      <trkpt lat="37.8330630828355" lon="112.00641260399466">
        <ele>1179.2</ele>
        <time>2026-07-02T00:33:43.929000Z</time>
        <extensions>
          <gpxtpx:TrackPointExtension>
            <gpxtpx:hr>141</gpxtpx:hr>
          </gpxtpx:TrackPointExtension>
        </extensions>
      </trkpt>
      <trkpt lat="37.83302010890935" lon="112.00640164792341">
        <ele>1179.2</ele>
        <time>2026-07-02T00:33:45.929000Z</time>
        <extensions>
          <gpxtpx:TrackPointExtension>
            <gpxtpx:hr>141</gpxtpx:hr>
          </gpxtpx:TrackPointExtension>
        </extensions>
      </trkpt>
      <trkpt lat="37.83297714092662" lon="112.00638869890916">
        <ele>1179.2</ele>
        <time>2026-07-02T00:33:47.929000Z</time>
        <extensions>
          <gpxtpx:TrackPointExtension>
            <gpxtpx:hr>143</gpxtpx:hr>
          </gpxtpx:TrackPointExtension>
        </extensions>
      </trkpt>
      <trkpt lat="37.83293317873475" lon="112.00637375707224">
        <ele>1179.6</ele>
        <time>2026-07-02T00:33:49.929000Z</time>
        <extensions>
          <gpxtpx:TrackPointExtension>
            <gpxtpx:hr>143</gpxtpx:hr>
          </gpxtpx:TrackPointExtension>
        </extensions>
      </trkpt>
      <trkpt lat="37.8328892165466" lon="112.00635881523834">
        <ele>1179.6</ele>
        <time>2026-07-02T00:33:51.929000Z</time>
        <extensions>
          <gpxtpx:TrackPointExtension>
            <gpxtpx:hr>142</gpxtpx:hr>
          </gpxtpx:TrackPointExtension>
        </extensions>
      </trkpt>
      <trkpt lat="37.832844248267044" lon="112.00634586647006">
        <ele>1179.6</ele>
        <time>2026-07-02T00:33:53.929000Z</time>
        <extensions>
          <gpxtpx:TrackPointExtension>
            <gpxtpx:hr>142</gpxtpx:hr>
          </gpxtpx:TrackPointExtension>
        </extensions>
      </trkpt>
      <trkpt lat="37.83280128029726" lon="112.00633291746558">
        <ele>1179.6</ele>
        <time>2026-07-02T00:33:55.929000Z</time>
        <extensions>
          <gpxtpx:TrackPointExtension>
            <gpxtpx:hr>142</gpxtpx:hr>
          </gpxtpx:TrackPointExtension>
        </extensions>
      </trkpt>
      <trkpt lat="37.83275931545499" lon="112.00631897187283">
        <ele>1179.6</ele>
        <time>2026-07-02T00:33:57.929000Z</time>
        <extensions>
          <gpxtpx:TrackPointExtension>
            <gpxtpx:hr>142</gpxtpx:hr>
          </gpxtpx:TrackPointExtension>
        </extensions>
      </trkpt>
      <trkpt lat="37.83271736250144" lon="112.00630104039826">
        <ele>1180.0</ele>
        <time>2026-07-02T00:33:59.929000Z</time>
        <extensions>
          <gpxtpx:TrackPointExtension>
            <gpxtpx:hr>142</gpxtpx:hr>
          </gpxtpx:TrackPointExtension>
        </extensions>
      </trkpt>
      <trkpt lat="37.832674412370906" lon="112.00628211257641">
        <ele>1180.0</ele>
        <time>2026-07-02T00:34:01.929000Z</time>
        <extensions>
          <gpxtpx:TrackPointExtension>
            <gpxtpx:hr>143</gpxtpx:hr>
          </gpxtpx:TrackPointExtension>
        </extensions>
      </trkpt>
      <trkpt lat="37.83262946491089" lon="112.00626218852732">
        <ele>1180.0</ele>
        <time>2026-07-02T00:34:03.929000Z</time>
        <extensions>
          <gpxtpx:TrackPointExtension>
            <gpxtpx:hr>143</gpxtpx:hr>
          </gpxtpx:TrackPointExtension>
        </extensions>
      </trkpt>
      <trkpt lat="37.832585517609644" lon="112.00624226436436">
        <ele>1180.0</ele>
        <time>2026-07-02T00:34:05.929000Z</time>
        <extensions>
          <gpxtpx:TrackPointExtension>
            <gpxtpx:hr>143</gpxtpx:hr>
          </gpxtpx:TrackPointExtension>
        </extensions>
      </trkpt>
      <trkpt lat="37.832539567035525" lon="112.00622333691523">
        <ele>1180.0</ele>
        <time>2026-07-02T00:34:07.929000Z</time>
        <extensions>
          <gpxtpx:TrackPointExtension>
            <gpxtpx:hr>141</gpxtpx:hr>
          </gpxtpx:TrackPointExtension>
        </extensions>
      </trkpt>
      <trkpt lat="37.83249361646667" lon="112.00620440947093">
        <ele>1180.1</ele>
        <time>2026-07-02T00:34:09.929000Z</time>
        <extensions>
          <gpxtpx:TrackPointExtension>
            <gpxtpx:hr>141</gpxtpx:hr>
          </gpxtpx:TrackPointExtension>
        </extensions>
      </trkpt>
      <trkpt lat="37.83244666277742" lon="112.00618647862015">
        <ele>1180.1</ele>
        <time>2026-07-02T00:34:11.929000Z</time>
        <extensions>
          <gpxtpx:TrackPointExtension>
            <gpxtpx:hr>140</gpxtpx:hr>
          </gpxtpx:TrackPointExtension>
        </extensions>
      </trkpt>
      <trkpt lat="37.83239969720206" lon="112.00617253365095">
        <ele>1180.1</ele>
        <time>2026-07-02T00:34:13.929000Z</time>
        <extensions>
          <gpxtpx:TrackPointExtension>
            <gpxtpx:hr>140</gpxtpx:hr>
          </gpxtpx:TrackPointExtension>
        </extensions>
      </trkpt>
      <trkpt lat="37.83235172255867" lon="112.00616157821105">
        <ele>1180.1</ele>
        <time>2026-07-02T00:34:15.929000Z</time>
        <extensions>
          <gpxtpx:TrackPointExtension>
            <gpxtpx:hr>140</gpxtpx:hr>
          </gpxtpx:TrackPointExtension>
        </extensions>
      </trkpt>
      <trkpt lat="37.832303738999265" lon="112.00615361217992">
        <ele>1180.1</ele>
        <time>2026-07-02T00:34:17.929000Z</time>
        <extensions>
          <gpxtpx:TrackPointExtension>
            <gpxtpx:hr>140</gpxtpx:hr>
          </gpxtpx:TrackPointExtension>
        </extensions>
      </trkpt>
      <trkpt lat="37.83225375810931" lon="112.00614464991905">
        <ele>1180.2</ele>
        <time>2026-07-02T00:34:19.929000Z</time>
        <extensions>
          <gpxtpx:TrackPointExtension>
            <gpxtpx:hr>140</gpxtpx:hr>
          </gpxtpx:TrackPointExtension>
        </extensions>
      </trkpt>
      <trkpt lat="37.832204777374805" lon="112.00613568754002">
        <ele>1180.2</ele>
        <time>2026-07-02T00:34:21.929000Z</time>
        <extensions>
          <gpxtpx:TrackPointExtension>
            <gpxtpx:hr>139</gpxtpx:hr>
          </gpxtpx:TrackPointExtension>
        </extensions>
      </trkpt>
      <trkpt lat="37.83215578772318" lon="112.00612971456827">
        <ele>1180.2</ele>
        <time>2026-07-02T00:34:23.929000Z</time>
        <extensions>
          <gpxtpx:TrackPointExtension>
            <gpxtpx:hr>139</gpxtpx:hr>
          </gpxtpx:TrackPointExtension>
        </extensions>
      </trkpt>
      <trkpt lat="37.832106786180645" lon="112.00612772747182">
        <ele>1180.2</ele>
        <time>2026-07-02T00:34:25.929000Z</time>
        <extensions>
          <gpxtpx:TrackPointExtension>
            <gpxtpx:hr>139</gpxtpx:hr>
          </gpxtpx:TrackPointExtension>
        </extensions>
      </trkpt>
      <trkpt lat="37.83205877587294" lon="112.00612872966241">
        <ele>1180.2</ele>
        <time>2026-07-02T00:34:27.929000Z</time>
        <extensions>
          <gpxtpx:TrackPointExtension>
            <gpxtpx:hr>140</gpxtpx:hr>
          </gpxtpx:TrackPointExtension>
        </extensions>
      </trkpt>
      <trkpt lat="37.83201076259363" lon="112.00613072832178">
        <ele>1180.5</ele>
        <time>2026-07-02T00:34:29.929000Z</time>
        <extensions>
          <gpxtpx:TrackPointExtension>
            <gpxtpx:hr>140</gpxtpx:hr>
          </gpxtpx:TrackPointExtension>
        </extensions>
      </trkpt>
      <trkpt lat="37.83196374352238" lon="112.00613471979968">
        <ele>1180.5</ele>
        <time>2026-07-02T00:34:31.929000Z</time>
        <extensions>
          <gpxtpx:TrackPointExtension>
            <gpxtpx:hr>140</gpxtpx:hr>
          </gpxtpx:TrackPointExtension>
        </extensions>
      </trkpt>
      <trkpt lat="37.83191572727323" lon="112.00613771492809">
        <ele>1180.5</ele>
        <time>2026-07-02T00:34:33.929000Z</time>
        <extensions>
          <gpxtpx:TrackPointExtension>
            <gpxtpx:hr>140</gpxtpx:hr>
          </gpxtpx:TrackPointExtension>
        </extensions>
      </trkpt>
      <trkpt lat="37.83186671384618" lon="112.00613971370692">
        <ele>1180.5</ele>
        <time>2026-07-02T00:34:35.929000Z</time>
        <extensions>
          <gpxtpx:TrackPointExtension>
            <gpxtpx:hr>140</gpxtpx:hr>
          </gpxtpx:TrackPointExtension>
        </extensions>
      </trkpt>
      <trkpt lat="37.83181570606175" lon="112.00613971978633">
        <ele>1180.5</ele>
        <time>2026-07-02T00:34:37.929000Z</time>
        <extensions>
          <gpxtpx:TrackPointExtension>
            <gpxtpx:hr>140</gpxtpx:hr>
          </gpxtpx:TrackPointExtension>
        </extensions>
      </trkpt>
      <trkpt lat="37.8317656954586" lon="112.00614072221546">
        <ele>1180.7</ele>
        <time>2026-07-02T00:34:39.929000Z</time>
        <extensions>
          <gpxtpx:TrackPointExtension>
            <gpxtpx:hr>140</gpxtpx:hr>
          </gpxtpx:TrackPointExtension>
        </extensions>
      </trkpt>
      <trkpt lat="37.83171468470464" lon="112.0061417247638">
        <ele>1180.7</ele>
        <time>2026-07-02T00:34:41.929000Z</time>
        <extensions>
          <gpxtpx:TrackPointExtension>
            <gpxtpx:hr>140</gpxtpx:hr>
          </gpxtpx:TrackPointExtension>
        </extensions>
      </trkpt>
      <trkpt lat="37.83166567723057" lon="112.00614173060477">
        <ele>1180.7</ele>
        <time>2026-07-02T00:34:43.929000Z</time>
        <extensions>
          <gpxtpx:TrackPointExtension>
            <gpxtpx:hr>140</gpxtpx:hr>
          </gpxtpx:TrackPointExtension>
        </extensions>
      </trkpt>
      <trkpt lat="37.83161566663262" lon="112.00614273303391">
        <ele>1180.7</ele>
        <time>2026-07-02T00:34:45.929000Z</time>
        <extensions>
          <gpxtpx:TrackPointExtension>
            <gpxtpx:hr>140</gpxtpx:hr>
          </gpxtpx:TrackPointExtension>
        </extensions>
      </trkpt>
      <trkpt lat="37.83156465291091" lon="112.00614473205124">
        <ele>1180.7</ele>
        <time>2026-07-02T00:34:47.929000Z</time>
        <extensions>
          <gpxtpx:TrackPointExtension>
            <gpxtpx:hr>140</gpxtpx:hr>
          </gpxtpx:TrackPointExtension>
        </extensions>
      </trkpt>
      <trkpt lat="37.83151363919103" lon="112.00614673106861">
        <ele>1181.1</ele>
        <time>2026-07-02T00:34:49.929000Z</time>
        <extensions>
          <gpxtpx:TrackPointExtension>
            <gpxtpx:hr>140</gpxtpx:hr>
          </gpxtpx:TrackPointExtension>
        </extensions>
      </trkpt>
      <trkpt lat="37.831462625472994" lon="112.00614873008605">
        <ele>1181.1</ele>
        <time>2026-07-02T00:34:51.929000Z</time>
        <extensions>
          <gpxtpx:TrackPointExtension>
            <gpxtpx:hr>140</gpxtpx:hr>
          </gpxtpx:TrackPointExtension>
        </extensions>
      </trkpt>
      <trkpt lat="37.83141361206148" lon="112.00615072886512">
        <ele>1181.1</ele>
        <time>2026-07-02T00:34:53.929000Z</time>
        <extensions>
          <gpxtpx:TrackPointExtension>
            <gpxtpx:hr>140</gpxtpx:hr>
          </gpxtpx:TrackPointExtension>
        </extensions>
      </trkpt>
      <trkpt lat="37.83136459567871" lon="112.00615372411336">
        <ele>1181.1</ele>
        <time>2026-07-02T00:34:55.929000Z</time>
        <extensions>
          <gpxtpx:TrackPointExtension>
            <gpxtpx:hr>140</gpxtpx:hr>
          </gpxtpx:TrackPointExtension>
        </extensions>
      </trkpt>
      <trkpt lat="37.831316576477064" lon="112.00615771571172">
        <ele>1181.1</ele>
        <time>2026-07-02T00:34:57.929000Z</time>
        <extensions>
          <gpxtpx:TrackPointExtension>
            <gpxtpx:hr>141</gpxtpx:hr>
          </gpxtpx:TrackPointExtension>
        </extensions>
      </trkpt>
      <trkpt lat="37.831268566195796" lon="112.00615871790262">
        <ele>1181.7</ele>
        <time>2026-07-02T00:34:59.929000Z</time>
        <extensions>
          <gpxtpx:TrackPointExtension>
            <gpxtpx:hr>141</gpxtpx:hr>
          </gpxtpx:TrackPointExtension>
        </extensions>
      </trkpt>
      <trkpt lat="37.831220555916126" lon="112.00615972009355">
        <ele>1181.7</ele>
        <time>2026-07-02T00:35:01.929000Z</time>
        <extensions>
          <gpxtpx:TrackPointExtension>
            <gpxtpx:hr>141</gpxtpx:hr>
          </gpxtpx:TrackPointExtension>
        </extensions>
      </trkpt>
      <trkpt lat="37.83117254266519" lon="112.00616171875372">
        <ele>1181.7</ele>
        <time>2026-07-02T00:35:03.929000Z</time>
        <extensions>
          <gpxtpx:TrackPointExtension>
            <gpxtpx:hr>141</gpxtpx:hr>
          </gpxtpx:TrackPointExtension>
        </extensions>
      </trkpt>
      <trkpt lat="37.83112352926376" lon="112.00616371753311">
        <ele>1181.7</ele>
        <time>2026-07-02T00:35:05.929000Z</time>
        <extensions>
          <gpxtpx:TrackPointExtension>
            <gpxtpx:hr>141</gpxtpx:hr>
          </gpxtpx:TrackPointExtension>
        </extensions>
      </trkpt>
      <trkpt lat="37.831074509918416" lon="112.00616770925123">
        <ele>1181.7</ele>
        <time>2026-07-02T00:35:07.929000Z</time>
        <extensions>
          <gpxtpx:TrackPointExtension>
            <gpxtpx:hr>141</gpxtpx:hr>
          </gpxtpx:TrackPointExtension>
        </extensions>
      </trkpt>
      <trkpt lat="37.831025496520425" lon="112.0061697080308">
        <ele>1182.1</ele>
        <time>2026-07-02T00:35:09.929000Z</time>
        <extensions>
          <gpxtpx:TrackPointExtension>
            <gpxtpx:hr>141</gpxtpx:hr>
          </gpxtpx:TrackPointExtension>
        </extensions>
      </trkpt>
      <trkpt lat="37.83097548891761" lon="112.00616971399087">
        <ele>1182.1</ele>
        <time>2026-07-02T00:35:11.929000Z</time>
        <extensions>
          <gpxtpx:TrackPointExtension>
            <gpxtpx:hr>141</gpxtpx:hr>
          </gpxtpx:TrackPointExtension>
        </extensions>
      </trkpt>
      <trkpt lat="37.83092748162054" lon="112.00616971971253">
        <ele>1182.1</ele>
        <time>2026-07-02T00:35:13.929000Z</time>
        <extensions>
          <gpxtpx:TrackPointExtension>
            <gpxtpx:hr>141</gpxtpx:hr>
          </gpxtpx:TrackPointExtension>
        </extensions>
      </trkpt>
      <trkpt lat="37.830878468227574" lon="112.00617171849214">
        <ele>1182.1</ele>
        <time>2026-07-02T00:35:15.929000Z</time>
        <extensions>
          <gpxtpx:TrackPointExtension>
            <gpxtpx:hr>141</gpxtpx:hr>
          </gpxtpx:TrackPointExtension>
        </extensions>
      </trkpt>
      <trkpt lat="37.83083045201552" lon="112.00617471362203">
        <ele>1182.1</ele>
        <time>2026-07-02T00:35:17.929000Z</time>
        <extensions>
          <gpxtpx:TrackPointExtension>
            <gpxtpx:hr>140</gpxtpx:hr>
          </gpxtpx:TrackPointExtension>
        </extensions>
      </trkpt>
      <trkpt lat="37.83078243283247" lon="112.00617870522156">
        <ele>1182.7</ele>
        <time>2026-07-02T00:35:19.929000Z</time>
        <extensions>
          <gpxtpx:TrackPointExtension>
            <gpxtpx:hr>140</gpxtpx:hr>
          </gpxtpx:TrackPointExtension>
        </extensions>
      </trkpt>
      <trkpt lat="37.830734413651186" lon="112.0061826968213">
        <ele>1182.7</ele>
        <time>2026-07-02T00:35:21.929000Z</time>
        <extensions>
          <gpxtpx:TrackPointExtension>
            <gpxtpx:hr>140</gpxtpx:hr>
          </gpxtpx:TrackPointExtension>
        </extensions>
      </trkpt>
      <trkpt lat="37.83068839180276" lon="112.00618768465247">
        <ele>1182.7</ele>
        <time>2026-07-02T00:35:23.929000Z</time>
        <extensions>
          <gpxtpx:TrackPointExtension>
            <gpxtpx:hr>139</gpxtpx:hr>
          </gpxtpx:TrackPointExtension>
        </extensions>
      </trkpt>
      <trkpt lat="37.83064137574934" lon="112.00619067966383">
        <ele>1182.7</ele>
        <time>2026-07-02T00:35:25.929000Z</time>
        <extensions>
          <gpxtpx:TrackPointExtension>
            <gpxtpx:hr>139</gpxtpx:hr>
          </gpxtpx:TrackPointExtension>
        </extensions>
      </trkpt>
      <trkpt lat="37.830595362821825" lon="112.0061926780864">
        <ele>1182.7</ele>
        <time>2026-07-02T00:35:27.929000Z</time>
        <extensions>
          <gpxtpx:TrackPointExtension>
            <gpxtpx:hr>138</gpxtpx:hr>
          </gpxtpx:TrackPointExtension>
        </extensions>
      </trkpt>
      <trkpt lat="37.83054735256486" lon="112.00619368027775">
        <ele>1183.3</ele>
        <time>2026-07-02T00:35:29.929000Z</time>
        <extensions>
          <gpxtpx:TrackPointExtension>
            <gpxtpx:hr>138</gpxtpx:hr>
          </gpxtpx:TrackPointExtension>
        </extensions>
      </trkpt>
      <trkpt lat="37.830500339488694" lon="112.0061956788196">
        <ele>1183.3</ele>
        <time>2026-07-02T00:35:31.929000Z</time>
        <extensions>
          <gpxtpx:TrackPointExtension>
            <gpxtpx:hr>138</gpxtpx:hr>
          </gpxtpx:TrackPointExtension>
        </extensions>
      </trkpt>
      <trkpt lat="37.83045333533159" lon="112.00619468795226">
        <ele>1183.3</ele>
        <time>2026-07-02T00:35:33.929000Z</time>
        <extensions>
          <gpxtpx:TrackPointExtension>
            <gpxtpx:hr>139</gpxtpx:hr>
          </gpxtpx:TrackPointExtension>
        </extensions>
      </trkpt>
      <trkpt lat="37.83040933460349" lon="112.0061927002576">
        <ele>1183.3</ele>
        <time>2026-07-02T00:35:35.929000Z</time>
        <extensions>
          <gpxtpx:TrackPointExtension>
            <gpxtpx:hr>139</gpxtpx:hr>
          </gpxtpx:TrackPointExtension>
        </extensions>
      </trkpt>
      <trkpt lat="37.83036433967027" lon="112.00618871974285">
        <ele>1183.3</ele>
        <time>2026-07-02T00:35:37.929000Z</time>
        <extensions>
          <gpxtpx:TrackPointExtension>
            <gpxtpx:hr>139</gpxtpx:hr>
          </gpxtpx:TrackPointExtension>
        </extensions>
      </trkpt>
      <trkpt lat="37.830319344738626" lon="112.00618473922827">
        <ele>1184.5</ele>
        <time>2026-07-02T00:35:39.929000Z</time>
        <extensions>
          <gpxtpx:TrackPointExtension>
            <gpxtpx:hr>139</gpxtpx:hr>
          </gpxtpx:TrackPointExtension>
        </extensions>
      </trkpt>
      <trkpt lat="37.830275349960104" lon="112.0061807585947">
        <ele>1184.5</ele>
        <time>2026-07-02T00:35:41.929000Z</time>
        <extensions>
          <gpxtpx:TrackPointExtension>
            <gpxtpx:hr>139</gpxtpx:hr>
          </gpxtpx:TrackPointExtension>
        </extensions>
      </trkpt>
      <trkpt lat="37.83023135221041" lon="112.00617777443082">
        <ele>1184.5</ele>
        <time>2026-07-02T00:35:43.929000Z</time>
        <extensions>
          <gpxtpx:TrackPointExtension>
            <gpxtpx:hr>139</gpxtpx:hr>
          </gpxtpx:TrackPointExtension>
        </extensions>
      </trkpt>
      <trkpt lat="37.83018935179243" lon="112.00617578649812">
        <ele>1184.5</ele>
        <time>2026-07-02T00:35:45.929000Z</time>
        <extensions>
          <gpxtpx:TrackPointExtension>
            <gpxtpx:hr>139</gpxtpx:hr>
          </gpxtpx:TrackPointExtension>
        </extensions>
      </trkpt>
      <trkpt lat="37.83014734840299" lon="112.00617479503492">
        <ele>1184.5</ele>
        <time>2026-07-02T00:35:47.929000Z</time>
        <extensions>
          <gpxtpx:TrackPointExtension>
            <gpxtpx:hr>140</gpxtpx:hr>
          </gpxtpx:TrackPointExtension>
        </extensions>
      </trkpt>
      <trkpt lat="37.83010534798751" lon="112.00617280710227">
        <ele>1186.1</ele>
        <time>2026-07-02T00:35:49.929000Z</time>
        <extensions>
          <gpxtpx:TrackPointExtension>
            <gpxtpx:hr>140</gpxtpx:hr>
          </gpxtpx:TrackPointExtension>
        </extensions>
      </trkpt>
      <trkpt lat="37.83006234742191" lon="112.00617081928885">
        <ele>1186.1</ele>
        <time>2026-07-02T00:35:51.929000Z</time>
        <extensions>
          <gpxtpx:TrackPointExtension>
            <gpxtpx:hr>140</gpxtpx:hr>
          </gpxtpx:TrackPointExtension>
        </extensions>
      </trkpt>
      <trkpt lat="37.83001934388484" lon="112.00616982794487">
        <ele>1186.1</ele>
        <time>2026-07-02T00:35:53.929000Z</time>
        <extensions>
          <gpxtpx:TrackPointExtension>
            <gpxtpx:hr>141</gpxtpx:hr>
          </gpxtpx:TrackPointExtension>
        </extensions>
      </trkpt>
      <trkpt lat="37.82997633440353" lon="112.00617082953973">
        <ele>1186.1</ele>
        <time>2026-07-02T00:35:55.929000Z</time>
        <extensions>
          <gpxtpx:TrackPointExtension>
            <gpxtpx:hr>141</gpxtpx:hr>
          </gpxtpx:TrackPointExtension>
        </extensions>
      </trkpt>
      <trkpt lat="37.829933321950776" lon="112.00617282760406">
        <ele>1186.1</ele>
        <time>2026-07-02T00:35:57.929000Z</time>
        <extensions>
          <gpxtpx:TrackPointExtension>
            <gpxtpx:hr>143</gpxtpx:hr>
          </gpxtpx:TrackPointExtension>
        </extensions>
      </trkpt>
      <trkpt lat="37.82989030949935" lon="112.00617482566842">
        <ele>1187.5</ele>
        <time>2026-07-02T00:35:59.929000Z</time>
        <extensions>
          <gpxtpx:TrackPointExtension>
            <gpxtpx:hr>143</gpxtpx:hr>
          </gpxtpx:TrackPointExtension>
        </extensions>
      </trkpt>
      <trkpt lat="37.82984629689799" lon="112.00617682385204">
        <ele>1187.5</ele>
        <time>2026-07-02T00:36:01.929000Z</time>
        <extensions>
          <gpxtpx:TrackPointExtension>
            <gpxtpx:hr>143</gpxtpx:hr>
          </gpxtpx:TrackPointExtension>
        </extensions>
      </trkpt>
      <trkpt lat="37.82980328147657" lon="112.00617981838607">
        <ele>1187.5</ele>
        <time>2026-07-02T00:36:03.929000Z</time>
        <extensions>
          <gpxtpx:TrackPointExtension>
            <gpxtpx:hr>146</gpxtpx:hr>
          </gpxtpx:TrackPointExtension>
        </extensions>
      </trkpt>
      <trkpt lat="37.82975926887798" lon="112.00618181656982">
        <ele>1187.5</ele>
        <time>2026-07-02T00:36:05.929000Z</time>
        <extensions>
          <gpxtpx:TrackPointExtension>
            <gpxtpx:hr>146</gpxtpx:hr>
          </gpxtpx:TrackPointExtension>
        </extensions>
      </trkpt>
      <trkpt lat="37.829715256280785" lon="112.00618381475363">
        <ele>1187.5</ele>
        <time>2026-07-02T00:36:07.929000Z</time>
        <extensions>
          <gpxtpx:TrackPointExtension>
            <gpxtpx:hr>148</gpxtpx:hr>
          </gpxtpx:TrackPointExtension>
        </extensions>
      </trkpt>
      <trkpt lat="37.82967024650644" lon="112.00618481658704">
        <ele>1188.5</ele>
        <time>2026-07-02T00:36:09.929000Z</time>
        <extensions>
          <gpxtpx:TrackPointExtension>
            <gpxtpx:hr>148</gpxtpx:hr>
          </gpxtpx:TrackPointExtension>
        </extensions>
      </trkpt>
      <trkpt lat="37.82962623688462" lon="112.00618581830126">
        <ele>1188.5</ele>
        <time>2026-07-02T00:36:11.929000Z</time>
        <extensions>
          <gpxtpx:TrackPointExtension>
            <gpxtpx:hr>148</gpxtpx:hr>
          </gpxtpx:TrackPointExtension>
        </extensions>
      </trkpt>
      <trkpt lat="37.82958222726416" lon="112.00618682001549">
        <ele>1188.5</ele>
        <time>2026-07-02T00:36:13.929000Z</time>
        <extensions>
          <gpxtpx:TrackPointExtension>
            <gpxtpx:hr>148</gpxtpx:hr>
          </gpxtpx:TrackPointExtension>
        </extensions>
      </trkpt>
      <trkpt lat="37.829537217494014" lon="112.00618782184894">
        <ele>1188.5</ele>
        <time>2026-07-02T00:36:15.929000Z</time>
        <extensions>
          <gpxtpx:TrackPointExtension>
            <gpxtpx:hr>148</gpxtpx:hr>
          </gpxtpx:TrackPointExtension>
        </extensions>
      </trkpt>
      <trkpt lat="37.82949421099989" lon="112.0061878269743">
        <ele>1188.5</ele>
        <time>2026-07-02T00:36:17.929000Z</time>
        <extensions>
          <gpxtpx:TrackPointExtension>
            <gpxtpx:hr>149</gpxtpx:hr>
          </gpxtpx:TrackPointExtension>
        </extensions>
      </trkpt>
      <trkpt lat="37.82944920123252" lon="112.00618882880774">
        <ele>1189.7</ele>
        <time>2026-07-02T00:36:19.929000Z</time>
        <extensions>
          <gpxtpx:TrackPointExtension>
            <gpxtpx:hr>149</gpxtpx:hr>
          </gpxtpx:TrackPointExtension>
        </extensions>
      </trkpt>
      <trkpt lat="37.82940519459007" lon="112.00618883405228">
        <ele>1189.7</ele>
        <time>2026-07-02T00:36:21.929000Z</time>
        <extensions>
          <gpxtpx:TrackPointExtension>
            <gpxtpx:hr>148</gpxtpx:hr>
          </gpxtpx:TrackPointExtension>
        </extensions>
      </trkpt>
      <trkpt lat="37.82935918467459" lon="112.0061898360049">
        <ele>1189.7</ele>
        <time>2026-07-02T00:36:23.929000Z</time>
        <extensions>
          <gpxtpx:TrackPointExtension>
            <gpxtpx:hr>148</gpxtpx:hr>
          </gpxtpx:TrackPointExtension>
        </extensions>
      </trkpt>
      <trkpt lat="37.8293061737044" lon="112.0061908387919">
        <ele>1189.7</ele>
        <time>2026-07-02T00:36:25.929000Z</time>
        <extensions>
          <gpxtpx:TrackPointExtension>
            <gpxtpx:hr>148</gpxtpx:hr>
          </gpxtpx:TrackPointExtension>
        </extensions>
      </trkpt>
      <trkpt lat="37.82925216555789" lon="112.00619084522833">
        <ele>1190.6</ele>
        <time>2026-07-02T00:36:28.929000Z</time>
        <extensions>
          <gpxtpx:TrackPointExtension>
            <gpxtpx:hr>148</gpxtpx:hr>
          </gpxtpx:TrackPointExtension>
        </extensions>
      </trkpt>
      <trkpt lat="37.82919916053677" lon="112.00618985507585">
        <ele>1190.6</ele>
        <time>2026-07-02T00:36:30.929000Z</time>
        <extensions>
          <gpxtpx:TrackPointExtension>
            <gpxtpx:hr>148</gpxtpx:hr>
          </gpxtpx:TrackPointExtension>
        </extensions>
      </trkpt>
      <trkpt lat="37.829154153751226" lon="112.00618986043952">
        <ele>1190.6</ele>
        <time>2026-07-02T00:36:32.929000Z</time>
        <extensions>
          <gpxtpx:TrackPointExtension>
            <gpxtpx:hr>147</gpxtpx:hr>
          </gpxtpx:TrackPointExtension>
        </extensions>
      </trkpt>
      <trkpt lat="37.82910814087125" lon="112.00619185886185">
        <ele>1190.6</ele>
        <time>2026-07-02T00:36:34.929000Z</time>
        <extensions>
          <gpxtpx:TrackPointExtension>
            <gpxtpx:hr>147</gpxtpx:hr>
          </gpxtpx:TrackPointExtension>
        </extensions>
      </trkpt>
      <trkpt lat="37.82906112784209" lon="112.00619385740346">
        <ele>1190.6</ele>
        <time>2026-07-02T00:36:36.929000Z</time>
        <extensions>
          <gpxtpx:TrackPointExtension>
            <gpxtpx:hr>147</gpxtpx:hr>
          </gpxtpx:TrackPointExtension>
        </extensions>
      </trkpt>
      <trkpt lat="37.82901311169134" lon="112.0061968525341">
        <ele>1191.0</ele>
        <time>2026-07-02T00:36:38.929000Z</time>
        <extensions>
          <gpxtpx:TrackPointExtension>
            <gpxtpx:hr>147</gpxtpx:hr>
          </gpxtpx:TrackPointExtension>
        </extensions>
      </trkpt>
      <trkpt lat="37.828966095692934" lon="112.0061998475457">
        <ele>1191.0</ele>
        <time>2026-07-02T00:36:40.929000Z</time>
        <extensions>
          <gpxtpx:TrackPointExtension>
            <gpxtpx:hr>147</gpxtpx:hr>
          </gpxtpx:TrackPointExtension>
        </extensions>
      </trkpt>
      <trkpt lat="37.828919076723764" lon="112.00620383902732">
        <ele>1191.0</ele>
        <time>2026-07-02T00:36:42.929000Z</time>
        <extensions>
          <gpxtpx:TrackPointExtension>
            <gpxtpx:hr>147</gpxtpx:hr>
          </gpxtpx:TrackPointExtension>
        </extensions>
      </trkpt>
      <trkpt lat="37.82887205775629" lon="112.0062078305092">
        <ele>1191.0</ele>
        <time>2026-07-02T00:36:44.929000Z</time>
        <extensions>
          <gpxtpx:TrackPointExtension>
            <gpxtpx:hr>147</gpxtpx:hr>
          </gpxtpx:TrackPointExtension>
        </extensions>
      </trkpt>
      <trkpt lat="37.828827042063956" lon="112.00621082528286">
        <ele>1191.0</ele>
        <time>2026-07-02T00:36:46.929000Z</time>
        <extensions>
          <gpxtpx:TrackPointExtension>
            <gpxtpx:hr>146</gpxtpx:hr>
          </gpxtpx:TrackPointExtension>
        </extensions>
      </trkpt>
      <trkpt lat="37.828782023400834" lon="112.00621481652672">
        <ele>1191.4</ele>
        <time>2026-07-02T00:36:48.929000Z</time>
        <extensions>
          <gpxtpx:TrackPointExtension>
            <gpxtpx:hr>146</gpxtpx:hr>
          </gpxtpx:TrackPointExtension>
        </extensions>
      </trkpt>
      <trkpt lat="37.82873700771155" lon="112.00621781130069">
        <ele>1191.4</ele>
        <time>2026-07-02T00:36:50.929000Z</time>
        <extensions>
          <gpxtpx:TrackPointExtension>
            <gpxtpx:hr>146</gpxtpx:hr>
          </gpxtpx:TrackPointExtension>
        </extensions>
      </trkpt>
      <trkpt lat="37.82869199499602" lon="112.0062198096046">
        <ele>1191.4</ele>
        <time>2026-07-02T00:36:52.929000Z</time>
        <extensions>
          <gpxtpx:TrackPointExtension>
            <gpxtpx:hr>147</gpxtpx:hr>
          </gpxtpx:TrackPointExtension>
        </extensions>
      </trkpt>
      <trkpt lat="37.828646982281946" lon="112.00622180790859">
        <ele>1191.4</ele>
        <time>2026-07-02T00:36:54.929000Z</time>
        <extensions>
          <gpxtpx:TrackPointExtension>
            <gpxtpx:hr>147</gpxtpx:hr>
          </gpxtpx:TrackPointExtension>
        </extensions>
      </trkpt>
      <trkpt lat="37.828602972691925" lon="112.00622280962321">
        <ele>1191.4</ele>
        <time>2026-07-02T00:36:56.929000Z</time>
        <extensions>
          <gpxtpx:TrackPointExtension>
            <gpxtpx:hr>146</gpxtpx:hr>
          </gpxtpx:TrackPointExtension>
        </extensions>
      </trkpt>
      <trkpt lat="37.828558963103276" lon="112.00622381133783">
        <ele>1192.2</ele>
        <time>2026-07-02T00:36:58.929000Z</time>
        <extensions>
          <gpxtpx:TrackPointExtension>
            <gpxtpx:hr>146</gpxtpx:hr>
          </gpxtpx:TrackPointExtension>
        </extensions>
      </trkpt>
      <trkpt lat="37.828514953515985" lon="112.00622481305247">
        <ele>1192.2</ele>
        <time>2026-07-02T00:37:00.929000Z</time>
        <extensions>
          <gpxtpx:TrackPointExtension>
            <gpxtpx:hr>146</gpxtpx:hr>
          </gpxtpx:TrackPointExtension>
        </extensions>
      </trkpt>
      <trkpt lat="37.828472941258475" lon="112.006226810999">
        <ele>1192.2</ele>
        <time>2026-07-02T00:37:02.929000Z</time>
        <extensions>
          <gpxtpx:TrackPointExtension>
            <gpxtpx:hr>145</gpxtpx:hr>
          </gpxtpx:TrackPointExtension>
        </extensions>
      </trkpt>
      <trkpt lat="37.828429925879846" lon="112.00622980553506">
        <ele>1192.2</ele>
        <time>2026-07-02T00:37:04.929000Z</time>
        <extensions>
          <gpxtpx:TrackPointExtension>
            <gpxtpx:hr>145</gpxtpx:hr>
          </gpxtpx:TrackPointExtension>
        </extensions>
      </trkpt>
      <trkpt lat="37.82838690455841" lon="112.00623479301198">
        <ele>1192.2</ele>
        <time>2026-07-02T00:37:06.929000Z</time>
        <extensions>
          <gpxtpx:TrackPointExtension>
            <gpxtpx:hr>144</gpxtpx:hr>
          </gpxtpx:TrackPointExtension>
        </extensions>
      </trkpt>
      <trkpt lat="37.828342886060355" lon="112.006238784138">
        <ele>1193.2</ele>
        <time>2026-07-02T00:37:08.929000Z</time>
        <extensions>
          <gpxtpx:TrackPointExtension>
            <gpxtpx:hr>144</gpxtpx:hr>
          </gpxtpx:TrackPointExtension>
        </extensions>
      </trkpt>
      <trkpt lat="37.82829886756383" lon="112.00624277526425">
        <ele>1193.2</ele>
        <time>2026-07-02T00:37:10.929000Z</time>
        <extensions>
          <gpxtpx:TrackPointExtension>
            <gpxtpx:hr>144</gpxtpx:hr>
          </gpxtpx:TrackPointExtension>
        </extensions>
      </trkpt>
      <trkpt lat="37.82825484609688" lon="112.00624776286128">
        <ele>1193.2</ele>
        <time>2026-07-02T00:37:12.929000Z</time>
        <extensions>
          <gpxtpx:TrackPointExtension>
            <gpxtpx:hr>144</gpxtpx:hr>
          </gpxtpx:TrackPointExtension>
        </extensions>
      </trkpt>
      <trkpt lat="37.82821081571592" lon="112.00625573987062">
        <ele>1193.2</ele>
        <time>2026-07-02T00:37:14.929000Z</time>
        <extensions>
          <gpxtpx:TrackPointExtension>
            <gpxtpx:hr>144</gpxtpx:hr>
          </gpxtpx:TrackPointExtension>
        </extensions>
      </trkpt>
      <trkpt lat="37.82816678533699" lon="112.00626371688087">
        <ele>1193.2</ele>
        <time>2026-07-02T00:37:16.929000Z</time>
        <extensions>
          <gpxtpx:TrackPointExtension>
            <gpxtpx:hr>143</gpxtpx:hr>
          </gpxtpx:TrackPointExtension>
        </extensions>
      </trkpt>
      <trkpt lat="37.8281227579318" lon="112.00627069742112">
        <ele>1194.2</ele>
        <time>2026-07-02T00:37:18.929000Z</time>
        <extensions>
          <gpxtpx:TrackPointExtension>
            <gpxtpx:hr>143</gpxtpx:hr>
          </gpxtpx:TrackPointExtension>
        </extensions>
      </trkpt>
      <trkpt lat="37.8280777333501" lon="112.00627668161027">
        <ele>1194.2</ele>
        <time>2026-07-02T00:37:20.929000Z</time>
        <extensions>
          <gpxtpx:TrackPointExtension>
            <gpxtpx:hr>143</gpxtpx:hr>
          </gpxtpx:TrackPointExtension>
        </extensions>
      </trkpt>
      <trkpt lat="37.828032708770195" lon="112.00628266579993">
        <ele>1194.2</ele>
        <time>2026-07-02T00:37:22.929000Z</time>
        <extensions>
          <gpxtpx:TrackPointExtension>
            <gpxtpx:hr>144</gpxtpx:hr>
          </gpxtpx:TrackPointExtension>
        </extensions>
      </trkpt>
      <trkpt lat="37.82798768716362" lon="112.00628765351898">
        <ele>1194.2</ele>
        <time>2026-07-02T00:37:24.929000Z</time>
        <extensions>
          <gpxtpx:TrackPointExtension>
            <gpxtpx:hr>144</gpxtpx:hr>
          </gpxtpx:TrackPointExtension>
        </extensions>
      </trkpt>
      <trkpt lat="37.82794267150168" lon="112.00629064829603">
        <ele>1194.2</ele>
        <time>2026-07-02T00:37:26.929000Z</time>
        <extensions>
          <gpxtpx:TrackPointExtension>
            <gpxtpx:hr>144</gpxtpx:hr>
          </gpxtpx:TrackPointExtension>
        </extensions>
      </trkpt>
      <trkpt lat="37.827898655991156" lon="112.006293642954">
        <ele>1195.3</ele>
        <time>2026-07-02T00:37:28.929000Z</time>
        <extensions>
          <gpxtpx:TrackPointExtension>
            <gpxtpx:hr>144</gpxtpx:hr>
          </gpxtpx:TrackPointExtension>
        </extensions>
      </trkpt>
      <trkpt lat="37.82785364033223" lon="112.0062966377313">
        <ele>1195.3</ele>
        <time>2026-07-02T00:37:30.929000Z</time>
        <extensions>
          <gpxtpx:TrackPointExtension>
            <gpxtpx:hr>144</gpxtpx:hr>
          </gpxtpx:TrackPointExtension>
        </extensions>
      </trkpt>
      <trkpt lat="37.827809618881886" lon="112.00630162533216">
        <ele>1195.3</ele>
        <time>2026-07-02T00:37:32.929000Z</time>
        <extensions>
          <gpxtpx:TrackPointExtension>
            <gpxtpx:hr>145</gpxtpx:hr>
          </gpxtpx:TrackPointExtension>
        </extensions>
      </trkpt>
      <trkpt lat="37.82776459134074" lon="112.00630860599536">
        <ele>1195.3</ele>
        <time>2026-07-02T00:37:34.929000Z</time>
        <extensions>
          <gpxtpx:TrackPointExtension>
            <gpxtpx:hr>145</gpxtpx:hr>
          </gpxtpx:TrackPointExtension>
        </extensions>
      </trkpt>
      <trkpt lat="37.82771956380154" lon="112.00631558665926">
        <ele>1195.3</ele>
        <time>2026-07-02T00:37:36.929000Z</time>
        <extensions>
          <gpxtpx:TrackPointExtension>
            <gpxtpx:hr>146</gpxtpx:hr>
          </gpxtpx:TrackPointExtension>
        </extensions>
      </trkpt>
      <trkpt lat="37.82767453923543" lon="112.00632157085224">
        <ele>1196.1</ele>
        <time>2026-07-02T00:37:38.929000Z</time>
        <extensions>
          <gpxtpx:TrackPointExtension>
            <gpxtpx:hr>146</gpxtpx:hr>
          </gpxtpx:TrackPointExtension>
        </extensions>
      </trkpt>
      <trkpt lat="37.82762951764224" lon="112.00632655857405">
        <ele>1196.1</ele>
        <time>2026-07-02T00:37:40.929000Z</time>
        <extensions>
          <gpxtpx:TrackPointExtension>
            <gpxtpx:hr>146</gpxtpx:hr>
          </gpxtpx:TrackPointExtension>
        </extensions>
      </trkpt>
      <trkpt lat="37.827584493079684" lon="112.00633254276796">
        <ele>1196.1</ele>
        <time>2026-07-02T00:37:42.929000Z</time>
        <extensions>
          <gpxtpx:TrackPointExtension>
            <gpxtpx:hr>146</gpxtpx:hr>
          </gpxtpx:TrackPointExtension>
        </extensions>
      </trkpt>
      <trkpt lat="37.82753947148993" lon="112.00633753049055">
        <ele>1196.1</ele>
        <time>2026-07-02T00:37:44.929000Z</time>
        <extensions>
          <gpxtpx:TrackPointExtension>
            <gpxtpx:hr>146</gpxtpx:hr>
          </gpxtpx:TrackPointExtension>
        </extensions>
      </trkpt>
      <trkpt lat="37.827494449901856" lon="112.0063425182135">
        <ele>1196.1</ele>
        <time>2026-07-02T00:37:46.929000Z</time>
        <extensions>
          <gpxtpx:TrackPointExtension>
            <gpxtpx:hr>146</gpxtpx:hr>
          </gpxtpx:TrackPointExtension>
        </extensions>
      </trkpt>
      <trkpt lat="37.827450428465056" lon="112.00634750581762">
        <ele>1197.2</ele>
        <time>2026-07-02T00:37:48.929000Z</time>
        <extensions>
          <gpxtpx:TrackPointExtension>
            <gpxtpx:hr>146</gpxtpx:hr>
          </gpxtpx:TrackPointExtension>
        </extensions>
      </trkpt>
      <trkpt lat="37.82740740717944" lon="112.0063524933029">
        <ele>1197.2</ele>
        <time>2026-07-02T00:37:50.929000Z</time>
        <extensions>
          <gpxtpx:TrackPointExtension>
            <gpxtpx:hr>146</gpxtpx:hr>
          </gpxtpx:TrackPointExtension>
        </extensions>
      </trkpt>
      <trkpt lat="37.82736338574587" lon="112.00635748090772">
        <ele>1197.2</ele>
        <time>2026-07-02T00:37:52.929000Z</time>
        <extensions>
          <gpxtpx:TrackPointExtension>
            <gpxtpx:hr>145</gpxtpx:hr>
          </gpxtpx:TrackPointExtension>
        </extensions>
      </trkpt>
      <trkpt lat="37.82731936431392" lon="112.00636246851289">
        <ele>1197.2</ele>
        <time>2026-07-02T00:37:54.929000Z</time>
        <extensions>
          <gpxtpx:TrackPointExtension>
            <gpxtpx:hr>145</gpxtpx:hr>
          </gpxtpx:TrackPointExtension>
        </extensions>
      </trkpt>
      <trkpt lat="37.82727634303308" lon="112.00636745599923">
        <ele>1197.2</ele>
        <time>2026-07-02T00:37:56.929000Z</time>
        <extensions>
          <gpxtpx:TrackPointExtension>
            <gpxtpx:hr>145</gpxtpx:hr>
          </gpxtpx:TrackPointExtension>
        </extensions>
      </trkpt>
      <trkpt lat="37.827233321753795" lon="112.00637244348593">
        <ele>1198.2</ele>
        <time>2026-07-02T00:37:58.929000Z</time>
        <extensions>
          <gpxtpx:TrackPointExtension>
            <gpxtpx:hr>145</gpxtpx:hr>
          </gpxtpx:TrackPointExtension>
        </extensions>
      </trkpt>
      <trkpt lat="37.827192300774875" lon="112.0063774307346">
        <ele>1198.2</ele>
        <time>2026-07-02T00:38:00.929000Z</time>
        <extensions>
          <gpxtpx:TrackPointExtension>
            <gpxtpx:hr>145</gpxtpx:hr>
          </gpxtpx:TrackPointExtension>
        </extensions>
      </trkpt>
      <trkpt lat="37.82715128276793" lon="112.00638142151116">
        <ele>1198.2</ele>
        <time>2026-07-02T00:38:02.929000Z</time>
        <extensions>
          <gpxtpx:TrackPointExtension>
            <gpxtpx:hr>143</gpxtpx:hr>
          </gpxtpx:TrackPointExtension>
        </extensions>
      </trkpt>
      <trkpt lat="37.82711026476233" lon="112.00638541228797">
        <ele>1198.2</ele>
        <time>2026-07-02T00:38:04.929000Z</time>
        <extensions>
          <gpxtpx:TrackPointExtension>
            <gpxtpx:hr>143</gpxtpx:hr>
          </gpxtpx:TrackPointExtension>
        </extensions>
      </trkpt>
      <trkpt lat="37.82706925269899" lon="112.00638741011987">
        <ele>1198.2</ele>
        <time>2026-07-02T00:38:06.929000Z</time>
        <extensions>
          <gpxtpx:TrackPointExtension>
            <gpxtpx:hr>144</gpxtpx:hr>
          </gpxtpx:TrackPointExtension>
        </extensions>
      </trkpt>
      <trkpt lat="37.82702923781572" lon="112.00639040430522">
        <ele>1199.1</ele>
        <time>2026-07-02T00:38:08.929000Z</time>
        <extensions>
          <gpxtpx:TrackPointExtension>
            <gpxtpx:hr>144</gpxtpx:hr>
          </gpxtpx:TrackPointExtension>
        </extensions>
      </trkpt>
      <trkpt lat="37.826989225904086" lon="112.00639240201808">
        <ele>1199.1</ele>
        <time>2026-07-02T00:38:10.929000Z</time>
        <extensions>
          <gpxtpx:TrackPointExtension>
            <gpxtpx:hr>144</gpxtpx:hr>
          </gpxtpx:TrackPointExtension>
        </extensions>
      </trkpt>
      <trkpt lat="37.826949213993615" lon="112.00639439973098">
        <ele>1199.1</ele>
        <time>2026-07-02T00:38:12.929000Z</time>
        <extensions>
          <gpxtpx:TrackPointExtension>
            <gpxtpx:hr>145</gpxtpx:hr>
          </gpxtpx:TrackPointExtension>
        </extensions>
      </trkpt>
      <trkpt lat="37.82690920505468" lon="112.00639540097127">
        <ele>1199.1</ele>
        <time>2026-07-02T00:38:14.929000Z</time>
        <extensions>
          <gpxtpx:TrackPointExtension>
            <gpxtpx:hr>145</gpxtpx:hr>
          </gpxtpx:TrackPointExtension>
        </extensions>
      </trkpt>
      <trkpt lat="37.82686919611689" lon="112.00639640221159">
        <ele>1199.1</ele>
        <time>2026-07-02T00:38:16.929000Z</time>
        <extensions>
          <gpxtpx:TrackPointExtension>
            <gpxtpx:hr>145</gpxtpx:hr>
          </gpxtpx:TrackPointExtension>
        </extensions>
      </trkpt>
      <trkpt lat="37.82682818703109" lon="112.0063974035711">
        <ele>1200.3</ele>
        <time>2026-07-02T00:38:18.929000Z</time>
        <extensions>
          <gpxtpx:TrackPointExtension>
            <gpxtpx:hr>145</gpxtpx:hr>
          </gpxtpx:TrackPointExtension>
        </extensions>
      </trkpt>
      <trkpt lat="37.82678817215495" lon="112.00640039775686">
        <ele>1200.3</ele>
        <time>2026-07-02T00:38:20.929000Z</time>
        <extensions>
          <gpxtpx:TrackPointExtension>
            <gpxtpx:hr>145</gpxtpx:hr>
          </gpxtpx:TrackPointExtension>
        </extensions>
      </trkpt>
      <trkpt lat="37.82674615104131" lon="112.00640538512673">
        <ele>1200.3</ele>
        <time>2026-07-02T00:38:22.929000Z</time>
        <extensions>
          <gpxtpx:TrackPointExtension>
            <gpxtpx:hr>144</gpxtpx:hr>
          </gpxtpx:TrackPointExtension>
        </extensions>
      </trkpt>
      <trkpt lat="37.82670313275035" lon="112.00640937614327">
        <ele>1200.3</ele>
        <time>2026-07-02T00:38:24.929000Z</time>
        <extensions>
          <gpxtpx:TrackPointExtension>
            <gpxtpx:hr>144</gpxtpx:hr>
          </gpxtpx:TrackPointExtension>
        </extensions>
      </trkpt>
      <trkpt lat="37.82666111460989" lon="112.00641336704085">
        <ele>1200.3</ele>
        <time>2026-07-02T00:38:26.929000Z</time>
        <extensions>
          <gpxtpx:TrackPointExtension>
            <gpxtpx:hr>144</gpxtpx:hr>
          </gpxtpx:TrackPointExtension>
        </extensions>
      </trkpt>
      <trkpt lat="37.82661909647084" lon="112.00641735793864">
        <ele>1201.1</ele>
        <time>2026-07-02T00:38:28.929000Z</time>
        <extensions>
          <gpxtpx:TrackPointExtension>
            <gpxtpx:hr>144</gpxtpx:hr>
          </gpxtpx:TrackPointExtension>
        </extensions>
      </trkpt>
      <trkpt lat="37.826578078482186" lon="112.0064213487175">
        <ele>1201.1</ele>
        <time>2026-07-02T00:38:30.929000Z</time>
        <extensions>
          <gpxtpx:TrackPointExtension>
            <gpxtpx:hr>144</gpxtpx:hr>
          </gpxtpx:TrackPointExtension>
        </extensions>
      </trkpt>
      <trkpt lat="37.82653705455481" lon="112.00642733244278">
        <ele>1201.1</ele>
        <time>2026-07-02T00:38:32.929000Z</time>
        <extensions>
          <gpxtpx:TrackPointExtension>
            <gpxtpx:hr>144</gpxtpx:hr>
          </gpxtpx:TrackPointExtension>
        </extensions>
      </trkpt>
      <trkpt lat="37.82649502454019" lon="112.00643530923422">
        <ele>1201.1</ele>
        <time>2026-07-02T00:38:34.929000Z</time>
        <extensions>
          <gpxtpx:TrackPointExtension>
            <gpxtpx:hr>144</gpxtpx:hr>
          </gpxtpx:TrackPointExtension>
        </extensions>
      </trkpt>
      <trkpt lat="37.82645198249929" lon="112.00644727203925">
        <ele>1201.1</ele>
        <time>2026-07-02T00:38:36.929000Z</time>
        <extensions>
          <gpxtpx:TrackPointExtension>
            <gpxtpx:hr>144</gpxtpx:hr>
          </gpxtpx:TrackPointExtension>
        </extensions>
      </trkpt>
      <trkpt lat="37.82640893749157" lon="112.0064602313199">
        <ele>1202.2</ele>
        <time>2026-07-02T00:38:38.929000Z</time>
        <extensions>
          <gpxtpx:TrackPointExtension>
            <gpxtpx:hr>143</gpxtpx:hr>
          </gpxtpx:TrackPointExtension>
        </extensions>
      </trkpt>
      <trkpt lat="37.826366886696746" lon="112.00647518343132">
        <ele>1202.2</ele>
        <time>2026-07-02T00:38:40.929000Z</time>
        <extensions>
          <gpxtpx:TrackPointExtension>
            <gpxtpx:hr>143</gpxtpx:hr>
          </gpxtpx:TrackPointExtension>
        </extensions>
      </trkpt>
      <trkpt lat="37.826322835608025" lon="112.00649013578428">
        <ele>1202.2</ele>
        <time>2026-07-02T00:38:42.929000Z</time>
        <extensions>
          <gpxtpx:TrackPointExtension>
            <gpxtpx:hr>144</gpxtpx:hr>
          </gpxtpx:TrackPointExtension>
        </extensions>
      </trkpt>
      <trkpt lat="37.82628079372822" lon="112.00650209847946">
        <ele>1202.2</ele>
        <time>2026-07-02T00:38:44.929000Z</time>
        <extensions>
          <gpxtpx:TrackPointExtension>
            <gpxtpx:hr>144</gpxtpx:hr>
          </gpxtpx:TrackPointExtension>
        </extensions>
      </trkpt>
      <trkpt lat="37.826236760461086" lon="112.00651107199211">
        <ele>1202.2</ele>
        <time>2026-07-02T00:38:46.929000Z</time>
        <extensions>
          <gpxtpx:TrackPointExtension>
            <gpxtpx:hr>144</gpxtpx:hr>
          </gpxtpx:TrackPointExtension>
        </extensions>
      </trkpt>
      <trkpt lat="37.82619373922109" lon="112.00651605948912">
        <ele>1203.3</ele>
        <time>2026-07-02T00:38:48.929000Z</time>
        <extensions>
          <gpxtpx:TrackPointExtension>
            <gpxtpx:hr>144</gpxtpx:hr>
          </gpxtpx:TrackPointExtension>
        </extensions>
      </trkpt>
      <trkpt lat="37.826148726592436" lon="112.00651805780159">
        <ele>1203.3</ele>
        <time>2026-07-02T00:38:50.929000Z</time>
        <extensions>
          <gpxtpx:TrackPointExtension>
            <gpxtpx:hr>144</gpxtpx:hr>
          </gpxtpx:TrackPointExtension>
        </extensions>
      </trkpt>
      <trkpt lat="37.826102716785655" lon="112.00651905975887">
        <ele>1203.3</ele>
        <time>2026-07-02T00:38:52.929000Z</time>
        <extensions>
          <gpxtpx:TrackPointExtension>
            <gpxtpx:hr>145</gpxtpx:hr>
          </gpxtpx:TrackPointExtension>
        </extensions>
      </trkpt>
      <trkpt lat="37.82605670401137" lon="112.00652105819061">
        <ele>1203.3</ele>
        <time>2026-07-02T00:38:54.929000Z</time>
        <extensions>
          <gpxtpx:TrackPointExtension>
            <gpxtpx:hr>145</gpxtpx:hr>
          </gpxtpx:TrackPointExtension>
        </extensions>
      </trkpt>
      <trkpt lat="37.826011691387194" lon="112.00652305650321">
        <ele>1203.3</ele>
        <time>2026-07-02T00:38:56.929000Z</time>
        <extensions>
          <gpxtpx:TrackPointExtension>
            <gpxtpx:hr>145</gpxtpx:hr>
          </gpxtpx:TrackPointExtension>
        </extensions>
      </trkpt>
      <trkpt lat="37.82596668767145" lon="112.0065220653924">
        <ele>1204.3</ele>
        <time>2026-07-02T00:38:58.929000Z</time>
        <extensions>
          <gpxtpx:TrackPointExtension>
            <gpxtpx:hr>145</gpxtpx:hr>
          </gpxtpx:TrackPointExtension>
        </extensions>
      </trkpt>
      <trkpt lat="37.82592168989522" lon="112.0065190813327">
        <ele>1204.3</ele>
        <time>2026-07-02T00:39:00.929000Z</time>
        <extensions>
          <gpxtpx:TrackPointExtension>
            <gpxtpx:hr>145</gpxtpx:hr>
          </gpxtpx:TrackPointExtension>
        </extensions>
      </trkpt>
      <trkpt lat="37.82587669508958" lon="112.00651510079872">
        <ele>1204.3</ele>
        <time>2026-07-02T00:39:02.929000Z</time>
        <extensions>
          <gpxtpx:TrackPointExtension>
            <gpxtpx:hr>146</gpxtpx:hr>
          </gpxtpx:TrackPointExtension>
        </extensions>
      </trkpt>
      <trkpt lat="37.82583170028556" lon="112.00651112026493">
        <ele>1204.3</ele>
        <time>2026-07-02T00:39:04.929000Z</time>
        <extensions>
          <gpxtpx:TrackPointExtension>
            <gpxtpx:hr>146</gpxtpx:hr>
          </gpxtpx:TrackPointExtension>
        </extensions>
      </trkpt>
      <trkpt lat="37.825785702365586" lon="112.00650813632481">
        <ele>1204.3</ele>
        <time>2026-07-02T00:39:06.929000Z</time>
        <extensions>
          <gpxtpx:TrackPointExtension>
            <gpxtpx:hr>146</gpxtpx:hr>
          </gpxtpx:TrackPointExtension>
        </extensions>
      </trkpt>
      <trkpt lat="37.825739701478014" lon="112.00650614885902">
        <ele>1204.9</ele>
        <time>2026-07-02T00:39:08.929000Z</time>
        <extensions>
          <gpxtpx:TrackPointExtension>
            <gpxtpx:hr>146</gpxtpx:hr>
          </gpxtpx:TrackPointExtension>
        </extensions>
      </trkpt>
      <trkpt lat="37.82569369465362" lon="112.00650615434178">
        <ele>1204.9</ele>
        <time>2026-07-02T00:39:10.929000Z</time>
        <extensions>
          <gpxtpx:TrackPointExtension>
            <gpxtpx:hr>146</gpxtpx:hr>
          </gpxtpx:TrackPointExtension>
        </extensions>
      </trkpt>
      <trkpt lat="37.82564768783073" lon="112.00650615982451">
        <ele>1204.9</ele>
        <time>2026-07-02T00:39:12.929000Z</time>
        <extensions>
          <gpxtpx:TrackPointExtension>
            <gpxtpx:hr>146</gpxtpx:hr>
          </gpxtpx:TrackPointExtension>
        </extensions>
      </trkpt>
      <trkpt lat="37.825603681305886" lon="112.00650616506886">
        <ele>1204.9</ele>
        <time>2026-07-02T00:39:14.929000Z</time>
        <extensions>
          <gpxtpx:TrackPointExtension>
            <gpxtpx:hr>146</gpxtpx:hr>
          </gpxtpx:TrackPointExtension>
        </extensions>
      </trkpt>
      <trkpt lat="37.82555867463417" lon="112.00650617043239">
        <ele>1204.9</ele>
        <time>2026-07-02T00:39:16.929000Z</time>
        <extensions>
          <gpxtpx:TrackPointExtension>
            <gpxtpx:hr>146</gpxtpx:hr>
          </gpxtpx:TrackPointExtension>
        </extensions>
      </trkpt>
      <trkpt lat="37.82551467701969" lon="112.00650318625398">
        <ele>1205.8</ele>
        <time>2026-07-02T00:39:18.929000Z</time>
        <extensions>
          <gpxtpx:TrackPointExtension>
            <gpxtpx:hr>147</gpxtpx:hr>
          </gpxtpx:TrackPointExtension>
        </extensions>
      </trkpt>
      <trkpt lat="37.82546868801809" lon="112.00649721289156">
        <ele>1205.8</ele>
        <time>2026-07-02T00:39:20.929000Z</time>
        <extensions>
          <gpxtpx:TrackPointExtension>
            <gpxtpx:hr>147</gpxtpx:hr>
          </gpxtpx:TrackPointExtension>
        </extensions>
      </trkpt>
      <trkpt lat="37.82542170183958" lon="112.00649024317471">
        <ele>1205.8</ele>
        <time>2026-07-02T00:39:22.929000Z</time>
        <extensions>
          <gpxtpx:TrackPointExtension>
            <gpxtpx:hr>147</gpxtpx:hr>
          </gpxtpx:TrackPointExtension>
        </extensions>
      </trkpt>
      <trkpt lat="37.82537372442338" lon="112.0064802841559">
        <ele>1205.8</ele>
        <time>2026-07-02T00:39:24.929000Z</time>
        <extensions>
          <gpxtpx:TrackPointExtension>
            <gpxtpx:hr>147</gpxtpx:hr>
          </gpxtpx:TrackPointExtension>
        </extensions>
      </trkpt>
      <trkpt lat="37.82532574700989" lon="112.00647032513842">
        <ele>1205.8</ele>
        <time>2026-07-02T00:39:26.929000Z</time>
        <extensions>
          <gpxtpx:TrackPointExtension>
            <gpxtpx:hr>147</gpxtpx:hr>
          </gpxtpx:TrackPointExtension>
        </extensions>
      </trkpt>
      <trkpt lat="37.82527677242076" lon="112.00645936976782">
        <ele>1206.1</ele>
        <time>2026-07-02T00:39:28.929000Z</time>
        <extensions>
          <gpxtpx:TrackPointExtension>
            <gpxtpx:hr>146</gpxtpx:hr>
          </gpxtpx:TrackPointExtension>
        </extensions>
      </trkpt>
      <trkpt lat="37.82522879798264" lon="112.00644841427965">
        <ele>1206.1</ele>
        <time>2026-07-02T00:39:30.929000Z</time>
        <extensions>
          <gpxtpx:TrackPointExtension>
            <gpxtpx:hr>146</gpxtpx:hr>
          </gpxtpx:TrackPointExtension>
        </extensions>
      </trkpt>
      <trkpt lat="37.825180823547456" lon="112.00643745879309">
        <ele>1206.1</ele>
        <time>2026-07-02T00:39:32.929000Z</time>
        <extensions>
          <gpxtpx:TrackPointExtension>
            <gpxtpx:hr>146</gpxtpx:hr>
          </gpxtpx:TrackPointExtension>
        </extensions>
      </trkpt>
      <trkpt lat="37.82513484347104" lon="112.00642849601616">
        <ele>1206.1</ele>
        <time>2026-07-02T00:39:34.929000Z</time>
        <extensions>
          <gpxtpx:TrackPointExtension>
            <gpxtpx:hr>146</gpxtpx:hr>
          </gpxtpx:TrackPointExtension>
        </extensions>
      </trkpt>
      <trkpt lat="37.8250898605748" lon="112.00642052959421">
        <ele>1206.1</ele>
        <time>2026-07-02T00:39:36.929000Z</time>
        <extensions>
          <gpxtpx:TrackPointExtension>
            <gpxtpx:hr>146</gpxtpx:hr>
          </gpxtpx:TrackPointExtension>
        </extensions>
      </trkpt>
      <trkpt lat="37.82504487768069" lon="112.00641256317309">
        <ele>1206.6</ele>
        <time>2026-07-02T00:39:38.929000Z</time>
        <extensions>
          <gpxtpx:TrackPointExtension>
            <gpxtpx:hr>146</gpxtpx:hr>
          </gpxtpx:TrackPointExtension>
        </extensions>
      </trkpt>
      <trkpt lat="37.82500089790684" lon="112.00640360016077">
        <ele>1206.6</ele>
        <time>2026-07-02T00:39:40.929000Z</time>
        <extensions>
          <gpxtpx:TrackPointExtension>
            <gpxtpx:hr>146</gpxtpx:hr>
          </gpxtpx:TrackPointExtension>
        </extensions>
      </trkpt>
      <trkpt lat="37.824955912046676" lon="112.0063966302142">
        <ele>1206.6</ele>
        <time>2026-07-02T00:39:42.929000Z</time>
        <extensions>
          <gpxtpx:TrackPointExtension>
            <gpxtpx:hr>145</gpxtpx:hr>
          </gpxtpx:TrackPointExtension>
        </extensions>
      </trkpt>
      <trkpt lat="37.82491092618847" lon="112.00638966026827">
        <ele>1206.6</ele>
        <time>2026-07-02T00:39:44.929000Z</time>
        <extensions>
          <gpxtpx:TrackPointExtension>
            <gpxtpx:hr>145</gpxtpx:hr>
          </gpxtpx:TrackPointExtension>
        </extensions>
      </trkpt>
      <trkpt lat="37.82486494018449" lon="112.00638269044215">
        <ele>1206.6</ele>
        <time>2026-07-02T00:39:46.929000Z</time>
        <extensions>
          <gpxtpx:TrackPointExtension>
            <gpxtpx:hr>145</gpxtpx:hr>
          </gpxtpx:TrackPointExtension>
        </extensions>
      </trkpt>
      <trkpt lat="37.82481896012372" lon="112.00637372767173">
        <ele>1208.0</ele>
        <time>2026-07-02T00:39:48.929000Z</time>
        <extensions>
          <gpxtpx:TrackPointExtension>
            <gpxtpx:hr>145</gpxtpx:hr>
          </gpxtpx:TrackPointExtension>
        </extensions>
      </trkpt>
      <trkpt lat="37.824773983183725" lon="112.00636376831086">
        <ele>1208.0</ele>
        <time>2026-07-02T00:39:50.929000Z</time>
        <extensions>
          <gpxtpx:TrackPointExtension>
            <gpxtpx:hr>145</gpxtpx:hr>
          </gpxtpx:TrackPointExtension>
        </extensions>
      </trkpt>
      <trkpt lat="37.82472800609859" lon="112.00635380907049">
        <ele>1208.0</ele>
        <time>2026-07-02T00:39:52.929000Z</time>
        <extensions>
          <gpxtpx:TrackPointExtension>
            <gpxtpx:hr>145</gpxtpx:hr>
          </gpxtpx:TrackPointExtension>
        </extensions>
      </trkpt>
      <trkpt lat="37.82468102292657" lon="112.00634584289476">
        <ele>1208.0</ele>
        <time>2026-07-02T00:39:54.929000Z</time>
        <extensions>
          <gpxtpx:TrackPointExtension>
            <gpxtpx:hr>145</gpxtpx:hr>
          </gpxtpx:TrackPointExtension>
        </extensions>
      </trkpt>
      <trkpt lat="37.82463504287539" lon="112.00633688012871">
        <ele>1208.0</ele>
        <time>2026-07-02T00:39:56.929000Z</time>
        <extensions>
          <gpxtpx:TrackPointExtension>
            <gpxtpx:hr>145</gpxtpx:hr>
          </gpxtpx:TrackPointExtension>
        </extensions>
      </trkpt>
      <trkpt lat="37.824588062679034" lon="112.0063279174829">
        <ele>1208.7</ele>
        <time>2026-07-02T00:39:58.929000Z</time>
        <extensions>
          <gpxtpx:TrackPointExtension>
            <gpxtpx:hr>145</gpxtpx:hr>
          </gpxtpx:TrackPointExtension>
        </extensions>
      </trkpt>
      <trkpt lat="37.82454208560383" lon="112.00631795824728">
        <ele>1208.7</ele>
        <time>2026-07-02T00:40:00.929000Z</time>
        <extensions>
          <gpxtpx:TrackPointExtension>
            <gpxtpx:hr>145</gpxtpx:hr>
          </gpxtpx:TrackPointExtension>
        </extensions>
      </trkpt>
      <trkpt lat="37.82449510541241" lon="112.00630899560372">
        <ele>1208.7</ele>
        <time>2026-07-02T00:40:02.929000Z</time>
        <extensions>
          <gpxtpx:TrackPointExtension>
            <gpxtpx:hr>145</gpxtpx:hr>
          </gpxtpx:TrackPointExtension>
        </extensions>
      </trkpt>
      <trkpt lat="37.82444812522343" lon="112.0063000329612">
        <ele>1208.7</ele>
        <time>2026-07-02T00:40:04.929000Z</time>
        <extensions>
          <gpxtpx:TrackPointExtension>
            <gpxtpx:hr>145</gpxtpx:hr>
          </gpxtpx:TrackPointExtension>
        </extensions>
      </trkpt>
      <trkpt lat="37.82440114503689" lon="112.00629107031976">
        <ele>1208.7</ele>
        <time>2026-07-02T00:40:06.929000Z</time>
        <extensions>
          <gpxtpx:TrackPointExtension>
            <gpxtpx:hr>145</gpxtpx:hr>
          </gpxtpx:TrackPointExtension>
        </extensions>
      </trkpt>
      <trkpt lat="37.8243521734728" lon="112.00627911850412">
        <ele>1208.7</ele>
        <time>2026-07-02T00:40:08.929000Z</time>
        <extensions>
          <gpxtpx:TrackPointExtension>
            <gpxtpx:hr>144</gpxtpx:hr>
          </gpxtpx:TrackPointExtension>
        </extensions>
      </trkpt>
      <trkpt lat="37.824304202059324" lon="112.00626716657122">
        <ele>1208.7</ele>
        <time>2026-07-02T00:40:10.929000Z</time>
        <extensions>
          <gpxtpx:TrackPointExtension>
            <gpxtpx:hr>144</gpxtpx:hr>
          </gpxtpx:TrackPointExtension>
        </extensions>
      </trkpt>
      <trkpt lat="37.824256236592774" lon="112.00625322169854">
        <ele>1208.7</ele>
        <time>2026-07-02T00:40:12.929000Z</time>
        <extensions>
          <gpxtpx:TrackPointExtension>
            <gpxtpx:hr>144</gpxtpx:hr>
          </gpxtpx:TrackPointExtension>
        </extensions>
      </trkpt>
      <trkpt lat="37.82420726801063" lon="112.00624027341827">
        <ele>1208.7</ele>
        <time>2026-07-02T00:40:14.929000Z</time>
        <extensions>
          <gpxtpx:TrackPointExtension>
            <gpxtpx:hr>144</gpxtpx:hr>
          </gpxtpx:TrackPointExtension>
        </extensions>
      </trkpt>
      <trkpt lat="37.82415830240416" lon="112.00622632866977">
        <ele>1208.7</ele>
        <time>2026-07-02T00:40:16.929000Z</time>
        <extensions>
          <gpxtpx:TrackPointExtension>
            <gpxtpx:hr>144</gpxtpx:hr>
          </gpxtpx:TrackPointExtension>
        </extensions>
      </trkpt>
      <trkpt lat="37.82410933085685" lon="112.00621437686443">
        <ele>1208.2</ele>
        <time>2026-07-02T00:40:18.929000Z</time>
        <extensions>
          <gpxtpx:TrackPointExtension>
            <gpxtpx:hr>143</gpxtpx:hr>
          </gpxtpx:TrackPointExtension>
        </extensions>
      </trkpt>
      <trkpt lat="37.82405936213804" lon="112.00620142871003">
        <ele>1208.2</ele>
        <time>2026-07-02T00:40:20.929000Z</time>
        <extensions>
          <gpxtpx:TrackPointExtension>
            <gpxtpx:hr>143</gpxtpx:hr>
          </gpxtpx:TrackPointExtension>
        </extensions>
      </trkpt>
      <trkpt lat="37.824009390450215" lon="112.00618947702782">
        <ele>1208.2</ele>
        <time>2026-07-02T00:40:22.929000Z</time>
        <extensions>
          <gpxtpx:TrackPointExtension>
            <gpxtpx:hr>143</gpxtpx:hr>
          </gpxtpx:TrackPointExtension>
        </extensions>
      </trkpt>
      <trkpt lat="37.82395941876571" lon="112.00617752534747">
        <ele>1208.2</ele>
        <time>2026-07-02T00:40:24.929000Z</time>
        <extensions>
          <gpxtpx:TrackPointExtension>
            <gpxtpx:hr>143</gpxtpx:hr>
          </gpxtpx:TrackPointExtension>
        </extensions>
      </trkpt>
      <trkpt lat="37.82391044425875" lon="112.0061665700195">
        <ele>1208.2</ele>
        <time>2026-07-02T00:40:26.929000Z</time>
        <extensions>
          <gpxtpx:TrackPointExtension>
            <gpxtpx:hr>143</gpxtpx:hr>
          </gpxtpx:TrackPointExtension>
        </extensions>
      </trkpt>
      <trkpt lat="37.823861466781864" lon="112.00615661116264">
        <ele>1208.2</ele>
        <time>2026-07-02T00:40:28.929000Z</time>
        <extensions>
          <gpxtpx:TrackPointExtension>
            <gpxtpx:hr>145</gpxtpx:hr>
          </gpxtpx:TrackPointExtension>
        </extensions>
      </trkpt>
      <trkpt lat="37.82381248336173" lon="112.00614864524586">
        <ele>1208.2</ele>
        <time>2026-07-02T00:40:30.929000Z</time>
        <extensions>
          <gpxtpx:TrackPointExtension>
            <gpxtpx:hr>145</gpxtpx:hr>
          </gpxtpx:TrackPointExtension>
        </extensions>
      </trkpt>
      <trkpt lat="37.823763496970905" lon="112.00614167579923">
        <ele>1208.2</ele>
        <time>2026-07-02T00:40:32.929000Z</time>
        <extensions>
          <gpxtpx:TrackPointExtension>
            <gpxtpx:hr>145</gpxtpx:hr>
          </gpxtpx:TrackPointExtension>
        </extensions>
      </trkpt>
      <trkpt lat="37.823715510729244" lon="112.00613470623405">
        <ele>1208.2</ele>
        <time>2026-07-02T00:40:34.929000Z</time>
        <extensions>
          <gpxtpx:TrackPointExtension>
            <gpxtpx:hr>145</gpxtpx:hr>
          </gpxtpx:TrackPointExtension>
        </extensions>
      </trkpt>
      <trkpt lat="37.823668518690226" lon="112.00612972948863">
        <ele>1208.2</ele>
        <time>2026-07-02T00:40:36.929000Z</time>
        <extensions>
          <gpxtpx:TrackPointExtension>
            <gpxtpx:hr>145</gpxtpx:hr>
          </gpxtpx:TrackPointExtension>
        </extensions>
      </trkpt>
      <trkpt lat="37.82361952635933" lon="112.00612475298185">
        <ele>1208.8</ele>
        <time>2026-07-02T00:40:38.929000Z</time>
        <extensions>
          <gpxtpx:TrackPointExtension>
            <gpxtpx:hr>144</gpxtpx:hr>
          </gpxtpx:TrackPointExtension>
        </extensions>
      </trkpt>
      <trkpt lat="37.82357152823066" lon="112.00612176929431">
        <ele>1208.8</ele>
        <time>2026-07-02T00:40:40.929000Z</time>
        <extensions>
          <gpxtpx:TrackPointExtension>
            <gpxtpx:hr>144</gpxtpx:hr>
          </gpxtpx:TrackPointExtension>
        </extensions>
      </trkpt>
      <trkpt lat="37.82352252401033" lon="112.00612077866408">
        <ele>1208.8</ele>
        <time>2026-07-02T00:40:42.929000Z</time>
        <extensions>
          <gpxtpx:TrackPointExtension>
            <gpxtpx:hr>143</gpxtpx:hr>
          </gpxtpx:TrackPointExtension>
        </extensions>
      </trkpt>
      <trkpt lat="37.823475523058555" lon="112.00611879132651">
        <ele>1208.8</ele>
        <time>2026-07-02T00:40:44.929000Z</time>
        <extensions>
          <gpxtpx:TrackPointExtension>
            <gpxtpx:hr>143</gpxtpx:hr>
          </gpxtpx:TrackPointExtension>
        </extensions>
      </trkpt>
      <trkpt lat="37.82342851913508" lon="112.00611780045799">
        <ele>1208.8</ele>
        <time>2026-07-02T00:40:46.929000Z</time>
        <extensions>
          <gpxtpx:TrackPointExtension>
            <gpxtpx:hr>143</gpxtpx:hr>
          </gpxtpx:TrackPointExtension>
        </extensions>
      </trkpt>
      <trkpt lat="37.82338051506651" lon="112.00611680970862">
        <ele>1209.3</ele>
        <time>2026-07-02T00:40:48.929000Z</time>
        <extensions>
          <gpxtpx:TrackPointExtension>
            <gpxtpx:hr>143</gpxtpx:hr>
          </gpxtpx:TrackPointExtension>
        </extensions>
      </trkpt>
      <trkpt lat="37.82333150490627" lon="112.00611781201641">
        <ele>1209.3</ele>
        <time>2026-07-02T00:40:50.929000Z</time>
        <extensions>
          <gpxtpx:TrackPointExtension>
            <gpxtpx:hr>143</gpxtpx:hr>
          </gpxtpx:TrackPointExtension>
        </extensions>
      </trkpt>
      <trkpt lat="37.82328149162785" lon="112.00611981091241">
        <ele>1209.3</ele>
        <time>2026-07-02T00:40:52.929000Z</time>
        <extensions>
          <gpxtpx:TrackPointExtension>
            <gpxtpx:hr>143</gpxtpx:hr>
          </gpxtpx:TrackPointExtension>
        </extensions>
      </trkpt>
      <trkpt lat="37.82323047523141" lon="112.00612280639672">
        <ele>1209.3</ele>
        <time>2026-07-02T00:40:54.929000Z</time>
        <extensions>
          <gpxtpx:TrackPointExtension>
            <gpxtpx:hr>143</gpxtpx:hr>
          </gpxtpx:TrackPointExtension>
        </extensions>
      </trkpt>
      <trkpt lat="37.823180450063795" lon="112.00612879116946">
        <ele>1209.3</ele>
        <time>2026-07-02T00:40:56.929000Z</time>
        <extensions>
          <gpxtpx:TrackPointExtension>
            <gpxtpx:hr>144</gpxtpx:hr>
          </gpxtpx:TrackPointExtension>
        </extensions>
      </trkpt>
      <trkpt lat="37.82313142207172" lon="112.0061357722928">
        <ele>1209.7</ele>
        <time>2026-07-02T00:40:58.929000Z</time>
        <extensions>
          <gpxtpx:TrackPointExtension>
            <gpxtpx:hr>144</gpxtpx:hr>
          </gpxtpx:TrackPointExtension>
        </extensions>
      </trkpt>
      <trkpt lat="37.82308239408189" lon="112.00614275341682">
        <ele>1209.7</ele>
        <time>2026-07-02T00:41:00.929000Z</time>
        <extensions>
          <gpxtpx:TrackPointExtension>
            <gpxtpx:hr>144</gpxtpx:hr>
          </gpxtpx:TrackPointExtension>
        </extensions>
      </trkpt>
      <trkpt lat="37.823035366387174" lon="112.00614973430324">
        <ele>1209.7</ele>
        <time>2026-07-02T00:41:02.929000Z</time>
        <extensions>
          <gpxtpx:TrackPointExtension>
            <gpxtpx:hr>144</gpxtpx:hr>
          </gpxtpx:TrackPointExtension>
        </extensions>
      </trkpt>
      <trkpt lat="37.82298834166749" lon="112.00615571872076">
        <ele>1209.7</ele>
        <time>2026-07-02T00:41:04.929000Z</time>
        <extensions>
          <gpxtpx:TrackPointExtension>
            <gpxtpx:hr>144</gpxtpx:hr>
          </gpxtpx:TrackPointExtension>
        </extensions>
      </trkpt>
      <trkpt lat="37.822942320069004" lon="112.00616070655">
        <ele>1209.7</ele>
        <time>2026-07-02T00:41:06.929000Z</time>
        <extensions>
          <gpxtpx:TrackPointExtension>
            <gpxtpx:hr>144</gpxtpx:hr>
          </gpxtpx:TrackPointExtension>
        </extensions>
      </trkpt>
      <trkpt lat="37.822896304417974" lon="112.00616370144023">
        <ele>1210.4</ele>
        <time>2026-07-02T00:41:08.929000Z</time>
        <extensions>
          <gpxtpx:TrackPointExtension>
            <gpxtpx:hr>144</gpxtpx:hr>
          </gpxtpx:TrackPointExtension>
        </extensions>
      </trkpt>
      <trkpt lat="37.82285029768704" lon="112.00616370692153">
        <ele>1210.4</ele>
        <time>2026-07-02T00:41:10.929000Z</time>
        <extensions>
          <gpxtpx:TrackPointExtension>
            <gpxtpx:hr>144</gpxtpx:hr>
          </gpxtpx:TrackPointExtension>
        </extensions>
      </trkpt>
      <trkpt lat="37.822805300022466" lon="112.00616072287471">
        <ele>1210.4</ele>
        <time>2026-07-02T00:41:12.929000Z</time>
        <extensions>
          <gpxtpx:TrackPointExtension>
            <gpxtpx:hr>144</gpxtpx:hr>
          </gpxtpx:TrackPointExtension>
        </extensions>
      </trkpt>
      <trkpt lat="37.82275931707785" lon="112.00615275659936">
        <ele>1210.4</ele>
        <time>2026-07-02T00:41:14.929000Z</time>
        <extensions>
          <gpxtpx:TrackPointExtension>
            <gpxtpx:hr>144</gpxtpx:hr>
          </gpxtpx:TrackPointExtension>
        </extensions>
      </trkpt>
      <trkpt lat="37.82271434320082" lon="112.0061418007975">
        <ele>1210.4</ele>
        <time>2026-07-02T00:41:16.929000Z</time>
        <extensions>
          <gpxtpx:TrackPointExtension>
            <gpxtpx:hr>143</gpxtpx:hr>
          </gpxtpx:TrackPointExtension>
        </extensions>
      </trkpt>
      <trkpt lat="37.822669375272916" lon="112.00612885205877">
        <ele>1211.7</ele>
        <time>2026-07-02T00:41:18.929000Z</time>
        <extensions>
          <gpxtpx:TrackPointExtension>
            <gpxtpx:hr>143</gpxtpx:hr>
          </gpxtpx:TrackPointExtension>
        </extensions>
      </trkpt>
      <trkpt lat="37.82262441032159" lon="112.00611490685324">
        <ele>1211.7</ele>
        <time>2026-07-02T00:41:20.929000Z</time>
        <extensions>
          <gpxtpx:TrackPointExtension>
            <gpxtpx:hr>143</gpxtpx:hr>
          </gpxtpx:TrackPointExtension>
        </extensions>
      </trkpt>
      <trkpt lat="37.82258146053364" lon="112.00609597906802">
        <ele>1211.7</ele>
        <time>2026-07-02T00:41:22.929000Z</time>
        <extensions>
          <gpxtpx:TrackPointExtension>
            <gpxtpx:hr>143</gpxtpx:hr>
          </gpxtpx:TrackPointExtension>
        </extensions>
      </trkpt>
      <trkpt lat="37.82254152605795" lon="112.00607206858778">
        <ele>1211.7</ele>
        <time>2026-07-02T00:41:24.929000Z</time>
        <extensions>
          <gpxtpx:TrackPointExtension>
            <gpxtpx:hr>143</gpxtpx:hr>
          </gpxtpx:TrackPointExtension>
        </extensions>
      </trkpt>
      <trkpt lat="37.82250260363179" lon="112.0060441721237">
        <ele>1211.7</ele>
        <time>2026-07-02T00:41:26.929000Z</time>
        <extensions>
          <gpxtpx:TrackPointExtension>
            <gpxtpx:hr>144</gpxtpx:hr>
          </gpxtpx:TrackPointExtension>
        </extensions>
      </trkpt>
      <trkpt lat="37.82246468730971" lon="112.00601428261552">
        <ele>1214.0</ele>
        <time>2026-07-02T00:41:28.929000Z</time>
        <extensions>
          <gpxtpx:TrackPointExtension>
            <gpxtpx:hr>144</gpxtpx:hr>
          </gpxtpx:TrackPointExtension>
        </extensions>
      </trkpt>
      <trkpt lat="37.822425758953244" lon="112.00598837910763">
        <ele>1214.0</ele>
        <time>2026-07-02T00:41:30.929000Z</time>
        <extensions>
          <gpxtpx:TrackPointExtension>
            <gpxtpx:hr>144</gpxtpx:hr>
          </gpxtpx:TrackPointExtension>
        </extensions>
      </trkpt>
      <trkpt lat="37.82238582153409" lon="112.0059654651288">
        <ele>1214.0</ele>
        <time>2026-07-02T00:41:32.929000Z</time>
        <extensions>
          <gpxtpx:TrackPointExtension>
            <gpxtpx:hr>145</gpxtpx:hr>
          </gpxtpx:TrackPointExtension>
        </extensions>
      </trkpt>
      <trkpt lat="37.822345884121574" lon="112.00594255115693">
        <ele>1214.0</ele>
        <time>2026-07-02T00:41:34.929000Z</time>
        <extensions>
          <gpxtpx:TrackPointExtension>
            <gpxtpx:hr>145</gpxtpx:hr>
          </gpxtpx:TrackPointExtension>
        </extensions>
      </trkpt>
      <trkpt lat="37.82230594671568" lon="112.00591963719205">
        <ele>1214.0</ele>
        <time>2026-07-02T00:41:36.929000Z</time>
        <extensions>
          <gpxtpx:TrackPointExtension>
            <gpxtpx:hr>147</gpxtpx:hr>
          </gpxtpx:TrackPointExtension>
        </extensions>
      </trkpt>
      <trkpt lat="37.822265015121786" lon="112.00589473042108">
        <ele>1215.1</ele>
        <time>2026-07-02T00:41:38.929000Z</time>
        <extensions>
          <gpxtpx:TrackPointExtension>
            <gpxtpx:hr>147</gpxtpx:hr>
          </gpxtpx:TrackPointExtension>
        </extensions>
      </trkpt>
      <trkpt lat="37.82222608085136" lon="112.00587081988579">
        <ele>1215.1</ele>
        <time>2026-07-02T00:41:40.929000Z</time>
        <extensions>
          <gpxtpx:TrackPointExtension>
            <gpxtpx:hr>147</gpxtpx:hr>
          </gpxtpx:TrackPointExtension>
        </extensions>
      </trkpt>
      <trkpt lat="37.822188140781506" lon="112.00584890216979">
        <ele>1215.1</ele>
        <time>2026-07-02T00:41:42.929000Z</time>
        <extensions>
          <gpxtpx:TrackPointExtension>
            <gpxtpx:hr>148</gpxtpx:hr>
          </gpxtpx:TrackPointExtension>
        </extensions>
      </trkpt>
      <trkpt lat="37.822152198032924" lon="112.00582798068702">
        <ele>1215.1</ele>
        <time>2026-07-02T00:41:44.929000Z</time>
        <extensions>
          <gpxtpx:TrackPointExtension>
            <gpxtpx:hr>148</gpxtpx:hr>
          </gpxtpx:TrackPointExtension>
        </extensions>
      </trkpt>
      <trkpt lat="37.82211825558135" lon="112.00580705897173">
        <ele>1215.1</ele>
        <time>2026-07-02T00:41:46.929000Z</time>
        <extensions>
          <gpxtpx:TrackPointExtension>
            <gpxtpx:hr>149</gpxtpx:hr>
          </gpxtpx:TrackPointExtension>
        </extensions>
      </trkpt>
      <trkpt lat="37.82208331596615" lon="112.00578514091671">
        <ele>1216.3</ele>
        <time>2026-07-02T00:41:48.929000Z</time>
        <extensions>
          <gpxtpx:TrackPointExtension>
            <gpxtpx:hr>149</gpxtpx:hr>
          </gpxtpx:TrackPointExtension>
        </extensions>
      </trkpt>
      <trkpt lat="37.822048379333765" lon="112.00576222640365">
        <ele>1216.3</ele>
        <time>2026-07-02T00:41:50.929000Z</time>
        <extensions>
          <gpxtpx:TrackPointExtension>
            <gpxtpx:hr>149</gpxtpx:hr>
          </gpxtpx:TrackPointExtension>
        </extensions>
      </trkpt>
      <trkpt lat="37.822011448370766" lon="112.00573731920774">
        <ele>1216.3</ele>
        <time>2026-07-02T00:41:52.929000Z</time>
        <extensions>
          <gpxtpx:TrackPointExtension>
            <gpxtpx:hr>150</gpxtpx:hr>
          </gpxtpx:TrackPointExtension>
        </extensions>
      </trkpt>
      <trkpt lat="37.821974520392644" lon="112.00571141555628">
        <ele>1216.3</ele>
        <time>2026-07-02T00:41:54.929000Z</time>
        <extensions>
          <gpxtpx:TrackPointExtension>
            <gpxtpx:hr>150</gpxtpx:hr>
          </gpxtpx:TrackPointExtension>
        </extensions>
      </trkpt>
      <trkpt lat="37.821936595254506" lon="112.00568451556943">
        <ele>1216.3</ele>
        <time>2026-07-02T00:41:56.929000Z</time>
        <extensions>
          <gpxtpx:TrackPointExtension>
            <gpxtpx:hr>150</gpxtpx:hr>
          </gpxtpx:TrackPointExtension>
        </extensions>
      </trkpt>
      <trkpt lat="37.821898673102886" lon="112.00565661912904">
        <ele>1217.6</ele>
        <time>2026-07-02T00:41:58.929000Z</time>
        <extensions>
          <gpxtpx:TrackPointExtension>
            <gpxtpx:hr>150</gpxtpx:hr>
          </gpxtpx:TrackPointExtension>
        </extensions>
      </trkpt>
      <trkpt lat="37.82186176004098" lon="112.005625733192">
        <ele>1217.6</ele>
        <time>2026-07-02T00:42:00.929000Z</time>
        <extensions>
          <gpxtpx:TrackPointExtension>
            <gpxtpx:hr>150</gpxtpx:hr>
          </gpxtpx:TrackPointExtension>
        </extensions>
      </trkpt>
      <trkpt lat="37.82182484996846" lon="112.00559385080523">
        <ele>1217.6</ele>
        <time>2026-07-02T00:42:02.929000Z</time>
        <extensions>
          <gpxtpx:TrackPointExtension>
            <gpxtpx:hr>150</gpxtpx:hr>
          </gpxtpx:TrackPointExtension>
        </extensions>
      </trkpt>
      <trkpt lat="37.8217899401983" lon="112.0055619681934">
        <ele>1217.6</ele>
        <time>2026-07-02T00:42:04.929000Z</time>
        <extensions>
          <gpxtpx:TrackPointExtension>
            <gpxtpx:hr>150</gpxtpx:hr>
          </gpxtpx:TrackPointExtension>
        </extensions>
      </trkpt>
      <trkpt lat="37.82175403029378" lon="112.00553008571384">
        <ele>1217.6</ele>
        <time>2026-07-02T00:42:06.929000Z</time>
        <extensions>
          <gpxtpx:TrackPointExtension>
            <gpxtpx:hr>150</gpxtpx:hr>
          </gpxtpx:TrackPointExtension>
        </extensions>
      </trkpt>
      <trkpt lat="37.821717120254945" lon="112.00549820336653">
        <ele>1218.3</ele>
        <time>2026-07-02T00:42:08.929000Z</time>
        <extensions>
          <gpxtpx:TrackPointExtension>
            <gpxtpx:hr>150</gpxtpx:hr>
          </gpxtpx:TrackPointExtension>
        </extensions>
      </trkpt>
      <trkpt lat="37.821680213207316" lon="112.00546532457184">
        <ele>1218.3</ele>
        <time>2026-07-02T00:42:10.929000Z</time>
        <extensions>
          <gpxtpx:TrackPointExtension>
            <gpxtpx:hr>150</gpxtpx:hr>
          </gpxtpx:TrackPointExtension>
        </extensions>
      </trkpt>
      <trkpt lat="37.82164130588064" lon="112.00543244602925">
        <ele>1218.3</ele>
        <time>2026-07-02T00:42:12.929000Z</time>
        <extensions>
          <gpxtpx:TrackPointExtension>
            <gpxtpx:hr>150</gpxtpx:hr>
          </gpxtpx:TrackPointExtension>
        </extensions>
      </trkpt>
      <trkpt lat="37.8216023955852" lon="112.00540056396012">
        <ele>1218.3</ele>
        <time>2026-07-02T00:42:14.929000Z</time>
        <extensions>
          <gpxtpx:TrackPointExtension>
            <gpxtpx:hr>150</gpxtpx:hr>
          </gpxtpx:TrackPointExtension>
        </extensions>
      </trkpt>
      <trkpt lat="37.82156148202927" lon="112.00536967860141">
        <ele>1218.3</ele>
        <time>2026-07-02T00:42:16.929000Z</time>
        <extensions>
          <gpxtpx:TrackPointExtension>
            <gpxtpx:hr>150</gpxtpx:hr>
          </gpxtpx:TrackPointExtension>
        </extensions>
      </trkpt>
      <trkpt lat="37.821521577573236" lon="112.00533580375925">
        <ele>1219.3</ele>
        <time>2026-07-02T00:42:18.929000Z</time>
        <extensions>
          <gpxtpx:TrackPointExtension>
            <gpxtpx:hr>150</gpxtpx:hr>
          </gpxtpx:TrackPointExtension>
        </extensions>
      </trkpt>
      <trkpt lat="37.8214796728391" lon="112.0053019291699">
        <ele>1219.3</ele>
        <time>2026-07-02T00:42:20.929000Z</time>
        <extensions>
          <gpxtpx:TrackPointExtension>
            <gpxtpx:hr>150</gpxtpx:hr>
          </gpxtpx:TrackPointExtension>
        </extensions>
      </trkpt>
      <trkpt lat="37.82143776513561" lon="112.00526905105302">
        <ele>1219.3</ele>
        <time>2026-07-02T00:42:22.929000Z</time>
        <extensions>
          <gpxtpx:TrackPointExtension>
            <gpxtpx:hr>151</gpxtpx:hr>
          </gpxtpx:TrackPointExtension>
        </extensions>
      </trkpt>
      <trkpt lat="37.82139485431653" lon="112.00523716952644">
        <ele>1219.3</ele>
        <time>2026-07-02T00:42:24.929000Z</time>
        <extensions>
          <gpxtpx:TrackPointExtension>
            <gpxtpx:hr>151</gpxtpx:hr>
          </gpxtpx:TrackPointExtension>
        </extensions>
      </trkpt>
      <trkpt lat="37.82135394976442" lon="112.00520329486014">
        <ele>1219.3</ele>
        <time>2026-07-02T00:42:26.929000Z</time>
        <extensions>
          <gpxtpx:TrackPointExtension>
            <gpxtpx:hr>151</gpxtpx:hr>
          </gpxtpx:TrackPointExtension>
        </extensions>
      </trkpt>
      <trkpt lat="37.82131305119065" lon="112.00516742729488">
        <ele>1220.4</ele>
        <time>2026-07-02T00:42:28.929000Z</time>
        <extensions>
          <gpxtpx:TrackPointExtension>
            <gpxtpx:hr>151</gpxtpx:hr>
          </gpxtpx:TrackPointExtension>
        </extensions>
      </trkpt>
      <trkpt lat="37.821273152775845" lon="112.00513155962665">
        <ele>1220.4</ele>
        <time>2026-07-02T00:42:30.929000Z</time>
        <extensions>
          <gpxtpx:TrackPointExtension>
            <gpxtpx:hr>151</gpxtpx:hr>
          </gpxtpx:TrackPointExtension>
        </extensions>
      </trkpt>
      <trkpt lat="37.82123325139109" lon="112.00509668843027">
        <ele>1220.4</ele>
        <time>2026-07-02T00:42:32.929000Z</time>
        <extensions>
          <gpxtpx:TrackPointExtension>
            <gpxtpx:hr>152</gpxtpx:hr>
          </gpxtpx:TrackPointExtension>
        </extensions>
      </trkpt>
      <trkpt lat="37.821191346745124" lon="112.0050628139426">
        <ele>1220.4</ele>
        <time>2026-07-02T00:42:34.929000Z</time>
        <extensions>
          <gpxtpx:TrackPointExtension>
            <gpxtpx:hr>152</gpxtpx:hr>
          </gpxtpx:TrackPointExtension>
        </extensions>
      </trkpt>
      <trkpt lat="37.82114843599791" lon="112.00503093249817">
        <ele>1220.4</ele>
        <time>2026-07-02T00:42:36.929000Z</time>
        <extensions>
          <gpxtpx:TrackPointExtension>
            <gpxtpx:hr>153</gpxtpx:hr>
          </gpxtpx:TrackPointExtension>
        </extensions>
      </trkpt>
      <trkpt lat="37.82110452213224" lon="112.00500004764001">
        <ele>1222.1</ele>
        <time>2026-07-02T00:42:38.929000Z</time>
        <extensions>
          <gpxtpx:TrackPointExtension>
            <gpxtpx:hr>153</gpxtpx:hr>
          </gpxtpx:TrackPointExtension>
        </extensions>
      </trkpt>
      <trkpt lat="37.82105860201742" lon="112.00497115594021">
        <ele>1222.1</ele>
        <time>2026-07-02T00:42:40.929000Z</time>
        <extensions>
          <gpxtpx:TrackPointExtension>
            <gpxtpx:hr>153</gpxtpx:hr>
          </gpxtpx:TrackPointExtension>
        </extensions>
      </trkpt>
      <trkpt lat="37.82100967252192" lon="112.00494525396964">
        <ele>1222.1</ele>
        <time>2026-07-02T00:42:42.929000Z</time>
        <extensions>
          <gpxtpx:TrackPointExtension>
            <gpxtpx:hr>153</gpxtpx:hr>
          </gpxtpx:TrackPointExtension>
        </extensions>
      </trkpt>
      <trkpt lat="37.82096274929517" lon="112.00491735886192">
        <ele>1222.1</ele>
        <time>2026-07-02T00:42:44.929000Z</time>
        <extensions>
          <gpxtpx:TrackPointExtension>
            <gpxtpx:hr>153</gpxtpx:hr>
          </gpxtpx:TrackPointExtension>
        </extensions>
      </trkpt>
      <trkpt lat="37.82092283007747" lon="112.00488846647686">
        <ele>1222.1</ele>
        <time>2026-07-02T00:42:46.929000Z</time>
        <extensions>
          <gpxtpx:TrackPointExtension>
            <gpxtpx:hr>153</gpxtpx:hr>
          </gpxtpx:TrackPointExtension>
        </extensions>
      </trkpt>
      <trkpt lat="37.82088190475223" lon="112.00486156712684">
        <ele>1223.5</ele>
        <time>2026-07-02T00:42:48.929000Z</time>
        <extensions>
          <gpxtpx:TrackPointExtension>
            <gpxtpx:hr>153</gpxtpx:hr>
          </gpxtpx:TrackPointExtension>
        </extensions>
      </trkpt>
      <trkpt lat="37.820845974187094" lon="112.00483666009536">
        <ele>1223.5</ele>
        <time>2026-07-02T00:42:52.929000Z</time>
        <extensions>
          <gpxtpx:TrackPointExtension>
            <gpxtpx:hr>151</gpxtpx:hr>
          </gpxtpx:TrackPointExtension>
        </extensions>
      </trkpt>
      <trkpt lat="37.82080403977347" lon="112.00481275023822">
        <ele>1223.5</ele>
        <time>2026-07-02T00:42:56.929000Z</time>
        <extensions>
          <gpxtpx:TrackPointExtension>
            <gpxtpx:hr>151</gpxtpx:hr>
          </gpxtpx:TrackPointExtension>
        </extensions>
      </trkpt>
      <trkpt lat="37.82076912728641" lon="112.00478186439067">
        <ele>1223.7</ele>
        <time>2026-07-02T00:43:00.929000Z</time>
        <extensions>
          <gpxtpx:TrackPointExtension>
            <gpxtpx:hr>151</gpxtpx:hr>
          </gpxtpx:TrackPointExtension>
        </extensions>
      </trkpt>
      <trkpt lat="37.82073222348056" lon="112.00474798943827">
        <ele>1223.7</ele>
        <time>2026-07-02T00:43:04.929000Z</time>
        <extensions>
          <gpxtpx:TrackPointExtension>
            <gpxtpx:hr>145</gpxtpx:hr>
          </gpxtpx:TrackPointExtension>
        </extensions>
      </trkpt>
      <trkpt lat="37.820699326240096" lon="112.00471212112127">
        <ele>1224.5</ele>
        <time>2026-07-02T00:43:08.929000Z</time>
        <extensions>
          <gpxtpx:TrackPointExtension>
            <gpxtpx:hr>143</gpxtpx:hr>
          </gpxtpx:TrackPointExtension>
        </extensions>
      </trkpt>
      <trkpt lat="37.82066443469834" lon="112.0046742601567">
        <ele>1224.5</ele>
        <time>2026-07-02T00:43:12.929000Z</time>
        <extensions>
          <gpxtpx:TrackPointExtension>
            <gpxtpx:hr>141</gpxtpx:hr>
          </gpxtpx:TrackPointExtension>
        </extensions>
      </trkpt>
      <trkpt lat="37.82063055227967" lon="112.0046334097399">
        <ele>1224.5</ele>
        <time>2026-07-02T00:43:16.929000Z</time>
        <extensions>
          <gpxtpx:TrackPointExtension>
            <gpxtpx:hr>141</gpxtpx:hr>
          </gpxtpx:TrackPointExtension>
        </extensions>
      </trkpt>
      <trkpt lat="37.820602664768664" lon="112.004594551528">
        <ele>1225.6</ele>
        <time>2026-07-02T00:43:20.929000Z</time>
        <extensions>
          <gpxtpx:TrackPointExtension>
            <gpxtpx:hr>140</gpxtpx:hr>
          </gpxtpx:TrackPointExtension>
        </extensions>
      </trkpt>
      <trkpt lat="37.8205747832498" lon="112.00455370043584">
        <ele>1225.6</ele>
        <time>2026-07-02T00:43:22.929000Z</time>
        <extensions>
          <gpxtpx:TrackPointExtension>
            <gpxtpx:hr>139</gpxtpx:hr>
          </gpxtpx:TrackPointExtension>
        </extensions>
      </trkpt>
      <trkpt lat="37.82054588964582" lon="112.0045168352775">
        <ele>1225.6</ele>
        <time>2026-07-02T00:43:26.929000Z</time>
        <extensions>
          <gpxtpx:TrackPointExtension>
            <gpxtpx:hr>139</gpxtpx:hr>
          </gpxtpx:TrackPointExtension>
        </extensions>
      </trkpt>
      <trkpt lat="37.820507003577255" lon="112.00447698198113">
        <ele>1226.4</ele>
        <time>2026-07-02T00:43:30.929000Z</time>
        <extensions>
          <gpxtpx:TrackPointExtension>
            <gpxtpx:hr>138</gpxtpx:hr>
          </gpxtpx:TrackPointExtension>
        </extensions>
      </trkpt>
      <trkpt lat="37.820469114679156" lon="112.00443812503228">
        <ele>1226.4</ele>
        <time>2026-07-02T00:43:34.929000Z</time>
        <extensions>
          <gpxtpx:TrackPointExtension>
            <gpxtpx:hr>135</gpxtpx:hr>
          </gpxtpx:TrackPointExtension>
        </extensions>
      </trkpt>
      <trkpt lat="37.820430231631796" lon="112.00439727532564">
        <ele>1227.8</ele>
        <time>2026-07-02T00:43:38.929000Z</time>
        <extensions>
          <gpxtpx:TrackPointExtension>
            <gpxtpx:hr>133</gpxtpx:hr>
          </gpxtpx:TrackPointExtension>
        </extensions>
      </trkpt>
      <trkpt lat="37.820395349178895" lon="112.00435642516238">
        <ele>1227.8</ele>
        <time>2026-07-02T00:43:42.929000Z</time>
        <extensions>
          <gpxtpx:TrackPointExtension>
            <gpxtpx:hr>132</gpxtpx:hr>
          </gpxtpx:TrackPointExtension>
        </extensions>
      </trkpt>
      <trkpt lat="37.82035646616408" lon="112.00431557549489">
        <ele>1227.8</ele>
        <time>2026-07-02T00:43:46.929000Z</time>
        <extensions>
          <gpxtpx:TrackPointExtension>
            <gpxtpx:hr>132</gpxtpx:hr>
          </gpxtpx:TrackPointExtension>
        </extensions>
      </trkpt>
      <trkpt lat="37.82031758017418" lon="112.00427572229276">
        <ele>1228.1</ele>
        <time>2026-07-02T00:43:50.929000Z</time>
        <extensions>
          <gpxtpx:TrackPointExtension>
            <gpxtpx:hr>131</gpxtpx:hr>
          </gpxtpx:TrackPointExtension>
        </extensions>
      </trkpt>
      <trkpt lat="37.82029071388328" lon="112.00422988900809">
        <ele>1228.1</ele>
        <time>2026-07-02T00:43:54.929000Z</time>
        <extensions>
          <gpxtpx:TrackPointExtension>
            <gpxtpx:hr>128</gpxtpx:hr>
          </gpxtpx:TrackPointExtension>
        </extensions>
      </trkpt>
      <trkpt lat="37.82028675519041" lon="112.00421593925032">
        <ele>1228.3</ele>
        <time>2026-07-02T00:43:58.929000Z</time>
        <extensions>
          <gpxtpx:TrackPointExtension>
            <gpxtpx:hr>125</gpxtpx:hr>
          </gpxtpx:TrackPointExtension>
        </extensions>
      </trkpt>
      <trkpt lat="37.82030072729479" lon="112.00422590203623">
        <ele>1228.3</ele>
        <time>2026-07-02T00:44:02.929000Z</time>
        <extensions>
          <gpxtpx:TrackPointExtension>
            <gpxtpx:hr>124</gpxtpx:hr>
          </gpxtpx:TrackPointExtension>
        </extensions>
      </trkpt>
      <trkpt lat="37.82032259585319" lon="112.00427073946817">
        <ele>1228.3</ele>
        <time>2026-07-02T00:44:04.929000Z</time>
        <extensions>
          <gpxtpx:TrackPointExtension>
            <gpxtpx:hr>124</gpxtpx:hr>
          </gpxtpx:TrackPointExtension>
        </extensions>
      </trkpt>
      <trkpt lat="37.820345470556525" lon="112.00431358391178">
        <ele>1228.2</ele>
        <time>2026-07-02T00:44:08.929000Z</time>
        <extensions>
          <gpxtpx:TrackPointExtension>
            <gpxtpx:hr>122</gpxtpx:hr>
          </gpxtpx:TrackPointExtension>
        </extensions>
      </trkpt>
      <trkpt lat="37.820369348411965" lon="112.00435543181102">
        <ele>1228.2</ele>
        <time>2026-07-02T00:44:12.929000Z</time>
        <extensions>
          <gpxtpx:TrackPointExtension>
            <gpxtpx:hr>119</gpxtpx:hr>
          </gpxtpx:TrackPointExtension>
        </extensions>
      </trkpt>
      <trkpt lat="37.820397229852105" lon="112.00439628280728">
        <ele>1228.2</ele>
        <time>2026-07-02T00:44:14.929000Z</time>
        <extensions>
          <gpxtpx:TrackPointExtension>
            <gpxtpx:hr>119</gpxtpx:hr>
          </gpxtpx:TrackPointExtension>
        </extensions>
      </trkpt>
      <trkpt lat="37.82042611444245" lon="112.00443613725633">
        <ele>1227.9</ele>
        <time>2026-07-02T00:44:18.929000Z</time>
        <extensions>
          <gpxtpx:TrackPointExtension>
            <gpxtpx:hr>117</gpxtpx:hr>
          </gpxtpx:TrackPointExtension>
        </extensions>
      </trkpt>
      <trkpt lat="37.82046198212325" lon="112.00448196958044">
        <ele>1227.9</ele>
        <time>2026-07-02T00:44:22.929000Z</time>
        <extensions>
          <gpxtpx:TrackPointExtension>
            <gpxtpx:hr>116</gpxtpx:hr>
          </gpxtpx:TrackPointExtension>
        </extensions>
      </trkpt>
      <trkpt lat="37.820498858936006" lon="112.00452481246386">
        <ele>1227.9</ele>
        <time>2026-07-02T00:44:26.929000Z</time>
        <extensions>
          <gpxtpx:TrackPointExtension>
            <gpxtpx:hr>116</gpxtpx:hr>
          </gpxtpx:TrackPointExtension>
        </extensions>
      </trkpt>
      <trkpt lat="37.82053475654282" lon="112.00456068034305">
        <ele>1227.2</ele>
        <time>2026-07-02T00:44:30.929000Z</time>
        <extensions>
          <gpxtpx:TrackPointExtension>
            <gpxtpx:hr>115</gpxtpx:hr>
          </gpxtpx:TrackPointExtension>
        </extensions>
      </trkpt>
      <trkpt lat="37.82056767464739" lon="112.00458957344728">
        <ele>1227.2</ele>
        <time>2026-07-02T00:44:32.929000Z</time>
        <extensions>
          <gpxtpx:TrackPointExtension>
            <gpxtpx:hr>116</gpxtpx:hr>
          </gpxtpx:TrackPointExtension>
        </extensions>
      </trkpt>
      <trkpt lat="37.82059958962767" lon="112.0046194631305">
        <ele>1227.2</ele>
        <time>2026-07-02T00:44:34.929000Z</time>
        <extensions>
          <gpxtpx:TrackPointExtension>
            <gpxtpx:hr>116</gpxtpx:hr>
          </gpxtpx:TrackPointExtension>
        </extensions>
      </trkpt>
      <trkpt lat="37.82063448712399" lon="112.00465533116932">
        <ele>1227.2</ele>
        <time>2026-07-02T00:44:36.929000Z</time>
        <extensions>
          <gpxtpx:TrackPointExtension>
            <gpxtpx:hr>116</gpxtpx:hr>
          </gpxtpx:TrackPointExtension>
        </extensions>
      </trkpt>
      <trkpt lat="37.820673373262245" lon="112.00469518455068">
        <ele>1226.1</ele>
        <time>2026-07-02T00:44:38.929000Z</time>
        <extensions>
          <gpxtpx:TrackPointExtension>
            <gpxtpx:hr>116</gpxtpx:hr>
          </gpxtpx:TrackPointExtension>
        </extensions>
      </trkpt>
      <trkpt lat="37.82071725416617" lon="112.00473703025855">
        <ele>1226.1</ele>
        <time>2026-07-02T00:44:40.929000Z</time>
        <extensions>
          <gpxtpx:TrackPointExtension>
            <gpxtpx:hr>116</gpxtpx:hr>
          </gpxtpx:TrackPointExtension>
        </extensions>
      </trkpt>
      <trkpt lat="37.82076413552239" lon="112.00477887563035">
        <ele>1226.1</ele>
        <time>2026-07-02T00:44:42.929000Z</time>
        <extensions>
          <gpxtpx:TrackPointExtension>
            <gpxtpx:hr>118</gpxtpx:hr>
          </gpxtpx:TrackPointExtension>
        </extensions>
      </trkpt>
      <trkpt lat="37.8208130201727" lon="112.00481972433285">
        <ele>1226.1</ele>
        <time>2026-07-02T00:44:44.929000Z</time>
        <extensions>
          <gpxtpx:TrackPointExtension>
            <gpxtpx:hr>118</gpxtpx:hr>
          </gpxtpx:TrackPointExtension>
        </extensions>
      </trkpt>
      <trkpt lat="37.82086290797137" lon="112.00485957648368">
        <ele>1226.1</ele>
        <time>2026-07-02T00:44:46.929000Z</time>
        <extensions>
          <gpxtpx:TrackPointExtension>
            <gpxtpx:hr>118</gpxtpx:hr>
          </gpxtpx:TrackPointExtension>
        </extensions>
      </trkpt>
      <trkpt lat="37.820912801758055" lon="112.0048974357472">
        <ele>1224.0</ele>
        <time>2026-07-02T00:44:48.929000Z</time>
        <extensions>
          <gpxtpx:TrackPointExtension>
            <gpxtpx:hr>120</gpxtpx:hr>
          </gpxtpx:TrackPointExtension>
        </extensions>
      </trkpt>
      <trkpt lat="37.82096270153063" lon="112.00493330212068">
        <ele>1224.0</ele>
        <time>2026-07-02T00:44:50.929000Z</time>
        <extensions>
          <gpxtpx:TrackPointExtension>
            <gpxtpx:hr>120</gpxtpx:hr>
          </gpxtpx:TrackPointExtension>
        </extensions>
      </trkpt>
      <trkpt lat="37.82101260430222" lon="112.00496817205573">
        <ele>1224.0</ele>
        <time>2026-07-02T00:44:52.929000Z</time>
        <extensions>
          <gpxtpx:TrackPointExtension>
            <gpxtpx:hr>121</gpxtpx:hr>
          </gpxtpx:TrackPointExtension>
        </extensions>
      </trkpt>
      <trkpt lat="37.821062516040975" lon="112.00500005264188">
        <ele>1224.0</ele>
        <time>2026-07-02T00:44:54.929000Z</time>
        <extensions>
          <gpxtpx:TrackPointExtension>
            <gpxtpx:hr>121</gpxtpx:hr>
          </gpxtpx:TrackPointExtension>
        </extensions>
      </trkpt>
      <trkpt lat="37.82111243375988" lon="112.00502994033059">
        <ele>1224.0</ele>
        <time>2026-07-02T00:44:56.929000Z</time>
        <extensions>
          <gpxtpx:TrackPointExtension>
            <gpxtpx:hr>121</gpxtpx:hr>
          </gpxtpx:TrackPointExtension>
        </extensions>
      </trkpt>
      <trkpt lat="37.82116234850523" lon="112.00506082448564">
        <ele>1222.6</ele>
        <time>2026-07-02T00:44:58.929000Z</time>
        <extensions>
          <gpxtpx:TrackPointExtension>
            <gpxtpx:hr>122</gpxtpx:hr>
          </gpxtpx:TrackPointExtension>
        </extensions>
      </trkpt>
      <trkpt lat="37.82121326340677" lon="112.00509170853341">
        <ele>1222.6</ele>
        <time>2026-07-02T00:45:00.929000Z</time>
        <extensions>
          <gpxtpx:TrackPointExtension>
            <gpxtpx:hr>122</gpxtpx:hr>
          </gpxtpx:TrackPointExtension>
        </extensions>
      </trkpt>
      <trkpt lat="37.82126317220754" lon="112.00512458562436">
        <ele>1222.6</ele>
        <time>2026-07-02T00:45:02.929000Z</time>
        <extensions>
          <gpxtpx:TrackPointExtension>
            <gpxtpx:hr>124</gpxtpx:hr>
          </gpxtpx:TrackPointExtension>
        </extensions>
      </trkpt>
      <trkpt lat="37.821312080875444" lon="112.00515746284785">
        <ele>1222.6</ele>
        <time>2026-07-02T00:45:04.929000Z</time>
        <extensions>
          <gpxtpx:TrackPointExtension>
            <gpxtpx:hr>124</gpxtpx:hr>
          </gpxtpx:TrackPointExtension>
        </extensions>
      </trkpt>
      <trkpt lat="37.82136198373545" lon="112.00519233287969">
        <ele>1222.6</ele>
        <time>2026-07-02T00:45:06.929000Z</time>
        <extensions>
          <gpxtpx:TrackPointExtension>
            <gpxtpx:hr>124</gpxtpx:hr>
          </gpxtpx:TrackPointExtension>
        </extensions>
      </trkpt>
      <trkpt lat="37.821409880353926" lon="112.00522919607982">
        <ele>1221.1</ele>
        <time>2026-07-02T00:45:08.929000Z</time>
        <extensions>
          <gpxtpx:TrackPointExtension>
            <gpxtpx:hr>125</gpxtpx:hr>
          </gpxtpx:TrackPointExtension>
        </extensions>
      </trkpt>
      <trkpt lat="37.8214567678962" lon="112.00526904878998">
        <ele>1221.1</ele>
        <time>2026-07-02T00:45:10.929000Z</time>
        <extensions>
          <gpxtpx:TrackPointExtension>
            <gpxtpx:hr>125</gpxtpx:hr>
          </gpxtpx:TrackPointExtension>
        </extensions>
      </trkpt>
      <trkpt lat="37.82150264636576" lon="112.00531189101474">
        <ele>1221.1</ele>
        <time>2026-07-02T00:45:12.929000Z</time>
        <extensions>
          <gpxtpx:TrackPointExtension>
            <gpxtpx:hr>126</gpxtpx:hr>
          </gpxtpx:TrackPointExtension>
        </extensions>
      </trkpt>
      <trkpt lat="37.821549530962606" lon="112.00535274022562">
        <ele>1221.1</ele>
        <time>2026-07-02T00:45:14.929000Z</time>
        <extensions>
          <gpxtpx:TrackPointExtension>
            <gpxtpx:hr>126</gpxtpx:hr>
          </gpxtpx:TrackPointExtension>
        </extensions>
      </trkpt>
      <trkpt lat="37.821595412451494" lon="112.00539458603637">
        <ele>1221.1</ele>
        <time>2026-07-02T00:45:16.929000Z</time>
        <extensions>
          <gpxtpx:TrackPointExtension>
            <gpxtpx:hr>126</gpxtpx:hr>
          </gpxtpx:TrackPointExtension>
        </extensions>
      </trkpt>
      <trkpt lat="37.821642297085106" lon="112.0054354352903">
        <ele>1219.6</ele>
        <time>2026-07-02T00:45:18.929000Z</time>
        <extensions>
          <gpxtpx:TrackPointExtension>
            <gpxtpx:hr>127</gpxtpx:hr>
          </gpxtpx:TrackPointExtension>
        </extensions>
      </trkpt>
      <trkpt lat="37.82168717846614" lon="112.00547728126443">
        <ele>1219.6</ele>
        <time>2026-07-02T00:45:20.929000Z</time>
        <extensions>
          <gpxtpx:TrackPointExtension>
            <gpxtpx:hr>127</gpxtpx:hr>
          </gpxtpx:TrackPointExtension>
        </extensions>
      </trkpt>
      <trkpt lat="37.821733065970676" lon="112.00551713421967">
        <ele>1219.6</ele>
        <time>2026-07-02T00:45:22.929000Z</time>
        <extensions>
          <gpxtpx:TrackPointExtension>
            <gpxtpx:hr>127</gpxtpx:hr>
          </gpxtpx:TrackPointExtension>
        </extensions>
      </trkpt>
      <trkpt lat="37.821778953492725" lon="112.00555698719539">
        <ele>1219.6</ele>
        <time>2026-07-02T00:45:24.929000Z</time>
        <extensions>
          <gpxtpx:TrackPointExtension>
            <gpxtpx:hr>127</gpxtpx:hr>
          </gpxtpx:TrackPointExtension>
        </extensions>
      </trkpt>
      <trkpt lat="37.82182583819922" lon="112.00559783653469">
        <ele>1219.6</ele>
        <time>2026-07-02T00:45:26.929000Z</time>
        <extensions>
          <gpxtpx:TrackPointExtension>
            <gpxtpx:hr>128</gpxtpx:hr>
          </gpxtpx:TrackPointExtension>
        </extensions>
      </trkpt>
      <trkpt lat="37.821871728735154" lon="112.00563669308939">
        <ele>1218.9</ele>
        <time>2026-07-02T00:45:28.929000Z</time>
        <extensions>
          <gpxtpx:TrackPointExtension>
            <gpxtpx:hr>128</gpxtpx:hr>
          </gpxtpx:TrackPointExtension>
        </extensions>
      </trkpt>
      <trkpt lat="37.82192062568069" lon="112.00567355637999">
        <ele>1218.9</ele>
        <time>2026-07-02T00:45:30.929000Z</time>
        <extensions>
          <gpxtpx:TrackPointExtension>
            <gpxtpx:hr>128</gpxtpx:hr>
          </gpxtpx:TrackPointExtension>
        </extensions>
      </trkpt>
      <trkpt lat="37.821970528742575" lon="112.00570842664192">
        <ele>1218.9</ele>
        <time>2026-07-02T00:45:32.929000Z</time>
        <extensions>
          <gpxtpx:TrackPointExtension>
            <gpxtpx:hr>128</gpxtpx:hr>
          </gpxtpx:TrackPointExtension>
        </extensions>
      </trkpt>
      <trkpt lat="37.82202144089608" lon="112.00574030740844">
        <ele>1218.9</ele>
        <time>2026-07-02T00:45:34.929000Z</time>
        <extensions>
          <gpxtpx:TrackPointExtension>
            <gpxtpx:hr>128</gpxtpx:hr>
          </gpxtpx:TrackPointExtension>
        </extensions>
      </trkpt>
      <trkpt lat="37.82207336213839" lon="112.00576919867584">
        <ele>1218.9</ele>
        <time>2026-07-02T00:45:36.929000Z</time>
        <extensions>
          <gpxtpx:TrackPointExtension>
            <gpxtpx:hr>129</gpxtpx:hr>
          </gpxtpx:TrackPointExtension>
        </extensions>
      </trkpt>
      <trkpt lat="37.822124283245444" lon="112.00579809007327">
        <ele>1217.7</ele>
        <time>2026-07-02T00:45:38.929000Z</time>
        <extensions>
          <gpxtpx:TrackPointExtension>
            <gpxtpx:hr>129</gpxtpx:hr>
          </gpxtpx:TrackPointExtension>
        </extensions>
      </trkpt>
      <trkpt lat="37.82217319514233" lon="112.0058299711155">
        <ele>1217.7</ele>
        <time>2026-07-02T00:45:40.929000Z</time>
        <extensions>
          <gpxtpx:TrackPointExtension>
            <gpxtpx:hr>129</gpxtpx:hr>
          </gpxtpx:TrackPointExtension>
        </extensions>
      </trkpt>
      <trkpt lat="37.822223104221294" lon="112.00586284851761">
        <ele>1217.7</ele>
        <time>2026-07-02T00:45:42.929000Z</time>
        <extensions>
          <gpxtpx:TrackPointExtension>
            <gpxtpx:hr>129</gpxtpx:hr>
          </gpxtpx:TrackPointExtension>
        </extensions>
      </trkpt>
      <trkpt lat="37.82227301926456" lon="112.00589373300188">
        <ele>1217.7</ele>
        <time>2026-07-02T00:45:44.929000Z</time>
        <extensions>
          <gpxtpx:TrackPointExtension>
            <gpxtpx:hr>129</gpxtpx:hr>
          </gpxtpx:TrackPointExtension>
        </extensions>
      </trkpt>
      <trkpt lat="37.82232493758672" lon="112.00592362079401">
        <ele>1217.7</ele>
        <time>2026-07-02T00:45:46.929000Z</time>
        <extensions>
          <gpxtpx:TrackPointExtension>
            <gpxtpx:hr>129</gpxtpx:hr>
          </gpxtpx:TrackPointExtension>
        </extensions>
      </trkpt>
      <trkpt lat="37.82237685592012" lon="112.00595350859797">
        <ele>1215.7</ele>
        <time>2026-07-02T00:45:48.929000Z</time>
        <extensions>
          <gpxtpx:TrackPointExtension>
            <gpxtpx:hr>129</gpxtpx:hr>
          </gpxtpx:TrackPointExtension>
        </extensions>
      </trkpt>
      <trkpt lat="37.82242978333502" lon="112.00598040689295">
        <ele>1215.7</ele>
        <time>2026-07-02T00:45:50.929000Z</time>
        <extensions>
          <gpxtpx:TrackPointExtension>
            <gpxtpx:hr>129</gpxtpx:hr>
          </gpxtpx:TrackPointExtension>
        </extensions>
      </trkpt>
      <trkpt lat="37.82248272265751" lon="112.00600331932738">
        <ele>1215.7</ele>
        <time>2026-07-02T00:45:52.929000Z</time>
        <extensions>
          <gpxtpx:TrackPointExtension>
            <gpxtpx:hr>129</gpxtpx:hr>
          </gpxtpx:TrackPointExtension>
        </extensions>
      </trkpt>
      <trkpt lat="37.82253565901325" lon="112.00602722823662">
        <ele>1215.7</ele>
        <time>2026-07-02T00:45:54.929000Z</time>
        <extensions>
          <gpxtpx:TrackPointExtension>
            <gpxtpx:hr>129</gpxtpx:hr>
          </gpxtpx:TrackPointExtension>
        </extensions>
      </trkpt>
      <trkpt lat="37.82258858942896" lon="112.00605313008977">
        <ele>1215.7</ele>
        <time>2026-07-02T00:45:56.929000Z</time>
        <extensions>
          <gpxtpx:TrackPointExtension>
            <gpxtpx:hr>128</gpxtpx:hr>
          </gpxtpx:TrackPointExtension>
        </extensions>
      </trkpt>
      <trkpt lat="37.82264050781275" lon="112.00608301794526">
        <ele>1214.2</ele>
        <time>2026-07-02T00:45:58.929000Z</time>
        <extensions>
          <gpxtpx:TrackPointExtension>
            <gpxtpx:hr>128</gpxtpx:hr>
          </gpxtpx:TrackPointExtension>
        </extensions>
      </trkpt>
      <trkpt lat="37.82269444731416" lon="112.00610593029184">
        <ele>1214.2</ele>
        <time>2026-07-02T00:46:00.929000Z</time>
        <extensions>
          <gpxtpx:TrackPointExtension>
            <gpxtpx:hr>128</gpxtpx:hr>
          </gpxtpx:TrackPointExtension>
        </extensions>
      </trkpt>
      <trkpt lat="37.8227494048089" lon="112.00612286371134">
        <ele>1214.2</ele>
        <time>2026-07-02T00:46:02.929000Z</time>
        <extensions>
          <gpxtpx:TrackPointExtension>
            <gpxtpx:hr>128</gpxtpx:hr>
          </gpxtpx:TrackPointExtension>
        </extensions>
      </trkpt>
      <trkpt lat="37.82280738653275" lon="112.00613182502285">
        <ele>1214.2</ele>
        <time>2026-07-02T00:46:04.929000Z</time>
        <extensions>
          <gpxtpx:TrackPointExtension>
            <gpxtpx:hr>128</gpxtpx:hr>
          </gpxtpx:TrackPointExtension>
        </extensions>
      </trkpt>
      <trkpt lat="37.82286538312542" lon="112.0061358039888">
        <ele>1214.2</ele>
        <time>2026-07-02T00:46:06.929000Z</time>
        <extensions>
          <gpxtpx:TrackPointExtension>
            <gpxtpx:hr>129</gpxtpx:hr>
          </gpxtpx:TrackPointExtension>
        </extensions>
      </trkpt>
      <trkpt lat="37.822922394439914" lon="112.00613480072755">
        <ele>1211.3</ele>
        <time>2026-07-02T00:46:08.929000Z</time>
        <extensions>
          <gpxtpx:TrackPointExtension>
            <gpxtpx:hr>129</gpxtpx:hr>
          </gpxtpx:TrackPointExtension>
        </extensions>
      </trkpt>
      <trkpt lat="37.82297941467627" lon="112.0061308080586">
        <ele>1211.3</ele>
        <time>2026-07-02T00:46:10.929000Z</time>
        <extensions>
          <gpxtpx:TrackPointExtension>
            <gpxtpx:hr>129</gpxtpx:hr>
          </gpxtpx:TrackPointExtension>
        </extensions>
      </trkpt>
      <trkpt lat="37.82303644383487" lon="112.00612382598247">
        <ele>1211.3</ele>
        <time>2026-07-02T00:46:12.929000Z</time>
        <extensions>
          <gpxtpx:TrackPointExtension>
            <gpxtpx:hr>129</gpxtpx:hr>
          </gpxtpx:TrackPointExtension>
        </extensions>
      </trkpt>
      <trkpt lat="37.82309347299632" lon="112.00611684390702">
        <ele>1211.3</ele>
        <time>2026-07-02T00:46:14.929000Z</time>
        <extensions>
          <gpxtpx:TrackPointExtension>
            <gpxtpx:hr>129</gpxtpx:hr>
          </gpxtpx:TrackPointExtension>
        </extensions>
      </trkpt>
      <trkpt lat="37.82314850484098" lon="112.00610886560166">
        <ele>1211.3</ele>
        <time>2026-07-02T00:46:16.929000Z</time>
        <extensions>
          <gpxtpx:TrackPointExtension>
            <gpxtpx:hr>129</gpxtpx:hr>
          </gpxtpx:TrackPointExtension>
        </extensions>
      </trkpt>
      <trkpt lat="37.82320353668849" lon="112.0061008872972">
        <ele>1210.6</ele>
        <time>2026-07-02T00:46:18.929000Z</time>
        <extensions>
          <gpxtpx:TrackPointExtension>
            <gpxtpx:hr>129</gpxtpx:hr>
          </gpxtpx:TrackPointExtension>
        </extensions>
      </trkpt>
      <trkpt lat="37.82325656229849" lon="112.00609490216932">
        <ele>1210.6</ele>
        <time>2026-07-02T00:46:20.929000Z</time>
        <extensions>
          <gpxtpx:TrackPointExtension>
            <gpxtpx:hr>129</gpxtpx:hr>
          </gpxtpx:TrackPointExtension>
        </extensions>
      </trkpt>
      <trkpt lat="37.82331057913668" lon="112.00609190632875">
        <ele>1210.6</ele>
        <time>2026-07-02T00:46:22.929000Z</time>
        <extensions>
          <gpxtpx:TrackPointExtension>
            <gpxtpx:hr>130</gpxtpx:hr>
          </gpxtpx:TrackPointExtension>
        </extensions>
      </trkpt>
      <trkpt lat="37.82336559017651" lon="112.00609090330643">
        <ele>1210.6</ele>
        <time>2026-07-02T00:46:24.929000Z</time>
        <extensions>
          <gpxtpx:TrackPointExtension>
            <gpxtpx:hr>130</gpxtpx:hr>
          </gpxtpx:TrackPointExtension>
        </extensions>
      </trkpt>
      <trkpt lat="37.8234206012185" lon="112.00608990028411">
        <ele>1210.6</ele>
        <time>2026-07-02T00:46:26.929000Z</time>
        <extensions>
          <gpxtpx:TrackPointExtension>
            <gpxtpx:hr>130</gpxtpx:hr>
          </gpxtpx:TrackPointExtension>
        </extensions>
      </trkpt>
      <trkpt lat="37.82347561820997" lon="112.00608690432456">
        <ele>1210.4</ele>
        <time>2026-07-02T00:46:28.929000Z</time>
        <extensions>
          <gpxtpx:TrackPointExtension>
            <gpxtpx:hr>131</gpxtpx:hr>
          </gpxtpx:TrackPointExtension>
        </extensions>
      </trkpt>
      <trkpt lat="37.82352963505689" lon="112.00608390848431">
        <ele>1210.4</ele>
        <time>2026-07-02T00:46:30.929000Z</time>
        <extensions>
          <gpxtpx:TrackPointExtension>
            <gpxtpx:hr>131</gpxtpx:hr>
          </gpxtpx:TrackPointExtension>
        </extensions>
      </trkpt>
      <trkpt lat="37.82358463718441" lon="112.00608589486774">
        <ele>1210.4</ele>
        <time>2026-07-02T00:46:32.929000Z</time>
        <extensions>
          <gpxtpx:TrackPointExtension>
            <gpxtpx:hr>131</gpxtpx:hr>
          </gpxtpx:TrackPointExtension>
        </extensions>
      </trkpt>
      <trkpt lat="37.82364162771343" lon="112.00609186688737">
        <ele>1210.4</ele>
        <time>2026-07-02T00:46:34.929000Z</time>
        <extensions>
          <gpxtpx:TrackPointExtension>
            <gpxtpx:hr>131</gpxtpx:hr>
          </gpxtpx:TrackPointExtension>
        </extensions>
      </trkpt>
      <trkpt lat="37.823698606351094" lon="112.00610182478248">
        <ele>1210.4</ele>
        <time>2026-07-02T00:46:36.929000Z</time>
        <extensions>
          <gpxtpx:TrackPointExtension>
            <gpxtpx:hr>131</gpxtpx:hr>
          </gpxtpx:TrackPointExtension>
        </extensions>
      </trkpt>
      <trkpt lat="37.82375456997837" lon="112.00611676514279">
        <ele>1209.4</ele>
        <time>2026-07-02T00:46:38.929000Z</time>
        <extensions>
          <gpxtpx:TrackPointExtension>
            <gpxtpx:hr>130</gpxtpx:hr>
          </gpxtpx:TrackPointExtension>
        </extensions>
      </trkpt>
      <trkpt lat="37.82380953049007" lon="112.00613270209442">
        <ele>1209.4</ele>
        <time>2026-07-02T00:46:40.929000Z</time>
        <extensions>
          <gpxtpx:TrackPointExtension>
            <gpxtpx:hr>130</gpxtpx:hr>
          </gpxtpx:TrackPointExtension>
        </extensions>
      </trkpt>
      <trkpt lat="37.82386249071256" lon="112.00614863928772">
        <ele>1209.4</ele>
        <time>2026-07-02T00:46:42.929000Z</time>
        <extensions>
          <gpxtpx:TrackPointExtension>
            <gpxtpx:hr>133</gpxtpx:hr>
          </gpxtpx:TrackPointExtension>
        </extensions>
      </trkpt>
      <trkpt lat="37.823915459858284" lon="112.00616158707557">
        <ele>1209.4</ele>
        <time>2026-07-02T00:46:44.929000Z</time>
        <extensions>
          <gpxtpx:TrackPointExtension>
            <gpxtpx:hr>133</gpxtpx:hr>
          </gpxtpx:TrackPointExtension>
        </extensions>
      </trkpt>
      <trkpt lat="37.823969429154914" lon="112.00617453474646">
        <ele>1209.4</ele>
        <time>2026-07-02T00:46:46.929000Z</time>
        <extensions>
          <gpxtpx:TrackPointExtension>
            <gpxtpx:hr>133</gpxtpx:hr>
          </gpxtpx:TrackPointExtension>
        </extensions>
      </trkpt>
      <trkpt lat="37.82402239533567" lon="112.0061884790087">
        <ele>1209.0</ele>
        <time>2026-07-02T00:46:48.929000Z</time>
        <extensions>
          <gpxtpx:TrackPointExtension>
            <gpxtpx:hr>135</gpxtpx:hr>
          </gpxtpx:TrackPointExtension>
        </extensions>
      </trkpt>
      <trkpt lat="37.82407636464012" lon="112.0062014266842">
        <ele>1209.0</ele>
        <time>2026-07-02T00:46:50.929000Z</time>
        <extensions>
          <gpxtpx:TrackPointExtension>
            <gpxtpx:hr>135</gpxtpx:hr>
          </gpxtpx:TrackPointExtension>
        </extensions>
      </trkpt>
      <trkpt lat="37.82413033097614" lon="112.00621537083222">
        <ele>1209.0</ele>
        <time>2026-07-02T00:46:52.929000Z</time>
        <extensions>
          <gpxtpx:TrackPointExtension>
            <gpxtpx:hr>136</gpxtpx:hr>
          </gpxtpx:TrackPointExtension>
        </extensions>
      </trkpt>
      <trkpt lat="37.82418330014121" lon="112.00622831863151">
        <ele>1209.0</ele>
        <time>2026-07-02T00:46:54.929000Z</time>
        <extensions>
          <gpxtpx:TrackPointExtension>
            <gpxtpx:hr>136</gpxtpx:hr>
          </gpxtpx:TrackPointExtension>
        </extensions>
      </trkpt>
      <trkpt lat="37.82423526916276" lon="112.00624126655218">
        <ele>1209.0</ele>
        <time>2026-07-02T00:46:56.929000Z</time>
        <extensions>
          <gpxtpx:TrackPointExtension>
            <gpxtpx:hr>136</gpxtpx:hr>
          </gpxtpx:TrackPointExtension>
        </extensions>
      </trkpt>
      <trkpt lat="37.82428823833537" lon="112.00625421435592">
        <ele>1208.7</ele>
        <time>2026-07-02T00:46:58.929000Z</time>
        <extensions>
          <gpxtpx:TrackPointExtension>
            <gpxtpx:hr>135</gpxtpx:hr>
          </gpxtpx:TrackPointExtension>
        </extensions>
      </trkpt>
      <trkpt lat="37.82433920721704" lon="112.00626716240023">
        <ele>1208.7</ele>
        <time>2026-07-02T00:47:00.929000Z</time>
        <extensions>
          <gpxtpx:TrackPointExtension>
            <gpxtpx:hr>135</gpxtpx:hr>
          </gpxtpx:TrackPointExtension>
        </extensions>
      </trkpt>
      <trkpt lat="37.82439017610234" lon="112.00628011044677">
        <ele>1208.7</ele>
        <time>2026-07-02T00:47:02.929000Z</time>
        <extensions>
          <gpxtpx:TrackPointExtension>
            <gpxtpx:hr>135</gpxtpx:hr>
          </gpxtpx:TrackPointExtension>
        </extensions>
      </trkpt>
      <trkpt lat="37.82444215405319" lon="112.00629006896234">
        <ele>1208.7</ele>
        <time>2026-07-02T00:47:04.929000Z</time>
        <extensions>
          <gpxtpx:TrackPointExtension>
            <gpxtpx:hr>135</gpxtpx:hr>
          </gpxtpx:TrackPointExtension>
        </extensions>
      </trkpt>
      <trkpt lat="37.82449314077378" lon="112.00629703818409">
        <ele>1208.7</ele>
        <time>2026-07-02T00:47:06.929000Z</time>
        <extensions>
          <gpxtpx:TrackPointExtension>
            <gpxtpx:hr>135</gpxtpx:hr>
          </gpxtpx:TrackPointExtension>
        </extensions>
      </trkpt>
      <trkpt lat="37.82454512170159" lon="112.00630600023031">
        <ele>1209.3</ele>
        <time>2026-07-02T00:47:08.929000Z</time>
        <extensions>
          <gpxtpx:TrackPointExtension>
            <gpxtpx:hr>135</gpxtpx:hr>
          </gpxtpx:TrackPointExtension>
        </extensions>
      </trkpt>
      <trkpt lat="37.82459609654219" lon="112.00631695534013">
        <ele>1209.3</ele>
        <time>2026-07-02T00:47:10.929000Z</time>
        <extensions>
          <gpxtpx:TrackPointExtension>
            <gpxtpx:hr>135</gpxtpx:hr>
          </gpxtpx:TrackPointExtension>
        </extensions>
      </trkpt>
      <trkpt lat="37.824646068267235" lon="112.00632890704256">
        <ele>1209.3</ele>
        <time>2026-07-02T00:47:12.929000Z</time>
        <extensions>
          <gpxtpx:TrackPointExtension>
            <gpxtpx:hr>135</gpxtpx:hr>
          </gpxtpx:TrackPointExtension>
        </extensions>
      </trkpt>
      <trkpt lat="37.824696039995594" lon="112.00634085874688">
        <ele>1209.3</ele>
        <time>2026-07-02T00:47:14.929000Z</time>
        <extensions>
          <gpxtpx:TrackPointExtension>
            <gpxtpx:hr>135</gpxtpx:hr>
          </gpxtpx:TrackPointExtension>
        </extensions>
      </trkpt>
      <trkpt lat="37.824747023758356" lon="112.00634882444535">
        <ele>1209.3</ele>
        <time>2026-07-02T00:47:16.929000Z</time>
        <extensions>
          <gpxtpx:TrackPointExtension>
            <gpxtpx:hr>135</gpxtpx:hr>
          </gpxtpx:TrackPointExtension>
        </extensions>
      </trkpt>
      <trkpt lat="37.82479900470056" lon="112.00635778649772">
        <ele>1209.1</ele>
        <time>2026-07-02T00:47:18.929000Z</time>
        <extensions>
          <gpxtpx:TrackPointExtension>
            <gpxtpx:hr>136</gpxtpx:hr>
          </gpxtpx:TrackPointExtension>
        </extensions>
      </trkpt>
      <trkpt lat="37.82485198282263" lon="112.00636774490431">
        <ele>1209.1</ele>
        <time>2026-07-02T00:47:20.929000Z</time>
        <extensions>
          <gpxtpx:TrackPointExtension>
            <gpxtpx:hr>136</gpxtpx:hr>
          </gpxtpx:TrackPointExtension>
        </extensions>
      </trkpt>
      <trkpt lat="37.82490594921338" lon="112.00638168908321">
        <ele>1209.1</ele>
        <time>2026-07-02T00:47:22.929000Z</time>
        <extensions>
          <gpxtpx:TrackPointExtension>
            <gpxtpx:hr>139</gpxtpx:hr>
          </gpxtpx:TrackPointExtension>
        </extensions>
      </trkpt>
      <trkpt lat="37.82495991857868" lon="112.00639463679195">
        <ele>1209.1</ele>
        <time>2026-07-02T00:47:24.929000Z</time>
        <extensions>
          <gpxtpx:TrackPointExtension>
            <gpxtpx:hr>139</gpxtpx:hr>
          </gpxtpx:TrackPointExtension>
        </extensions>
      </trkpt>
      <trkpt lat="37.82501388794786" lon="112.00640758450297">
        <ele>1209.1</ele>
        <time>2026-07-02T00:47:26.929000Z</time>
        <extensions>
          <gpxtpx:TrackPointExtension>
            <gpxtpx:hr>139</gpxtpx:hr>
          </gpxtpx:TrackPointExtension>
        </extensions>
      </trkpt>
      <trkpt lat="37.82506986652708" lon="112.00641754255862">
        <ele>1208.4</ele>
        <time>2026-07-02T00:47:28.929000Z</time>
        <extensions>
          <gpxtpx:TrackPointExtension>
            <gpxtpx:hr>139</gpxtpx:hr>
          </gpxtpx:TrackPointExtension>
        </extensions>
      </trkpt>
      <trkpt lat="37.825125842139585" lon="112.0064284970888">
        <ele>1208.4</ele>
        <time>2026-07-02T00:47:30.929000Z</time>
        <extensions>
          <gpxtpx:TrackPointExtension>
            <gpxtpx:hr>139</gpxtpx:hr>
          </gpxtpx:TrackPointExtension>
        </extensions>
      </trkpt>
      <trkpt lat="37.82518181775561" lon="112.00643945162058">
        <ele>1208.4</ele>
        <time>2026-07-02T00:47:32.929000Z</time>
        <extensions>
          <gpxtpx:TrackPointExtension>
            <gpxtpx:hr>140</gpxtpx:hr>
          </gpxtpx:TrackPointExtension>
        </extensions>
      </trkpt>
      <trkpt lat="37.825236790257385" lon="112.00645140274665">
        <ele>1208.4</ele>
        <time>2026-07-02T00:47:34.929000Z</time>
        <extensions>
          <gpxtpx:TrackPointExtension>
            <gpxtpx:hr>140</gpxtpx:hr>
          </gpxtpx:TrackPointExtension>
        </extensions>
      </trkpt>
      <trkpt lat="37.82529075964516" lon="112.00646435046752">
        <ele>1208.4</ele>
        <time>2026-07-02T00:47:36.929000Z</time>
        <extensions>
          <gpxtpx:TrackPointExtension>
            <gpxtpx:hr>140</gpxtpx:hr>
          </gpxtpx:TrackPointExtension>
        </extensions>
      </trkpt>
      <trkpt lat="37.82534473200632" lon="112.00647630171677">
        <ele>1206.9</ele>
        <time>2026-07-02T00:47:38.929000Z</time>
        <extensions>
          <gpxtpx:TrackPointExtension>
            <gpxtpx:hr>141</gpxtpx:hr>
          </gpxtpx:TrackPointExtension>
        </extensions>
      </trkpt>
      <trkpt lat="37.82539970451924" lon="112.00648825284877">
        <ele>1206.9</ele>
        <time>2026-07-02T00:47:40.929000Z</time>
        <extensions>
          <gpxtpx:TrackPointExtension>
            <gpxtpx:hr>141</gpxtpx:hr>
          </gpxtpx:TrackPointExtension>
        </extensions>
      </trkpt>
      <trkpt lat="37.8254536828262" lon="112.00649821115353">
        <ele>1206.9</ele>
        <time>2026-07-02T00:47:42.929000Z</time>
        <extensions>
          <gpxtpx:TrackPointExtension>
            <gpxtpx:hr>140</gpxtpx:hr>
          </gpxtpx:TrackPointExtension>
        </extensions>
      </trkpt>
      <trkpt lat="37.82550666692643" lon="112.00650617663023">
        <ele>1206.9</ele>
        <time>2026-07-02T00:47:44.929000Z</time>
        <extensions>
          <gpxtpx:TrackPointExtension>
            <gpxtpx:hr>140</gpxtpx:hr>
          </gpxtpx:TrackPointExtension>
        </extensions>
      </trkpt>
      <trkpt lat="37.82555966290579" lon="112.00651015621038">
        <ele>1206.9</ele>
        <time>2026-07-02T00:47:46.929000Z</time>
        <extensions>
          <gpxtpx:TrackPointExtension>
            <gpxtpx:hr>140</gpxtpx:hr>
          </gpxtpx:TrackPointExtension>
        </extensions>
      </trkpt>
      <trkpt lat="37.825612667794644" lon="112.00651114636764">
        <ele>1207.2</ele>
        <time>2026-07-02T00:47:48.929000Z</time>
        <extensions>
          <gpxtpx:TrackPointExtension>
            <gpxtpx:hr>139</gpxtpx:hr>
          </gpxtpx:TrackPointExtension>
        </extensions>
      </trkpt>
      <trkpt lat="37.825665675654626" lon="112.00651114005058">
        <ele>1207.2</ele>
        <time>2026-07-02T00:47:50.929000Z</time>
        <extensions>
          <gpxtpx:TrackPointExtension>
            <gpxtpx:hr>139</gpxtpx:hr>
          </gpxtpx:TrackPointExtension>
        </extensions>
      </trkpt>
      <trkpt lat="37.82571868054748" lon="112.00651213020782">
        <ele>1207.2</ele>
        <time>2026-07-02T00:47:52.929000Z</time>
        <extensions>
          <gpxtpx:TrackPointExtension>
            <gpxtpx:hr>139</gpxtpx:hr>
          </gpxtpx:TrackPointExtension>
        </extensions>
      </trkpt>
      <trkpt lat="37.82577268262163" lon="112.00651411672024">
        <ele>1207.2</ele>
        <time>2026-07-02T00:47:54.929000Z</time>
        <extensions>
          <gpxtpx:TrackPointExtension>
            <gpxtpx:hr>139</gpxtpx:hr>
          </gpxtpx:TrackPointExtension>
        </extensions>
      </trkpt>
      <trkpt lat="37.825825681580405" lon="112.00651709982625">
        <ele>1207.2</ele>
        <time>2026-07-02T00:47:56.929000Z</time>
        <extensions>
          <gpxtpx:TrackPointExtension>
            <gpxtpx:hr>139</gpxtpx:hr>
          </gpxtpx:TrackPointExtension>
        </extensions>
      </trkpt>
      <trkpt lat="37.82587767445476" lon="112.0065220760005">
        <ele>1205.8</ele>
        <time>2026-07-02T00:47:58.929000Z</time>
        <extensions>
          <gpxtpx:TrackPointExtension>
            <gpxtpx:hr>138</gpxtpx:hr>
          </gpxtpx:TrackPointExtension>
        </extensions>
      </trkpt>
      <trkpt lat="37.82593066747981" lon="112.00652705205584">
        <ele>1205.8</ele>
        <time>2026-07-02T00:48:00.929000Z</time>
        <extensions>
          <gpxtpx:TrackPointExtension>
            <gpxtpx:hr>138</gpxtpx:hr>
          </gpxtpx:TrackPointExtension>
        </extensions>
      </trkpt>
      <trkpt lat="37.825984666593484" lon="112.00653003504313">
        <ele>1205.8</ele>
        <time>2026-07-02T00:48:02.929000Z</time>
        <extensions>
          <gpxtpx:TrackPointExtension>
            <gpxtpx:hr>137</gpxtpx:hr>
          </gpxtpx:TrackPointExtension>
        </extensions>
      </trkpt>
      <trkpt lat="37.8260396688268" lon="112.0065320214367">
        <ele>1205.8</ele>
        <time>2026-07-02T00:48:04.929000Z</time>
        <extensions>
          <gpxtpx:TrackPointExtension>
            <gpxtpx:hr>137</gpxtpx:hr>
          </gpxtpx:TrackPointExtension>
        </extensions>
      </trkpt>
      <trkpt lat="37.82609367685144" lon="112.00653201500026">
        <ele>1205.8</ele>
        <time>2026-07-02T00:48:06.929000Z</time>
        <extensions>
          <gpxtpx:TrackPointExtension>
            <gpxtpx:hr>135</gpxtpx:hr>
          </gpxtpx:TrackPointExtension>
        </extensions>
      </trkpt>
      <trkpt lat="37.82614869393356" lon="112.00652901902087">
        <ele>1205.2</ele>
        <time>2026-07-02T00:48:08.929000Z</time>
        <extensions>
          <gpxtpx:TrackPointExtension>
            <gpxtpx:hr>135</gpxtpx:hr>
          </gpxtpx:TrackPointExtension>
        </extensions>
      </trkpt>
      <trkpt lat="37.82620371398688" lon="112.00652502656712">
        <ele>1205.2</ele>
        <time>2026-07-02T00:48:10.929000Z</time>
        <extensions>
          <gpxtpx:TrackPointExtension>
            <gpxtpx:hr>135</gpxtpx:hr>
          </gpxtpx:TrackPointExtension>
        </extensions>
      </trkpt>
      <trkpt lat="37.826258742949605" lon="112.00651804469031">
        <ele>1205.2</ele>
        <time>2026-07-02T00:48:12.929000Z</time>
        <extensions>
          <gpxtpx:TrackPointExtension>
            <gpxtpx:hr>135</gpxtpx:hr>
          </gpxtpx:TrackPointExtension>
        </extensions>
      </trkpt>
      <trkpt lat="37.826312783642805" lon="112.00650707703633">
        <ele>1205.2</ele>
        <time>2026-07-02T00:48:14.929000Z</time>
        <extensions>
          <gpxtpx:TrackPointExtension>
            <gpxtpx:hr>135</gpxtpx:hr>
          </gpxtpx:TrackPointExtension>
        </extensions>
      </trkpt>
      <trkpt lat="37.82636583606779" lon="112.00649212360703">
        <ele>1205.2</ele>
        <time>2026-07-02T00:48:16.929000Z</time>
        <extensions>
          <gpxtpx:TrackPointExtension>
            <gpxtpx:hr>135</gpxtpx:hr>
          </gpxtpx:TrackPointExtension>
        </extensions>
      </trkpt>
      <trkpt lat="37.82641890037523" lon="112.00647318428575">
        <ele>1203.7</ele>
        <time>2026-07-02T00:48:18.929000Z</time>
        <extensions>
          <gpxtpx:TrackPointExtension>
            <gpxtpx:hr>135</gpxtpx:hr>
          </gpxtpx:TrackPointExtension>
        </extensions>
      </trkpt>
      <trkpt lat="37.82647096453965" lon="112.00645424508878">
        <ele>1203.7</ele>
        <time>2026-07-02T00:48:20.929000Z</time>
        <extensions>
          <gpxtpx:TrackPointExtension>
            <gpxtpx:hr>135</gpxtpx:hr>
          </gpxtpx:TrackPointExtension>
        </extensions>
      </trkpt>
      <trkpt lat="37.826525020097954" lon="112.00643829507825">
        <ele>1203.7</ele>
        <time>2026-07-02T00:48:22.929000Z</time>
        <extensions>
          <gpxtpx:TrackPointExtension>
            <gpxtpx:hr>135</gpxtpx:hr>
          </gpxtpx:TrackPointExtension>
        </extensions>
      </trkpt>
      <trkpt lat="37.82658005798974" lon="112.0064283237907">
        <ele>1203.7</ele>
        <time>2026-07-02T00:48:24.929000Z</time>
        <extensions>
          <gpxtpx:TrackPointExtension>
            <gpxtpx:hr>135</gpxtpx:hr>
          </gpxtpx:TrackPointExtension>
        </extensions>
      </trkpt>
      <trkpt lat="37.82663608415332" lon="112.00642233827747">
        <ele>1203.7</ele>
        <time>2026-07-02T00:48:26.929000Z</time>
        <extensions>
          <gpxtpx:TrackPointExtension>
            <gpxtpx:hr>137</gpxtpx:hr>
          </gpxtpx:TrackPointExtension>
        </extensions>
      </trkpt>
      <trkpt lat="37.826691104230186" lon="112.0064183458299">
        <ele>1202.0</ele>
        <time>2026-07-02T00:48:28.929000Z</time>
        <extensions>
          <gpxtpx:TrackPointExtension>
            <gpxtpx:hr>137</gpxtpx:hr>
          </gpxtpx:TrackPointExtension>
        </extensions>
      </trkpt>
      <trkpt lat="37.82674712445846" lon="112.00641435326337">
        <ele>1202.0</ele>
        <time>2026-07-02T00:48:30.929000Z</time>
        <extensions>
          <gpxtpx:TrackPointExtension>
            <gpxtpx:hr>137</gpxtpx:hr>
          </gpxtpx:TrackPointExtension>
        </extensions>
      </trkpt>
      <trkpt lat="37.826804141868024" lon="112.00641135705072">
        <ele>1202.0</ele>
        <time>2026-07-02T00:48:32.929000Z</time>
        <extensions>
          <gpxtpx:TrackPointExtension>
            <gpxtpx:hr>139</gpxtpx:hr>
          </gpxtpx:TrackPointExtension>
        </extensions>
      </trkpt>
      <trkpt lat="37.826861159279986" lon="112.00640836083824">
        <ele>1202.0</ele>
        <time>2026-07-02T00:48:34.929000Z</time>
        <extensions>
          <gpxtpx:TrackPointExtension>
            <gpxtpx:hr>139</gpxtpx:hr>
          </gpxtpx:TrackPointExtension>
        </extensions>
      </trkpt>
      <trkpt lat="37.8269181796646" lon="112.00640436815306">
        <ele>1202.0</ele>
        <time>2026-07-02T00:48:36.929000Z</time>
        <extensions>
          <gpxtpx:TrackPointExtension>
            <gpxtpx:hr>138</gpxtpx:hr>
          </gpxtpx:TrackPointExtension>
        </extensions>
      </trkpt>
      <trkpt lat="37.826975200051685" lon="112.00640037546812">
        <ele>1201.2</ele>
        <time>2026-07-02T00:48:38.929000Z</time>
        <extensions>
          <gpxtpx:TrackPointExtension>
            <gpxtpx:hr>138</gpxtpx:hr>
          </gpxtpx:TrackPointExtension>
        </extensions>
      </trkpt>
      <trkpt lat="37.82703222044123" lon="112.00639638278341">
        <ele>1201.2</ele>
        <time>2026-07-02T00:48:40.929000Z</time>
        <extensions>
          <gpxtpx:TrackPointExtension>
            <gpxtpx:hr>138</gpxtpx:hr>
          </gpxtpx:TrackPointExtension>
        </extensions>
      </trkpt>
      <trkpt lat="37.82709025286426" lon="112.00638840408939">
        <ele>1201.2</ele>
        <time>2026-07-02T00:48:42.929000Z</time>
        <extensions>
          <gpxtpx:TrackPointExtension>
            <gpxtpx:hr>139</gpxtpx:hr>
          </gpxtpx:TrackPointExtension>
        </extensions>
      </trkpt>
      <trkpt lat="37.827147285140974" lon="112.00638042551549">
        <ele>1201.2</ele>
        <time>2026-07-02T00:48:44.929000Z</time>
        <extensions>
          <gpxtpx:TrackPointExtension>
            <gpxtpx:hr>139</gpxtpx:hr>
          </gpxtpx:TrackPointExtension>
        </extensions>
      </trkpt>
      <trkpt lat="37.827204320391296" lon="112.00637145047016">
        <ele>1201.2</ele>
        <time>2026-07-02T00:48:46.929000Z</time>
        <extensions>
          <gpxtpx:TrackPointExtension>
            <gpxtpx:hr>139</gpxtpx:hr>
          </gpxtpx:TrackPointExtension>
        </extensions>
      </trkpt>
      <trkpt lat="37.82726234985279" lon="112.0063644682512">
        <ele>1199.4</ele>
        <time>2026-07-02T00:48:48.929000Z</time>
        <extensions>
          <gpxtpx:TrackPointExtension>
            <gpxtpx:hr>139</gpxtpx:hr>
          </gpxtpx:TrackPointExtension>
        </extensions>
      </trkpt>
      <trkpt lat="37.82731837604742" lon="112.00635848274345">
        <ele>1199.4</ele>
        <time>2026-07-02T00:48:50.929000Z</time>
        <extensions>
          <gpxtpx:TrackPointExtension>
            <gpxtpx:hr>139</gpxtpx:hr>
          </gpxtpx:TrackPointExtension>
        </extensions>
      </trkpt>
      <trkpt lat="37.82737440224465" lon="112.00635249723621">
        <ele>1199.4</ele>
        <time>2026-07-02T00:48:52.929000Z</time>
        <extensions>
          <gpxtpx:TrackPointExtension>
            <gpxtpx:hr>138</gpxtpx:hr>
          </gpxtpx:TrackPointExtension>
        </extensions>
      </trkpt>
      <trkpt lat="37.827430428444465" lon="112.00634651172948">
        <ele>1199.4</ele>
        <time>2026-07-02T00:48:54.929000Z</time>
        <extensions>
          <gpxtpx:TrackPointExtension>
            <gpxtpx:hr>138</gpxtpx:hr>
          </gpxtpx:TrackPointExtension>
        </extensions>
      </trkpt>
      <trkpt lat="37.82748645464688" lon="112.00634052622327">
        <ele>1199.4</ele>
        <time>2026-07-02T00:48:56.929000Z</time>
        <extensions>
          <gpxtpx:TrackPointExtension>
            <gpxtpx:hr>137</gpxtpx:hr>
          </gpxtpx:TrackPointExtension>
        </extensions>
      </trkpt>
      <trkpt lat="37.82754348397255" lon="112.00633354412658">
        <ele>1198.3</ele>
        <time>2026-07-02T00:48:58.929000Z</time>
        <extensions>
          <gpxtpx:TrackPointExtension>
            <gpxtpx:hr>137</gpxtpx:hr>
          </gpxtpx:TrackPointExtension>
        </extensions>
      </trkpt>
      <trkpt lat="37.82760051330103" lon="112.0063265620306">
        <ele>1198.3</ele>
        <time>2026-07-02T00:49:00.929000Z</time>
        <extensions>
          <gpxtpx:TrackPointExtension>
            <gpxtpx:hr>137</gpxtpx:hr>
          </gpxtpx:TrackPointExtension>
        </extensions>
      </trkpt>
      <trkpt lat="37.82765754560351" lon="112.00631858346374">
        <ele>1198.3</ele>
        <time>2026-07-02T00:49:02.929000Z</time>
        <extensions>
          <gpxtpx:TrackPointExtension>
            <gpxtpx:hr>136</gpxtpx:hr>
          </gpxtpx:TrackPointExtension>
        </extensions>
      </trkpt>
      <trkpt lat="37.827715572116176" lon="112.00631259772153">
        <ele>1198.3</ele>
        <time>2026-07-02T00:49:04.929000Z</time>
        <extensions>
          <gpxtpx:TrackPointExtension>
            <gpxtpx:hr>136</gpxtpx:hr>
          </gpxtpx:TrackPointExtension>
        </extensions>
      </trkpt>
      <trkpt lat="37.827771604274645" lon="112.00630461927544">
        <ele>1198.3</ele>
        <time>2026-07-02T00:49:06.929000Z</time>
        <extensions>
          <gpxtpx:TrackPointExtension>
            <gpxtpx:hr>136</gpxtpx:hr>
          </gpxtpx:TrackPointExtension>
        </extensions>
      </trkpt>
      <trkpt lat="37.827828630643005" lon="112.0062986336536">
        <ele>1197.0</ele>
        <time>2026-07-02T00:49:08.929000Z</time>
        <extensions>
          <gpxtpx:TrackPointExtension>
            <gpxtpx:hr>136</gpxtpx:hr>
          </gpxtpx:TrackPointExtension>
        </extensions>
      </trkpt>
      <trkpt lat="37.82788565701404" lon="112.00629264803229">
        <ele>1197.0</ele>
        <time>2026-07-02T00:49:10.929000Z</time>
        <extensions>
          <gpxtpx:TrackPointExtension>
            <gpxtpx:hr>136</gpxtpx:hr>
          </gpxtpx:TrackPointExtension>
        </extensions>
      </trkpt>
      <trkpt lat="37.82794169215246" lon="112.00628367311741">
        <ele>1197.0</ele>
        <time>2026-07-02T00:49:12.929000Z</time>
        <extensions>
          <gpxtpx:TrackPointExtension>
            <gpxtpx:hr>136</gpxtpx:hr>
          </gpxtpx:TrackPointExtension>
        </extensions>
      </trkpt>
      <trkpt lat="37.82799873041556" lon="112.00627370161352">
        <ele>1197.0</ele>
        <time>2026-07-02T00:49:14.929000Z</time>
        <extensions>
          <gpxtpx:TrackPointExtension>
            <gpxtpx:hr>136</gpxtpx:hr>
          </gpxtpx:TrackPointExtension>
        </extensions>
      </trkpt>
      <trkpt lat="37.82805377432557" lon="112.00626173740788">
        <ele>1197.0</ele>
        <time>2026-07-02T00:49:16.929000Z</time>
        <extensions>
          <gpxtpx:TrackPointExtension>
            <gpxtpx:hr>137</gpxtpx:hr>
          </gpxtpx:TrackPointExtension>
        </extensions>
      </trkpt>
      <trkpt lat="37.828108806351615" lon="112.00625375908675">
        <ele>1195.8</ele>
        <time>2026-07-02T00:49:18.929000Z</time>
        <extensions>
          <gpxtpx:TrackPointExtension>
            <gpxtpx:hr>137</gpxtpx:hr>
          </gpxtpx:TrackPointExtension>
        </extensions>
      </trkpt>
      <trkpt lat="37.828164835558574" lon="112.00624677711788">
        <ele>1195.8</ele>
        <time>2026-07-02T00:49:20.929000Z</time>
        <extensions>
          <gpxtpx:TrackPointExtension>
            <gpxtpx:hr>137</gpxtpx:hr>
          </gpxtpx:TrackPointExtension>
        </extensions>
      </trkpt>
      <trkpt lat="37.82822086774029" lon="112.00623879867926">
        <ele>1195.8</ele>
        <time>2026-07-02T00:49:22.929000Z</time>
        <extensions>
          <gpxtpx:TrackPointExtension>
            <gpxtpx:hr>137</gpxtpx:hr>
          </gpxtpx:TrackPointExtension>
        </extensions>
      </trkpt>
      <trkpt lat="37.82827689100855" lon="112.00623380965258">
        <ele>1195.8</ele>
        <time>2026-07-02T00:49:24.929000Z</time>
        <extensions>
          <gpxtpx:TrackPointExtension>
            <gpxtpx:hr>137</gpxtpx:hr>
          </gpxtpx:TrackPointExtension>
        </extensions>
      </trkpt>
      <trkpt lat="37.828332914279265" lon="112.00622882062625">
        <ele>1195.8</ele>
        <time>2026-07-02T00:49:26.929000Z</time>
        <extensions>
          <gpxtpx:TrackPointExtension>
            <gpxtpx:hr>137</gpxtpx:hr>
          </gpxtpx:TrackPointExtension>
        </extensions>
      </trkpt>
      <trkpt lat="37.82838892269157" lon="112.00622881395158">
        <ele>1194.5</ele>
        <time>2026-07-02T00:49:28.929000Z</time>
        <extensions>
          <gpxtpx:TrackPointExtension>
            <gpxtpx:hr>137</gpxtpx:hr>
          </gpxtpx:TrackPointExtension>
        </extensions>
      </trkpt>
      <trkpt lat="37.82844593422852" lon="112.00622781068742">
        <ele>1194.5</ele>
        <time>2026-07-02T00:49:30.929000Z</time>
        <extensions>
          <gpxtpx:TrackPointExtension>
            <gpxtpx:hr>137</gpxtpx:hr>
          </gpxtpx:TrackPointExtension>
        </extensions>
      </trkpt>
      <trkpt lat="37.82850394591806" lon="112.00622680730406">
        <ele>1194.5</ele>
        <time>2026-07-02T00:49:32.929000Z</time>
        <extensions>
          <gpxtpx:TrackPointExtension>
            <gpxtpx:hr>138</gpxtpx:hr>
          </gpxtpx:TrackPointExtension>
        </extensions>
      </trkpt>
      <trkpt lat="37.82856096340399" lon="112.00622381109945">
        <ele>1194.5</ele>
        <time>2026-07-02T00:49:34.929000Z</time>
        <extensions>
          <gpxtpx:TrackPointExtension>
            <gpxtpx:hr>138</gpxtpx:hr>
          </gpxtpx:TrackPointExtension>
        </extensions>
      </trkpt>
      <trkpt lat="37.82861898104269" lon="112.00622081477576">
        <ele>1194.5</ele>
        <time>2026-07-02T00:49:36.929000Z</time>
        <extensions>
          <gpxtpx:TrackPointExtension>
            <gpxtpx:hr>137</gpxtpx:hr>
          </gpxtpx:TrackPointExtension>
        </extensions>
      </trkpt>
      <trkpt lat="37.828677995862016" lon="112.00621881480313">
        <ele>1193.0</ele>
        <time>2026-07-02T00:49:38.929000Z</time>
        <extensions>
          <gpxtpx:TrackPointExtension>
            <gpxtpx:hr>137</gpxtpx:hr>
          </gpxtpx:TrackPointExtension>
        </extensions>
      </trkpt>
      <trkpt lat="37.8287370136561" lon="112.00621581836045">
        <ele>1193.0</ele>
        <time>2026-07-02T00:49:40.929000Z</time>
        <extensions>
          <gpxtpx:TrackPointExtension>
            <gpxtpx:hr>137</gpxtpx:hr>
          </gpxtpx:TrackPointExtension>
        </extensions>
      </trkpt>
      <trkpt lat="37.82879503427452" lon="112.00621182556704">
        <ele>1193.0</ele>
        <time>2026-07-02T00:49:42.929000Z</time>
        <extensions>
          <gpxtpx:TrackPointExtension>
            <gpxtpx:hr>136</gpxtpx:hr>
          </gpxtpx:TrackPointExtension>
        </extensions>
      </trkpt>
      <trkpt lat="37.82885206068965" lon="112.0062058399531">
        <ele>1193.0</ele>
        <time>2026-07-02T00:49:44.929000Z</time>
        <extensions>
          <gpxtpx:TrackPointExtension>
            <gpxtpx:hr>136</gpxtpx:hr>
          </gpxtpx:TrackPointExtension>
        </extensions>
      </trkpt>
      <trkpt lat="37.82890908710743" lon="112.00619985433966">
        <ele>1193.0</ele>
        <time>2026-07-02T00:49:46.929000Z</time>
        <extensions>
          <gpxtpx:TrackPointExtension>
            <gpxtpx:hr>136</gpxtpx:hr>
          </gpxtpx:TrackPointExtension>
        </extensions>
      </trkpt>
      <trkpt lat="37.828964104309065" lon="112.00619685837452">
        <ele>1192.2</ele>
        <time>2026-07-02T00:49:48.929000Z</time>
        <extensions>
          <gpxtpx:TrackPointExtension>
            <gpxtpx:hr>136</gpxtpx:hr>
          </gpxtpx:TrackPointExtension>
        </extensions>
      </trkpt>
      <trkpt lat="37.82901811541722" lon="112.00619585546832">
        <ele>1192.2</ele>
        <time>2026-07-02T00:49:50.929000Z</time>
        <extensions>
          <gpxtpx:TrackPointExtension>
            <gpxtpx:hr>137</gpxtpx:hr>
          </gpxtpx:TrackPointExtension>
        </extensions>
      </trkpt>
      <trkpt lat="37.829071126376704" lon="112.00619485268132">
        <ele>1192.2</ele>
        <time>2026-07-02T00:49:52.929000Z</time>
        <extensions>
          <gpxtpx:TrackPointExtension>
            <gpxtpx:hr>137</gpxtpx:hr>
          </gpxtpx:TrackPointExtension>
        </extensions>
      </trkpt>
      <trkpt lat="37.8291231371874" lon="112.00619385001352">
        <ele>1192.2</ele>
        <time>2026-07-02T00:49:54.929000Z</time>
        <extensions>
          <gpxtpx:TrackPointExtension>
            <gpxtpx:hr>137</gpxtpx:hr>
          </gpxtpx:TrackPointExtension>
        </extensions>
      </trkpt>
      <trkpt lat="37.82917615112333" lon="112.00619185075675">
        <ele>1192.2</ele>
        <time>2026-07-02T00:49:56.929000Z</time>
        <extensions>
          <gpxtpx:TrackPointExtension>
            <gpxtpx:hr>139</gpxtpx:hr>
          </gpxtpx:TrackPointExtension>
        </extensions>
      </trkpt>
      <trkpt lat="37.82922916506125" lon="112.00618985150005">
        <ele>1192.0</ele>
        <time>2026-07-02T00:49:58.929000Z</time>
        <extensions>
          <gpxtpx:TrackPointExtension>
            <gpxtpx:hr>139</gpxtpx:hr>
          </gpxtpx:TrackPointExtension>
        </extensions>
      </trkpt>
      <trkpt lat="37.829282179001176" lon="112.0061878522434">
        <ele>1192.0</ele>
        <time>2026-07-02T00:50:00.929000Z</time>
        <extensions>
          <gpxtpx:TrackPointExtension>
            <gpxtpx:hr>139</gpxtpx:hr>
          </gpxtpx:TrackPointExtension>
        </extensions>
      </trkpt>
      <trkpt lat="37.8293361901214" lon="112.00618684933725">
        <ele>1192.0</ele>
        <time>2026-07-02T00:50:02.929000Z</time>
        <extensions>
          <gpxtpx:TrackPointExtension>
            <gpxtpx:hr>139</gpxtpx:hr>
          </gpxtpx:TrackPointExtension>
        </extensions>
      </trkpt>
      <trkpt lat="37.82939020421628" lon="112.00618484996149">
        <ele>1192.0</ele>
        <time>2026-07-02T00:50:04.929000Z</time>
        <extensions>
          <gpxtpx:TrackPointExtension>
            <gpxtpx:hr>139</gpxtpx:hr>
          </gpxtpx:TrackPointExtension>
        </extensions>
      </trkpt>
      <trkpt lat="37.829443215189634" lon="112.00618384717457">
        <ele>1192.0</ele>
        <time>2026-07-02T00:50:06.929000Z</time>
        <extensions>
          <gpxtpx:TrackPointExtension>
            <gpxtpx:hr>136</gpxtpx:hr>
          </gpxtpx:TrackPointExtension>
        </extensions>
      </trkpt>
      <trkpt lat="37.829497229288606" lon="112.00618184779886">
        <ele>1191.3</ele>
        <time>2026-07-02T00:50:08.929000Z</time>
        <extensions>
          <gpxtpx:TrackPointExtension>
            <gpxtpx:hr>136</gpxtpx:hr>
          </gpxtpx:TrackPointExtension>
        </extensions>
      </trkpt>
      <trkpt lat="37.82955124041698" lon="112.00618084489277">
        <ele>1191.3</ele>
        <time>2026-07-02T00:50:10.929000Z</time>
        <extensions>
          <gpxtpx:TrackPointExtension>
            <gpxtpx:hr>135</gpxtpx:hr>
          </gpxtpx:TrackPointExtension>
        </extensions>
      </trkpt>
      <trkpt lat="37.82960425139632" lon="112.0061798421059">
        <ele>1191.3</ele>
        <time>2026-07-02T00:50:12.929000Z</time>
        <extensions>
          <gpxtpx:TrackPointExtension>
            <gpxtpx:hr>135</gpxtpx:hr>
          </gpxtpx:TrackPointExtension>
        </extensions>
      </trkpt>
      <trkpt lat="37.829659262679876" lon="112.00617883908062">
        <ele>1191.3</ele>
        <time>2026-07-02T00:50:14.929000Z</time>
        <extensions>
          <gpxtpx:TrackPointExtension>
            <gpxtpx:hr>135</gpxtpx:hr>
          </gpxtpx:TrackPointExtension>
        </extensions>
      </trkpt>
      <trkpt lat="37.82971427693823" lon="112.00617683958583">
        <ele>1191.3</ele>
        <time>2026-07-02T00:50:16.929000Z</time>
        <extensions>
          <gpxtpx:TrackPointExtension>
            <gpxtpx:hr>135</gpxtpx:hr>
          </gpxtpx:TrackPointExtension>
        </extensions>
      </trkpt>
      <trkpt lat="37.829768291047536" lon="112.00617484021028">
        <ele>1189.9</ele>
        <time>2026-07-02T00:50:18.929000Z</time>
        <extensions>
          <gpxtpx:TrackPointExtension>
            <gpxtpx:hr>135</gpxtpx:hr>
          </gpxtpx:TrackPointExtension>
        </extensions>
      </trkpt>
      <trkpt lat="37.82982330531015" lon="112.00617284071558">
        <ele>1189.9</ele>
        <time>2026-07-02T00:50:20.929000Z</time>
        <extensions>
          <gpxtpx:TrackPointExtension>
            <gpxtpx:hr>135</gpxtpx:hr>
          </gpxtpx:TrackPointExtension>
        </extensions>
      </trkpt>
      <trkpt lat="37.829877316450876" lon="112.00617183780957">
        <ele>1189.9</ele>
        <time>2026-07-02T00:50:22.929000Z</time>
        <extensions>
          <gpxtpx:TrackPointExtension>
            <gpxtpx:hr>134</gpxtpx:hr>
          </gpxtpx:TrackPointExtension>
        </extensions>
      </trkpt>
      <trkpt lat="37.829932330717725" lon="112.00616983831493">
        <ele>1189.9</ele>
        <time>2026-07-02T00:50:24.929000Z</time>
        <extensions>
          <gpxtpx:TrackPointExtension>
            <gpxtpx:hr>134</gpxtpx:hr>
          </gpxtpx:TrackPointExtension>
        </extensions>
      </trkpt>
      <trkpt lat="37.82998634780816" lon="112.00616684247018">
        <ele>1189.9</ele>
        <time>2026-07-02T00:50:26.929000Z</time>
        <extensions>
          <gpxtpx:TrackPointExtension>
            <gpxtpx:hr>134</gpxtpx:hr>
          </gpxtpx:TrackPointExtension>
        </extensions>
      </trkpt>
      <trkpt lat="37.83004036787355" lon="112.00616285015622">
        <ele>1188.6</ele>
        <time>2026-07-02T00:50:28.929000Z</time>
        <extensions>
          <gpxtpx:TrackPointExtension>
            <gpxtpx:hr>134</gpxtpx:hr>
          </gpxtpx:TrackPointExtension>
        </extensions>
      </trkpt>
      <trkpt lat="37.83009438199539" lon="112.00616085078101">
        <ele>1188.6</ele>
        <time>2026-07-02T00:50:30.929000Z</time>
        <extensions>
          <gpxtpx:TrackPointExtension>
            <gpxtpx:hr>134</gpxtpx:hr>
          </gpxtpx:TrackPointExtension>
        </extensions>
      </trkpt>
      <trkpt lat="37.830149390325005" lon="112.00616084422522">
        <ele>1188.6</ele>
        <time>2026-07-02T00:50:32.929000Z</time>
        <extensions>
          <gpxtpx:TrackPointExtension>
            <gpxtpx:hr>133</gpxtpx:hr>
          </gpxtpx:TrackPointExtension>
        </extensions>
      </trkpt>
      <trkpt lat="37.83020438973817" lon="112.0061638270773">
        <ele>1188.6</ele>
        <time>2026-07-02T00:50:34.929000Z</time>
        <extensions>
          <gpxtpx:TrackPointExtension>
            <gpxtpx:hr>133</gpxtpx:hr>
          </gpxtpx:TrackPointExtension>
        </extensions>
      </trkpt>
      <trkpt lat="37.830259386180735" lon="112.00616780639886">
        <ele>1188.6</ele>
        <time>2026-07-02T00:50:36.929000Z</time>
        <extensions>
          <gpxtpx:TrackPointExtension>
            <gpxtpx:hr>132</gpxtpx:hr>
          </gpxtpx:TrackPointExtension>
        </extensions>
      </trkpt>
      <trkpt lat="37.83031337950124" lon="112.00617278230922">
        <ele>1186.9</ele>
        <time>2026-07-02T00:50:38.929000Z</time>
        <extensions>
          <gpxtpx:TrackPointExtension>
            <gpxtpx:hr>132</gpxtpx:hr>
          </gpxtpx:TrackPointExtension>
        </extensions>
      </trkpt>
      <trkpt lat="37.830368372975656" lon="112.00617775810068">
        <ele>1186.9</ele>
        <time>2026-07-02T00:50:40.929000Z</time>
        <extensions>
          <gpxtpx:TrackPointExtension>
            <gpxtpx:hr>132</gpxtpx:hr>
          </gpxtpx:TrackPointExtension>
        </extensions>
      </trkpt>
      <trkpt lat="37.83042437552203" lon="112.00617974436459">
        <ele>1186.9</ele>
        <time>2026-07-02T00:50:42.929000Z</time>
        <extensions>
          <gpxtpx:TrackPointExtension>
            <gpxtpx:hr>134</gpxtpx:hr>
          </gpxtpx:TrackPointExtension>
        </extensions>
      </trkpt>
      <trkpt lat="37.83048038104327" lon="112.00618073415897">
        <ele>1186.9</ele>
        <time>2026-07-02T00:50:44.929000Z</time>
        <extensions>
          <gpxtpx:TrackPointExtension>
            <gpxtpx:hr>134</gpxtpx:hr>
          </gpxtpx:TrackPointExtension>
        </extensions>
      </trkpt>
      <trkpt lat="37.830536389539354" lon="112.00618072748381">
        <ele>1186.9</ele>
        <time>2026-07-02T00:50:46.929000Z</time>
        <extensions>
          <gpxtpx:TrackPointExtension>
            <gpxtpx:hr>135</gpxtpx:hr>
          </gpxtpx:TrackPointExtension>
        </extensions>
      </trkpt>
      <trkpt lat="37.830592395064954" lon="112.00618171727817">
        <ele>1185.1</ele>
        <time>2026-07-02T00:50:48.929000Z</time>
        <extensions>
          <gpxtpx:TrackPointExtension>
            <gpxtpx:hr>135</gpxtpx:hr>
          </gpxtpx:TrackPointExtension>
        </extensions>
      </trkpt>
      <trkpt lat="37.830648406538025" lon="112.00618071413342">
        <ele>1185.1</ele>
        <time>2026-07-02T00:50:50.929000Z</time>
        <extensions>
          <gpxtpx:TrackPointExtension>
            <gpxtpx:hr>135</gpxtpx:hr>
          </gpxtpx:TrackPointExtension>
        </extensions>
      </trkpt>
      <trkpt lat="37.83070442098595" lon="112.0061787145192">
        <ele>1185.1</ele>
        <time>2026-07-02T00:50:52.929000Z</time>
        <extensions>
          <gpxtpx:TrackPointExtension>
            <gpxtpx:hr>136</gpxtpx:hr>
          </gpxtpx:TrackPointExtension>
        </extensions>
      </trkpt>
      <trkpt lat="37.83076144450612" lon="112.00617372537744">
        <ele>1185.1</ele>
        <time>2026-07-02T00:50:54.929000Z</time>
        <extensions>
          <gpxtpx:TrackPointExtension>
            <gpxtpx:hr>136</gpxtpx:hr>
          </gpxtpx:TrackPointExtension>
        </extensions>
      </trkpt>
      <trkpt lat="37.83081846208326" lon="112.00617072917478">
        <ele>1185.1</ele>
        <time>2026-07-02T00:50:56.929000Z</time>
        <extensions>
          <gpxtpx:TrackPointExtension>
            <gpxtpx:hr>136</gpxtpx:hr>
          </gpxtpx:TrackPointExtension>
        </extensions>
      </trkpt>
      <trkpt lat="37.830875476689954" lon="112.00616872944161">
        <ele>1184.0</ele>
        <time>2026-07-02T00:50:58.929000Z</time>
        <extensions>
          <gpxtpx:TrackPointExtension>
            <gpxtpx:hr>136</gpxtpx:hr>
          </gpxtpx:TrackPointExtension>
        </extensions>
      </trkpt>
      <trkpt lat="37.83093248535336" lon="112.00616872264716">
        <ele>1184.0</ele>
        <time>2026-07-02T00:51:00.929000Z</time>
        <extensions>
          <gpxtpx:TrackPointExtension>
            <gpxtpx:hr>136</gpxtpx:hr>
          </gpxtpx:TrackPointExtension>
        </extensions>
      </trkpt>
      <trkpt lat="37.830989488073456" lon="112.00617070879142">
        <ele>1184.0</ele>
        <time>2026-07-02T00:51:02.929000Z</time>
        <extensions>
          <gpxtpx:TrackPointExtension>
            <gpxtpx:hr>136</gpxtpx:hr>
          </gpxtpx:TrackPointExtension>
        </extensions>
      </trkpt>
      <trkpt lat="37.83104549361651" lon="112.00617169858553">
        <ele>1184.0</ele>
        <time>2026-07-02T00:51:04.929000Z</time>
        <extensions>
          <gpxtpx:TrackPointExtension>
            <gpxtpx:hr>136</gpxtpx:hr>
          </gpxtpx:TrackPointExtension>
        </extensions>
      </trkpt>
      <trkpt lat="37.83110050792788" lon="112.00616969909068">
        <ele>1184.0</ele>
        <time>2026-07-02T00:51:06.929000Z</time>
        <extensions>
          <gpxtpx:TrackPointExtension>
            <gpxtpx:hr>136</gpxtpx:hr>
          </gpxtpx:TrackPointExtension>
        </extensions>
      </trkpt>
      <trkpt lat="37.831156525366346" lon="112.00616670300735">
        <ele>1183.3</ele>
        <time>2026-07-02T00:51:08.929000Z</time>
        <extensions>
          <gpxtpx:TrackPointExtension>
            <gpxtpx:hr>136</gpxtpx:hr>
          </gpxtpx:TrackPointExtension>
        </extensions>
      </trkpt>
      <trkpt lat="37.83121253983423" lon="112.00616470339342">
        <ele>1183.3</ele>
        <time>2026-07-02T00:51:10.929000Z</time>
        <extensions>
          <gpxtpx:TrackPointExtension>
            <gpxtpx:hr>136</gpxtpx:hr>
          </gpxtpx:TrackPointExtension>
        </extensions>
      </trkpt>
      <trkpt lat="37.831267557124946" lon="112.00616170742951">
        <ele>1183.3</ele>
        <time>2026-07-02T00:51:12.929000Z</time>
        <extensions>
          <gpxtpx:TrackPointExtension>
            <gpxtpx:hr>137</gpxtpx:hr>
          </gpxtpx:TrackPointExtension>
        </extensions>
      </trkpt>
      <trkpt lat="37.83132158021135" lon="112.00615671864654">
        <ele>1183.3</ele>
        <time>2026-07-02T00:51:14.929000Z</time>
        <extensions>
          <gpxtpx:TrackPointExtension>
            <gpxtpx:hr>137</gpxtpx:hr>
          </gpxtpx:TrackPointExtension>
        </extensions>
      </trkpt>
      <trkpt lat="37.83137560330003" lon="112.00615172986392">
        <ele>1183.3</ele>
        <time>2026-07-02T00:51:16.929000Z</time>
        <extensions>
          <gpxtpx:TrackPointExtension>
            <gpxtpx:hr>136</gpxtpx:hr>
          </gpxtpx:TrackPointExtension>
        </extensions>
      </trkpt>
      <trkpt lat="37.83143062357034" lon="112.00614773743148">
        <ele>1182.5</ele>
        <time>2026-07-02T00:51:18.929000Z</time>
        <extensions>
          <gpxtpx:TrackPointExtension>
            <gpxtpx:hr>136</gpxtpx:hr>
          </gpxtpx:TrackPointExtension>
        </extensions>
      </trkpt>
      <trkpt lat="37.8314866439953" lon="112.00614374488008">
        <ele>1182.5</ele>
        <time>2026-07-02T00:51:20.929000Z</time>
        <extensions>
          <gpxtpx:TrackPointExtension>
            <gpxtpx:hr>136</gpxtpx:hr>
          </gpxtpx:TrackPointExtension>
        </extensions>
      </trkpt>
      <trkpt lat="37.83154166427014" lon="112.00613975244808">
        <ele>1182.5</ele>
        <time>2026-07-02T00:51:22.929000Z</time>
        <extensions>
          <gpxtpx:TrackPointExtension>
            <gpxtpx:hr>134</gpxtpx:hr>
          </gpxtpx:TrackPointExtension>
        </extensions>
      </trkpt>
      <trkpt lat="37.831596681574126" lon="112.00613675648519">
        <ele>1182.5</ele>
        <time>2026-07-02T00:51:24.929000Z</time>
        <extensions>
          <gpxtpx:TrackPointExtension>
            <gpxtpx:hr>134</gpxtpx:hr>
          </gpxtpx:TrackPointExtension>
        </extensions>
      </trkpt>
      <trkpt lat="37.831649692629" lon="112.00613575369856">
        <ele>1182.5</ele>
        <time>2026-07-02T00:51:26.929000Z</time>
        <extensions>
          <gpxtpx:TrackPointExtension>
            <gpxtpx:hr>135</gpxtpx:hr>
          </gpxtpx:TrackPointExtension>
        </extensions>
      </trkpt>
      <trkpt lat="37.831702706658966" lon="112.00613375444307">
        <ele>1181.9</ele>
        <time>2026-07-02T00:51:28.929000Z</time>
        <extensions>
          <gpxtpx:TrackPointExtension>
            <gpxtpx:hr>135</gpxtpx:hr>
          </gpxtpx:TrackPointExtension>
        </extensions>
      </trkpt>
      <trkpt lat="37.83175672084349" lon="112.00613175506844">
        <ele>1181.9</ele>
        <time>2026-07-02T00:51:30.929000Z</time>
        <extensions>
          <gpxtpx:TrackPointExtension>
            <gpxtpx:hr>135</gpxtpx:hr>
          </gpxtpx:TrackPointExtension>
        </extensions>
      </trkpt>
      <trkpt lat="37.83181173518267" lon="112.00612975557463">
        <ele>1181.9</ele>
        <time>2026-07-02T00:51:32.929000Z</time>
        <extensions>
          <gpxtpx:TrackPointExtension>
            <gpxtpx:hr>136</gpxtpx:hr>
          </gpxtpx:TrackPointExtension>
        </extensions>
      </trkpt>
      <trkpt lat="37.831866749523975" lon="112.0061277560809">
        <ele>1181.9</ele>
        <time>2026-07-02T00:51:34.929000Z</time>
        <extensions>
          <gpxtpx:TrackPointExtension>
            <gpxtpx:hr>136</gpxtpx:hr>
          </gpxtpx:TrackPointExtension>
        </extensions>
      </trkpt>
      <trkpt lat="37.83192076668796" lon="112.00612476023768">
        <ele>1181.9</ele>
        <time>2026-07-02T00:51:36.929000Z</time>
        <extensions>
          <gpxtpx:TrackPointExtension>
            <gpxtpx:hr>136</gpxtpx:hr>
          </gpxtpx:TrackPointExtension>
        </extensions>
      </trkpt>
      <trkpt lat="37.831973786674595" lon="112.00612076804516">
        <ele>1181.3</ele>
        <time>2026-07-02T00:51:38.929000Z</time>
        <extensions>
          <gpxtpx:TrackPointExtension>
            <gpxtpx:hr>136</gpxtpx:hr>
          </gpxtpx:TrackPointExtension>
        </extensions>
      </trkpt>
      <trkpt lat="37.83202480338448" lon="112.00611777255985">
        <ele>1181.3</ele>
        <time>2026-07-02T00:51:40.929000Z</time>
        <extensions>
          <gpxtpx:TrackPointExtension>
            <gpxtpx:hr>136</gpxtpx:hr>
          </gpxtpx:TrackPointExtension>
        </extensions>
      </trkpt>
      <trkpt lat="37.83207681430237" lon="112.00611676989263">
        <ele>1181.3</ele>
        <time>2026-07-02T00:51:42.929000Z</time>
        <extensions>
          <gpxtpx:TrackPointExtension>
            <gpxtpx:hr>136</gpxtpx:hr>
          </gpxtpx:TrackPointExtension>
        </extensions>
      </trkpt>
      <trkpt lat="37.83212781614933" lon="112.0061187567504">
        <ele>1181.3</ele>
        <time>2026-07-02T00:51:44.929000Z</time>
        <extensions>
          <gpxtpx:TrackPointExtension>
            <gpxtpx:hr>136</gpxtpx:hr>
          </gpxtpx:TrackPointExtension>
        </extensions>
      </trkpt>
      <trkpt lat="37.83218082127714" lon="112.00611974690115">
        <ele>1181.3</ele>
        <time>2026-07-02T00:51:46.929000Z</time>
        <extensions>
          <gpxtpx:TrackPointExtension>
            <gpxtpx:hr>136</gpxtpx:hr>
          </gpxtpx:TrackPointExtension>
        </extensions>
      </trkpt>
      <trkpt lat="37.83223482358653" lon="112.00612173340136">
        <ele>1181.4</ele>
        <time>2026-07-02T00:51:48.929000Z</time>
        <extensions>
          <gpxtpx:TrackPointExtension>
            <gpxtpx:hr>136</gpxtpx:hr>
          </gpxtpx:TrackPointExtension>
        </extensions>
      </trkpt>
      <trkpt lat="37.832287813852076" lon="112.00612770589561">
        <ele>1181.4</ele>
        <time>2026-07-02T00:51:50.929000Z</time>
        <extensions>
          <gpxtpx:TrackPointExtension>
            <gpxtpx:hr>136</gpxtpx:hr>
          </gpxtpx:TrackPointExtension>
        </extensions>
      </trkpt>
      <trkpt lat="37.832339786128244" lon="112.00613965732262">
        <ele>1181.4</ele>
        <time>2026-07-02T00:51:52.929000Z</time>
        <extensions>
          <gpxtpx:TrackPointExtension>
            <gpxtpx:hr>137</gpxtpx:hr>
          </gpxtpx:TrackPointExtension>
        </extensions>
      </trkpt>
      <trkpt lat="37.832391752461874" lon="112.00615360168965">
        <ele>1181.4</ele>
        <time>2026-07-02T00:51:54.929000Z</time>
        <extensions>
          <gpxtpx:TrackPointExtension>
            <gpxtpx:hr>137</gpxtpx:hr>
          </gpxtpx:TrackPointExtension>
        </extensions>
      </trkpt>
      <trkpt lat="37.83244270675529" lon="112.00617153205565">
        <ele>1181.4</ele>
        <time>2026-07-02T00:51:56.929000Z</time>
        <extensions>
          <gpxtpx:TrackPointExtension>
            <gpxtpx:hr>136</gpxtpx:hr>
          </gpxtpx:TrackPointExtension>
        </extensions>
      </trkpt>
      <trkpt lat="37.832492657928256" lon="112.0061904590147">
        <ele>1181.5</ele>
        <time>2026-07-02T00:51:58.929000Z</time>
        <extensions>
          <gpxtpx:TrackPointExtension>
            <gpxtpx:hr>136</gpxtpx:hr>
          </gpxtpx:TrackPointExtension>
        </extensions>
      </trkpt>
      <trkpt lat="37.83254160895363" lon="112.00620938609778">
        <ele>1181.5</ele>
        <time>2026-07-02T00:52:00.929000Z</time>
        <extensions>
          <gpxtpx:TrackPointExtension>
            <gpxtpx:hr>136</gpxtpx:hr>
          </gpxtpx:TrackPointExtension>
        </extensions>
      </trkpt>
      <trkpt lat="37.832589553887026" lon="112.0062303062451">
        <ele>1181.5</ele>
        <time>2026-07-02T00:52:02.929000Z</time>
        <extensions>
          <gpxtpx:TrackPointExtension>
            <gpxtpx:hr>137</gpxtpx:hr>
          </gpxtpx:TrackPointExtension>
        </extensions>
      </trkpt>
      <trkpt lat="37.8326364897578" lon="112.00625421592882">
        <ele>1181.5</ele>
        <time>2026-07-02T00:52:04.929000Z</time>
        <extensions>
          <gpxtpx:TrackPointExtension>
            <gpxtpx:hr>137</gpxtpx:hr>
          </gpxtpx:TrackPointExtension>
        </extensions>
      </trkpt>
      <trkpt lat="37.8326844228178" lon="112.00627912197184">
        <ele>1181.5</ele>
        <time>2026-07-02T00:52:06.929000Z</time>
        <extensions>
          <gpxtpx:TrackPointExtension>
            <gpxtpx:hr>138</gpxtpx:hr>
          </gpxtpx:TrackPointExtension>
        </extensions>
      </trkpt>
      <trkpt lat="37.83273135573276" lon="112.00630402814251">
        <ele>1180.9</ele>
        <time>2026-07-02T00:52:08.929000Z</time>
        <extensions>
          <gpxtpx:TrackPointExtension>
            <gpxtpx:hr>138</gpxtpx:hr>
          </gpxtpx:TrackPointExtension>
        </extensions>
      </trkpt>
      <trkpt lat="37.832778288655874" lon="112.00632893432164">
        <ele>1180.9</ele>
        <time>2026-07-02T00:52:10.929000Z</time>
        <extensions>
          <gpxtpx:TrackPointExtension>
            <gpxtpx:hr>138</gpxtpx:hr>
          </gpxtpx:TrackPointExtension>
        </extensions>
      </trkpt>
      <trkpt lat="37.83282423034633" lon="112.0063508512131">
        <ele>1180.9</ele>
        <time>2026-07-02T00:52:12.929000Z</time>
        <extensions>
          <gpxtpx:TrackPointExtension>
            <gpxtpx:hr>138</gpxtpx:hr>
          </gpxtpx:TrackPointExtension>
        </extensions>
      </trkpt>
      <trkpt lat="37.83287018689658" lon="112.00636778575095">
        <ele>1180.9</ele>
        <time>2026-07-02T00:52:14.929000Z</time>
        <extensions>
          <gpxtpx:TrackPointExtension>
            <gpxtpx:hr>138</gpxtpx:hr>
          </gpxtpx:TrackPointExtension>
        </extensions>
      </trkpt>
      <trkpt lat="37.83291715845726" lon="112.0063797378125">
        <ele>1180.9</ele>
        <time>2026-07-02T00:52:16.929000Z</time>
        <extensions>
          <gpxtpx:TrackPointExtension>
            <gpxtpx:hr>139</gpxtpx:hr>
          </gpxtpx:TrackPointExtension>
        </extensions>
      </trkpt>
      <trkpt lat="37.83296612735742" lon="112.00639268610985">
        <ele>1181.0</ele>
        <time>2026-07-02T00:52:18.929000Z</time>
        <extensions>
          <gpxtpx:TrackPointExtension>
            <gpxtpx:hr>139</gpxtpx:hr>
          </gpxtpx:TrackPointExtension>
        </extensions>
      </trkpt>
      <trkpt lat="37.833015093290776" lon="112.006406630882">
        <ele>1181.0</ele>
        <time>2026-07-02T00:52:20.929000Z</time>
        <extensions>
          <gpxtpx:TrackPointExtension>
            <gpxtpx:hr>139</gpxtpx:hr>
          </gpxtpx:TrackPointExtension>
        </extensions>
      </trkpt>
      <trkpt lat="37.833065056411264" lon="112.00642157201025">
        <ele>1181.0</ele>
        <time>2026-07-02T00:52:22.929000Z</time>
        <extensions>
          <gpxtpx:TrackPointExtension>
            <gpxtpx:hr>139</gpxtpx:hr>
          </gpxtpx:TrackPointExtension>
        </extensions>
      </trkpt>
      <trkpt lat="37.83311401344254" lon="112.00643850620669">
        <ele>1181.0</ele>
        <time>2026-07-02T00:52:24.929000Z</time>
        <extensions>
          <gpxtpx:TrackPointExtension>
            <gpxtpx:hr>139</gpxtpx:hr>
          </gpxtpx:TrackPointExtension>
        </extensions>
      </trkpt>
      <trkpt lat="37.83316397360183" lon="112.0064544438146">
        <ele>1181.0</ele>
        <time>2026-07-02T00:52:26.929000Z</time>
        <extensions>
          <gpxtpx:TrackPointExtension>
            <gpxtpx:hr>139</gpxtpx:hr>
          </gpxtpx:TrackPointExtension>
        </extensions>
      </trkpt>
      <trkpt lat="37.833213927826485" lon="112.00647237437283">
        <ele>1180.7</ele>
        <time>2026-07-02T00:52:28.929000Z</time>
        <extensions>
          <gpxtpx:TrackPointExtension>
            <gpxtpx:hr>139</gpxtpx:hr>
          </gpxtpx:TrackPointExtension>
        </extensions>
      </trkpt>
      <trkpt lat="37.833263887995045" lon="112.00648831198812">
        <ele>1180.7</ele>
        <time>2026-07-02T00:52:30.929000Z</time>
        <extensions>
          <gpxtpx:TrackPointExtension>
            <gpxtpx:hr>139</gpxtpx:hr>
          </gpxtpx:TrackPointExtension>
        </extensions>
      </trkpt>
      <trkpt lat="37.83331384519888" lon="112.00650524608076">
        <ele>1180.7</ele>
        <time>2026-07-02T00:52:32.929000Z</time>
        <extensions>
          <gpxtpx:TrackPointExtension>
            <gpxtpx:hr>139</gpxtpx:hr>
          </gpxtpx:TrackPointExtension>
        </extensions>
      </trkpt>
      <trkpt lat="37.83336380240755" lon="112.00652218017733">
        <ele>1180.7</ele>
        <time>2026-07-02T00:52:34.929000Z</time>
        <extensions>
          <gpxtpx:TrackPointExtension>
            <gpxtpx:hr>139</gpxtpx:hr>
          </gpxtpx:TrackPointExtension>
        </extensions>
      </trkpt>
      <trkpt lat="37.833413768527535" lon="112.00653612485483">
        <ele>1180.7</ele>
        <time>2026-07-02T00:52:36.929000Z</time>
        <extensions>
          <gpxtpx:TrackPointExtension>
            <gpxtpx:hr>139</gpxtpx:hr>
          </gpxtpx:TrackPointExtension>
        </extensions>
      </trkpt>
      <trkpt lat="37.83346372871398" lon="112.00655206248403">
        <ele>1179.9</ele>
        <time>2026-07-02T00:52:38.929000Z</time>
        <extensions>
          <gpxtpx:TrackPointExtension>
            <gpxtpx:hr>139</gpxtpx:hr>
          </gpxtpx:TrackPointExtension>
        </extensions>
      </trkpt>
      <trkpt lat="37.8335136889049" lon="112.0065680001167">
        <ele>1179.9</ele>
        <time>2026-07-02T00:52:40.929000Z</time>
        <extensions>
          <gpxtpx:TrackPointExtension>
            <gpxtpx:hr>139</gpxtpx:hr>
          </gpxtpx:TrackPointExtension>
        </extensions>
      </trkpt>
      <trkpt lat="37.83356364316368" lon="112.00658593070287">
        <ele>1179.9</ele>
        <time>2026-07-02T00:52:42.929000Z</time>
        <extensions>
          <gpxtpx:TrackPointExtension>
            <gpxtpx:hr>138</gpxtpx:hr>
          </gpxtpx:TrackPointExtension>
        </extensions>
      </trkpt>
      <trkpt lat="37.833613597427686" lon="112.00660386129346">
        <ele>1179.9</ele>
        <time>2026-07-02T00:52:44.929000Z</time>
        <extensions>
          <gpxtpx:TrackPointExtension>
            <gpxtpx:hr>138</gpxtpx:hr>
          </gpxtpx:TrackPointExtension>
        </extensions>
      </trkpt>
      <trkpt lat="37.83366354576111" lon="112.00662378483955">
        <ele>1179.9</ele>
        <time>2026-07-02T00:52:46.929000Z</time>
        <extensions>
          <gpxtpx:TrackPointExtension>
            <gpxtpx:hr>137</gpxtpx:hr>
          </gpxtpx:TrackPointExtension>
        </extensions>
      </trkpt>
      <trkpt lat="37.83371348816527" lon="112.00664570134279">
        <ele>1178.8</ele>
        <time>2026-07-02T00:52:48.929000Z</time>
        <extensions>
          <gpxtpx:TrackPointExtension>
            <gpxtpx:hr>137</gpxtpx:hr>
          </gpxtpx:TrackPointExtension>
        </extensions>
      </trkpt>
      <trkpt lat="37.83376342464163" lon="112.00666961080506">
        <ele>1178.8</ele>
        <time>2026-07-02T00:52:50.929000Z</time>
        <extensions>
          <gpxtpx:TrackPointExtension>
            <gpxtpx:hr>137</gpxtpx:hr>
          </gpxtpx:TrackPointExtension>
        </extensions>
      </trkpt>
      <trkpt lat="37.83381436721424" lon="112.00669152720307">
        <ele>1178.8</ele>
        <time>2026-07-02T00:52:52.929000Z</time>
        <extensions>
          <gpxtpx:TrackPointExtension>
            <gpxtpx:hr>137</gpxtpx:hr>
          </gpxtpx:TrackPointExtension>
        </extensions>
      </trkpt>
      <trkpt lat="37.83386631588178" lon="112.00671145053501">
        <ele>1178.8</ele>
        <time>2026-07-02T00:52:54.929000Z</time>
        <extensions>
          <gpxtpx:TrackPointExtension>
            <gpxtpx:hr>137</gpxtpx:hr>
          </gpxtpx:TrackPointExtension>
        </extensions>
      </trkpt>
      <trkpt lat="37.83391926767632" lon="112.00673037727618">
        <ele>1178.8</ele>
        <time>2026-07-02T00:52:56.929000Z</time>
        <extensions>
          <gpxtpx:TrackPointExtension>
            <gpxtpx:hr>135</gpxtpx:hr>
          </gpxtpx:TrackPointExtension>
        </extensions>
      </trkpt>
      <trkpt lat="37.833971219322635" lon="112.00674930414162">
        <ele>1177.7</ele>
        <time>2026-07-02T00:52:58.929000Z</time>
        <extensions>
          <gpxtpx:TrackPointExtension>
            <gpxtpx:hr>135</gpxtpx:hr>
          </gpxtpx:TrackPointExtension>
        </extensions>
      </trkpt>
      <trkpt lat="37.83402317097477" lon="112.00676823101205">
        <ele>1177.7</ele>
        <time>2026-07-02T00:53:00.929000Z</time>
        <extensions>
          <gpxtpx:TrackPointExtension>
            <gpxtpx:hr>135</gpxtpx:hr>
          </gpxtpx:TrackPointExtension>
        </extensions>
      </trkpt>
      <trkpt lat="37.834075122632704" lon="112.00678715788749">
        <ele>1177.7</ele>
        <time>2026-07-02T00:53:02.929000Z</time>
        <extensions>
          <gpxtpx:TrackPointExtension>
            <gpxtpx:hr>136</gpxtpx:hr>
          </gpxtpx:TrackPointExtension>
        </extensions>
      </trkpt>
      <trkpt lat="37.83412607710815" lon="112.00680508840912">
        <ele>1177.7</ele>
        <time>2026-07-02T00:53:04.929000Z</time>
        <extensions>
          <gpxtpx:TrackPointExtension>
            <gpxtpx:hr>136</gpxtpx:hr>
          </gpxtpx:TrackPointExtension>
        </extensions>
      </trkpt>
      <trkpt lat="37.834178034708884" lon="112.00682202233767">
        <ele>1177.7</ele>
        <time>2026-07-02T00:53:06.929000Z</time>
        <extensions>
          <gpxtpx:TrackPointExtension>
            <gpxtpx:hr>135</gpxtpx:hr>
          </gpxtpx:TrackPointExtension>
        </extensions>
      </trkpt>
      <trkpt lat="37.83423099839998" lon="112.00683696319388">
        <ele>1176.5</ele>
        <time>2026-07-02T00:53:08.929000Z</time>
        <extensions>
          <gpxtpx:TrackPointExtension>
            <gpxtpx:hr>135</gpxtpx:hr>
          </gpxtpx:TrackPointExtension>
        </extensions>
      </trkpt>
      <trkpt lat="37.83428295897579" lon="112.00685290065121">
        <ele>1176.5</ele>
        <time>2026-07-02T00:53:10.929000Z</time>
        <extensions>
          <gpxtpx:TrackPointExtension>
            <gpxtpx:hr>135</gpxtpx:hr>
          </gpxtpx:TrackPointExtension>
        </extensions>
      </trkpt>
      <trkpt lat="37.83433591378027" lon="112.00687083095087">
        <ele>1176.5</ele>
        <time>2026-07-02T00:53:12.929000Z</time>
        <extensions>
          <gpxtpx:TrackPointExtension>
            <gpxtpx:hr>135</gpxtpx:hr>
          </gpxtpx:TrackPointExtension>
        </extensions>
      </trkpt>
      <trkpt lat="37.83438886859026" lon="112.00688876125506">
        <ele>1176.5</ele>
        <time>2026-07-02T00:53:14.929000Z</time>
        <extensions>
          <gpxtpx:TrackPointExtension>
            <gpxtpx:hr>135</gpxtpx:hr>
          </gpxtpx:TrackPointExtension>
        </extensions>
      </trkpt>
      <trkpt lat="37.8344418293353" lon="112.00690469860473">
        <ele>1176.5</ele>
        <time>2026-07-02T00:53:16.929000Z</time>
        <extensions>
          <gpxtpx:TrackPointExtension>
            <gpxtpx:hr>135</gpxtpx:hr>
          </gpxtpx:TrackPointExtension>
        </extensions>
      </trkpt>
      <trkpt lat="37.834496796323236" lon="112.00691864276006">
        <ele>1175.6</ele>
        <time>2026-07-02T00:53:18.929000Z</time>
        <extensions>
          <gpxtpx:TrackPointExtension>
            <gpxtpx:hr>135</gpxtpx:hr>
          </gpxtpx:TrackPointExtension>
        </extensions>
      </trkpt>
      <trkpt lat="37.8345507720544" lon="112.00692959759773">
        <ele>1175.6</ele>
        <time>2026-07-02T00:53:20.929000Z</time>
        <extensions>
          <gpxtpx:TrackPointExtension>
            <gpxtpx:hr>135</gpxtpx:hr>
          </gpxtpx:TrackPointExtension>
        </extensions>
      </trkpt>
      <trkpt lat="37.834604753717684" lon="112.00693855947706">
        <ele>1175.6</ele>
        <time>2026-07-02T00:53:22.929000Z</time>
        <extensions>
          <gpxtpx:TrackPointExtension>
            <gpxtpx:hr>136</gpxtpx:hr>
          </gpxtpx:TrackPointExtension>
        </extensions>
      </trkpt>
      <trkpt lat="37.8346577381936" lon="112.00694652499669">
        <ele>1175.6</ele>
        <time>2026-07-02T00:53:24.929000Z</time>
        <extensions>
          <gpxtpx:TrackPointExtension>
            <gpxtpx:hr>136</gpxtpx:hr>
          </gpxtpx:TrackPointExtension>
        </extensions>
      </trkpt>
      <trkpt lat="37.83470972844603" lon="112.00695249767604">
        <ele>1175.6</ele>
        <time>2026-07-02T00:53:26.929000Z</time>
        <extensions>
          <gpxtpx:TrackPointExtension>
            <gpxtpx:hr>136</gpxtpx:hr>
          </gpxtpx:TrackPointExtension>
        </extensions>
      </trkpt>
      <trkpt lat="37.83476372790256" lon="112.00695548067662">
        <ele>1175.0</ele>
        <time>2026-07-02T00:53:28.929000Z</time>
        <extensions>
          <gpxtpx:TrackPointExtension>
            <gpxtpx:hr>136</gpxtpx:hr>
          </gpxtpx:TrackPointExtension>
        </extensions>
      </trkpt>
      <trkpt lat="37.83481874826541" lon="112.0069514881966">
        <ele>1175.0</ele>
        <time>2026-07-02T00:53:30.929000Z</time>
        <extensions>
          <gpxtpx:TrackPointExtension>
            <gpxtpx:hr>136</gpxtpx:hr>
          </gpxtpx:TrackPointExtension>
        </extensions>
      </trkpt>
      <trkpt lat="37.83487378345218" lon="112.00694251331652">
        <ele>1175.0</ele>
        <time>2026-07-02T00:53:32.929000Z</time>
        <extensions>
          <gpxtpx:TrackPointExtension>
            <gpxtpx:hr>137</gpxtpx:hr>
          </gpxtpx:TrackPointExtension>
        </extensions>
      </trkpt>
      <trkpt lat="37.83492882753534" lon="112.00693054899801">
        <ele>1175.0</ele>
        <time>2026-07-02T00:53:34.929000Z</time>
        <extensions>
          <gpxtpx:TrackPointExtension>
            <gpxtpx:hr>137</gpxtpx:hr>
          </gpxtpx:TrackPointExtension>
        </extensions>
      </trkpt>
      <trkpt lat="37.834983871622164" lon="112.00691858468163">
        <ele>1175.0</ele>
        <time>2026-07-02T00:53:36.929000Z</time>
        <extensions>
          <gpxtpx:TrackPointExtension>
            <gpxtpx:hr>137</gpxtpx:hr>
          </gpxtpx:TrackPointExtension>
        </extensions>
      </trkpt>
      <trkpt lat="37.835038912747876" lon="112.00690761684686">
        <ele>1173.9</ele>
        <time>2026-07-02T00:53:38.929000Z</time>
        <extensions>
          <gpxtpx:TrackPointExtension>
            <gpxtpx:hr>137</gpxtpx:hr>
          </gpxtpx:TrackPointExtension>
        </extensions>
      </trkpt>
      <trkpt lat="37.83509395387698" lon="112.00689664901387">
        <ele>1173.9</ele>
        <time>2026-07-02T00:53:40.929000Z</time>
        <extensions>
          <gpxtpx:TrackPointExtension>
            <gpxtpx:hr>137</gpxtpx:hr>
          </gpxtpx:TrackPointExtension>
        </extensions>
      </trkpt>
      <trkpt lat="37.835149992199376" lon="112.0068866775426">
        <ele>1173.9</ele>
        <time>2026-07-02T00:53:42.929000Z</time>
        <extensions>
          <gpxtpx:TrackPointExtension>
            <gpxtpx:hr>136</gpxtpx:hr>
          </gpxtpx:TrackPointExtension>
        </extensions>
      </trkpt>
      <trkpt lat="37.83520601569966" lon="112.00688168846828">
        <ele>1173.9</ele>
        <time>2026-07-02T00:53:44.929000Z</time>
        <extensions>
          <gpxtpx:TrackPointExtension>
            <gpxtpx:hr>136</gpxtpx:hr>
          </gpxtpx:TrackPointExtension>
        </extensions>
      </trkpt>
      <trkpt lat="37.8352589942622" lon="112.00689164693962">
        <ele>1173.9</ele>
        <time>2026-07-02T00:53:46.929000Z</time>
        <extensions>
          <gpxtpx:TrackPointExtension>
            <gpxtpx:hr>137</gpxtpx:hr>
          </gpxtpx:TrackPointExtension>
        </extensions>
      </trkpt>
      <trkpt lat="37.83530491541314" lon="112.0069205393586">
        <ele>1173.2</ele>
        <time>2026-07-02T00:53:48.929000Z</time>
        <extensions>
          <gpxtpx:TrackPointExtension>
            <gpxtpx:hr>137</gpxtpx:hr>
          </gpxtpx:TrackPointExtension>
        </extensions>
      </trkpt>
      <trkpt lat="37.83533877839512" lon="112.00696836634523">
        <ele>1173.2</ele>
        <time>2026-07-02T00:53:50.929000Z</time>
        <extensions>
          <gpxtpx:TrackPointExtension>
            <gpxtpx:hr>137</gpxtpx:hr>
          </gpxtpx:TrackPointExtension>
        </extensions>
      </trkpt>
      <trkpt lat="37.83536060694488" lon="112.00702715608865">
        <ele>1173.2</ele>
        <time>2026-07-02T00:53:52.929000Z</time>
        <extensions>
          <gpxtpx:TrackPointExtension>
            <gpxtpx:hr>137</gpxtpx:hr>
          </gpxtpx:TrackPointExtension>
        </extensions>
      </trkpt>
      <trkpt lat="37.835378431951064" lon="112.00708694284147">
        <ele>1173.2</ele>
        <time>2026-07-02T00:53:54.929000Z</time>
        <extensions>
          <gpxtpx:TrackPointExtension>
            <gpxtpx:hr>137</gpxtpx:hr>
          </gpxtpx:TrackPointExtension>
        </extensions>
      </trkpt>
      <trkpt lat="37.83539927227367" lon="112.00714174687397">
        <ele>1173.2</ele>
        <time>2026-07-02T00:53:56.929000Z</time>
        <extensions>
          <gpxtpx:TrackPointExtension>
            <gpxtpx:hr>138</gpxtpx:hr>
          </gpxtpx:TrackPointExtension>
        </extensions>
      </trkpt>
      <trkpt lat="37.835427128523975" lon="112.00719156769725">
        <ele>1173.3</ele>
        <time>2026-07-02T00:53:58.929000Z</time>
        <extensions>
          <gpxtpx:TrackPointExtension>
            <gpxtpx:hr>138</gpxtpx:hr>
          </gpxtpx:TrackPointExtension>
        </extensions>
      </trkpt>
      <trkpt lat="37.83545999150069" lon="112.00723939499187">
        <ele>1173.3</ele>
        <time>2026-07-02T00:54:00.929000Z</time>
        <extensions>
          <gpxtpx:TrackPointExtension>
            <gpxtpx:hr>138</gpxtpx:hr>
          </gpxtpx:TrackPointExtension>
        </extensions>
      </trkpt>
      <trkpt lat="37.83549787304299" lon="112.00728124281386">
        <ele>1173.3</ele>
        <time>2026-07-02T00:54:02.929000Z</time>
        <extensions>
          <gpxtpx:TrackPointExtension>
            <gpxtpx:hr>138</gpxtpx:hr>
          </gpxtpx:TrackPointExtension>
        </extensions>
      </trkpt>
      <trkpt lat="37.835540790903586" lon="112.00731113223961">
        <ele>1173.3</ele>
        <time>2026-07-02T00:54:04.929000Z</time>
        <extensions>
          <gpxtpx:TrackPointExtension>
            <gpxtpx:hr>138</gpxtpx:hr>
          </gpxtpx:TrackPointExtension>
        </extensions>
      </trkpt>
      <trkpt lat="37.835592769371566" lon="112.00732109089151">
        <ele>1173.3</ele>
        <time>2026-07-02T00:54:06.929000Z</time>
        <extensions>
          <gpxtpx:TrackPointExtension>
            <gpxtpx:hr>138</gpxtpx:hr>
          </gpxtpx:TrackPointExtension>
        </extensions>
      </trkpt>
      <trkpt lat="37.83564577463781" lon="112.00732208105511">
        <ele>1174.0</ele>
        <time>2026-07-02T00:54:08.929000Z</time>
        <extensions>
          <gpxtpx:TrackPointExtension>
            <gpxtpx:hr>138</gpxtpx:hr>
          </gpxtpx:TrackPointExtension>
        </extensions>
      </trkpt>
      <trkpt lat="37.83569878878615" lon="112.00732008176212">
        <ele>1174.0</ele>
        <time>2026-07-02T00:54:10.929000Z</time>
        <extensions>
          <gpxtpx:TrackPointExtension>
            <gpxtpx:hr>138</gpxtpx:hr>
          </gpxtpx:TrackPointExtension>
        </extensions>
      </trkpt>
      <trkpt lat="37.835750793900864" lon="112.00732107204495">
        <ele>1174.0</ele>
        <time>2026-07-02T00:54:12.929000Z</time>
        <extensions>
          <gpxtpx:TrackPointExtension>
            <gpxtpx:hr>137</gpxtpx:hr>
          </gpxtpx:TrackPointExtension>
        </extensions>
      </trkpt>
      <trkpt lat="37.835801784061935" lon="112.00732704487488">
        <ele>1174.0</ele>
        <time>2026-07-02T00:54:14.929000Z</time>
        <extensions>
          <gpxtpx:TrackPointExtension>
            <gpxtpx:hr>137</gpxtpx:hr>
          </gpxtpx:TrackPointExtension>
        </extensions>
      </trkpt>
      <trkpt lat="37.83585376254091" lon="112.0073370035289">
        <ele>1174.0</ele>
        <time>2026-07-02T00:54:16.929000Z</time>
        <extensions>
          <gpxtpx:TrackPointExtension>
            <gpxtpx:hr>136</gpxtpx:hr>
          </gpxtpx:TrackPointExtension>
        </extensions>
      </trkpt>
      <trkpt lat="37.83590573214359" lon="112.00734995164208">
        <ele>1173.1</ele>
        <time>2026-07-02T00:54:18.929000Z</time>
        <extensions>
          <gpxtpx:TrackPointExtension>
            <gpxtpx:hr>136</gpxtpx:hr>
          </gpxtpx:TrackPointExtension>
        </extensions>
      </trkpt>
      <trkpt lat="37.83595770470962" lon="112.00736190327157">
        <ele>1173.1</ele>
        <time>2026-07-02T00:54:20.929000Z</time>
        <extensions>
          <gpxtpx:TrackPointExtension>
            <gpxtpx:hr>136</gpxtpx:hr>
          </gpxtpx:TrackPointExtension>
        </extensions>
      </trkpt>
      <trkpt lat="37.83601067743461" lon="112.00737385478382">
        <ele>1173.1</ele>
        <time>2026-07-02T00:54:22.929000Z</time>
        <extensions>
          <gpxtpx:TrackPointExtension>
            <gpxtpx:hr>138</gpxtpx:hr>
          </gpxtpx:TrackPointExtension>
        </extensions>
      </trkpt>
      <trkpt lat="37.83606364424452" lon="112.00738779927109">
        <ele>1173.1</ele>
        <time>2026-07-02T00:54:24.929000Z</time>
        <extensions>
          <gpxtpx:TrackPointExtension>
            <gpxtpx:hr>138</gpxtpx:hr>
          </gpxtpx:TrackPointExtension>
        </extensions>
      </trkpt>
      <trkpt lat="37.836117605295875" lon="112.0074037366153">
        <ele>1173.1</ele>
        <time>2026-07-02T00:54:26.929000Z</time>
        <extensions>
          <gpxtpx:TrackPointExtension>
            <gpxtpx:hr>138</gpxtpx:hr>
          </gpxtpx:TrackPointExtension>
        </extensions>
      </trkpt>
      <trkpt lat="37.83617056619656" lon="112.00741967408253">
        <ele>1172.3</ele>
        <time>2026-07-02T00:54:28.929000Z</time>
        <extensions>
          <gpxtpx:TrackPointExtension>
            <gpxtpx:hr>138</gpxtpx:hr>
          </gpxtpx:TrackPointExtension>
        </extensions>
      </trkpt>
      <trkpt lat="37.8362245272577" lon="112.00743561143415">
        <ele>1172.3</ele>
        <time>2026-07-02T00:54:30.929000Z</time>
        <extensions>
          <gpxtpx:TrackPointExtension>
            <gpxtpx:hr>138</gpxtpx:hr>
          </gpxtpx:TrackPointExtension>
        </extensions>
      </trkpt>
      <trkpt lat="37.83627648801246" lon="112.00745154902808">
        <ele>1172.3</ele>
        <time>2026-07-02T00:54:32.929000Z</time>
        <extensions>
          <gpxtpx:TrackPointExtension>
            <gpxtpx:hr>138</gpxtpx:hr>
          </gpxtpx:TrackPointExtension>
        </extensions>
      </trkpt>
      <trkpt lat="37.83632745453307" lon="112.0074654937697">
        <ele>1172.3</ele>
        <time>2026-07-02T00:54:34.929000Z</time>
        <extensions>
          <gpxtpx:TrackPointExtension>
            <gpxtpx:hr>138</gpxtpx:hr>
          </gpxtpx:TrackPointExtension>
        </extensions>
      </trkpt>
      <trkpt lat="37.83637941825519" lon="112.00748043488272">
        <ele>1172.3</ele>
        <time>2026-07-02T00:54:36.929000Z</time>
        <extensions>
          <gpxtpx:TrackPointExtension>
            <gpxtpx:hr>138</gpxtpx:hr>
          </gpxtpx:TrackPointExtension>
        </extensions>
      </trkpt>
      <trkpt lat="37.836430384784045" lon="112.00749437963024">
        <ele>1171.8</ele>
        <time>2026-07-02T00:54:38.929000Z</time>
        <extensions>
          <gpxtpx:TrackPointExtension>
            <gpxtpx:hr>138</gpxtpx:hr>
          </gpxtpx:TrackPointExtension>
        </extensions>
      </trkpt>
      <trkpt lat="37.836480342287466" lon="112.00751131396478">
        <ele>1171.8</ele>
        <time>2026-07-02T00:54:40.929000Z</time>
        <extensions>
          <gpxtpx:TrackPointExtension>
            <gpxtpx:hr>138</gpxtpx:hr>
          </gpxtpx:TrackPointExtension>
        </extensions>
      </trkpt>
      <trkpt lat="37.83652829061131" lon="112.00753123800791">
        <ele>1171.8</ele>
        <time>2026-07-02T00:54:42.929000Z</time>
        <extensions>
          <gpxtpx:TrackPointExtension>
            <gpxtpx:hr>138</gpxtpx:hr>
          </gpxtpx:TrackPointExtension>
        </extensions>
      </trkpt>
      <trkpt lat="37.83657623894136" lon="112.00755116205694">
        <ele>1171.8</ele>
        <time>2026-07-02T00:54:44.929000Z</time>
        <extensions>
          <gpxtpx:TrackPointExtension>
            <gpxtpx:hr>138</gpxtpx:hr>
          </gpxtpx:TrackPointExtension>
        </extensions>
      </trkpt>
      <trkpt lat="37.83662419319198" lon="112.00756909313347">
        <ele>1171.8</ele>
        <time>2026-07-02T00:54:46.929000Z</time>
        <extensions>
          <gpxtpx:TrackPointExtension>
            <gpxtpx:hr>138</gpxtpx:hr>
          </gpxtpx:TrackPointExtension>
        </extensions>
      </trkpt>
      <trkpt lat="37.836672159275935" lon="112.00758303825708">
        <ele>1172.2</ele>
        <time>2026-07-02T00:54:48.929000Z</time>
        <extensions>
          <gpxtpx:TrackPointExtension>
            <gpxtpx:hr>138</gpxtpx:hr>
          </gpxtpx:TrackPointExtension>
        </extensions>
      </trkpt>
      <trkpt lat="37.83671912225091" lon="112.00759797999247">
        <ele>1172.2</ele>
        <time>2026-07-02T00:54:50.929000Z</time>
        <extensions>
          <gpxtpx:TrackPointExtension>
            <gpxtpx:hr>138</gpxtpx:hr>
          </gpxtpx:TrackPointExtension>
        </extensions>
      </trkpt>
      <trkpt lat="37.83676608227333" lon="112.00761391822101">
        <ele>1172.2</ele>
        <time>2026-07-02T00:54:52.929000Z</time>
        <extensions>
          <gpxtpx:TrackPointExtension>
            <gpxtpx:hr>139</gpxtpx:hr>
          </gpxtpx:TrackPointExtension>
        </extensions>
      </trkpt>
      <trkpt lat="37.836814039499764" lon="112.00763085282411">
        <ele>1172.2</ele>
        <time>2026-07-02T00:54:54.929000Z</time>
        <extensions>
          <gpxtpx:TrackPointExtension>
            <gpxtpx:hr>139</gpxtpx:hr>
          </gpxtpx:TrackPointExtension>
        </extensions>
      </trkpt>
      <trkpt lat="37.836860993618814" lon="112.00764878404114">
        <ele>1172.2</ele>
        <time>2026-07-02T00:54:56.929000Z</time>
        <extensions>
          <gpxtpx:TrackPointExtension>
            <gpxtpx:hr>139</gpxtpx:hr>
          </gpxtpx:TrackPointExtension>
        </extensions>
      </trkpt>
      <trkpt lat="37.83690695054311" lon="112.00766571889164">
        <ele>1172.0</ele>
        <time>2026-07-02T00:54:58.929000Z</time>
        <extensions>
          <gpxtpx:TrackPointExtension>
            <gpxtpx:hr>139</gpxtpx:hr>
          </gpxtpx:TrackPointExtension>
        </extensions>
      </trkpt>
      <trkpt lat="37.836952904516366" lon="112.00768365023731">
        <ele>1172.0</ele>
        <time>2026-07-02T00:55:00.929000Z</time>
        <extensions>
          <gpxtpx:TrackPointExtension>
            <gpxtpx:hr>139</gpxtpx:hr>
          </gpxtpx:TrackPointExtension>
        </extensions>
      </trkpt>
      <trkpt lat="37.83699786129435" lon="112.00770058521594">
        <ele>1172.0</ele>
        <time>2026-07-02T00:55:02.929000Z</time>
        <extensions>
          <gpxtpx:TrackPointExtension>
            <gpxtpx:hr>139</gpxtpx:hr>
          </gpxtpx:TrackPointExtension>
        </extensions>
      </trkpt>
      <trkpt lat="37.83704481247857" lon="112.00771951294311">
        <ele>1172.0</ele>
        <time>2026-07-02T00:55:04.929000Z</time>
        <extensions>
          <gpxtpx:TrackPointExtension>
            <gpxtpx:hr>139</gpxtpx:hr>
          </gpxtpx:TrackPointExtension>
        </extensions>
      </trkpt>
      <trkpt lat="37.83709376989135" lon="112.0077364474536">
        <ele>1172.0</ele>
        <time>2026-07-02T00:55:06.929000Z</time>
        <extensions>
          <gpxtpx:TrackPointExtension>
            <gpxtpx:hr>138</gpxtpx:hr>
          </gpxtpx:TrackPointExtension>
        </extensions>
      </trkpt>
      <trkpt lat="37.83714173010793" lon="112.00775238559575">
        <ele>1171.7</ele>
        <time>2026-07-02T00:55:08.929000Z</time>
        <extensions>
          <gpxtpx:TrackPointExtension>
            <gpxtpx:hr>138</gpxtpx:hr>
          </gpxtpx:TrackPointExtension>
        </extensions>
      </trkpt>
      <trkpt lat="37.83719069048534" lon="112.00776832362239">
        <ele>1171.7</ele>
        <time>2026-07-02T00:55:10.929000Z</time>
        <extensions>
          <gpxtpx:TrackPointExtension>
            <gpxtpx:hr>138</gpxtpx:hr>
          </gpxtpx:TrackPointExtension>
        </extensions>
      </trkpt>
      <trkpt lat="37.83723864775644" lon="112.00778525826458">
        <ele>1171.7</ele>
        <time>2026-07-02T00:55:12.929000Z</time>
        <extensions>
          <gpxtpx:TrackPointExtension>
            <gpxtpx:hr>138</gpxtpx:hr>
          </gpxtpx:TrackPointExtension>
        </extensions>
      </trkpt>
      <trkpt lat="37.837286605032496" lon="112.00780219291107">
        <ele>1171.7</ele>
        <time>2026-07-02T00:55:14.929000Z</time>
        <extensions>
          <gpxtpx:TrackPointExtension>
            <gpxtpx:hr>138</gpxtpx:hr>
          </gpxtpx:TrackPointExtension>
        </extensions>
      </trkpt>
      <trkpt lat="37.83733455345085" lon="112.0078221170408">
        <ele>1171.7</ele>
        <time>2026-07-02T00:55:16.929000Z</time>
        <extensions>
          <gpxtpx:TrackPointExtension>
            <gpxtpx:hr>138</gpxtpx:hr>
          </gpxtpx:TrackPointExtension>
        </extensions>
      </trkpt>
      <trkpt lat="37.83738150762705" lon="112.00784004830929">
        <ele>1170.8</ele>
        <time>2026-07-02T00:55:18.929000Z</time>
        <extensions>
          <gpxtpx:TrackPointExtension>
            <gpxtpx:hr>138</gpxtpx:hr>
          </gpxtpx:TrackPointExtension>
        </extensions>
      </trkpt>
      <trkpt lat="37.83743046212144" lon="112.00785797934398">
        <ele>1170.8</ele>
        <time>2026-07-02T00:55:20.929000Z</time>
        <extensions>
          <gpxtpx:TrackPointExtension>
            <gpxtpx:hr>138</gpxtpx:hr>
          </gpxtpx:TrackPointExtension>
        </extensions>
      </trkpt>
      <trkpt lat="37.837479419574855" lon="112.00787491388975">
        <ele>1170.8</ele>
        <time>2026-07-02T00:55:22.929000Z</time>
        <extensions>
          <gpxtpx:TrackPointExtension>
            <gpxtpx:hr>137</gpxtpx:hr>
          </gpxtpx:TrackPointExtension>
        </extensions>
      </trkpt>
      <trkpt lat="37.83753038029969" lon="112.00789085170716">
        <ele>1170.8</ele>
        <time>2026-07-02T00:55:24.929000Z</time>
        <extensions>
          <gpxtpx:TrackPointExtension>
            <gpxtpx:hr>137</gpxtpx:hr>
          </gpxtpx:TrackPointExtension>
        </extensions>
      </trkpt>
      <trkpt lat="37.83758033496641" lon="112.00790878263633">
        <ele>1170.8</ele>
        <time>2026-07-02T00:55:26.929000Z</time>
        <extensions>
          <gpxtpx:TrackPointExtension>
            <gpxtpx:hr>136</gpxtpx:hr>
          </gpxtpx:TrackPointExtension>
        </extensions>
      </trkpt>
      <trkpt lat="37.837630286685716" lon="112.00792771006496">
        <ele>1169.9</ele>
        <time>2026-07-02T00:55:28.929000Z</time>
        <extensions>
          <gpxtpx:TrackPointExtension>
            <gpxtpx:hr>136</gpxtpx:hr>
          </gpxtpx:TrackPointExtension>
        </extensions>
      </trkpt>
      <trkpt lat="37.83768124152033" lon="112.00794564088483">
        <ele>1169.9</ele>
        <time>2026-07-02T00:55:30.929000Z</time>
        <extensions>
          <gpxtpx:TrackPointExtension>
            <gpxtpx:hr>136</gpxtpx:hr>
          </gpxtpx:TrackPointExtension>
        </extensions>
      </trkpt>
      <trkpt lat="37.83773219931308" lon="112.00796257521445">
        <ele>1169.9</ele>
        <time>2026-07-02T00:55:32.929000Z</time>
        <extensions>
          <gpxtpx:TrackPointExtension>
            <gpxtpx:hr>135</gpxtpx:hr>
          </gpxtpx:TrackPointExtension>
        </extensions>
      </trkpt>
      <trkpt lat="37.837782156954354" lon="112.00797950966773">
        <ele>1169.9</ele>
        <time>2026-07-02T00:55:34.929000Z</time>
        <extensions>
          <gpxtpx:TrackPointExtension>
            <gpxtpx:hr>135</gpxtpx:hr>
          </gpxtpx:TrackPointExtension>
        </extensions>
      </trkpt>
      <trkpt lat="37.837833111805345" lon="112.00799744050173">
        <ele>1169.9</ele>
        <time>2026-07-02T00:55:36.929000Z</time>
        <extensions>
          <gpxtpx:TrackPointExtension>
            <gpxtpx:hr>134</gpxtpx:hr>
          </gpxtpx:TrackPointExtension>
        </extensions>
      </trkpt>
      <trkpt lat="37.83788406666198" lon="112.00801537134063">
        <ele>1168.9</ele>
        <time>2026-07-02T00:55:38.929000Z</time>
        <extensions>
          <gpxtpx:TrackPointExtension>
            <gpxtpx:hr>134</gpxtpx:hr>
          </gpxtpx:TrackPointExtension>
        </extensions>
      </trkpt>
      <trkpt lat="37.837936015777665" lon="112.00803529505758">
        <ele>1168.9</ele>
        <time>2026-07-02T00:55:40.929000Z</time>
        <extensions>
          <gpxtpx:TrackPointExtension>
            <gpxtpx:hr>134</gpxtpx:hr>
          </gpxtpx:TrackPointExtension>
        </extensions>
      </trkpt>
      <trkpt lat="37.83798695884038" lon="112.00805721189309">
        <ele>1168.9</ele>
        <time>2026-07-02T00:55:42.929000Z</time>
        <extensions>
          <gpxtpx:TrackPointExtension>
            <gpxtpx:hr>133</gpxtpx:hr>
          </gpxtpx:TrackPointExtension>
        </extensions>
      </trkpt>
      <trkpt lat="37.838037907812925" lon="112.00807713574217">
        <ele>1168.9</ele>
        <time>2026-07-02T00:55:44.929000Z</time>
        <extensions>
          <gpxtpx:TrackPointExtension>
            <gpxtpx:hr>133</gpxtpx:hr>
          </gpxtpx:TrackPointExtension>
        </extensions>
      </trkpt>
      <trkpt lat="37.838087853684264" lon="112.00809805621387">
        <ele>1168.9</ele>
        <time>2026-07-02T00:55:46.929000Z</time>
        <extensions>
          <gpxtpx:TrackPointExtension>
            <gpxtpx:hr>133</gpxtpx:hr>
          </gpxtpx:TrackPointExtension>
        </extensions>
      </trkpt>
      <trkpt lat="37.838137805463894" lon="112.00811698369728">
        <ele>1167.5</ele>
        <time>2026-07-02T00:55:48.929000Z</time>
        <extensions>
          <gpxtpx:TrackPointExtension>
            <gpxtpx:hr>133</gpxtpx:hr>
          </gpxtpx:TrackPointExtension>
        </extensions>
      </trkpt>
      <trkpt lat="37.8381877602" lon="112.00813491468837">
        <ele>1167.5</ele>
        <time>2026-07-02T00:55:50.929000Z</time>
        <extensions>
          <gpxtpx:TrackPointExtension>
            <gpxtpx:hr>133</gpxtpx:hr>
          </gpxtpx:TrackPointExtension>
        </extensions>
      </trkpt>
      <trkpt lat="37.838238718048885" lon="112.00815184906702">
        <ele>1167.5</ele>
        <time>2026-07-02T00:55:52.929000Z</time>
        <extensions>
          <gpxtpx:TrackPointExtension>
            <gpxtpx:hr>134</gpxtpx:hr>
          </gpxtpx:TrackPointExtension>
        </extensions>
      </trkpt>
      <trkpt lat="37.83828867279598" lon="112.00816978006775">
        <ele>1167.5</ele>
        <time>2026-07-02T00:55:54.929000Z</time>
        <extensions>
          <gpxtpx:TrackPointExtension>
            <gpxtpx:hr>134</gpxtpx:hr>
          </gpxtpx:TrackPointExtension>
        </extensions>
      </trkpt>
      <trkpt lat="37.838338627548666" lon="112.00818771107343">
        <ele>1167.5</ele>
        <time>2026-07-02T00:55:56.929000Z</time>
        <extensions>
          <gpxtpx:TrackPointExtension>
            <gpxtpx:hr>134</gpxtpx:hr>
          </gpxtpx:TrackPointExtension>
        </extensions>
      </trkpt>
      <trkpt lat="37.83838858525655" lon="112.0082046455852">
        <ele>1166.8</ele>
        <time>2026-07-02T00:55:58.929000Z</time>
        <extensions>
          <gpxtpx:TrackPointExtension>
            <gpxtpx:hr>134</gpxtpx:hr>
          </gpxtpx:TrackPointExtension>
        </extensions>
      </trkpt>
      <trkpt lat="37.838437560509036" lon="112.00821560122615">
        <ele>1166.8</ele>
        <time>2026-07-02T00:56:00.929000Z</time>
        <extensions>
          <gpxtpx:TrackPointExtension>
            <gpxtpx:hr>134</gpxtpx:hr>
          </gpxtpx:TrackPointExtension>
        </extensions>
      </trkpt>
      <trkpt lat="37.838488553775036" lon="112.00822057763524">
        <ele>1166.8</ele>
        <time>2026-07-02T00:56:02.929000Z</time>
        <extensions>
          <gpxtpx:TrackPointExtension>
            <gpxtpx:hr>133</gpxtpx:hr>
          </gpxtpx:TrackPointExtension>
        </extensions>
      </trkpt>
      <trkpt lat="37.83853957063814" lon="112.00821758205157">
        <ele>1166.8</ele>
        <time>2026-07-02T00:56:04.929000Z</time>
        <extensions>
          <gpxtpx:TrackPointExtension>
            <gpxtpx:hr>133</gpxtpx:hr>
          </gpxtpx:TrackPointExtension>
        </extensions>
      </trkpt>
      <trkpt lat="37.838591596508756" lon="112.0082115968517">
        <ele>1166.8</ele>
        <time>2026-07-02T00:56:06.929000Z</time>
        <extensions>
          <gpxtpx:TrackPointExtension>
            <gpxtpx:hr>132</gpxtpx:hr>
          </gpxtpx:TrackPointExtension>
        </extensions>
      </trkpt>
      <trkpt lat="37.838642625173954" lon="112.00820461527285">
        <ele>1165.8</ele>
        <time>2026-07-02T00:56:08.929000Z</time>
        <extensions>
          <gpxtpx:TrackPointExtension>
            <gpxtpx:hr>132</gpxtpx:hr>
          </gpxtpx:TrackPointExtension>
        </extensions>
      </trkpt>
      <trkpt lat="37.83869465104909" lon="112.00819863007422">
        <ele>1165.8</ele>
        <time>2026-07-02T00:56:10.929000Z</time>
        <extensions>
          <gpxtpx:TrackPointExtension>
            <gpxtpx:hr>132</gpxtpx:hr>
          </gpxtpx:TrackPointExtension>
        </extensions>
      </trkpt>
      <trkpt lat="37.83874667987619" lon="112.00819164837752">
        <ele>1165.8</ele>
        <time>2026-07-02T00:56:12.929000Z</time>
        <extensions>
          <gpxtpx:TrackPointExtension>
            <gpxtpx:hr>131</gpxtpx:hr>
          </gpxtpx:TrackPointExtension>
        </extensions>
      </trkpt>
      <trkpt lat="37.838799711812875" lon="112.00818367006372">
        <ele>1165.8</ele>
        <time>2026-07-02T00:56:14.929000Z</time>
        <extensions>
          <gpxtpx:TrackPointExtension>
            <gpxtpx:hr>131</gpxtpx:hr>
          </gpxtpx:TrackPointExtension>
        </extensions>
      </trkpt>
      <trkpt lat="37.83885174359482" lon="112.00817569187028">
        <ele>1165.8</ele>
        <time>2026-07-02T00:56:16.929000Z</time>
        <extensions>
          <gpxtpx:TrackPointExtension>
            <gpxtpx:hr>131</gpxtpx:hr>
          </gpxtpx:TrackPointExtension>
        </extensions>
      </trkpt>
      <trkpt lat="37.83890377832939" lon="112.0081667171796">
        <ele>1165.1</ele>
        <time>2026-07-02T00:56:18.929000Z</time>
        <extensions>
          <gpxtpx:TrackPointExtension>
            <gpxtpx:hr>131</gpxtpx:hr>
          </gpxtpx:TrackPointExtension>
        </extensions>
      </trkpt>
      <trkpt lat="37.83895581306674" lon="112.00815774249021">
        <ele>1165.1</ele>
        <time>2026-07-02T00:56:20.929000Z</time>
        <extensions>
          <gpxtpx:TrackPointExtension>
            <gpxtpx:hr>131</gpxtpx:hr>
          </gpxtpx:TrackPointExtension>
        </extensions>
      </trkpt>
      <trkpt lat="37.83900784780686" lon="112.00814876780213">
        <ele>1165.1</ele>
        <time>2026-07-02T00:56:22.929000Z</time>
        <extensions>
          <gpxtpx:TrackPointExtension>
            <gpxtpx:hr>131</gpxtpx:hr>
          </gpxtpx:TrackPointExtension>
        </extensions>
      </trkpt>
      <trkpt lat="37.83906087975691" lon="112.00814078949384">
        <ele>1165.1</ele>
        <time>2026-07-02T00:56:24.929000Z</time>
        <extensions>
          <gpxtpx:TrackPointExtension>
            <gpxtpx:hr>131</gpxtpx:hr>
          </gpxtpx:TrackPointExtension>
        </extensions>
      </trkpt>
      <trkpt lat="37.83911191139448" lon="112.00813281142524">
        <ele>1165.1</ele>
        <time>2026-07-02T00:56:26.929000Z</time>
        <extensions>
          <gpxtpx:TrackPointExtension>
            <gpxtpx:hr>133</gpxtpx:hr>
          </gpxtpx:TrackPointExtension>
        </extensions>
      </trkpt>
      <trkpt lat="37.83916194877813" lon="112.00812284048187">
        <ele>1164.6</ele>
        <time>2026-07-02T00:56:28.929000Z</time>
        <extensions>
          <gpxtpx:TrackPointExtension>
            <gpxtpx:hr>133</gpxtpx:hr>
          </gpxtpx:TrackPointExtension>
        </extensions>
      </trkpt>
      <trkpt lat="37.83921198321393" lon="112.00811386603749">
        <ele>1164.6</ele>
        <time>2026-07-02T00:56:30.929000Z</time>
        <extensions>
          <gpxtpx:TrackPointExtension>
            <gpxtpx:hr>133</gpxtpx:hr>
          </gpxtpx:TrackPointExtension>
        </extensions>
      </trkpt>
      <trkpt lat="37.839263008957666" lon="112.00810788096697">
        <ele>1164.6</ele>
        <time>2026-07-02T00:56:32.929000Z</time>
        <extensions>
          <gpxtpx:TrackPointExtension>
            <gpxtpx:hr>132</gpxtpx:hr>
          </gpxtpx:TrackPointExtension>
        </extensions>
      </trkpt>
      <trkpt lat="37.83931403175272" lon="112.00810289239425">
        <ele>1164.6</ele>
        <time>2026-07-02T00:56:34.929000Z</time>
        <extensions>
          <gpxtpx:TrackPointExtension>
            <gpxtpx:hr>132</gpxtpx:hr>
          </gpxtpx:TrackPointExtension>
        </extensions>
      </trkpt>
      <trkpt lat="37.839364051441194" lon="112.00809890043844">
        <ele>1164.6</ele>
        <time>2026-07-02T00:56:36.929000Z</time>
        <extensions>
          <gpxtpx:TrackPointExtension>
            <gpxtpx:hr>131</gpxtpx:hr>
          </gpxtpx:TrackPointExtension>
        </extensions>
      </trkpt>
      <trkpt lat="37.83941507128928" lon="112.00809490836357">
        <ele>1163.8</ele>
        <time>2026-07-02T00:56:38.929000Z</time>
        <extensions>
          <gpxtpx:TrackPointExtension>
            <gpxtpx:hr>131</gpxtpx:hr>
          </gpxtpx:TrackPointExtension>
        </extensions>
      </trkpt>
      <trkpt lat="37.83946609999225" lon="112.00808792679786">
        <ele>1163.8</ele>
        <time>2026-07-02T00:56:40.929000Z</time>
        <extensions>
          <gpxtpx:TrackPointExtension>
            <gpxtpx:hr>131</gpxtpx:hr>
          </gpxtpx:TrackPointExtension>
        </extensions>
      </trkpt>
      <trkpt lat="37.839517131648634" lon="112.00807994873604">
        <ele>1163.8</ele>
        <time>2026-07-02T00:56:42.929000Z</time>
        <extensions>
          <gpxtpx:TrackPointExtension>
            <gpxtpx:hr>129</gpxtpx:hr>
          </gpxtpx:TrackPointExtension>
        </extensions>
      </trkpt>
      <trkpt lat="37.83956916346536" lon="112.00807197055592">
        <ele>1163.8</ele>
        <time>2026-07-02T00:56:44.929000Z</time>
        <extensions>
          <gpxtpx:TrackPointExtension>
            <gpxtpx:hr>129</gpxtpx:hr>
          </gpxtpx:TrackPointExtension>
        </extensions>
      </trkpt>
      <trkpt lat="37.83962118643081" lon="112.00806698186675">
        <ele>1163.8</ele>
        <time>2026-07-02T00:56:46.929000Z</time>
        <extensions>
          <gpxtpx:TrackPointExtension>
            <gpxtpx:hr>129</gpxtpx:hr>
          </gpxtpx:TrackPointExtension>
        </extensions>
      </trkpt>
      <trkpt lat="37.83967320349572" lon="112.00806398617117">
        <ele>1163.1</ele>
        <time>2026-07-02T00:56:48.929000Z</time>
        <extensions>
          <gpxtpx:TrackPointExtension>
            <gpxtpx:hr>129</gpxtpx:hr>
          </gpxtpx:TrackPointExtension>
        </extensions>
      </trkpt>
      <trkpt lat="37.839726223671825" lon="112.00805999385986">
        <ele>1163.1</ele>
        <time>2026-07-02T00:56:50.929000Z</time>
        <extensions>
          <gpxtpx:TrackPointExtension>
            <gpxtpx:hr>129</gpxtpx:hr>
          </gpxtpx:TrackPointExtension>
        </extensions>
      </trkpt>
      <trkpt lat="37.839778249594815" lon="112.00805400867516">
        <ele>1163.1</ele>
        <time>2026-07-02T00:56:52.929000Z</time>
        <extensions>
          <gpxtpx:TrackPointExtension>
            <gpxtpx:hr>130</gpxtpx:hr>
          </gpxtpx:TrackPointExtension>
        </extensions>
      </trkpt>
      <trkpt lat="37.839831284532565" lon="112.0080450338827">
        <ele>1163.1</ele>
        <time>2026-07-02T00:56:54.929000Z</time>
        <extensions>
          <gpxtpx:TrackPointExtension>
            <gpxtpx:hr>130</gpxtpx:hr>
          </gpxtpx:TrackPointExtension>
        </extensions>
      </trkpt>
      <trkpt lat="37.8398833193151" lon="112.00803605921084">
        <ele>1163.1</ele>
        <time>2026-07-02T00:56:56.929000Z</time>
        <extensions>
          <gpxtpx:TrackPointExtension>
            <gpxtpx:hr>131</gpxtpx:hr>
          </gpxtpx:TrackPointExtension>
        </extensions>
      </trkpt>
      <trkpt lat="37.83993535410039" lon="112.00802708454029">
        <ele>1162.6</ele>
        <time>2026-07-02T00:56:58.929000Z</time>
        <extensions>
          <gpxtpx:TrackPointExtension>
            <gpxtpx:hr>131</gpxtpx:hr>
          </gpxtpx:TrackPointExtension>
        </extensions>
      </trkpt>
      <trkpt lat="37.83998638873031" lon="112.00801810999035">
        <ele>1162.6</ele>
        <time>2026-07-02T00:57:00.929000Z</time>
        <extensions>
          <gpxtpx:TrackPointExtension>
            <gpxtpx:hr>131</gpxtpx:hr>
          </gpxtpx:TrackPointExtension>
        </extensions>
      </trkpt>
      <trkpt lat="37.84003842352109" lon="112.00800913532235">
        <ele>1162.6</ele>
        <time>2026-07-02T00:57:02.929000Z</time>
        <extensions>
          <gpxtpx:TrackPointExtension>
            <gpxtpx:hr>131</gpxtpx:hr>
          </gpxtpx:TrackPointExtension>
        </extensions>
      </trkpt>
      <trkpt lat="37.84009045241049" lon="112.0080021536469">
        <ele>1162.6</ele>
        <time>2026-07-02T00:57:04.929000Z</time>
        <extensions>
          <gpxtpx:TrackPointExtension>
            <gpxtpx:hr>131</gpxtpx:hr>
          </gpxtpx:TrackPointExtension>
        </extensions>
      </trkpt>
      <trkpt lat="37.840142475398046" lon="112.0079971649633">
        <ele>1162.6</ele>
        <time>2026-07-02T00:57:06.929000Z</time>
        <extensions>
          <gpxtpx:TrackPointExtension>
            <gpxtpx:hr>131</gpxtpx:hr>
          </gpxtpx:TrackPointExtension>
        </extensions>
      </trkpt>
      <trkpt lat="37.840193495277255" lon="112.00799317289494">
        <ele>1161.8</ele>
        <time>2026-07-02T00:57:08.929000Z</time>
        <extensions>
          <gpxtpx:TrackPointExtension>
            <gpxtpx:hr>131</gpxtpx:hr>
          </gpxtpx:TrackPointExtension>
        </extensions>
      </trkpt>
      <trkpt lat="37.840245506460114" lon="112.00799217019383">
        <ele>1161.8</ele>
        <time>2026-07-02T00:57:10.929000Z</time>
        <extensions>
          <gpxtpx:TrackPointExtension>
            <gpxtpx:hr>131</gpxtpx:hr>
          </gpxtpx:TrackPointExtension>
        </extensions>
      </trkpt>
      <trkpt lat="37.84029650862995" lon="112.00799415709855">
        <ele>1161.8</ele>
        <time>2026-07-02T00:57:12.929000Z</time>
        <extensions>
          <gpxtpx:TrackPointExtension>
            <gpxtpx:hr>132</gpxtpx:hr>
          </gpxtpx:TrackPointExtension>
        </extensions>
      </trkpt>
      <trkpt lat="37.84034650473895" lon="112.00799813711372">
        <ele>1161.8</ele>
        <time>2026-07-02T00:57:14.929000Z</time>
        <extensions>
          <gpxtpx:TrackPointExtension>
            <gpxtpx:hr>132</gpxtpx:hr>
          </gpxtpx:TrackPointExtension>
        </extensions>
      </trkpt>
      <trkpt lat="37.84039549183533" lon="112.0080051067354">
        <ele>1161.8</ele>
        <time>2026-07-02T00:57:16.929000Z</time>
        <extensions>
          <gpxtpx:TrackPointExtension>
            <gpxtpx:hr>132</gpxtpx:hr>
          </gpxtpx:TrackPointExtension>
        </extensions>
      </trkpt>
      <trkpt lat="37.84044546728469" lon="112.00801606222167">
        <ele>1161.1</ele>
        <time>2026-07-02T00:57:18.929000Z</time>
        <extensions>
          <gpxtpx:TrackPointExtension>
            <gpxtpx:hr>132</gpxtpx:hr>
          </gpxtpx:TrackPointExtension>
        </extensions>
      </trkpt>
      <trkpt lat="37.84049443667521" lon="112.00802901082113">
        <ele>1161.1</ele>
        <time>2026-07-02T00:57:20.929000Z</time>
        <extensions>
          <gpxtpx:TrackPointExtension>
            <gpxtpx:hr>132</gpxtpx:hr>
          </gpxtpx:TrackPointExtension>
        </extensions>
      </trkpt>
      <trkpt lat="37.84054540343478" lon="112.0080429556807">
        <ele>1161.1</ele>
        <time>2026-07-02T00:57:22.929000Z</time>
        <extensions>
          <gpxtpx:TrackPointExtension>
            <gpxtpx:hr>132</gpxtpx:hr>
          </gpxtpx:TrackPointExtension>
        </extensions>
      </trkpt>
      <trkpt lat="37.84059637610121" lon="112.00805490755033">
        <ele>1161.1</ele>
        <time>2026-07-02T00:57:24.929000Z</time>
        <extensions>
          <gpxtpx:TrackPointExtension>
            <gpxtpx:hr>132</gpxtpx:hr>
          </gpxtpx:TrackPointExtension>
        </extensions>
      </trkpt>
      <trkpt lat="37.84064735172236" lon="112.0080658629255">
        <ele>1161.1</ele>
        <time>2026-07-02T00:57:26.929000Z</time>
        <extensions>
          <gpxtpx:TrackPointExtension>
            <gpxtpx:hr>132</gpxtpx:hr>
          </gpxtpx:TrackPointExtension>
        </extensions>
      </trkpt>
      <trkpt lat="37.8406993334076" lon="112.00807482518961">
        <ele>1160.4</ele>
        <time>2026-07-02T00:57:28.929000Z</time>
        <extensions>
          <gpxtpx:TrackPointExtension>
            <gpxtpx:hr>132</gpxtpx:hr>
          </gpxtpx:TrackPointExtension>
        </extensions>
      </trkpt>
      <trkpt lat="37.84075031198589" lon="112.00808478407117">
        <ele>1160.4</ele>
        <time>2026-07-02T00:57:30.929000Z</time>
        <extensions>
          <gpxtpx:TrackPointExtension>
            <gpxtpx:hr>132</gpxtpx:hr>
          </gpxtpx:TrackPointExtension>
        </extensions>
      </trkpt>
      <trkpt lat="37.84080328498261" lon="112.00809673570964">
        <ele>1160.4</ele>
        <time>2026-07-02T00:57:32.929000Z</time>
        <extensions>
          <gpxtpx:TrackPointExtension>
            <gpxtpx:hr>133</gpxtpx:hr>
          </gpxtpx:TrackPointExtension>
        </extensions>
      </trkpt>
      <trkpt lat="37.84085626388446" lon="112.00810669435579">
        <ele>1160.4</ele>
        <time>2026-07-02T00:57:34.929000Z</time>
        <extensions>
          <gpxtpx:TrackPointExtension>
            <gpxtpx:hr>133</gpxtpx:hr>
          </gpxtpx:TrackPointExtension>
        </extensions>
      </trkpt>
      <trkpt lat="37.84090924278935" lon="112.00811665300343">
        <ele>1160.4</ele>
        <time>2026-07-02T00:57:36.929000Z</time>
        <extensions>
          <gpxtpx:TrackPointExtension>
            <gpxtpx:hr>133</gpxtpx:hr>
          </gpxtpx:TrackPointExtension>
        </extensions>
      </trkpt>
      <trkpt lat="37.840962224647846" lon="112.00812561515501">
        <ele>1159.8</ele>
        <time>2026-07-02T00:57:38.929000Z</time>
        <extensions>
          <gpxtpx:TrackPointExtension>
            <gpxtpx:hr>133</gpxtpx:hr>
          </gpxtpx:TrackPointExtension>
        </extensions>
      </trkpt>
      <trkpt lat="37.84101520650916" lon="112.00813457730781">
        <ele>1159.8</ele>
        <time>2026-07-02T00:57:40.929000Z</time>
        <extensions>
          <gpxtpx:TrackPointExtension>
            <gpxtpx:hr>133</gpxtpx:hr>
          </gpxtpx:TrackPointExtension>
        </extensions>
      </trkpt>
      <trkpt lat="37.84106919148249" lon="112.00814254284467">
        <ele>1159.8</ele>
        <time>2026-07-02T00:57:42.929000Z</time>
        <extensions>
          <gpxtpx:TrackPointExtension>
            <gpxtpx:hr>133</gpxtpx:hr>
          </gpxtpx:TrackPointExtension>
        </extensions>
      </trkpt>
      <trkpt lat="37.84112318530931" lon="112.00814751888882">
        <ele>1159.8</ele>
        <time>2026-07-02T00:57:44.929000Z</time>
        <extensions>
          <gpxtpx:TrackPointExtension>
            <gpxtpx:hr>133</gpxtpx:hr>
          </gpxtpx:TrackPointExtension>
        </extensions>
      </trkpt>
      <trkpt lat="37.841177182088565" lon="112.00815149843541">
        <ele>1159.8</ele>
        <time>2026-07-02T00:57:46.929000Z</time>
        <extensions>
          <gpxtpx:TrackPointExtension>
            <gpxtpx:hr>133</gpxtpx:hr>
          </gpxtpx:TrackPointExtension>
        </extensions>
      </trkpt>
      <trkpt lat="37.84123119067078" lon="112.00815149199043">
        <ele>1159.3</ele>
        <time>2026-07-02T00:57:48.929000Z</time>
        <extensions>
          <gpxtpx:TrackPointExtension>
            <gpxtpx:hr>136</gpxtpx:hr>
          </gpxtpx:TrackPointExtension>
        </extensions>
      </trkpt>
      <trkpt lat="37.84128420204617" lon="112.0081504891669">
        <ele>1159.3</ele>
        <time>2026-07-02T00:57:50.929000Z</time>
        <extensions>
          <gpxtpx:TrackPointExtension>
            <gpxtpx:hr>136</gpxtpx:hr>
          </gpxtpx:TrackPointExtension>
        </extensions>
      </trkpt>
      <trkpt lat="37.84133622211523" lon="112.00814649696913">
        <ele>1159.3</ele>
        <time>2026-07-02T00:57:52.929000Z</time>
        <extensions>
          <gpxtpx:TrackPointExtension>
            <gpxtpx:hr>137</gpxtpx:hr>
          </gpxtpx:TrackPointExtension>
        </extensions>
      </trkpt>
      <trkpt lat="37.84138824513661" lon="112.0081415082739">
        <ele>1159.3</ele>
        <time>2026-07-02T00:57:54.929000Z</time>
        <extensions>
          <gpxtpx:TrackPointExtension>
            <gpxtpx:hr>137</gpxtpx:hr>
          </gpxtpx:TrackPointExtension>
        </extensions>
      </trkpt>
      <trkpt lat="37.84143927095141" lon="112.00813552320074">
        <ele>1159.3</ele>
        <time>2026-07-02T00:57:56.929000Z</time>
        <extensions>
          <gpxtpx:TrackPointExtension>
            <gpxtpx:hr>137</gpxtpx:hr>
          </gpxtpx:TrackPointExtension>
        </extensions>
      </trkpt>
      <trkpt lat="37.84149231183925" lon="112.00812455540185">
        <ele>1159.2</ele>
        <time>2026-07-02T00:57:58.929000Z</time>
        <extensions>
          <gpxtpx:TrackPointExtension>
            <gpxtpx:hr>138</gpxtpx:hr>
          </gpxtpx:TrackPointExtension>
        </extensions>
      </trkpt>
      <trkpt lat="37.84154337011649" lon="112.00810760886004">
        <ele>1159.2</ele>
        <time>2026-07-02T00:58:00.929000Z</time>
        <extensions>
          <gpxtpx:TrackPointExtension>
            <gpxtpx:hr>138</gpxtpx:hr>
          </gpxtpx:TrackPointExtension>
        </extensions>
      </trkpt>
      <trkpt lat="37.84159344004374" lon="112.0080866764545">
        <ele>1159.2</ele>
        <time>2026-07-02T00:58:02.929000Z</time>
        <extensions>
          <gpxtpx:TrackPointExtension>
            <gpxtpx:hr>136</gpxtpx:hr>
          </gpxtpx:TrackPointExtension>
        </extensions>
      </trkpt>
      <trkpt lat="37.841641518513406" lon="112.008062754805">
        <ele>1159.2</ele>
        <time>2026-07-02T00:58:04.929000Z</time>
        <extensions>
          <gpxtpx:TrackPointExtension>
            <gpxtpx:hr>136</gpxtpx:hr>
          </gpxtpx:TrackPointExtension>
        </extensions>
      </trkpt>
      <trkpt lat="37.841690597150766" lon="112.00803883304519">
        <ele>1159.2</ele>
        <time>2026-07-02T00:58:06.929000Z</time>
        <extensions>
          <gpxtpx:TrackPointExtension>
            <gpxtpx:hr>136</gpxtpx:hr>
          </gpxtpx:TrackPointExtension>
        </extensions>
      </trkpt>
      <trkpt lat="37.84173767842997" lon="112.00801391503734">
        <ele>1158.2</ele>
        <time>2026-07-02T00:58:08.929000Z</time>
        <extensions>
          <gpxtpx:TrackPointExtension>
            <gpxtpx:hr>137</gpxtpx:hr>
          </gpxtpx:TrackPointExtension>
        </extensions>
      </trkpt>
      <trkpt lat="37.84178676594118" lon="112.00798700380989">
        <ele>1158.2</ele>
        <time>2026-07-02T00:58:10.929000Z</time>
        <extensions>
          <gpxtpx:TrackPointExtension>
            <gpxtpx:hr>137</gpxtpx:hr>
          </gpxtpx:TrackPointExtension>
        </extensions>
      </trkpt>
      <trkpt lat="37.84183485920849" lon="112.00795809972335">
        <ele>1158.2</ele>
        <time>2026-07-02T00:58:12.929000Z</time>
        <extensions>
          <gpxtpx:TrackPointExtension>
            <gpxtpx:hr>139</gpxtpx:hr>
          </gpxtpx:TrackPointExtension>
        </extensions>
      </trkpt>
      <trkpt lat="37.84188195823387" lon="112.00792720278044">
        <ele>1158.2</ele>
        <time>2026-07-02T00:58:14.929000Z</time>
        <extensions>
          <gpxtpx:TrackPointExtension>
            <gpxtpx:hr>139</gpxtpx:hr>
          </gpxtpx:TrackPointExtension>
        </extensions>
      </trkpt>
      <trkpt lat="37.841929057272175" lon="112.00789630585241">
        <ele>1158.2</ele>
        <time>2026-07-02T00:58:16.929000Z</time>
        <extensions>
          <gpxtpx:TrackPointExtension>
            <gpxtpx:hr>139</gpxtpx:hr>
          </gpxtpx:TrackPointExtension>
        </extensions>
      </trkpt>
      <trkpt lat="37.84197615927707" lon="112.00786441244585">
        <ele>1156.9</ele>
        <time>2026-07-02T00:58:18.929000Z</time>
        <extensions>
          <gpxtpx:TrackPointExtension>
            <gpxtpx:hr>139</gpxtpx:hr>
          </gpxtpx:TrackPointExtension>
        </extensions>
      </trkpt>
      <trkpt lat="37.84202326424967" lon="112.00783152256217">
        <ele>1156.9</ele>
        <time>2026-07-02T00:58:20.929000Z</time>
        <extensions>
          <gpxtpx:TrackPointExtension>
            <gpxtpx:hr>139</gpxtpx:hr>
          </gpxtpx:TrackPointExtension>
        </extensions>
      </trkpt>
      <trkpt lat="37.84207037514563" lon="112.00779663971048">
        <ele>1156.9</ele>
        <time>2026-07-02T00:58:22.929000Z</time>
        <extensions>
          <gpxtpx:TrackPointExtension>
            <gpxtpx:hr>138</gpxtpx:hr>
          </gpxtpx:TrackPointExtension>
        </extensions>
      </trkpt>
      <trkpt lat="37.84211648294309" lon="112.00776275348879">
        <ele>1156.9</ele>
        <time>2026-07-02T00:58:24.929000Z</time>
        <extensions>
          <gpxtpx:TrackPointExtension>
            <gpxtpx:hr>138</gpxtpx:hr>
          </gpxtpx:TrackPointExtension>
        </extensions>
      </trkpt>
      <trkpt lat="37.84216159059604" lon="112.00772886740417">
        <ele>1156.9</ele>
        <time>2026-07-02T00:58:26.929000Z</time>
        <extensions>
          <gpxtpx:TrackPointExtension>
            <gpxtpx:hr>138</gpxtpx:hr>
          </gpxtpx:TrackPointExtension>
        </extensions>
      </trkpt>
      <trkpt lat="37.8422066864412" lon="112.00769896730064">
        <ele>1156.3</ele>
        <time>2026-07-02T00:58:28.929000Z</time>
        <extensions>
          <gpxtpx:TrackPointExtension>
            <gpxtpx:hr>136</gpxtpx:hr>
          </gpxtpx:TrackPointExtension>
        </extensions>
      </trkpt>
      <trkpt lat="37.842252782457884" lon="112.00766906709154">
        <ele>1156.3</ele>
        <time>2026-07-02T00:58:30.929000Z</time>
        <extensions>
          <gpxtpx:TrackPointExtension>
            <gpxtpx:hr>136</gpxtpx:hr>
          </gpxtpx:TrackPointExtension>
        </extensions>
      </trkpt>
      <trkpt lat="37.84229688407998" lon="112.00763717415491">
        <ele>1156.3</ele>
        <time>2026-07-02T00:58:32.929000Z</time>
        <extensions>
          <gpxtpx:TrackPointExtension>
            <gpxtpx:hr>135</gpxtpx:hr>
          </gpxtpx:TrackPointExtension>
        </extensions>
      </trkpt>
      <trkpt lat="37.8423409886721" lon="112.00760428474439">
        <ele>1156.3</ele>
        <time>2026-07-02T00:58:34.929000Z</time>
        <extensions>
          <gpxtpx:TrackPointExtension>
            <gpxtpx:hr>135</gpxtpx:hr>
          </gpxtpx:TrackPointExtension>
        </extensions>
      </trkpt>
      <trkpt lat="37.842384090161346" lon="112.0075723919587">
        <ele>1156.3</ele>
        <time>2026-07-02T00:58:36.929000Z</time>
        <extensions>
          <gpxtpx:TrackPointExtension>
            <gpxtpx:hr>135</gpxtpx:hr>
          </gpxtpx:TrackPointExtension>
        </extensions>
      </trkpt>
      <trkpt lat="37.842428191823466" lon="112.00754049906915">
        <ele>1156.1</ele>
        <time>2026-07-02T00:58:38.929000Z</time>
        <extensions>
          <gpxtpx:TrackPointExtension>
            <gpxtpx:hr>135</gpxtpx:hr>
          </gpxtpx:TrackPointExtension>
        </extensions>
      </trkpt>
      <trkpt lat="37.84247129333902" lon="112.00750860631442">
        <ele>1156.1</ele>
        <time>2026-07-02T00:58:40.929000Z</time>
        <extensions>
          <gpxtpx:TrackPointExtension>
            <gpxtpx:hr>135</gpxtpx:hr>
          </gpxtpx:TrackPointExtension>
        </extensions>
      </trkpt>
      <trkpt lat="37.842515395027434" lon="112.0074767134558">
        <ele>1156.1</ele>
        <time>2026-07-02T00:58:42.929000Z</time>
        <extensions>
          <gpxtpx:TrackPointExtension>
            <gpxtpx:hr>134</gpxtpx:hr>
          </gpxtpx:TrackPointExtension>
        </extensions>
      </trkpt>
      <trkpt lat="37.842560496888794" lon="112.00744482049325">
        <ele>1156.1</ele>
        <time>2026-07-02T00:58:44.929000Z</time>
        <extensions>
          <gpxtpx:TrackPointExtension>
            <gpxtpx:hr>134</gpxtpx:hr>
          </gpxtpx:TrackPointExtension>
        </extensions>
      </trkpt>
      <trkpt lat="37.842606595964156" lon="112.00741392391332">
        <ele>1156.1</ele>
        <time>2026-07-02T00:58:46.929000Z</time>
        <extensions>
          <gpxtpx:TrackPointExtension>
            <gpxtpx:hr>134</gpxtpx:hr>
          </gpxtpx:TrackPointExtension>
        </extensions>
      </trkpt>
      <trkpt lat="37.84265169785145" lon="112.00738203098102">
        <ele>1155.8</ele>
        <time>2026-07-02T00:58:48.929000Z</time>
        <extensions>
          <gpxtpx:TrackPointExtension>
            <gpxtpx:hr>134</gpxtpx:hr>
          </gpxtpx:TrackPointExtension>
        </extensions>
      </trkpt>
      <trkpt lat="37.842696802711586" lon="112.0073491415784">
        <ele>1155.8</ele>
        <time>2026-07-02T00:58:50.929000Z</time>
        <extensions>
          <gpxtpx:TrackPointExtension>
            <gpxtpx:hr>134</gpxtpx:hr>
          </gpxtpx:TrackPointExtension>
        </extensions>
      </trkpt>
      <trkpt lat="37.84274191054566" lon="112.00731525570691">
        <ele>1155.8</ele>
        <time>2026-07-02T00:58:52.929000Z</time>
        <extensions>
          <gpxtpx:TrackPointExtension>
            <gpxtpx:hr>133</gpxtpx:hr>
          </gpxtpx:TrackPointExtension>
        </extensions>
      </trkpt>
      <trkpt lat="37.842787024315356" lon="112.00727937688345">
        <ele>1155.8</ele>
        <time>2026-07-02T00:58:54.929000Z</time>
        <extensions>
          <gpxtpx:TrackPointExtension>
            <gpxtpx:hr>133</gpxtpx:hr>
          </gpxtpx:TrackPointExtension>
        </extensions>
      </trkpt>
      <trkpt lat="37.84283113498023" lon="112.00724449468258">
        <ele>1155.8</ele>
        <time>2026-07-02T00:58:56.929000Z</time>
        <extensions>
          <gpxtpx:TrackPointExtension>
            <gpxtpx:hr>133</gpxtpx:hr>
          </gpxtpx:TrackPointExtension>
        </extensions>
      </trkpt>
      <trkpt lat="37.842875248621674" lon="112.0072086160163">
        <ele>1155.2</ele>
        <time>2026-07-02T00:58:58.929000Z</time>
        <extensions>
          <gpxtpx:TrackPointExtension>
            <gpxtpx:hr>133</gpxtpx:hr>
          </gpxtpx:TrackPointExtension>
        </extensions>
      </trkpt>
      <trkpt lat="37.842919362279105" lon="112.00717273736915">
        <ele>1155.2</ele>
        <time>2026-07-02T00:59:00.929000Z</time>
        <extensions>
          <gpxtpx:TrackPointExtension>
            <gpxtpx:hr>133</gpxtpx:hr>
          </gpxtpx:TrackPointExtension>
        </extensions>
      </trkpt>
      <trkpt lat="37.84296447611256" lon="112.00713685862176">
        <ele>1155.2</ele>
        <time>2026-07-02T00:59:02.929000Z</time>
        <extensions>
          <gpxtpx:TrackPointExtension>
            <gpxtpx:hr>133</gpxtpx:hr>
          </gpxtpx:TrackPointExtension>
        </extensions>
      </trkpt>
      <trkpt lat="37.843008589801876" lon="112.00710098001274">
        <ele>1155.2</ele>
        <time>2026-07-02T00:59:04.929000Z</time>
        <extensions>
          <gpxtpx:TrackPointExtension>
            <gpxtpx:hr>133</gpxtpx:hr>
          </gpxtpx:TrackPointExtension>
        </extensions>
      </trkpt>
      <trkpt lat="37.84305270647006" lon="112.00706410494126">
        <ele>1155.2</ele>
        <time>2026-07-02T00:59:06.929000Z</time>
        <extensions>
          <gpxtpx:TrackPointExtension>
            <gpxtpx:hr>132</gpxtpx:hr>
          </gpxtpx:TrackPointExtension>
        </extensions>
      </trkpt>
      <trkpt lat="37.8430978144249" lon="112.00703021921316">
        <ele>1154.9</ele>
        <time>2026-07-02T00:59:08.929000Z</time>
        <extensions>
          <gpxtpx:TrackPointExtension>
            <gpxtpx:hr>132</gpxtpx:hr>
          </gpxtpx:TrackPointExtension>
        </extensions>
      </trkpt>
      <trkpt lat="37.84314492567817" lon="112.0069953367829">
        <ele>1154.9</ele>
        <time>2026-07-02T00:59:10.929000Z</time>
        <extensions>
          <gpxtpx:TrackPointExtension>
            <gpxtpx:hr>132</gpxtpx:hr>
          </gpxtpx:TrackPointExtension>
        </extensions>
      </trkpt>
      <trkpt lat="37.84319203991073" lon="112.00695945789056">
        <ele>1154.9</ele>
        <time>2026-07-02T00:59:12.929000Z</time>
        <extensions>
          <gpxtpx:TrackPointExtension>
            <gpxtpx:hr>133</gpxtpx:hr>
          </gpxtpx:TrackPointExtension>
        </extensions>
      </trkpt>
      <trkpt lat="37.843239154159214" lon="112.00692357901706">
        <ele>1154.9</ele>
        <time>2026-07-02T00:59:14.929000Z</time>
        <extensions>
          <gpxtpx:TrackPointExtension>
            <gpxtpx:hr>133</gpxtpx:hr>
          </gpxtpx:TrackPointExtension>
        </extensions>
      </trkpt>
      <trkpt lat="37.84328627138853" lon="112.00688670368346">
        <ele>1154.9</ele>
        <time>2026-07-02T00:59:16.929000Z</time>
        <extensions>
          <gpxtpx:TrackPointExtension>
            <gpxtpx:hr>135</gpxtpx:hr>
          </gpxtpx:TrackPointExtension>
        </extensions>
      </trkpt>
      <trkpt lat="37.8433323825434" lon="112.00685182144555">
        <ele>1154.1</ele>
        <time>2026-07-02T00:59:18.929000Z</time>
        <extensions>
          <gpxtpx:TrackPointExtension>
            <gpxtpx:hr>135</gpxtpx:hr>
          </gpxtpx:TrackPointExtension>
        </extensions>
      </trkpt>
      <trkpt lat="37.84337749948441" lon="112.00681494638897">
        <ele>1154.1</ele>
        <time>2026-07-02T00:59:20.929000Z</time>
        <extensions>
          <gpxtpx:TrackPointExtension>
            <gpxtpx:hr>135</gpxtpx:hr>
          </gpxtpx:TrackPointExtension>
        </extensions>
      </trkpt>
      <trkpt lat="37.84342161628148" lon="112.00677807147133">
        <ele>1154.1</ele>
        <time>2026-07-02T00:59:22.929000Z</time>
        <extensions>
          <gpxtpx:TrackPointExtension>
            <gpxtpx:hr>137</gpxtpx:hr>
          </gpxtpx:TrackPointExtension>
        </extensions>
      </trkpt>
      <trkpt lat="37.84346573309489" lon="112.0067411965733">
        <ele>1154.1</ele>
        <time>2026-07-02T00:59:24.929000Z</time>
        <extensions>
          <gpxtpx:TrackPointExtension>
            <gpxtpx:hr>137</gpxtpx:hr>
          </gpxtpx:TrackPointExtension>
        </extensions>
      </trkpt>
      <trkpt lat="37.84351184727846" lon="112.00670531793246">
        <ele>1154.1</ele>
        <time>2026-07-02T00:59:26.929000Z</time>
        <extensions>
          <gpxtpx:TrackPointExtension>
            <gpxtpx:hr>137</gpxtpx:hr>
          </gpxtpx:TrackPointExtension>
        </extensions>
      </trkpt>
      <trkpt lat="37.843557955542856" lon="112.00667143226154">
        <ele>1153.7</ele>
        <time>2026-07-02T00:59:28.929000Z</time>
        <extensions>
          <gpxtpx:TrackPointExtension>
            <gpxtpx:hr>137</gpxtpx:hr>
          </gpxtpx:TrackPointExtension>
        </extensions>
      </trkpt>
      <trkpt lat="37.84360406382127" lon="112.00663754660705">
        <ele>1153.7</ele>
        <time>2026-07-02T00:59:30.929000Z</time>
        <extensions>
          <gpxtpx:TrackPointExtension>
            <gpxtpx:hr>137</gpxtpx:hr>
          </gpxtpx:TrackPointExtension>
        </extensions>
      </trkpt>
      <trkpt lat="37.84365017211365" lon="112.00660366096898">
        <ele>1153.7</ele>
        <time>2026-07-02T00:59:32.929000Z</time>
        <extensions>
          <gpxtpx:TrackPointExtension>
            <gpxtpx:hr>138</gpxtpx:hr>
          </gpxtpx:TrackPointExtension>
        </extensions>
      </trkpt>
      <trkpt lat="37.84369628932543" lon="112.00656678592442">
        <ele>1153.7</ele>
        <time>2026-07-02T00:59:34.929000Z</time>
        <extensions>
          <gpxtpx:TrackPointExtension>
            <gpxtpx:hr>138</gpxtpx:hr>
          </gpxtpx:TrackPointExtension>
        </extensions>
      </trkpt>
      <trkpt lat="37.843742406553424" lon="112.00652991089918">
        <ele>1153.7</ele>
        <time>2026-07-02T00:59:36.929000Z</time>
        <extensions>
          <gpxtpx:TrackPointExtension>
            <gpxtpx:hr>138</gpxtpx:hr>
          </gpxtpx:TrackPointExtension>
        </extensions>
      </trkpt>
      <trkpt lat="37.843787526606306" lon="112.00649203953925">
        <ele>1153.0</ele>
        <time>2026-07-02T00:59:38.929000Z</time>
        <extensions>
          <gpxtpx:TrackPointExtension>
            <gpxtpx:hr>138</gpxtpx:hr>
          </gpxtpx:TrackPointExtension>
        </extensions>
      </trkpt>
      <trkpt lat="37.84383363792758" lon="112.0064571574984">
        <ele>1153.0</ele>
        <time>2026-07-02T00:59:40.929000Z</time>
        <extensions>
          <gpxtpx:TrackPointExtension>
            <gpxtpx:hr>138</gpxtpx:hr>
          </gpxtpx:TrackPointExtension>
        </extensions>
      </trkpt>
      <trkpt lat="37.84388074051391" lon="112.00642526477219">
        <ele>1153.0</ele>
        <time>2026-07-02T00:59:42.929000Z</time>
        <extensions>
          <gpxtpx:TrackPointExtension>
            <gpxtpx:hr>138</gpxtpx:hr>
          </gpxtpx:TrackPointExtension>
        </extensions>
      </trkpt>
      <trkpt lat="37.84392783420158" lon="112.00639636147585">
        <ele>1153.0</ele>
        <time>2026-07-02T00:59:44.929000Z</time>
        <extensions>
          <gpxtpx:TrackPointExtension>
            <gpxtpx:hr>138</gpxtpx:hr>
          </gpxtpx:TrackPointExtension>
        </extensions>
      </trkpt>
      <trkpt lat="37.84397491898776" lon="112.00637044760572">
        <ele>1153.0</ele>
        <time>2026-07-02T00:59:46.929000Z</time>
        <extensions>
          <gpxtpx:TrackPointExtension>
            <gpxtpx:hr>138</gpxtpx:hr>
          </gpxtpx:TrackPointExtension>
        </extensions>
      </trkpt>
      <trkpt lat="37.8440229950307" lon="112.00634752303927">
        <ele>1152.4</ele>
        <time>2026-07-02T00:59:48.929000Z</time>
        <extensions>
          <gpxtpx:TrackPointExtension>
            <gpxtpx:hr>138</gpxtpx:hr>
          </gpxtpx:TrackPointExtension>
        </extensions>
      </trkpt>
      <trkpt lat="37.84407206827045" lon="112.0063255948318">
        <ele>1152.4</ele>
        <time>2026-07-02T00:59:50.929000Z</time>
        <extensions>
          <gpxtpx:TrackPointExtension>
            <gpxtpx:hr>138</gpxtpx:hr>
          </gpxtpx:TrackPointExtension>
        </extensions>
      </trkpt>
      <trkpt lat="37.84412313292459" lon="112.00630665580432">
        <ele>1152.4</ele>
        <time>2026-07-02T00:59:52.929000Z</time>
        <extensions>
          <gpxtpx:TrackPointExtension>
            <gpxtpx:hr>136</gpxtpx:hr>
          </gpxtpx:TrackPointExtension>
        </extensions>
      </trkpt>
      <trkpt lat="37.84417319742338" lon="112.00628771690117">
        <ele>1152.4</ele>
        <time>2026-07-02T00:59:54.929000Z</time>
        <extensions>
          <gpxtpx:TrackPointExtension>
            <gpxtpx:hr>136</gpxtpx:hr>
          </gpxtpx:TrackPointExtension>
        </extensions>
      </trkpt>
      <trkpt lat="37.84422326489934" lon="112.00626778153294">
        <ele>1152.4</ele>
        <time>2026-07-02T00:59:56.929000Z</time>
        <extensions>
          <gpxtpx:TrackPointExtension>
            <gpxtpx:hr>136</gpxtpx:hr>
          </gpxtpx:TrackPointExtension>
        </extensions>
      </trkpt>
      <trkpt lat="37.844272341136076" lon="112.0062448568802">
        <ele>1151.8</ele>
        <time>2026-07-02T00:59:58.929000Z</time>
        <extensions>
          <gpxtpx:TrackPointExtension>
            <gpxtpx:hr>136</gpxtpx:hr>
          </gpxtpx:TrackPointExtension>
        </extensions>
      </trkpt>
      <trkpt lat="37.84432143224113" lon="112.0062169498877">
        <ele>1151.8</ele>
        <time>2026-07-02T01:00:00.929000Z</time>
        <extensions>
          <gpxtpx:TrackPointExtension>
            <gpxtpx:hr>136</gpxtpx:hr>
          </gpxtpx:TrackPointExtension>
        </extensions>
      </trkpt>
      <trkpt lat="37.844370523356005" lon="112.006189042906">
        <ele>1151.8</ele>
        <time>2026-07-02T01:00:02.929000Z</time>
        <extensions>
          <gpxtpx:TrackPointExtension>
            <gpxtpx:hr>135</gpxtpx:hr>
          </gpxtpx:TrackPointExtension>
        </extensions>
      </trkpt>
      <trkpt lat="37.84441960556219" lon="112.00616412534103">
        <ele>1151.8</ele>
        <time>2026-07-02T01:00:04.929000Z</time>
        <extensions>
          <gpxtpx:TrackPointExtension>
            <gpxtpx:hr>135</gpxtpx:hr>
          </gpxtpx:TrackPointExtension>
        </extensions>
      </trkpt>
      <trkpt lat="37.8444696760453" lon="112.00614319353872">
        <ele>1151.8</ele>
        <time>2026-07-02T01:00:06.929000Z</time>
        <extensions>
          <gpxtpx:TrackPointExtension>
            <gpxtpx:hr>136</gpxtpx:hr>
          </gpxtpx:TrackPointExtension>
        </extensions>
      </trkpt>
      <trkpt lat="37.84452173496386" lon="112.00612624737639">
        <ele>1151.3</ele>
        <time>2026-07-02T01:00:08.929000Z</time>
        <extensions>
          <gpxtpx:TrackPointExtension>
            <gpxtpx:hr>136</gpxtpx:hr>
          </gpxtpx:TrackPointExtension>
        </extensions>
      </trkpt>
      <trkpt lat="37.844574773234804" lon="112.00611627637441">
        <ele>1151.3</ele>
        <time>2026-07-02T01:00:10.929000Z</time>
        <extensions>
          <gpxtpx:TrackPointExtension>
            <gpxtpx:hr>136</gpxtpx:hr>
          </gpxtpx:TrackPointExtension>
        </extensions>
      </trkpt>
      <trkpt lat="37.84462878788266" lon="112.00611427699788">
        <ele>1151.3</ele>
        <time>2026-07-02T01:00:12.929000Z</time>
        <extensions>
          <gpxtpx:TrackPointExtension>
            <gpxtpx:hr>136</gpxtpx:hr>
          </gpxtpx:TrackPointExtension>
        </extensions>
      </trkpt>
      <trkpt lat="37.84468278171915" lon="112.00611925289729">
        <ele>1151.3</ele>
        <time>2026-07-02T01:00:14.929000Z</time>
        <extensions>
          <gpxtpx:TrackPointExtension>
            <gpxtpx:hr>136</gpxtpx:hr>
          </gpxtpx:TrackPointExtension>
        </extensions>
      </trkpt>
      <trkpt lat="37.84473476036927" lon="112.00612921137619">
        <ele>1151.3</ele>
        <time>2026-07-02T01:00:16.929000Z</time>
        <extensions>
          <gpxtpx:TrackPointExtension>
            <gpxtpx:hr>136</gpxtpx:hr>
          </gpxtpx:TrackPointExtension>
        </extensions>
      </trkpt>
      <trkpt lat="37.84478672712994" lon="112.0061431557297">
        <ele>1150.4</ele>
        <time>2026-07-02T01:00:18.929000Z</time>
        <extensions>
          <gpxtpx:TrackPointExtension>
            <gpxtpx:hr>136</gpxtpx:hr>
          </gpxtpx:TrackPointExtension>
        </extensions>
      </trkpt>
      <trkpt lat="37.84483868497577" lon="112.00616008949146">
        <ele>1150.4</ele>
        <time>2026-07-02T01:00:20.929000Z</time>
        <extensions>
          <gpxtpx:TrackPointExtension>
            <gpxtpx:hr>136</gpxtpx:hr>
          </gpxtpx:TrackPointExtension>
        </extensions>
      </trkpt>
      <trkpt lat="37.84489264314903" lon="112.0061770230185">
        <ele>1150.4</ele>
        <time>2026-07-02T01:00:22.929000Z</time>
        <extensions>
          <gpxtpx:TrackPointExtension>
            <gpxtpx:hr>137</gpxtpx:hr>
          </gpxtpx:TrackPointExtension>
        </extensions>
      </trkpt>
      <trkpt lat="37.84494661024475" lon="112.00619096714229">
        <ele>1150.4</ele>
        <time>2026-07-02T01:00:24.929000Z</time>
        <extensions>
          <gpxtpx:TrackPointExtension>
            <gpxtpx:hr>137</gpxtpx:hr>
          </gpxtpx:TrackPointExtension>
        </extensions>
      </trkpt>
      <trkpt lat="37.845002583611986" lon="112.00620291809179">
        <ele>1150.4</ele>
        <time>2026-07-02T01:00:26.929000Z</time>
        <extensions>
          <gpxtpx:TrackPointExtension>
            <gpxtpx:hr>136</gpxtpx:hr>
          </gpxtpx:TrackPointExtension>
        </extensions>
      </trkpt>
      <trkpt lat="37.84505656260448" lon="112.00621287634308">
        <ele>1150.1</ele>
        <time>2026-07-02T01:00:28.929000Z</time>
        <extensions>
          <gpxtpx:TrackPointExtension>
            <gpxtpx:hr>136</gpxtpx:hr>
          </gpxtpx:TrackPointExtension>
        </extensions>
      </trkpt>
      <trkpt lat="37.845111532844825" lon="112.00622582388476">
        <ele>1150.1</ele>
        <time>2026-07-02T01:00:30.929000Z</time>
        <extensions>
          <gpxtpx:TrackPointExtension>
            <gpxtpx:hr>136</gpxtpx:hr>
          </gpxtpx:TrackPointExtension>
        </extensions>
      </trkpt>
      <trkpt lat="37.84516549995538" lon="112.00623976801756">
        <ele>1150.1</ele>
        <time>2026-07-02T01:00:32.929000Z</time>
        <extensions>
          <gpxtpx:TrackPointExtension>
            <gpxtpx:hr>137</gpxtpx:hr>
          </gpxtpx:TrackPointExtension>
        </extensions>
      </trkpt>
      <trkpt lat="37.84521846690834" lon="112.00625371227225">
        <ele>1150.1</ele>
        <time>2026-07-02T01:00:34.929000Z</time>
        <extensions>
          <gpxtpx:TrackPointExtension>
            <gpxtpx:hr>137</gpxtpx:hr>
          </gpxtpx:TrackPointExtension>
        </extensions>
      </trkpt>
      <trkpt lat="37.845272439970216" lon="112.00626566347022">
        <ele>1150.1</ele>
        <time>2026-07-02T01:00:36.929000Z</time>
        <extensions>
          <gpxtpx:TrackPointExtension>
            <gpxtpx:hr>136</gpxtpx:hr>
          </gpxtpx:TrackPointExtension>
        </extensions>
      </trkpt>
      <trkpt lat="37.84532541287387" lon="112.00627761478934">
        <ele>1149.6</ele>
        <time>2026-07-02T01:00:38.929000Z</time>
        <extensions>
          <gpxtpx:TrackPointExtension>
            <gpxtpx:hr>136</gpxtpx:hr>
          </gpxtpx:TrackPointExtension>
        </extensions>
      </trkpt>
      <trkpt lat="37.845377376704825" lon="112.0062925556407">
        <ele>1149.6</ele>
        <time>2026-07-02T01:00:40.929000Z</time>
        <extensions>
          <gpxtpx:TrackPointExtension>
            <gpxtpx:hr>136</gpxtpx:hr>
          </gpxtpx:TrackPointExtension>
        </extensions>
      </trkpt>
      <trkpt lat="37.84542933459732" lon="112.00630948943623">
        <ele>1149.6</ele>
        <time>2026-07-02T01:00:42.929000Z</time>
        <extensions>
          <gpxtpx:TrackPointExtension>
            <gpxtpx:hr>137</gpxtpx:hr>
          </gpxtpx:TrackPointExtension>
        </extensions>
      </trkpt>
      <trkpt lat="37.84548128952354" lon="112.00632741970647">
        <ele>1149.6</ele>
        <time>2026-07-02T01:00:44.929000Z</time>
        <extensions>
          <gpxtpx:TrackPointExtension>
            <gpxtpx:hr>137</gpxtpx:hr>
          </gpxtpx:TrackPointExtension>
        </extensions>
      </trkpt>
      <trkpt lat="37.845533244454934" lon="112.00634534998103">
        <ele>1149.6</ele>
        <time>2026-07-02T01:00:46.929000Z</time>
        <extensions>
          <gpxtpx:TrackPointExtension>
            <gpxtpx:hr>137</gpxtpx:hr>
          </gpxtpx:TrackPointExtension>
        </extensions>
      </trkpt>
      <trkpt lat="37.84558519939152" lon="112.00636328025998">
        <ele>1149.4</ele>
        <time>2026-07-02T01:00:48.929000Z</time>
        <extensions>
          <gpxtpx:TrackPointExtension>
            <gpxtpx:hr>137</gpxtpx:hr>
          </gpxtpx:TrackPointExtension>
        </extensions>
      </trkpt>
      <trkpt lat="37.84563815746561" lon="112.00638021395241">
        <ele>1149.4</ele>
        <time>2026-07-02T01:00:50.929000Z</time>
        <extensions>
          <gpxtpx:TrackPointExtension>
            <gpxtpx:hr>137</gpxtpx:hr>
          </gpxtpx:TrackPointExtension>
        </extensions>
      </trkpt>
      <trkpt lat="37.84569211273608" lon="112.00639814400125">
        <ele>1149.4</ele>
        <time>2026-07-02T01:00:52.929000Z</time>
        <extensions>
          <gpxtpx:TrackPointExtension>
            <gpxtpx:hr>138</gpxtpx:hr>
          </gpxtpx:TrackPointExtension>
        </extensions>
      </trkpt>
      <trkpt lat="37.84574506190978" lon="112.0064180671179">
        <ele>1149.4</ele>
        <time>2026-07-02T01:00:54.929000Z</time>
        <extensions>
          <gpxtpx:TrackPointExtension>
            <gpxtpx:hr>138</gpxtpx:hr>
          </gpxtpx:TrackPointExtension>
        </extensions>
      </trkpt>
      <trkpt lat="37.84579700201802" lon="112.00644097977641">
        <ele>1149.4</ele>
        <time>2026-07-02T01:00:56.929000Z</time>
        <extensions>
          <gpxtpx:TrackPointExtension>
            <gpxtpx:hr>138</gpxtpx:hr>
          </gpxtpx:TrackPointExtension>
        </extensions>
      </trkpt>
      <trkpt lat="37.84584894807293" lon="112.00646189949671">
        <ele>1148.8</ele>
        <time>2026-07-02T01:00:58.929000Z</time>
        <extensions>
          <gpxtpx:TrackPointExtension>
            <gpxtpx:hr>138</gpxtpx:hr>
          </gpxtpx:TrackPointExtension>
        </extensions>
      </trkpt>
      <trkpt lat="37.845900900073154" lon="112.00648082627707">
        <ele>1148.8</ele>
        <time>2026-07-02T01:01:00.929000Z</time>
        <extensions>
          <gpxtpx:TrackPointExtension>
            <gpxtpx:hr>138</gpxtpx:hr>
          </gpxtpx:TrackPointExtension>
        </extensions>
      </trkpt>
      <trkpt lat="37.845953864117995" lon="112.00649576705031">
        <ele>1148.8</ele>
        <time>2026-07-02T01:01:02.929000Z</time>
        <extensions>
          <gpxtpx:TrackPointExtension>
            <gpxtpx:hr>139</gpxtpx:hr>
          </gpxtpx:TrackPointExtension>
        </extensions>
      </trkpt>
      <trkpt lat="37.84600682816706" lon="112.00651070782656">
        <ele>1148.8</ele>
        <time>2026-07-02T01:01:04.929000Z</time>
        <extensions>
          <gpxtpx:TrackPointExtension>
            <gpxtpx:hr>139</gpxtpx:hr>
          </gpxtpx:TrackPointExtension>
        </extensions>
      </trkpt>
      <trkpt lat="37.84605879205827" lon="112.00652564872517">
        <ele>1148.8</ele>
        <time>2026-07-02T01:01:06.929000Z</time>
        <extensions>
          <gpxtpx:TrackPointExtension>
            <gpxtpx:hr>138</gpxtpx:hr>
          </gpxtpx:TrackPointExtension>
        </extensions>
      </trkpt>
      <trkpt lat="37.84610975282277" lon="112.00654158621992">
        <ele>1147.8</ele>
        <time>2026-07-02T01:01:08.929000Z</time>
        <extensions>
          <gpxtpx:TrackPointExtension>
            <gpxtpx:hr>138</gpxtpx:hr>
          </gpxtpx:TrackPointExtension>
        </extensions>
      </trkpt>
      <trkpt lat="37.846159713429564" lon="112.00655752383746">
        <ele>1147.8</ele>
        <time>2026-07-02T01:01:10.929000Z</time>
        <extensions>
          <gpxtpx:TrackPointExtension>
            <gpxtpx:hr>138</gpxtpx:hr>
          </gpxtpx:TrackPointExtension>
        </extensions>
      </trkpt>
      <trkpt lat="37.8462116832704" lon="112.00657047179722">
        <ele>1147.8</ele>
        <time>2026-07-02T01:01:12.929000Z</time>
        <extensions>
          <gpxtpx:TrackPointExtension>
            <gpxtpx:hr>138</gpxtpx:hr>
          </gpxtpx:TrackPointExtension>
        </extensions>
      </trkpt>
      <trkpt lat="37.84626365905143" lon="112.00658142681054">
        <ele>1147.8</ele>
        <time>2026-07-02T01:01:14.929000Z</time>
        <extensions>
          <gpxtpx:TrackPointExtension>
            <gpxtpx:hr>138</gpxtpx:hr>
          </gpxtpx:TrackPointExtension>
        </extensions>
      </trkpt>
      <trkpt lat="37.84631763219176" lon="112.0065933780614">
        <ele>1147.8</ele>
        <time>2026-07-02T01:01:16.929000Z</time>
        <extensions>
          <gpxtpx:TrackPointExtension>
            <gpxtpx:hr>138</gpxtpx:hr>
          </gpxtpx:TrackPointExtension>
        </extensions>
      </trkpt>
      <trkpt lat="37.84637059033298" lon="112.00661031180707">
        <ele>1147.4</ele>
        <time>2026-07-02T01:01:18.929000Z</time>
        <extensions>
          <gpxtpx:TrackPointExtension>
            <gpxtpx:hr>138</gpxtpx:hr>
          </gpxtpx:TrackPointExtension>
        </extensions>
      </trkpt>
      <trkpt lat="37.84642454567359" lon="112.00662824191237">
        <ele>1147.4</ele>
        <time>2026-07-02T01:01:20.929000Z</time>
        <extensions>
          <gpxtpx:TrackPointExtension>
            <gpxtpx:hr>138</gpxtpx:hr>
          </gpxtpx:TrackPointExtension>
        </extensions>
      </trkpt>
      <trkpt lat="37.84647851289023" lon="112.00664218612124">
        <ele>1147.4</ele>
        <time>2026-07-02T01:01:22.929000Z</time>
        <extensions>
          <gpxtpx:TrackPointExtension>
            <gpxtpx:hr>137</gpxtpx:hr>
          </gpxtpx:TrackPointExtension>
        </extensions>
      </trkpt>
      <trkpt lat="37.846533495110975" lon="112.0066511478367">
        <ele>1147.4</ele>
        <time>2026-07-02T01:01:24.929000Z</time>
        <extensions>
          <gpxtpx:TrackPointExtension>
            <gpxtpx:hr>137</gpxtpx:hr>
          </gpxtpx:TrackPointExtension>
        </extensions>
      </trkpt>
      <trkpt lat="37.84658948343192" lon="112.00665811648311">
        <ele>1147.4</ele>
        <time>2026-07-02T01:01:26.929000Z</time>
        <extensions>
          <gpxtpx:TrackPointExtension>
            <gpxtpx:hr>137</gpxtpx:hr>
          </gpxtpx:TrackPointExtension>
        </extensions>
      </trkpt>
      <trkpt lat="37.846645474722834" lon="112.00666408865463">
        <ele>1146.7</ele>
        <time>2026-07-02T01:01:28.929000Z</time>
        <extensions>
          <gpxtpx:TrackPointExtension>
            <gpxtpx:hr>137</gpxtpx:hr>
          </gpxtpx:TrackPointExtension>
        </extensions>
      </trkpt>
      <trkpt lat="37.84669946569118" lon="112.00667006106522">
        <ele>1146.7</ele>
        <time>2026-07-02T01:01:30.929000Z</time>
        <extensions>
          <gpxtpx:TrackPointExtension>
            <gpxtpx:hr>137</gpxtpx:hr>
          </gpxtpx:TrackPointExtension>
        </extensions>
      </trkpt>
      <trkpt lat="37.84675345369447" lon="112.00667702995194">
        <ele>1146.7</ele>
        <time>2026-07-02T01:01:32.929000Z</time>
        <extensions>
          <gpxtpx:TrackPointExtension>
            <gpxtpx:hr>138</gpxtpx:hr>
          </gpxtpx:TrackPointExtension>
        </extensions>
      </trkpt>
      <trkpt lat="37.8468064385704" lon="112.0066849954344">
        <ele>1146.7</ele>
        <time>2026-07-02T01:01:34.929000Z</time>
        <extensions>
          <gpxtpx:TrackPointExtension>
            <gpxtpx:hr>138</gpxtpx:hr>
          </gpxtpx:TrackPointExtension>
        </extensions>
      </trkpt>
      <trkpt lat="37.84686042657851" lon="112.0066919643225">
        <ele>1146.7</ele>
        <time>2026-07-02T01:01:36.929000Z</time>
        <extensions>
          <gpxtpx:TrackPointExtension>
            <gpxtpx:hr>138</gpxtpx:hr>
          </gpxtpx:TrackPointExtension>
        </extensions>
      </trkpt>
      <trkpt lat="37.846912417230854" lon="112.00669793697388">
        <ele>1145.8</ele>
        <time>2026-07-02T01:01:38.929000Z</time>
        <extensions>
          <gpxtpx:TrackPointExtension>
            <gpxtpx:hr>138</gpxtpx:hr>
          </gpxtpx:TrackPointExtension>
        </extensions>
      </trkpt>
      <trkpt lat="37.846965411014956" lon="112.0067029130304">
        <ele>1145.8</ele>
        <time>2026-07-02T01:01:40.929000Z</time>
        <extensions>
          <gpxtpx:TrackPointExtension>
            <gpxtpx:hr>138</gpxtpx:hr>
          </gpxtpx:TrackPointExtension>
        </extensions>
      </trkpt>
      <trkpt lat="37.84701940793075" lon="112.0067068924918">
        <ele>1145.8</ele>
        <time>2026-07-02T01:01:42.929000Z</time>
        <extensions>
          <gpxtpx:TrackPointExtension>
            <gpxtpx:hr>137</gpxtpx:hr>
          </gpxtpx:TrackPointExtension>
        </extensions>
      </trkpt>
      <trkpt lat="37.84707240468587" lon="112.00671087207273">
        <ele>1145.8</ele>
        <time>2026-07-02T01:01:44.929000Z</time>
        <extensions>
          <gpxtpx:TrackPointExtension>
            <gpxtpx:hr>137</gpxtpx:hr>
          </gpxtpx:TrackPointExtension>
        </extensions>
      </trkpt>
      <trkpt lat="37.84712639863881" lon="112.00671584801073">
        <ele>1145.8</ele>
        <time>2026-07-02T01:01:46.929000Z</time>
        <extensions>
          <gpxtpx:TrackPointExtension>
            <gpxtpx:hr>138</gpxtpx:hr>
          </gpxtpx:TrackPointExtension>
        </extensions>
      </trkpt>
      <trkpt lat="37.84718038072671" lon="112.00672480985425">
        <ele>1145.4</ele>
        <time>2026-07-02T01:01:48.929000Z</time>
        <extensions>
          <gpxtpx:TrackPointExtension>
            <gpxtpx:hr>138</gpxtpx:hr>
          </gpxtpx:TrackPointExtension>
        </extensions>
      </trkpt>
      <trkpt lat="37.847234362817346" lon="112.00673377169883">
        <ele>1145.4</ele>
        <time>2026-07-02T01:01:50.929000Z</time>
        <extensions>
          <gpxtpx:TrackPointExtension>
            <gpxtpx:hr>138</gpxtpx:hr>
          </gpxtpx:TrackPointExtension>
        </extensions>
      </trkpt>
      <trkpt lat="37.84728934804016" lon="112.00674173694864">
        <ele>1145.4</ele>
        <time>2026-07-02T01:01:52.929000Z</time>
        <extensions>
          <gpxtpx:TrackPointExtension>
            <gpxtpx:hr>138</gpxtpx:hr>
          </gpxtpx:TrackPointExtension>
        </extensions>
      </trkpt>
      <trkpt lat="37.8473433360692" lon="112.00674870584193">
        <ele>1145.4</ele>
        <time>2026-07-02T01:01:54.929000Z</time>
        <extensions>
          <gpxtpx:TrackPointExtension>
            <gpxtpx:hr>138</gpxtpx:hr>
          </gpxtpx:TrackPointExtension>
        </extensions>
      </trkpt>
      <trkpt lat="37.84739632393771" lon="112.00675567485519">
        <ele>1145.4</ele>
        <time>2026-07-02T01:01:56.929000Z</time>
        <extensions>
          <gpxtpx:TrackPointExtension>
            <gpxtpx:hr>138</gpxtpx:hr>
          </gpxtpx:TrackPointExtension>
        </extensions>
      </trkpt>
      <trkpt lat="37.847449308842194" lon="112.00676364034595">
        <ele>1144.7</ele>
        <time>2026-07-02T01:01:58.929000Z</time>
        <extensions>
          <gpxtpx:TrackPointExtension>
            <gpxtpx:hr>138</gpxtpx:hr>
          </gpxtpx:TrackPointExtension>
        </extensions>
      </trkpt>
      <trkpt lat="37.84750329391214" lon="112.00677160571823">
        <ele>1144.7</ele>
        <time>2026-07-02T01:02:00.929000Z</time>
        <extensions>
          <gpxtpx:TrackPointExtension>
            <gpxtpx:hr>138</gpxtpx:hr>
          </gpxtpx:TrackPointExtension>
        </extensions>
      </trkpt>
      <trkpt lat="37.84755627585547" lon="112.0067805676878">
        <ele>1144.7</ele>
        <time>2026-07-02T01:02:02.929000Z</time>
        <extensions>
          <gpxtpx:TrackPointExtension>
            <gpxtpx:hr>137</gpxtpx:hr>
          </gpxtpx:TrackPointExtension>
        </extensions>
      </trkpt>
      <trkpt lat="37.84761026389664" lon="112.0067875365847">
        <ele>1144.7</ele>
        <time>2026-07-02T01:02:04.929000Z</time>
        <extensions>
          <gpxtpx:TrackPointExtension>
            <gpxtpx:hr>137</gpxtpx:hr>
          </gpxtpx:TrackPointExtension>
        </extensions>
      </trkpt>
      <trkpt lat="37.847665255069295" lon="112.00679350888564">
        <ele>1144.7</ele>
        <time>2026-07-02T01:02:06.929000Z</time>
        <extensions>
          <gpxtpx:TrackPointExtension>
            <gpxtpx:hr>137</gpxtpx:hr>
          </gpxtpx:TrackPointExtension>
        </extensions>
      </trkpt>
      <trkpt lat="37.84772024624426" lon="112.00679948118703">
        <ele>1144.0</ele>
        <time>2026-07-02T01:02:08.929000Z</time>
        <extensions>
          <gpxtpx:TrackPointExtension>
            <gpxtpx:hr>137</gpxtpx:hr>
          </gpxtpx:TrackPointExtension>
        </extensions>
      </trkpt>
      <trkpt lat="37.84777523742153" lon="112.00680545348888">
        <ele>1144.0</ele>
        <time>2026-07-02T01:02:10.929000Z</time>
        <extensions>
          <gpxtpx:TrackPointExtension>
            <gpxtpx:hr>137</gpxtpx:hr>
          </gpxtpx:TrackPointExtension>
        </extensions>
      </trkpt>
      <trkpt lat="37.84783022860112" lon="112.00681142579121">
        <ele>1144.0</ele>
        <time>2026-07-02T01:02:12.929000Z</time>
        <extensions>
          <gpxtpx:TrackPointExtension>
            <gpxtpx:hr>136</gpxtpx:hr>
          </gpxtpx:TrackPointExtension>
        </extensions>
      </trkpt>
      <trkpt lat="37.84788421368832" lon="112.00681939116858">
        <ele>1144.0</ele>
        <time>2026-07-02T01:02:14.929000Z</time>
        <extensions>
          <gpxtpx:TrackPointExtension>
            <gpxtpx:hr>136</gpxtpx:hr>
          </gpxtpx:TrackPointExtension>
        </extensions>
      </trkpt>
      <trkpt lat="37.84793720158044" lon="112.00682636018838">
        <ele>1144.0</ele>
        <time>2026-07-02T01:02:16.929000Z</time>
        <extensions>
          <gpxtpx:TrackPointExtension>
            <gpxtpx:hr>136</gpxtpx:hr>
          </gpxtpx:TrackPointExtension>
        </extensions>
      </trkpt>
      <trkpt lat="37.84799018650933" lon="112.00683432568668">
        <ele>1143.4</ele>
        <time>2026-07-02T01:02:18.929000Z</time>
        <extensions>
          <gpxtpx:TrackPointExtension>
            <gpxtpx:hr>136</gpxtpx:hr>
          </gpxtpx:TrackPointExtension>
        </extensions>
      </trkpt>
      <trkpt lat="37.84804316550977" lon="112.00684428414179">
        <ele>1143.4</ele>
        <time>2026-07-02T01:02:20.929000Z</time>
        <extensions>
          <gpxtpx:TrackPointExtension>
            <gpxtpx:hr>136</gpxtpx:hr>
          </gpxtpx:TrackPointExtension>
        </extensions>
      </trkpt>
      <trkpt lat="37.84809312623119" lon="112.0068602218253">
        <ele>1143.4</ele>
        <time>2026-07-02T01:02:22.929000Z</time>
        <extensions>
          <gpxtpx:TrackPointExtension>
            <gpxtpx:hr>136</gpxtpx:hr>
          </gpxtpx:TrackPointExtension>
        </extensions>
      </trkpt>
      <trkpt lat="37.84814107773502" lon="112.00687914918643">
        <ele>1143.4</ele>
        <time>2026-07-02T01:02:24.929000Z</time>
        <extensions>
          <gpxtpx:TrackPointExtension>
            <gpxtpx:hr>136</gpxtpx:hr>
          </gpxtpx:TrackPointExtension>
        </extensions>
      </trkpt>
      <trkpt lat="37.84818702891748" lon="112.0068980767913">
        <ele>1143.4</ele>
        <time>2026-07-02T01:02:26.929000Z</time>
        <extensions>
          <gpxtpx:TrackPointExtension>
            <gpxtpx:hr>136</gpxtpx:hr>
          </gpxtpx:TrackPointExtension>
        </extensions>
      </trkpt>
      <trkpt lat="37.84823298010528" lon="112.00691700440123">
        <ele>1143.7</ele>
        <time>2026-07-02T01:02:28.929000Z</time>
        <extensions>
          <gpxtpx:TrackPointExtension>
            <gpxtpx:hr>137</gpxtpx:hr>
          </gpxtpx:TrackPointExtension>
        </extensions>
      </trkpt>
      <trkpt lat="37.84827691318513" lon="112.00694191113095">
        <ele>1143.7</ele>
        <time>2026-07-02T01:02:30.929000Z</time>
        <extensions>
          <gpxtpx:TrackPointExtension>
            <gpxtpx:hr>137</gpxtpx:hr>
          </gpxtpx:TrackPointExtension>
        </extensions>
      </trkpt>
      <trkpt lat="37.84832082552488" lon="112.00697379322813">
        <ele>1143.7</ele>
        <time>2026-07-02T01:02:32.929000Z</time>
        <extensions>
          <gpxtpx:TrackPointExtension>
            <gpxtpx:hr>137</gpxtpx:hr>
          </gpxtpx:TrackPointExtension>
        </extensions>
      </trkpt>
      <trkpt lat="37.84836271384145" lon="112.00701364742147">
        <ele>1143.7</ele>
        <time>2026-07-02T01:02:34.929000Z</time>
        <extensions>
          <gpxtpx:TrackPointExtension>
            <gpxtpx:hr>137</gpxtpx:hr>
          </gpxtpx:TrackPointExtension>
        </extensions>
      </trkpt>
      <trkpt lat="37.848403587198135" lon="112.00705848416227">
        <ele>1143.7</ele>
        <time>2026-07-02T01:02:36.929000Z</time>
        <extensions>
          <gpxtpx:TrackPointExtension>
            <gpxtpx:hr>137</gpxtpx:hr>
          </gpxtpx:TrackPointExtension>
        </extensions>
      </trkpt>
      <trkpt lat="37.84844144527533" lon="112.00710830369904">
        <ele>1142.8</ele>
        <time>2026-07-02T01:02:38.929000Z</time>
        <extensions>
          <gpxtpx:TrackPointExtension>
            <gpxtpx:hr>138</gpxtpx:hr>
          </gpxtpx:TrackPointExtension>
        </extensions>
      </trkpt>
      <trkpt lat="37.84847729416874" lon="112.0071611129583">
        <ele>1142.8</ele>
        <time>2026-07-02T01:02:40.929000Z</time>
        <extensions>
          <gpxtpx:TrackPointExtension>
            <gpxtpx:hr>138</gpxtpx:hr>
          </gpxtpx:TrackPointExtension>
        </extensions>
      </trkpt>
      <trkpt lat="37.848512134047354" lon="112.0072169118278">
        <ele>1142.8</ele>
        <time>2026-07-02T01:02:42.929000Z</time>
        <extensions>
          <gpxtpx:TrackPointExtension>
            <gpxtpx:hr>138</gpxtpx:hr>
          </gpxtpx:TrackPointExtension>
        </extensions>
      </trkpt>
      <trkpt lat="37.84854598268065" lon="112.00726972140988">
        <ele>1142.8</ele>
        <time>2026-07-02T01:02:44.929000Z</time>
        <extensions>
          <gpxtpx:TrackPointExtension>
            <gpxtpx:hr>138</gpxtpx:hr>
          </gpxtpx:TrackPointExtension>
        </extensions>
      </trkpt>
      <trkpt lat="37.848580831510404" lon="112.00732253091375">
        <ele>1142.8</ele>
        <time>2026-07-02T01:02:46.929000Z</time>
        <extensions>
          <gpxtpx:TrackPointExtension>
            <gpxtpx:hr>138</gpxtpx:hr>
          </gpxtpx:TrackPointExtension>
        </extensions>
      </trkpt>
      <trkpt lat="37.84861768957884" lon="112.0073723507631">
        <ele>1142.2</ele>
        <time>2026-07-02T01:02:48.929000Z</time>
        <extensions>
          <gpxtpx:TrackPointExtension>
            <gpxtpx:hr>139</gpxtpx:hr>
          </gpxtpx:TrackPointExtension>
        </extensions>
      </trkpt>
      <trkpt lat="37.84865354455429" lon="112.0074231672551">
        <ele>1142.2</ele>
        <time>2026-07-02T01:02:50.929000Z</time>
        <extensions>
          <gpxtpx:TrackPointExtension>
            <gpxtpx:hr>139</gpxtpx:hr>
          </gpxtpx:TrackPointExtension>
        </extensions>
      </trkpt>
      <trkpt lat="37.84868839643854" lon="112.00747498039213">
        <ele>1142.2</ele>
        <time>2026-07-02T01:02:52.929000Z</time>
        <extensions>
          <gpxtpx:TrackPointExtension>
            <gpxtpx:hr>139</gpxtpx:hr>
          </gpxtpx:TrackPointExtension>
        </extensions>
      </trkpt>
      <trkpt lat="37.848721245069704" lon="112.00752779029604">
        <ele>1142.2</ele>
        <time>2026-07-02T01:02:54.929000Z</time>
        <extensions>
          <gpxtpx:TrackPointExtension>
            <gpxtpx:hr>139</gpxtpx:hr>
          </gpxtpx:TrackPointExtension>
        </extensions>
      </trkpt>
      <trkpt lat="37.84875509685504" lon="112.00757960363367">
        <ele>1142.2</ele>
        <time>2026-07-02T01:02:56.929000Z</time>
        <extensions>
          <gpxtpx:TrackPointExtension>
            <gpxtpx:hr>139</gpxtpx:hr>
          </gpxtpx:TrackPointExtension>
        </extensions>
      </trkpt>
      <trkpt lat="37.84878794850884" lon="112.00763141713114">
        <ele>1141.7</ele>
        <time>2026-07-02T01:02:58.929000Z</time>
        <extensions>
          <gpxtpx:TrackPointExtension>
            <gpxtpx:hr>138</gpxtpx:hr>
          </gpxtpx:TrackPointExtension>
        </extensions>
      </trkpt>
      <trkpt lat="37.84882180331465" lon="112.0076822340595">
        <ele>1141.7</ele>
        <time>2026-07-02T01:03:00.929000Z</time>
        <extensions>
          <gpxtpx:TrackPointExtension>
            <gpxtpx:hr>138</gpxtpx:hr>
          </gpxtpx:TrackPointExtension>
        </extensions>
      </trkpt>
      <trkpt lat="37.848855661107" lon="112.00773205453596">
        <ele>1141.7</ele>
        <time>2026-07-02T01:03:02.929000Z</time>
        <extensions>
          <gpxtpx:TrackPointExtension>
            <gpxtpx:hr>139</gpxtpx:hr>
          </gpxtpx:TrackPointExtension>
        </extensions>
      </trkpt>
      <trkpt lat="37.84888951597489" lon="112.00778287154205">
        <ele>1141.7</ele>
        <time>2026-07-02T01:03:04.929000Z</time>
        <extensions>
          <gpxtpx:TrackPointExtension>
            <gpxtpx:hr>139</gpxtpx:hr>
          </gpxtpx:TrackPointExtension>
        </extensions>
      </trkpt>
      <trkpt lat="37.848922367756344" lon="112.0078346851996">
        <ele>1141.7</ele>
        <time>2026-07-02T01:03:06.929000Z</time>
        <extensions>
          <gpxtpx:TrackPointExtension>
            <gpxtpx:hr>139</gpxtpx:hr>
          </gpxtpx:TrackPointExtension>
        </extensions>
      </trkpt>
      <trkpt lat="37.84895522547746" lon="112.00788450591145">
        <ele>1141.3</ele>
        <time>2026-07-02T01:03:08.929000Z</time>
        <extensions>
          <gpxtpx:TrackPointExtension>
            <gpxtpx:hr>139</gpxtpx:hr>
          </gpxtpx:TrackPointExtension>
        </extensions>
      </trkpt>
      <trkpt lat="37.848989083392965" lon="112.0079343265421">
        <ele>1141.3</ele>
        <time>2026-07-02T01:03:10.929000Z</time>
        <extensions>
          <gpxtpx:TrackPointExtension>
            <gpxtpx:hr>139</gpxtpx:hr>
          </gpxtpx:TrackPointExtension>
        </extensions>
      </trkpt>
      <trkpt lat="37.84902193822288" lon="112.00798514382538">
        <ele>1141.3</ele>
        <time>2026-07-02T01:03:12.929000Z</time>
        <extensions>
          <gpxtpx:TrackPointExtension>
            <gpxtpx:hr>140</gpxtpx:hr>
          </gpxtpx:TrackPointExtension>
        </extensions>
      </trkpt>
      <trkpt lat="37.849055793248645" lon="112.00803596102925">
        <ele>1141.3</ele>
        <time>2026-07-02T01:03:14.929000Z</time>
        <extensions>
          <gpxtpx:TrackPointExtension>
            <gpxtpx:hr>140</gpxtpx:hr>
          </gpxtpx:TrackPointExtension>
        </extensions>
      </trkpt>
      <trkpt lat="37.84908964535543" lon="112.0080877747698">
        <ele>1141.3</ele>
        <time>2026-07-02T01:03:16.929000Z</time>
        <extensions>
          <gpxtpx:TrackPointExtension>
            <gpxtpx:hr>140</gpxtpx:hr>
          </gpxtpx:TrackPointExtension>
        </extensions>
      </trkpt>
      <trkpt lat="37.84912350044597" lon="112.00813859205483">
        <ele>1140.7</ele>
        <time>2026-07-02T01:03:18.929000Z</time>
        <extensions>
          <gpxtpx:TrackPointExtension>
            <gpxtpx:hr>140</gpxtpx:hr>
          </gpxtpx:TrackPointExtension>
        </extensions>
      </trkpt>
      <trkpt lat="37.84915635245497" lon="112.0081904059978">
        <ele>1140.7</ele>
        <time>2026-07-02T01:03:20.929000Z</time>
        <extensions>
          <gpxtpx:TrackPointExtension>
            <gpxtpx:hr>140</gpxtpx:hr>
          </gpxtpx:TrackPointExtension>
        </extensions>
      </trkpt>
      <trkpt lat="37.849189198599305" lon="112.00824421298086">
        <ele>1140.7</ele>
        <time>2026-07-02T01:03:22.929000Z</time>
        <extensions>
          <gpxtpx:TrackPointExtension>
            <gpxtpx:hr>141</gpxtpx:hr>
          </gpxtpx:TrackPointExtension>
        </extensions>
      </trkpt>
      <trkpt lat="37.84922204477991" lon="112.0082980200095">
        <ele>1140.7</ele>
        <time>2026-07-02T01:03:24.929000Z</time>
        <extensions>
          <gpxtpx:TrackPointExtension>
            <gpxtpx:hr>141</gpxtpx:hr>
          </gpxtpx:TrackPointExtension>
        </extensions>
      </trkpt>
      <trkpt lat="37.84925388493729" lon="112.00835382020477">
        <ele>1140.7</ele>
        <time>2026-07-02T01:03:26.929000Z</time>
        <extensions>
          <gpxtpx:TrackPointExtension>
            <gpxtpx:hr>141</gpxtpx:hr>
          </gpxtpx:TrackPointExtension>
        </extensions>
      </trkpt>
      <trkpt lat="37.84928773725042" lon="112.00840563420428">
        <ele>1140.3</ele>
        <time>2026-07-02T01:03:28.929000Z</time>
        <extensions>
          <gpxtpx:TrackPointExtension>
            <gpxtpx:hr>141</gpxtpx:hr>
          </gpxtpx:TrackPointExtension>
        </extensions>
      </trkpt>
      <trkpt lat="37.849321586651165" lon="112.00845844474891">
        <ele>1140.3</ele>
        <time>2026-07-02T01:03:30.929000Z</time>
        <extensions>
          <gpxtpx:TrackPointExtension>
            <gpxtpx:hr>141</gpxtpx:hr>
          </gpxtpx:TrackPointExtension>
        </extensions>
      </trkpt>
      <trkpt lat="37.84935643919736" lon="112.00851025871542">
        <ele>1140.3</ele>
        <time>2026-07-02T01:03:32.929000Z</time>
        <extensions>
          <gpxtpx:TrackPointExtension>
            <gpxtpx:hr>141</gpxtpx:hr>
          </gpxtpx:TrackPointExtension>
        </extensions>
      </trkpt>
      <trkpt lat="37.84939028866856" lon="112.00856306934838">
        <ele>1140.3</ele>
        <time>2026-07-02T01:03:34.929000Z</time>
        <extensions>
          <gpxtpx:TrackPointExtension>
            <gpxtpx:hr>141</gpxtpx:hr>
          </gpxtpx:TrackPointExtension>
        </extensions>
      </trkpt>
      <trkpt lat="37.849425138339676" lon="112.00861587990678">
        <ele>1140.3</ele>
        <time>2026-07-02T01:03:36.929000Z</time>
        <extensions>
          <gpxtpx:TrackPointExtension>
            <gpxtpx:hr>140</gpxtpx:hr>
          </gpxtpx:TrackPointExtension>
        </extensions>
      </trkpt>
      <trkpt lat="37.84945998804668" lon="112.00866869051013">
        <ele>1140.0</ele>
        <time>2026-07-02T01:03:38.929000Z</time>
        <extensions>
          <gpxtpx:TrackPointExtension>
            <gpxtpx:hr>140</gpxtpx:hr>
          </gpxtpx:TrackPointExtension>
        </extensions>
      </trkpt>
      <trkpt lat="37.849495832067646" lon="112.00872349405248">
        <ele>1140.0</ele>
        <time>2026-07-02T01:03:40.929000Z</time>
        <extensions>
          <gpxtpx:TrackPointExtension>
            <gpxtpx:hr>140</gpxtpx:hr>
          </gpxtpx:TrackPointExtension>
        </extensions>
      </trkpt>
      <trkpt lat="37.849530673020794" lon="112.00877929427055">
        <ele>1140.0</ele>
        <time>2026-07-02T01:03:42.929000Z</time>
        <extensions>
          <gpxtpx:TrackPointExtension>
            <gpxtpx:hr>139</gpxtpx:hr>
          </gpxtpx:TrackPointExtension>
        </extensions>
      </trkpt>
      <trkpt lat="37.84956651417862" lon="112.00883509441992">
        <ele>1140.0</ele>
        <time>2026-07-02T01:03:44.929000Z</time>
        <extensions>
          <gpxtpx:TrackPointExtension>
            <gpxtpx:hr>139</gpxtpx:hr>
          </gpxtpx:TrackPointExtension>
        </extensions>
      </trkpt>
      <trkpt lat="37.84960136109474" lon="112.00888890172092">
        <ele>1140.0</ele>
        <time>2026-07-02T01:03:46.929000Z</time>
        <extensions>
          <gpxtpx:TrackPointExtension>
            <gpxtpx:hr>139</gpxtpx:hr>
          </gpxtpx:TrackPointExtension>
        </extensions>
      </trkpt>
      <trkpt lat="37.84963621098908" lon="112.00894171255916">
        <ele>1139.2</ele>
        <time>2026-07-02T01:03:48.929000Z</time>
        <extensions>
          <gpxtpx:TrackPointExtension>
            <gpxtpx:hr>139</gpxtpx:hr>
          </gpxtpx:TrackPointExtension>
        </extensions>
      </trkpt>
      <trkpt lat="37.849671057980366" lon="112.00899551995442">
        <ele>1139.2</ele>
        <time>2026-07-02T01:03:50.929000Z</time>
        <extensions>
          <gpxtpx:TrackPointExtension>
            <gpxtpx:hr>139</gpxtpx:hr>
          </gpxtpx:TrackPointExtension>
        </extensions>
      </trkpt>
      <trkpt lat="37.84970489896747" lon="112.0090513205409">
        <ele>1139.2</ele>
        <time>2026-07-02T01:03:52.929000Z</time>
        <extensions>
          <gpxtpx:TrackPointExtension>
            <gpxtpx:hr>138</gpxtpx:hr>
          </gpxtpx:TrackPointExtension>
        </extensions>
      </trkpt>
      <trkpt lat="37.84973573362597" lon="112.00910911456327">
        <ele>1139.2</ele>
        <time>2026-07-02T01:03:54.929000Z</time>
        <extensions>
          <gpxtpx:TrackPointExtension>
            <gpxtpx:hr>138</gpxtpx:hr>
          </gpxtpx:TrackPointExtension>
        </extensions>
      </trkpt>
      <trkpt lat="37.84976656539103" lon="112.00916790515514">
        <ele>1139.2</ele>
        <time>2026-07-02T01:03:56.929000Z</time>
        <extensions>
          <gpxtpx:TrackPointExtension>
            <gpxtpx:hr>139</gpxtpx:hr>
          </gpxtpx:TrackPointExtension>
        </extensions>
      </trkpt>
      <trkpt lat="37.84979439670845" lon="112.0092266961631">
        <ele>1138.9</ele>
        <time>2026-07-02T01:03:58.929000Z</time>
        <extensions>
          <gpxtpx:TrackPointExtension>
            <gpxtpx:hr>139</gpxtpx:hr>
          </gpxtpx:TrackPointExtension>
        </extensions>
      </trkpt>
      <trkpt lat="37.84982022187091" lon="112.00928748049976">
        <ele>1138.9</ele>
        <time>2026-07-02T01:04:00.929000Z</time>
        <extensions>
          <gpxtpx:TrackPointExtension>
            <gpxtpx:hr>139</gpxtpx:hr>
          </gpxtpx:TrackPointExtension>
        </extensions>
      </trkpt>
      <trkpt lat="37.849840037290356" lon="112.00935125516637">
        <ele>1138.9</ele>
        <time>2026-07-02T01:04:02.929000Z</time>
        <extensions>
          <gpxtpx:TrackPointExtension>
            <gpxtpx:hr>140</gpxtpx:hr>
          </gpxtpx:TrackPointExtension>
        </extensions>
      </trkpt>
      <trkpt lat="37.84985384590848" lon="112.00941702365472">
        <ele>1138.9</ele>
        <time>2026-07-02T01:04:04.929000Z</time>
        <extensions>
          <gpxtpx:TrackPointExtension>
            <gpxtpx:hr>140</gpxtpx:hr>
          </gpxtpx:TrackPointExtension>
        </extensions>
      </trkpt>
      <trkpt lat="37.8498626537616" lon="112.00948279281383">
        <ele>1138.9</ele>
        <time>2026-07-02T01:04:06.929000Z</time>
        <extensions>
          <gpxtpx:TrackPointExtension>
            <gpxtpx:hr>139</gpxtpx:hr>
          </gpxtpx:TrackPointExtension>
        </extensions>
      </trkpt>
      <trkpt lat="37.84986745808193" lon="112.00954955904497">
        <ele>1138.5</ele>
        <time>2026-07-02T01:04:08.929000Z</time>
        <extensions>
          <gpxtpx:TrackPointExtension>
            <gpxtpx:hr>139</gpxtpx:hr>
          </gpxtpx:TrackPointExtension>
        </extensions>
      </trkpt>
      <trkpt lat="37.84987225953022" lon="112.009617321874">
        <ele>1138.5</ele>
        <time>2026-07-02T01:04:10.929000Z</time>
        <extensions>
          <gpxtpx:TrackPointExtension>
            <gpxtpx:hr>139</gpxtpx:hr>
          </gpxtpx:TrackPointExtension>
        </extensions>
      </trkpt>
      <trkpt lat="37.84987706104007" lon="112.00968508478202">
        <ele>1138.5</ele>
        <time>2026-07-02T01:04:12.929000Z</time>
        <extensions>
          <gpxtpx:TrackPointExtension>
            <gpxtpx:hr>139</gpxtpx:hr>
          </gpxtpx:TrackPointExtension>
        </extensions>
      </trkpt>
      <trkpt lat="37.84988285691681" lon="112.00975484069765">
        <ele>1138.5</ele>
        <time>2026-07-02T01:04:14.929000Z</time>
        <extensions>
          <gpxtpx:TrackPointExtension>
            <gpxtpx:hr>139</gpxtpx:hr>
          </gpxtpx:TrackPointExtension>
        </extensions>
      </trkpt>
      <trkpt lat="37.84988565529458" lon="112.00982360053092">
        <ele>1138.5</ele>
        <time>2026-07-02T01:04:16.929000Z</time>
        <extensions>
          <gpxtpx:TrackPointExtension>
            <gpxtpx:hr>139</gpxtpx:hr>
          </gpxtpx:TrackPointExtension>
        </extensions>
      </trkpt>
      <trkpt lat="37.84988644755191" lon="112.00989435373813">
        <ele>1138.0</ele>
        <time>2026-07-02T01:04:18.929000Z</time>
        <extensions>
          <gpxtpx:TrackPointExtension>
            <gpxtpx:hr>139</gpxtpx:hr>
          </gpxtpx:TrackPointExtension>
        </extensions>
      </trkpt>
      <trkpt lat="37.84988624263977" lon="112.00996411062476">
        <ele>1138.0</ele>
        <time>2026-07-02T01:04:20.929000Z</time>
        <extensions>
          <gpxtpx:TrackPointExtension>
            <gpxtpx:hr>139</gpxtpx:hr>
          </gpxtpx:TrackPointExtension>
        </extensions>
      </trkpt>
      <trkpt lat="37.849886037794185" lon="112.01003386759683">
        <ele>1138.0</ele>
        <time>2026-07-02T01:04:22.929000Z</time>
        <extensions>
          <gpxtpx:TrackPointExtension>
            <gpxtpx:hr>139</gpxtpx:hr>
          </gpxtpx:TrackPointExtension>
        </extensions>
      </trkpt>
      <trkpt lat="37.84988583301543" lon="112.01010362465465">
        <ele>1138.0</ele>
        <time>2026-07-02T01:04:24.929000Z</time>
        <extensions>
          <gpxtpx:TrackPointExtension>
            <gpxtpx:hr>139</gpxtpx:hr>
          </gpxtpx:TrackPointExtension>
        </extensions>
      </trkpt>
      <trkpt lat="37.84988463106326" lon="112.01017238538682">
        <ele>1138.0</ele>
        <time>2026-07-02T01:04:26.929000Z</time>
        <extensions>
          <gpxtpx:TrackPointExtension>
            <gpxtpx:hr>140</gpxtpx:hr>
          </gpxtpx:TrackPointExtension>
        </extensions>
      </trkpt>
      <trkpt lat="37.849882431935114" lon="112.01024014979006">
        <ele>1137.6</ele>
        <time>2026-07-02T01:04:28.929000Z</time>
        <extensions>
          <gpxtpx:TrackPointExtension>
            <gpxtpx:hr>140</gpxtpx:hr>
          </gpxtpx:TrackPointExtension>
        </extensions>
      </trkpt>
      <trkpt lat="37.84988023579291" lon="112.01030691774157">
        <ele>1137.6</ele>
        <time>2026-07-02T01:04:30.929000Z</time>
        <extensions>
          <gpxtpx:TrackPointExtension>
            <gpxtpx:hr>140</gpxtpx:hr>
          </gpxtpx:TrackPointExtension>
        </extensions>
      </trkpt>
      <trkpt lat="37.8498780397129" lon="112.01037368577289">
        <ele>1137.6</ele>
        <time>2026-07-02T01:04:32.929000Z</time>
        <extensions>
          <gpxtpx:TrackPointExtension>
            <gpxtpx:hr>140</gpxtpx:hr>
          </gpxtpx:TrackPointExtension>
        </extensions>
      </trkpt>
      <trkpt lat="37.84987584369534" lon="112.01044045388431">
        <ele>1137.6</ele>
        <time>2026-07-02T01:04:34.929000Z</time>
        <extensions>
          <gpxtpx:TrackPointExtension>
            <gpxtpx:hr>140</gpxtpx:hr>
          </gpxtpx:TrackPointExtension>
        </extensions>
      </trkpt>
      <trkpt lat="37.849873644821145" lon="112.01050821861337">
        <ele>1137.6</ele>
        <time>2026-07-02T01:04:36.929000Z</time>
        <extensions>
          <gpxtpx:TrackPointExtension>
            <gpxtpx:hr>141</gpxtpx:hr>
          </gpxtpx:TrackPointExtension>
        </extensions>
      </trkpt>
      <trkpt lat="37.849869448601154" lon="112.01057498712613">
        <ele>1137.0</ele>
        <time>2026-07-02T01:04:38.929000Z</time>
        <extensions>
          <gpxtpx:TrackPointExtension>
            <gpxtpx:hr>141</gpxtpx:hr>
          </gpxtpx:TrackPointExtension>
        </extensions>
      </trkpt>
      <trkpt lat="37.84986425811474" lon="112.01063976276019">
        <ele>1137.0</ele>
        <time>2026-07-02T01:04:40.929000Z</time>
        <extensions>
          <gpxtpx:TrackPointExtension>
            <gpxtpx:hr>141</gpxtpx:hr>
          </gpxtpx:TrackPointExtension>
        </extensions>
      </trkpt>
      <trkpt lat="37.849858064607" lon="112.0107055351311">
        <ele>1137.0</ele>
        <time>2026-07-02T01:04:42.929000Z</time>
        <extensions>
          <gpxtpx:TrackPointExtension>
            <gpxtpx:hr>141</gpxtpx:hr>
          </gpxtpx:TrackPointExtension>
        </extensions>
      </trkpt>
      <trkpt lat="37.84985387440555" lon="112.01077031080017">
        <ele>1137.0</ele>
        <time>2026-07-02T01:04:44.929000Z</time>
        <extensions>
          <gpxtpx:TrackPointExtension>
            <gpxtpx:hr>141</gpxtpx:hr>
          </gpxtpx:TrackPointExtension>
        </extensions>
      </trkpt>
      <trkpt lat="37.849849681349546" lon="112.0108360830895">
        <ele>1137.0</ele>
        <time>2026-07-02T01:04:46.929000Z</time>
        <extensions>
          <gpxtpx:TrackPointExtension>
            <gpxtpx:hr>140</gpxtpx:hr>
          </gpxtpx:TrackPointExtension>
        </extensions>
      </trkpt>
      <trkpt lat="37.849846488520214" lon="112.01090185533906">
        <ele>1136.7</ele>
        <time>2026-07-02T01:04:48.929000Z</time>
        <extensions>
          <gpxtpx:TrackPointExtension>
            <gpxtpx:hr>140</gpxtpx:hr>
          </gpxtpx:TrackPointExtension>
        </extensions>
      </trkpt>
      <trkpt lat="37.84984129251162" lon="112.01096862445335">
        <ele>1136.7</ele>
        <time>2026-07-02T01:04:50.929000Z</time>
        <extensions>
          <gpxtpx:TrackPointExtension>
            <gpxtpx:hr>140</gpxtpx:hr>
          </gpxtpx:TrackPointExtension>
        </extensions>
      </trkpt>
      <trkpt lat="37.84983509640315" lon="112.01103539376997">
        <ele>1136.7</ele>
        <time>2026-07-02T01:04:52.929000Z</time>
        <extensions>
          <gpxtpx:TrackPointExtension>
            <gpxtpx:hr>140</gpxtpx:hr>
          </gpxtpx:TrackPointExtension>
        </extensions>
      </trkpt>
      <trkpt lat="37.84982990052395" lon="112.01110216305015">
        <ele>1136.7</ele>
        <time>2026-07-02T01:04:54.929000Z</time>
        <extensions>
          <gpxtpx:TrackPointExtension>
            <gpxtpx:hr>140</gpxtpx:hr>
          </gpxtpx:TrackPointExtension>
        </extensions>
      </trkpt>
      <trkpt lat="37.84982570196442" lon="112.01116992884356">
        <ele>1136.7</ele>
        <time>2026-07-02T01:04:56.929000Z</time>
        <extensions>
          <gpxtpx:TrackPointExtension>
            <gpxtpx:hr>140</gpxtpx:hr>
          </gpxtpx:TrackPointExtension>
        </extensions>
      </trkpt>
      <trkpt lat="37.849822503636595" lon="112.01123769460361">
        <ele>1135.8</ele>
        <time>2026-07-02T01:04:58.929000Z</time>
        <extensions>
          <gpxtpx:TrackPointExtension>
            <gpxtpx:hr>140</gpxtpx:hr>
          </gpxtpx:TrackPointExtension>
        </extensions>
      </trkpt>
      <trkpt lat="37.84981830811967" lon="112.0113044640178">
        <ele>1135.8</ele>
        <time>2026-07-02T01:05:00.929000Z</time>
        <extensions>
          <gpxtpx:TrackPointExtension>
            <gpxtpx:hr>140</gpxtpx:hr>
          </gpxtpx:TrackPointExtension>
        </extensions>
      </trkpt>
      <trkpt lat="37.8498131095972" lon="112.011372230189">
        <ele>1135.8</ele>
        <time>2026-07-02T01:05:02.929000Z</time>
        <extensions>
          <gpxtpx:TrackPointExtension>
            <gpxtpx:hr>140</gpxtpx:hr>
          </gpxtpx:TrackPointExtension>
        </extensions>
      </trkpt>
      <trkpt lat="37.84980691097829" lon="112.01143999656689">
        <ele>1135.8</ele>
        <time>2026-07-02T01:05:04.929000Z</time>
        <extensions>
          <gpxtpx:TrackPointExtension>
            <gpxtpx:hr>140</gpxtpx:hr>
          </gpxtpx:TrackPointExtension>
        </extensions>
      </trkpt>
      <trkpt lat="37.8498027127565" lon="112.01150776279313">
        <ele>1135.8</ele>
        <time>2026-07-02T01:05:06.929000Z</time>
        <extensions>
          <gpxtpx:TrackPointExtension>
            <gpxtpx:hr>140</gpxtpx:hr>
          </gpxtpx:TrackPointExtension>
        </extensions>
      </trkpt>
      <trkpt lat="37.84979751443876" lon="112.01157552922668">
        <ele>1135.6</ele>
        <time>2026-07-02T01:05:08.929000Z</time>
        <extensions>
          <gpxtpx:TrackPointExtension>
            <gpxtpx:hr>140</gpxtpx:hr>
          </gpxtpx:TrackPointExtension>
        </extensions>
      </trkpt>
      <trkpt lat="37.8497933163542" lon="112.01164329562874">
        <ele>1135.6</ele>
        <time>2026-07-02T01:05:10.929000Z</time>
        <extensions>
          <gpxtpx:TrackPointExtension>
            <gpxtpx:hr>140</gpxtpx:hr>
          </gpxtpx:TrackPointExtension>
        </extensions>
      </trkpt>
      <trkpt lat="37.84979112156931" lon="112.01171006532037">
        <ele>1135.6</ele>
        <time>2026-07-02T01:05:12.929000Z</time>
        <extensions>
          <gpxtpx:TrackPointExtension>
            <gpxtpx:hr>141</gpxtpx:hr>
          </gpxtpx:TrackPointExtension>
        </extensions>
      </trkpt>
      <trkpt lat="37.84978792958802" lon="112.01177583865676">
        <ele>1135.6</ele>
        <time>2026-07-02T01:05:14.929000Z</time>
        <extensions>
          <gpxtpx:TrackPointExtension>
            <gpxtpx:hr>141</gpxtpx:hr>
          </gpxtpx:TrackPointExtension>
        </extensions>
      </trkpt>
      <trkpt lat="37.84978274024315" lon="112.01184061575395">
        <ele>1135.6</ele>
        <time>2026-07-02T01:05:16.929000Z</time>
        <extensions>
          <gpxtpx:TrackPointExtension>
            <gpxtpx:hr>141</gpxtpx:hr>
          </gpxtpx:TrackPointExtension>
        </extensions>
      </trkpt>
      <trkpt lat="37.849774550468716" lon="112.01190539329144">
        <ele>1134.7</ele>
        <time>2026-07-02T01:05:18.929000Z</time>
        <extensions>
          <gpxtpx:TrackPointExtension>
            <gpxtpx:hr>141</gpxtpx:hr>
          </gpxtpx:TrackPointExtension>
        </extensions>
      </trkpt>
      <trkpt lat="37.849767360922634" lon="112.01197017079123">
        <ele>1134.7</ele>
        <time>2026-07-02T01:05:20.929000Z</time>
        <extensions>
          <gpxtpx:TrackPointExtension>
            <gpxtpx:hr>141</gpxtpx:hr>
          </gpxtpx:TrackPointExtension>
        </extensions>
      </trkpt>
      <trkpt lat="37.8497611716051" lon="112.01203494825357">
        <ele>1134.7</ele>
        <time>2026-07-02T01:05:22.929000Z</time>
        <extensions>
          <gpxtpx:TrackPointExtension>
            <gpxtpx:hr>141</gpxtpx:hr>
          </gpxtpx:TrackPointExtension>
        </extensions>
      </trkpt>
      <trkpt lat="37.849755979620426" lon="112.01210072224595">
        <ele>1134.7</ele>
        <time>2026-07-02T01:05:24.929000Z</time>
        <extensions>
          <gpxtpx:TrackPointExtension>
            <gpxtpx:hr>141</gpxtpx:hr>
          </gpxtpx:TrackPointExtension>
        </extensions>
      </trkpt>
      <trkpt lat="37.84975178786672" lon="112.01216649620396">
        <ele>1134.7</ele>
        <time>2026-07-02T01:05:26.929000Z</time>
        <extensions>
          <gpxtpx:TrackPointExtension>
            <gpxtpx:hr>141</gpxtpx:hr>
          </gpxtpx:TrackPointExtension>
        </extensions>
      </trkpt>
      <trkpt lat="37.84974659312152" lon="112.0122332669369">
        <ele>1134.7</ele>
        <time>2026-07-02T01:05:28.929000Z</time>
        <extensions>
          <gpxtpx:TrackPointExtension>
            <gpxtpx:hr>141</gpxtpx:hr>
          </gpxtpx:TrackPointExtension>
        </extensions>
      </trkpt>
      <trkpt lat="37.849740398280986" lon="112.01230003787786">
        <ele>1134.5</ele>
        <time>2026-07-02T01:05:30.929000Z</time>
        <extensions>
          <gpxtpx:TrackPointExtension>
            <gpxtpx:hr>141</gpxtpx:hr>
          </gpxtpx:TrackPointExtension>
        </extensions>
      </trkpt>
      <trkpt lat="37.84973520367415" lon="112.01236680878795">
        <ele>1134.5</ele>
        <time>2026-07-02T01:05:32.929000Z</time>
        <extensions>
          <gpxtpx:TrackPointExtension>
            <gpxtpx:hr>141</gpxtpx:hr>
          </gpxtpx:TrackPointExtension>
        </extensions>
      </trkpt>
      <trkpt lat="37.84973100930125" lon="112.01243357966743">
        <ele>1134.5</ele>
        <time>2026-07-02T01:05:34.929000Z</time>
        <extensions>
          <gpxtpx:TrackPointExtension>
            <gpxtpx:hr>141</gpxtpx:hr>
          </gpxtpx:TrackPointExtension>
        </extensions>
      </trkpt>
      <trkpt lat="37.84972682077756" lon="112.01249835748597">
        <ele>1134.5</ele>
        <time>2026-07-02T01:05:36.929000Z</time>
        <extensions>
          <gpxtpx:TrackPointExtension>
            <gpxtpx:hr>140</gpxtpx:hr>
          </gpxtpx:TrackPointExtension>
        </extensions>
      </trkpt>
      <trkpt lat="37.849721632155365" lon="112.01256313550843">
        <ele>1134.5</ele>
        <time>2026-07-02T01:05:38.929000Z</time>
        <extensions>
          <gpxtpx:TrackPointExtension>
            <gpxtpx:hr>140</gpxtpx:hr>
          </gpxtpx:TrackPointExtension>
        </extensions>
      </trkpt>
      <trkpt lat="37.84971644648697" lon="112.01262691703779">
        <ele>1134.3</ele>
        <time>2026-07-02T01:05:40.929000Z</time>
        <extensions>
          <gpxtpx:TrackPointExtension>
            <gpxtpx:hr>140</gpxtpx:hr>
          </gpxtpx:TrackPointExtension>
        </extensions>
      </trkpt>
      <trkpt lat="37.84971125510946" lon="112.01269269180742">
        <ele>1134.3</ele>
        <time>2026-07-02T01:05:42.929000Z</time>
        <extensions>
          <gpxtpx:TrackPointExtension>
            <gpxtpx:hr>140</gpxtpx:hr>
          </gpxtpx:TrackPointExtension>
        </extensions>
      </trkpt>
      <trkpt lat="37.84970706685058" lon="112.01275746996485">
        <ele>1134.3</ele>
        <time>2026-07-02T01:05:44.929000Z</time>
        <extensions>
          <gpxtpx:TrackPointExtension>
            <gpxtpx:hr>140</gpxtpx:hr>
          </gpxtpx:TrackPointExtension>
        </extensions>
      </trkpt>
      <trkpt lat="37.84970387593818" lon="112.01282324466973">
        <ele>1134.3</ele>
        <time>2026-07-02T01:05:46.929000Z</time>
        <extensions>
          <gpxtpx:TrackPointExtension>
            <gpxtpx:hr>139</gpxtpx:hr>
          </gpxtpx:TrackPointExtension>
        </extensions>
      </trkpt>
      <trkpt lat="37.8497046886359" lon="112.01288802240144">
        <ele>1134.3</ele>
        <time>2026-07-02T01:05:48.929000Z</time>
        <extensions>
          <gpxtpx:TrackPointExtension>
            <gpxtpx:hr>139</gpxtpx:hr>
          </gpxtpx:TrackPointExtension>
        </extensions>
      </trkpt>
      <trkpt lat="37.84970549851825" lon="112.01295379680339">
        <ele>1134.0</ele>
        <time>2026-07-02T01:05:50.929000Z</time>
        <extensions>
          <gpxtpx:TrackPointExtension>
            <gpxtpx:hr>139</gpxtpx:hr>
          </gpxtpx:TrackPointExtension>
        </extensions>
      </trkpt>
      <trkpt lat="37.84970630558857" lon="112.01302056787988">
        <ele>1134.0</ele>
        <time>2026-07-02T01:05:52.929000Z</time>
        <extensions>
          <gpxtpx:TrackPointExtension>
            <gpxtpx:hr>139</gpxtpx:hr>
          </gpxtpx:TrackPointExtension>
        </extensions>
      </trkpt>
      <trkpt lat="37.84970410935719" lon="112.01308833599421">
        <ele>1134.0</ele>
        <time>2026-07-02T01:05:54.929000Z</time>
        <extensions>
          <gpxtpx:TrackPointExtension>
            <gpxtpx:hr>139</gpxtpx:hr>
          </gpxtpx:TrackPointExtension>
        </extensions>
      </trkpt>
      <trkpt lat="37.849698912706906" lon="112.01315610456241">
        <ele>1134.0</ele>
        <time>2026-07-02T01:05:56.929000Z</time>
        <extensions>
          <gpxtpx:TrackPointExtension>
            <gpxtpx:hr>139</gpxtpx:hr>
          </gpxtpx:TrackPointExtension>
        </extensions>
      </trkpt>
      <trkpt lat="37.84969371613111" lon="112.0132238732259">
        <ele>1134.0</ele>
        <time>2026-07-02T01:05:58.929000Z</time>
        <extensions>
          <gpxtpx:TrackPointExtension>
            <gpxtpx:hr>139</gpxtpx:hr>
          </gpxtpx:TrackPointExtension>
        </extensions>
      </trkpt>
      <trkpt lat="37.84968852250714" lon="112.01329064539367">
        <ele>1133.6</ele>
        <time>2026-07-02T01:06:00.929000Z</time>
        <extensions>
          <gpxtpx:TrackPointExtension>
            <gpxtpx:hr>139</gpxtpx:hr>
          </gpxtpx:TrackPointExtension>
        </extensions>
      </trkpt>
      <trkpt lat="37.849682331667594" lon="112.01335642118153">
        <ele>1133.6</ele>
        <time>2026-07-02T01:06:02.929000Z</time>
        <extensions>
          <gpxtpx:TrackPointExtension>
            <gpxtpx:hr>140</gpxtpx:hr>
          </gpxtpx:TrackPointExtension>
        </extensions>
      </trkpt>
      <trkpt lat="37.849678138352694" lon="112.01342319341474">
        <ele>1133.6</ele>
        <time>2026-07-02T01:06:04.929000Z</time>
        <extensions>
          <gpxtpx:TrackPointExtension>
            <gpxtpx:hr>140</gpxtpx:hr>
          </gpxtpx:TrackPointExtension>
        </extensions>
      </trkpt>
      <trkpt lat="37.84967294207285" lon="112.01349096245673">
        <ele>1133.6</ele>
        <time>2026-07-02T01:06:06.929000Z</time>
        <extensions>
          <gpxtpx:TrackPointExtension>
            <gpxtpx:hr>140</gpxtpx:hr>
          </gpxtpx:TrackPointExtension>
        </extensions>
      </trkpt>
      <trkpt lat="37.849667745868686" lon="112.01355873159551">
        <ele>1133.6</ele>
        <time>2026-07-02T01:06:08.929000Z</time>
        <extensions>
          <gpxtpx:TrackPointExtension>
            <gpxtpx:hr>141</gpxtpx:hr>
          </gpxtpx:TrackPointExtension>
        </extensions>
      </trkpt>
      <trkpt lat="37.849662549740465" lon="112.0136265008314">
        <ele>1133.8</ele>
        <time>2026-07-02T01:06:10.929000Z</time>
        <extensions>
          <gpxtpx:TrackPointExtension>
            <gpxtpx:hr>141</gpxtpx:hr>
          </gpxtpx:TrackPointExtension>
        </extensions>
      </trkpt>
      <trkpt lat="37.84965635639456" lon="112.01369327368462">
        <ele>1133.8</ele>
        <time>2026-07-02T01:06:12.929000Z</time>
        <extensions>
          <gpxtpx:TrackPointExtension>
            <gpxtpx:hr>141</gpxtpx:hr>
          </gpxtpx:TrackPointExtension>
        </extensions>
      </trkpt>
      <trkpt lat="37.849650165992244" lon="112.01375905003157">
        <ele>1133.8</ele>
        <time>2026-07-02T01:06:14.929000Z</time>
        <extensions>
          <gpxtpx:TrackPointExtension>
            <gpxtpx:hr>141</gpxtpx:hr>
          </gpxtpx:TrackPointExtension>
        </extensions>
      </trkpt>
      <trkpt lat="37.849644972958195" lon="112.01382582295372">
        <ele>1133.8</ele>
        <time>2026-07-02T01:06:16.929000Z</time>
        <extensions>
          <gpxtpx:TrackPointExtension>
            <gpxtpx:hr>141</gpxtpx:hr>
          </gpxtpx:TrackPointExtension>
        </extensions>
      </trkpt>
      <trkpt lat="37.84963977999881" lon="112.01389259597131">
        <ele>1133.8</ele>
        <time>2026-07-02T01:06:18.929000Z</time>
        <extensions>
          <gpxtpx:TrackPointExtension>
            <gpxtpx:hr>143</gpxtpx:hr>
          </gpxtpx:TrackPointExtension>
        </extensions>
      </trkpt>
      <trkpt lat="37.84963358694997" lon="112.0139593692043">
        <ele>1133.7</ele>
        <time>2026-07-02T01:06:20.929000Z</time>
        <extensions>
          <gpxtpx:TrackPointExtension>
            <gpxtpx:hr>143</gpxtpx:hr>
          </gpxtpx:TrackPointExtension>
        </extensions>
      </trkpt>
      <trkpt lat="37.84962739397626" lon="112.01402614253334">
        <ele>1133.7</ele>
        <time>2026-07-02T01:06:22.929000Z</time>
        <extensions>
          <gpxtpx:TrackPointExtension>
            <gpxtpx:hr>144</gpxtpx:hr>
          </gpxtpx:TrackPointExtension>
        </extensions>
      </trkpt>
      <trkpt lat="37.84962119821413" lon="112.01409391256699">
        <ele>1133.7</ele>
        <time>2026-07-02T01:06:24.929000Z</time>
        <extensions>
          <gpxtpx:TrackPointExtension>
            <gpxtpx:hr>144</gpxtpx:hr>
          </gpxtpx:TrackPointExtension>
        </extensions>
      </trkpt>
      <trkpt lat="37.84961500539251" lon="112.01416068609042">
        <ele>1133.7</ele>
        <time>2026-07-02T01:06:26.929000Z</time>
        <extensions>
          <gpxtpx:TrackPointExtension>
            <gpxtpx:hr>144</gpxtpx:hr>
          </gpxtpx:TrackPointExtension>
        </extensions>
      </trkpt>
      <trkpt lat="37.849610810113845" lon="112.0142284560826">
        <ele>1133.7</ele>
        <time>2026-07-02T01:06:28.929000Z</time>
        <extensions>
          <gpxtpx:TrackPointExtension>
            <gpxtpx:hr>143</gpxtpx:hr>
          </gpxtpx:TrackPointExtension>
        </extensions>
      </trkpt>
      <trkpt lat="37.849606617773894" lon="112.01429522956221">
        <ele>1133.2</ele>
        <time>2026-07-02T01:06:30.929000Z</time>
        <extensions>
          <gpxtpx:TrackPointExtension>
            <gpxtpx:hr>143</gpxtpx:hr>
          </gpxtpx:TrackPointExtension>
        </extensions>
      </trkpt>
      <trkpt lat="37.8496014253459" lon="112.01436200325901">
        <ele>1133.2</ele>
        <time>2026-07-02T01:06:32.929000Z</time>
        <extensions>
          <gpxtpx:TrackPointExtension>
            <gpxtpx:hr>144</gpxtpx:hr>
          </gpxtpx:TrackPointExtension>
        </extensions>
      </trkpt>
      <trkpt lat="37.849596232994436" lon="112.01442877705358">
        <ele>1133.2</ele>
        <time>2026-07-02T01:06:34.929000Z</time>
        <extensions>
          <gpxtpx:TrackPointExtension>
            <gpxtpx:hr>144</gpxtpx:hr>
          </gpxtpx:TrackPointExtension>
        </extensions>
      </trkpt>
      <trkpt lat="37.84959004055542" lon="112.01449555106595">
        <ele>1133.2</ele>
        <time>2026-07-02T01:06:36.929000Z</time>
        <extensions>
          <gpxtpx:TrackPointExtension>
            <gpxtpx:hr>144</gpxtpx:hr>
          </gpxtpx:TrackPointExtension>
        </extensions>
      </trkpt>
      <trkpt lat="37.84958384819339" lon="112.01456232517668">
        <ele>1133.2</ele>
        <time>2026-07-02T01:06:38.929000Z</time>
        <extensions>
          <gpxtpx:TrackPointExtension>
            <gpxtpx:hr>144</gpxtpx:hr>
          </gpxtpx:TrackPointExtension>
        </extensions>
      </trkpt>
      <trkpt lat="37.84957765019937" lon="112.01463109262615">
        <ele>1132.8</ele>
        <time>2026-07-02T01:06:40.929000Z</time>
        <extensions>
          <gpxtpx:TrackPointExtension>
            <gpxtpx:hr>144</gpxtpx:hr>
          </gpxtpx:TrackPointExtension>
        </extensions>
      </trkpt>
      <trkpt lat="37.849570454976615" lon="112.0146988636787">
        <ele>1132.8</ele>
        <time>2026-07-02T01:06:42.929000Z</time>
        <extensions>
          <gpxtpx:TrackPointExtension>
            <gpxtpx:hr>146</gpxtpx:hr>
          </gpxtpx:TrackPointExtension>
        </extensions>
      </trkpt>
      <trkpt lat="37.84956226252187" lon="112.01476563833019">
        <ele>1132.8</ele>
        <time>2026-07-02T01:06:44.929000Z</time>
        <extensions>
          <gpxtpx:TrackPointExtension>
            <gpxtpx:hr>146</gpxtpx:hr>
          </gpxtpx:TrackPointExtension>
        </extensions>
      </trkpt>
      <trkpt lat="37.849555070309364" lon="112.01483241296154">
        <ele>1132.8</ele>
        <time>2026-07-02T01:06:46.929000Z</time>
        <extensions>
          <gpxtpx:TrackPointExtension>
            <gpxtpx:hr>146</gpxtpx:hr>
          </gpxtpx:TrackPointExtension>
        </extensions>
      </trkpt>
      <trkpt lat="37.84954788102497" lon="112.01489819106672">
        <ele>1132.8</ele>
        <time>2026-07-02T01:06:48.929000Z</time>
        <extensions>
          <gpxtpx:TrackPointExtension>
            <gpxtpx:hr>146</gpxtpx:hr>
          </gpxtpx:TrackPointExtension>
        </extensions>
      </trkpt>
      <trkpt lat="37.849540697514264" lon="112.01496197601416">
        <ele>1132.3</ele>
        <time>2026-07-02T01:06:50.929000Z</time>
        <extensions>
          <gpxtpx:TrackPointExtension>
            <gpxtpx:hr>146</gpxtpx:hr>
          </gpxtpx:TrackPointExtension>
        </extensions>
      </trkpt>
      <trkpt lat="37.84953451139188" lon="112.0150267575624">
        <ele>1132.3</ele>
        <time>2026-07-02T01:06:52.929000Z</time>
        <extensions>
          <gpxtpx:TrackPointExtension>
            <gpxtpx:hr>145</gpxtpx:hr>
          </gpxtpx:TrackPointExtension>
        </extensions>
      </trkpt>
      <trkpt lat="37.84952832819026" lon="112.01509054257505">
        <ele>1132.3</ele>
        <time>2026-07-02T01:06:54.929000Z</time>
        <extensions>
          <gpxtpx:TrackPointExtension>
            <gpxtpx:hr>145</gpxtpx:hr>
          </gpxtpx:TrackPointExtension>
        </extensions>
      </trkpt>
      <trkpt lat="37.8495201390414" lon="112.01515632118286">
        <ele>1132.3</ele>
        <time>2026-07-02T01:06:56.929000Z</time>
        <extensions>
          <gpxtpx:TrackPointExtension>
            <gpxtpx:hr>145</gpxtpx:hr>
          </gpxtpx:TrackPointExtension>
        </extensions>
      </trkpt>
      <trkpt lat="37.84951095549374" lon="112.01522010674212">
        <ele>1132.3</ele>
        <time>2026-07-02T01:06:58.929000Z</time>
        <extensions>
          <gpxtpx:TrackPointExtension>
            <gpxtpx:hr>144</gpxtpx:hr>
          </gpxtpx:TrackPointExtension>
        </extensions>
      </trkpt>
      <trkpt lat="37.84950176917553" lon="112.01528488902876">
        <ele>1131.9</ele>
        <time>2026-07-02T01:07:00.929000Z</time>
        <extensions>
          <gpxtpx:TrackPointExtension>
            <gpxtpx:hr>144</gpxtpx:hr>
          </gpxtpx:TrackPointExtension>
        </extensions>
      </trkpt>
      <trkpt lat="37.84949258577435" lon="112.01534867477504">
        <ele>1131.9</ele>
        <time>2026-07-02T01:07:02.929000Z</time>
        <extensions>
          <gpxtpx:TrackPointExtension>
            <gpxtpx:hr>144</gpxtpx:hr>
          </gpxtpx:TrackPointExtension>
        </extensions>
      </trkpt>
      <trkpt lat="37.84948440261041" lon="112.01541246049474">
        <ele>1131.9</ele>
        <time>2026-07-02T01:07:04.929000Z</time>
        <extensions>
          <gpxtpx:TrackPointExtension>
            <gpxtpx:hr>144</gpxtpx:hr>
          </gpxtpx:TrackPointExtension>
        </extensions>
      </trkpt>
      <trkpt lat="37.849476216679946" lon="112.01547724294697">
        <ele>1131.9</ele>
        <time>2026-07-02T01:07:06.929000Z</time>
        <extensions>
          <gpxtpx:TrackPointExtension>
            <gpxtpx:hr>144</gpxtpx:hr>
          </gpxtpx:TrackPointExtension>
        </extensions>
      </trkpt>
      <trkpt lat="37.84946803082517" lon="112.01554202549582">
        <ele>1131.9</ele>
        <time>2026-07-02T01:07:08.929000Z</time>
        <extensions>
          <gpxtpx:TrackPointExtension>
            <gpxtpx:hr>143</gpxtpx:hr>
          </gpxtpx:TrackPointExtension>
        </extensions>
      </trkpt>
      <trkpt lat="37.84945884488206" lon="112.01560680826128">
        <ele>1131.8</ele>
        <time>2026-07-02T01:07:10.929000Z</time>
        <extensions>
          <gpxtpx:TrackPointExtension>
            <gpxtpx:hr>143</gpxtpx:hr>
          </gpxtpx:TrackPointExtension>
        </extensions>
      </trkpt>
      <trkpt lat="37.84944865885084" lon="112.01567159124367">
        <ele>1131.8</ele>
        <time>2026-07-02T01:07:12.929000Z</time>
        <extensions>
          <gpxtpx:TrackPointExtension>
            <gpxtpx:hr>143</gpxtpx:hr>
          </gpxtpx:TrackPointExtension>
        </extensions>
      </trkpt>
      <trkpt lat="37.84943947306017" lon="112.01573637420371">
        <ele>1131.8</ele>
        <time>2026-07-02T01:07:14.929000Z</time>
        <extensions>
          <gpxtpx:TrackPointExtension>
            <gpxtpx:hr>143</gpxtpx:hr>
          </gpxtpx:TrackPointExtension>
        </extensions>
      </trkpt>
      <trkpt lat="37.84943228484066" lon="112.01580215366852">
        <ele>1131.8</ele>
        <time>2026-07-02T01:07:16.929000Z</time>
        <extensions>
          <gpxtpx:TrackPointExtension>
            <gpxtpx:hr>143</gpxtpx:hr>
          </gpxtpx:TrackPointExtension>
        </extensions>
      </trkpt>
      <trkpt lat="37.84942609686447" lon="112.01586793311455">
        <ele>1131.8</ele>
        <time>2026-07-02T01:07:18.929000Z</time>
        <extensions>
          <gpxtpx:TrackPointExtension>
            <gpxtpx:hr>144</gpxtpx:hr>
          </gpxtpx:TrackPointExtension>
        </extensions>
      </trkpt>
      <trkpt lat="37.84941990613621" lon="112.0159347093115">
        <ele>1131.6</ele>
        <time>2026-07-02T01:07:20.929000Z</time>
        <extensions>
          <gpxtpx:TrackPointExtension>
            <gpxtpx:hr>144</gpxtpx:hr>
          </gpxtpx:TrackPointExtension>
        </extensions>
      </trkpt>
      <trkpt lat="37.849413715489916" lon="112.01600148561306">
        <ele>1131.6</ele>
        <time>2026-07-02T01:07:22.929000Z</time>
        <extensions>
          <gpxtpx:TrackPointExtension>
            <gpxtpx:hr>145</gpxtpx:hr>
          </gpxtpx:TrackPointExtension>
        </extensions>
      </trkpt>
      <trkpt lat="37.849406524761626" lon="112.0160682621393">
        <ele>1131.6</ele>
        <time>2026-07-02T01:07:24.929000Z</time>
        <extensions>
          <gpxtpx:TrackPointExtension>
            <gpxtpx:hr>145</gpxtpx:hr>
          </gpxtpx:TrackPointExtension>
        </extensions>
      </trkpt>
      <trkpt lat="37.849399334115766" lon="112.01613503877076">
        <ele>1131.6</ele>
        <time>2026-07-02T01:07:26.929000Z</time>
        <extensions>
          <gpxtpx:TrackPointExtension>
            <gpxtpx:hr>145</gpxtpx:hr>
          </gpxtpx:TrackPointExtension>
        </extensions>
      </trkpt>
      <trkpt lat="37.84939314371676" lon="112.0162018153879">
        <ele>1131.6</ele>
        <time>2026-07-02T01:07:28.929000Z</time>
        <extensions>
          <gpxtpx:TrackPointExtension>
            <gpxtpx:hr>145</gpxtpx:hr>
          </gpxtpx:TrackPointExtension>
        </extensions>
      </trkpt>
      <trkpt lat="37.84938695622586" lon="112.01626759545327">
        <ele>1131.2</ele>
        <time>2026-07-02T01:07:30.929000Z</time>
        <extensions>
          <gpxtpx:TrackPointExtension>
            <gpxtpx:hr>145</gpxtpx:hr>
          </gpxtpx:TrackPointExtension>
        </extensions>
      </trkpt>
      <trkpt lat="37.84938077163963" lon="112.01633237896243">
        <ele>1131.2</ele>
        <time>2026-07-02T01:07:32.929000Z</time>
        <extensions>
          <gpxtpx:TrackPointExtension>
            <gpxtpx:hr>143</gpxtpx:hr>
          </gpxtpx:TrackPointExtension>
        </extensions>
      </trkpt>
      <trkpt lat="37.84937358132204" lon="112.01639915601277">
        <ele>1131.2</ele>
        <time>2026-07-02T01:07:34.929000Z</time>
        <extensions>
          <gpxtpx:TrackPointExtension>
            <gpxtpx:hr>143</gpxtpx:hr>
          </gpxtpx:TrackPointExtension>
        </extensions>
      </trkpt>
      <trkpt lat="37.8493673912522" lon="112.01646593304994">
        <ele>1131.2</ele>
        <time>2026-07-02T01:07:36.929000Z</time>
        <extensions>
          <gpxtpx:TrackPointExtension>
            <gpxtpx:hr>143</gpxtpx:hr>
          </gpxtpx:TrackPointExtension>
        </extensions>
      </trkpt>
      <trkpt lat="37.84936220143032" lon="112.01653271007422">
        <ele>1131.2</ele>
        <time>2026-07-02T01:07:38.929000Z</time>
        <extensions>
          <gpxtpx:TrackPointExtension>
            <gpxtpx:hr>143</gpxtpx:hr>
          </gpxtpx:TrackPointExtension>
        </extensions>
      </trkpt>
      <trkpt lat="37.849358011856616" lon="112.01659948708587">
        <ele>1131.1</ele>
        <time>2026-07-02T01:07:40.929000Z</time>
        <extensions>
          <gpxtpx:TrackPointExtension>
            <gpxtpx:hr>143</gpxtpx:hr>
          </gpxtpx:TrackPointExtension>
        </extensions>
      </trkpt>
      <trkpt lat="37.84935281938521" lon="112.01666726099188">
        <ele>1131.1</ele>
        <time>2026-07-02T01:07:42.929000Z</time>
        <extensions>
          <gpxtpx:TrackPointExtension>
            <gpxtpx:hr>143</gpxtpx:hr>
          </gpxtpx:TrackPointExtension>
        </extensions>
      </trkpt>
      <trkpt lat="37.8493456266725" lon="112.01673503524847">
        <ele>1131.1</ele>
        <time>2026-07-02T01:07:44.929000Z</time>
        <extensions>
          <gpxtpx:TrackPointExtension>
            <gpxtpx:hr>143</gpxtpx:hr>
          </gpxtpx:TrackPointExtension>
        </extensions>
      </trkpt>
      <trkpt lat="37.849337436698086" lon="112.01680181306584">
        <ele>1131.1</ele>
        <time>2026-07-02T01:07:46.929000Z</time>
        <extensions>
          <gpxtpx:TrackPointExtension>
            <gpxtpx:hr>143</gpxtpx:hr>
          </gpxtpx:TrackPointExtension>
        </extensions>
      </trkpt>
      <trkpt lat="37.84932924962257" lon="112.01686759431962">
        <ele>1131.1</ele>
        <time>2026-07-02T01:07:48.929000Z</time>
        <extensions>
          <gpxtpx:TrackPointExtension>
            <gpxtpx:hr>143</gpxtpx:hr>
          </gpxtpx:TrackPointExtension>
        </extensions>
      </trkpt>
      <trkpt lat="37.849321059817015" lon="112.01693437235235">
        <ele>1130.9</ele>
        <time>2026-07-02T01:07:50.929000Z</time>
        <extensions>
          <gpxtpx:TrackPointExtension>
            <gpxtpx:hr>143</gpxtpx:hr>
          </gpxtpx:TrackPointExtension>
        </extensions>
      </trkpt>
      <trkpt lat="37.84931286728547" lon="112.01700214716921">
        <ele>1130.9</ele>
        <time>2026-07-02T01:07:52.929000Z</time>
        <extensions>
          <gpxtpx:TrackPointExtension>
            <gpxtpx:hr>143</gpxtpx:hr>
          </gpxtpx:TrackPointExtension>
        </extensions>
      </trkpt>
      <trkpt lat="37.84930467765223" lon="112.0170689254217">
        <ele>1130.9</ele>
        <time>2026-07-02T01:07:54.929000Z</time>
        <extensions>
          <gpxtpx:TrackPointExtension>
            <gpxtpx:hr>143</gpxtpx:hr>
          </gpxtpx:TrackPointExtension>
        </extensions>
      </trkpt>
      <trkpt lat="37.84929548794072" lon="112.0171357039035">
        <ele>1130.9</ele>
        <time>2026-07-02T01:07:56.929000Z</time>
        <extensions>
          <gpxtpx:TrackPointExtension>
            <gpxtpx:hr>144</gpxtpx:hr>
          </gpxtpx:TrackPointExtension>
        </extensions>
      </trkpt>
      <trkpt lat="37.84928630393044" lon="112.0172004891349">
        <ele>1130.9</ele>
        <time>2026-07-02T01:07:58.929000Z</time>
        <extensions>
          <gpxtpx:TrackPointExtension>
            <gpxtpx:hr>144</gpxtpx:hr>
          </gpxtpx:TrackPointExtension>
        </extensions>
      </trkpt>
      <trkpt lat="37.84927711719508" lon="112.01726627115157">
        <ele>1130.6</ele>
        <time>2026-07-02T01:08:00.929000Z</time>
        <extensions>
          <gpxtpx:TrackPointExtension>
            <gpxtpx:hr>144</gpxtpx:hr>
          </gpxtpx:TrackPointExtension>
        </extensions>
      </trkpt>
      <trkpt lat="37.849268930707815" lon="112.01733205315549">
        <ele>1130.6</ele>
        <time>2026-07-02T01:08:02.929000Z</time>
        <extensions>
          <gpxtpx:TrackPointExtension>
            <gpxtpx:hr>144</gpxtpx:hr>
          </gpxtpx:TrackPointExtension>
        </extensions>
      </trkpt>
      <trkpt lat="37.849260741500984" lon="112.0173988319517">
        <ele>1130.6</ele>
        <time>2026-07-02T01:08:04.929000Z</time>
        <extensions>
          <gpxtpx:TrackPointExtension>
            <gpxtpx:hr>144</gpxtpx:hr>
          </gpxtpx:TrackPointExtension>
        </extensions>
      </trkpt>
      <trkpt lat="37.84925354974282" lon="112.01746660742562">
        <ele>1130.6</ele>
        <time>2026-07-02T01:08:06.929000Z</time>
        <extensions>
          <gpxtpx:TrackPointExtension>
            <gpxtpx:hr>145</gpxtpx:hr>
          </gpxtpx:TrackPointExtension>
        </extensions>
      </trkpt>
      <trkpt lat="37.849245360711485" lon="112.01753338644556">
        <ele>1130.6</ele>
        <time>2026-07-02T01:08:08.929000Z</time>
        <extensions>
          <gpxtpx:TrackPointExtension>
            <gpxtpx:hr>145</gpxtpx:hr>
          </gpxtpx:TrackPointExtension>
        </extensions>
      </trkpt>
      <trkpt lat="37.84923917209577" lon="112.0176001653373">
        <ele>1130.3</ele>
        <time>2026-07-02T01:08:10.929000Z</time>
        <extensions>
          <gpxtpx:TrackPointExtension>
            <gpxtpx:hr>145</gpxtpx:hr>
          </gpxtpx:TrackPointExtension>
        </extensions>
      </trkpt>
      <trkpt lat="37.84923298356771" lon="112.01766694434079">
        <ele>1130.3</ele>
        <time>2026-07-02T01:08:12.929000Z</time>
        <extensions>
          <gpxtpx:TrackPointExtension>
            <gpxtpx:hr>145</gpxtpx:hr>
          </gpxtpx:TrackPointExtension>
        </extensions>
      </trkpt>
      <trkpt lat="37.849223811418746" lon="112.01772774365638">
        <ele>1130.3</ele>
        <time>2026-07-02T01:08:14.929000Z</time>
        <extensions>
          <gpxtpx:TrackPointExtension>
            <gpxtpx:hr>145</gpxtpx:hr>
          </gpxtpx:TrackPointExtension>
        </extensions>
      </trkpt>
      <trkpt lat="37.84920866352414" lon="112.01777957353288">
        <ele>1130.3</ele>
        <time>2026-07-02T01:08:16.929000Z</time>
        <extensions>
          <gpxtpx:TrackPointExtension>
            <gpxtpx:hr>144</gpxtpx:hr>
          </gpxtpx:TrackPointExtension>
        </extensions>
      </trkpt>
      <trkpt lat="37.84919052637182" lon="112.01782741705384">
        <ele>1130.3</ele>
        <time>2026-07-02T01:08:18.929000Z</time>
        <extensions>
          <gpxtpx:TrackPointExtension>
            <gpxtpx:hr>144</gpxtpx:hr>
          </gpxtpx:TrackPointExtension>
        </extensions>
      </trkpt>
      <trkpt lat="37.849174384004435" lon="112.01787725378682">
        <ele>1129.7</ele>
        <time>2026-07-02T01:08:20.929000Z</time>
        <extensions>
          <gpxtpx:TrackPointExtension>
            <gpxtpx:hr>144</gpxtpx:hr>
          </gpxtpx:TrackPointExtension>
        </extensions>
      </trkpt>
      <trkpt lat="37.84916721523026" lon="112.01793705648724">
        <ele>1129.7</ele>
        <time>2026-07-02T01:08:22.929000Z</time>
        <extensions>
          <gpxtpx:TrackPointExtension>
            <gpxtpx:hr>140</gpxtpx:hr>
          </gpxtpx:TrackPointExtension>
        </extensions>
      </trkpt>
      <trkpt lat="37.84916303585168" lon="112.01800084571887">
        <ele>1129.7</ele>
        <time>2026-07-02T01:08:24.929000Z</time>
        <extensions>
          <gpxtpx:TrackPointExtension>
            <gpxtpx:hr>140</gpxtpx:hr>
          </gpxtpx:TrackPointExtension>
        </extensions>
      </trkpt>
      <trkpt lat="37.84916085130116" lon="112.01806662821771">
        <ele>1129.7</ele>
        <time>2026-07-02T01:08:26.929000Z</time>
        <extensions>
          <gpxtpx:TrackPointExtension>
            <gpxtpx:hr>140</gpxtpx:hr>
          </gpxtpx:TrackPointExtension>
        </extensions>
      </trkpt>
      <trkpt lat="37.849156669298395" lon="112.01813141436321">
        <ele>1129.7</ele>
        <time>2026-07-02T01:08:28.929000Z</time>
        <extensions>
          <gpxtpx:TrackPointExtension>
            <gpxtpx:hr>140</gpxtpx:hr>
          </gpxtpx:TrackPointExtension>
        </extensions>
      </trkpt>
      <trkpt lat="37.84915349590795" lon="112.01819321038116">
        <ele>1129.7</ele>
        <time>2026-07-02T01:08:30.929000Z</time>
        <extensions>
          <gpxtpx:TrackPointExtension>
            <gpxtpx:hr>140</gpxtpx:hr>
          </gpxtpx:TrackPointExtension>
        </extensions>
      </trkpt>
      <trkpt lat="37.84915132554513" lon="112.01825400967053">
        <ele>1129.7</ele>
        <time>2026-07-02T01:08:32.929000Z</time>
        <extensions>
          <gpxtpx:TrackPointExtension>
            <gpxtpx:hr>139</gpxtpx:hr>
          </gpxtpx:TrackPointExtension>
        </extensions>
      </trkpt>
      <trkpt lat="37.849161207369754" lon="112.01829686687527">
        <ele>1129.7</ele>
        <time>2026-07-02T01:08:34.929000Z</time>
        <extensions>
          <gpxtpx:TrackPointExtension>
            <gpxtpx:hr>139</gpxtpx:hr>
          </gpxtpx:TrackPointExtension>
        </extensions>
      </trkpt>
      <trkpt lat="37.849182194099335" lon="112.01830284460402">
        <ele>1129.7</ele>
        <time>2026-07-02T01:08:36.929000Z</time>
        <extensions>
          <gpxtpx:TrackPointExtension>
            <gpxtpx:hr>139</gpxtpx:hr>
          </gpxtpx:TrackPointExtension>
        </extensions>
      </trkpt>
      <trkpt lat="37.84920929047359" lon="112.01826995002536">
        <ele>1129.7</ele>
        <time>2026-07-02T01:08:38.929000Z</time>
        <extensions>
          <gpxtpx:TrackPointExtension>
            <gpxtpx:hr>139</gpxtpx:hr>
          </gpxtpx:TrackPointExtension>
        </extensions>
      </trkpt>
      <trkpt lat="37.84922545753867" lon="112.01821114244387">
        <ele>1129.9</ele>
        <time>2026-07-02T01:08:40.929000Z</time>
        <extensions>
          <gpxtpx:TrackPointExtension>
            <gpxtpx:hr>139</gpxtpx:hr>
          </gpxtpx:TrackPointExtension>
        </extensions>
      </trkpt>
      <trkpt lat="37.84922864206292" lon="112.01814535958263">
        <ele>1129.9</ele>
        <time>2026-07-02T01:08:42.929000Z</time>
        <extensions>
          <gpxtpx:TrackPointExtension>
            <gpxtpx:hr>139</gpxtpx:hr>
          </gpxtpx:TrackPointExtension>
        </extensions>
      </trkpt>
      <trkpt lat="37.84922483668687" lon="112.01807559086306">
        <ele>1129.9</ele>
        <time>2026-07-02T01:08:44.929000Z</time>
        <extensions>
          <gpxtpx:TrackPointExtension>
            <gpxtpx:hr>139</gpxtpx:hr>
          </gpxtpx:TrackPointExtension>
        </extensions>
      </trkpt>
      <trkpt lat="37.84922002845235" lon="112.01800681908767">
        <ele>1129.9</ele>
        <time>2026-07-02T01:08:46.929000Z</time>
        <extensions>
          <gpxtpx:TrackPointExtension>
            <gpxtpx:hr>139</gpxtpx:hr>
          </gpxtpx:TrackPointExtension>
        </extensions>
      </trkpt>
      <trkpt lat="37.84921721505414" lon="112.01794004058983">
        <ele>1129.9</ele>
        <time>2026-07-02T01:08:48.929000Z</time>
        <extensions>
          <gpxtpx:TrackPointExtension>
            <gpxtpx:hr>139</gpxtpx:hr>
          </gpxtpx:TrackPointExtension>
        </extensions>
      </trkpt>
      <trkpt lat="37.84921739385373" lon="112.01787625193617">
        <ele>1129.3</ele>
        <time>2026-07-02T01:08:50.929000Z</time>
        <extensions>
          <gpxtpx:TrackPointExtension>
            <gpxtpx:hr>139</gpxtpx:hr>
          </gpxtpx:TrackPointExtension>
        </extensions>
      </trkpt>
      <trkpt lat="37.8492175699385" lon="112.01781346008082">
        <ele>1129.3</ele>
        <time>2026-07-02T01:08:52.929000Z</time>
        <extensions>
          <gpxtpx:TrackPointExtension>
            <gpxtpx:hr>140</gpxtpx:hr>
          </gpxtpx:TrackPointExtension>
        </extensions>
      </trkpt>
      <trkpt lat="37.8492207493905" lon="112.01774967127176">
        <ele>1129.3</ele>
        <time>2026-07-02T01:08:54.929000Z</time>
        <extensions>
          <gpxtpx:TrackPointExtension>
            <gpxtpx:hr>140</gpxtpx:hr>
          </gpxtpx:TrackPointExtension>
        </extensions>
      </trkpt>
      <trkpt lat="37.849224931885146" lon="112.01768488575327">
        <ele>1129.3</ele>
        <time>2026-07-02T01:08:56.929000Z</time>
        <extensions>
          <gpxtpx:TrackPointExtension>
            <gpxtpx:hr>140</gpxtpx:hr>
          </gpxtpx:TrackPointExtension>
        </extensions>
      </trkpt>
      <trkpt lat="37.849233117918324" lon="112.01761910317043">
        <ele>1129.3</ele>
        <time>2026-07-02T01:08:58.929000Z</time>
        <extensions>
          <gpxtpx:TrackPointExtension>
            <gpxtpx:hr>140</gpxtpx:hr>
          </gpxtpx:TrackPointExtension>
        </extensions>
      </trkpt>
      <trkpt lat="37.84924130123592" lon="112.01755431738495">
        <ele>1129.8</ele>
        <time>2026-07-02T01:09:00.929000Z</time>
        <extensions>
          <gpxtpx:TrackPointExtension>
            <gpxtpx:hr>140</gpxtpx:hr>
          </gpxtpx:TrackPointExtension>
        </extensions>
      </trkpt>
      <trkpt lat="37.84925048199801" lon="112.01749052827188">
        <ele>1129.8</ele>
        <time>2026-07-02T01:09:02.929000Z</time>
        <extensions>
          <gpxtpx:TrackPointExtension>
            <gpxtpx:hr>141</gpxtpx:hr>
          </gpxtpx:TrackPointExtension>
        </extensions>
      </trkpt>
      <trkpt lat="37.849257656905216" lon="112.0174287328714">
        <ele>1129.8</ele>
        <time>2026-07-02T01:09:04.929000Z</time>
        <extensions>
          <gpxtpx:TrackPointExtension>
            <gpxtpx:hr>141</gpxtpx:hr>
          </gpxtpx:TrackPointExtension>
        </extensions>
      </trkpt>
      <trkpt lat="37.84926582644242" lon="112.01736893081456">
        <ele>1129.8</ele>
        <time>2026-07-02T01:09:06.929000Z</time>
        <extensions>
          <gpxtpx:TrackPointExtension>
            <gpxtpx:hr>141</gpxtpx:hr>
          </gpxtpx:TrackPointExtension>
        </extensions>
      </trkpt>
      <trkpt lat="37.8492749990189" lon="112.017308132044">
        <ele>1129.8</ele>
        <time>2026-07-02T01:09:08.929000Z</time>
        <extensions>
          <gpxtpx:TrackPointExtension>
            <gpxtpx:hr>141</gpxtpx:hr>
          </gpxtpx:TrackPointExtension>
        </extensions>
      </trkpt>
      <trkpt lat="37.84928417447394" lon="112.01724633668384">
        <ele>1130.1</ele>
        <time>2026-07-02T01:09:10.929000Z</time>
        <extensions>
          <gpxtpx:TrackPointExtension>
            <gpxtpx:hr>141</gpxtpx:hr>
          </gpxtpx:TrackPointExtension>
        </extensions>
      </trkpt>
      <trkpt lat="37.84929335000303" lon="112.0171845414181">
        <ele>1130.1</ele>
        <time>2026-07-02T01:09:12.929000Z</time>
        <extensions>
          <gpxtpx:TrackPointExtension>
            <gpxtpx:hr>143</gpxtpx:hr>
          </gpxtpx:TrackPointExtension>
        </extensions>
      </trkpt>
      <trkpt lat="37.84930252279694" lon="112.01712374292475">
        <ele>1130.1</ele>
        <time>2026-07-02T01:09:14.929000Z</time>
        <extensions>
          <gpxtpx:TrackPointExtension>
            <gpxtpx:hr>143</gpxtpx:hr>
          </gpxtpx:TrackPointExtension>
        </extensions>
      </trkpt>
      <trkpt lat="37.849310701118526" lon="112.01706095128881">
        <ele>1130.1</ele>
        <time>2026-07-02T01:09:16.929000Z</time>
        <extensions>
          <gpxtpx:TrackPointExtension>
            <gpxtpx:hr>144</gpxtpx:hr>
          </gpxtpx:TrackPointExtension>
        </extensions>
      </trkpt>
      <trkpt lat="37.84931987686872" lon="112.01699915630498">
        <ele>1130.1</ele>
        <time>2026-07-02T01:09:18.929000Z</time>
        <extensions>
          <gpxtpx:TrackPointExtension>
            <gpxtpx:hr>144</gpxtpx:hr>
          </gpxtpx:TrackPointExtension>
        </extensions>
      </trkpt>
      <trkpt lat="37.849328058153375" lon="112.01693536818725">
        <ele>1130.4</ele>
        <time>2026-07-02T01:09:20.929000Z</time>
        <extensions>
          <gpxtpx:TrackPointExtension>
            <gpxtpx:hr>144</gpxtpx:hr>
          </gpxtpx:TrackPointExtension>
        </extensions>
      </trkpt>
      <trkpt lat="37.84933523653795" lon="112.01687257696076">
        <ele>1130.4</ele>
        <time>2026-07-02T01:09:22.929000Z</time>
        <extensions>
          <gpxtpx:TrackPointExtension>
            <gpxtpx:hr>146</gpxtpx:hr>
          </gpxtpx:TrackPointExtension>
        </extensions>
      </trkpt>
      <trkpt lat="37.849341414833674" lon="112.01680978595016">
        <ele>1130.4</ele>
        <time>2026-07-02T01:09:24.929000Z</time>
        <extensions>
          <gpxtpx:TrackPointExtension>
            <gpxtpx:hr>146</gpxtpx:hr>
          </gpxtpx:TrackPointExtension>
        </extensions>
      </trkpt>
      <trkpt lat="37.84934759602078" lon="112.01674599836636">
        <ele>1130.4</ele>
        <time>2026-07-02T01:09:26.929000Z</time>
        <extensions>
          <gpxtpx:TrackPointExtension>
            <gpxtpx:hr>146</gpxtpx:hr>
          </gpxtpx:TrackPointExtension>
        </extensions>
      </trkpt>
      <trkpt lat="37.849353777285216" lon="112.0166822108812">
        <ele>1130.4</ele>
        <time>2026-07-02T01:09:28.929000Z</time>
        <extensions>
          <gpxtpx:TrackPointExtension>
            <gpxtpx:hr>146</gpxtpx:hr>
          </gpxtpx:TrackPointExtension>
        </extensions>
      </trkpt>
      <trkpt lat="37.849359958626785" lon="112.01661842349444">
        <ele>1130.8</ele>
        <time>2026-07-02T01:09:30.929000Z</time>
        <extensions>
          <gpxtpx:TrackPointExtension>
            <gpxtpx:hr>146</gpxtpx:hr>
          </gpxtpx:TrackPointExtension>
        </extensions>
      </trkpt>
      <trkpt lat="37.849367131749915" lon="112.01655762607929">
        <ele>1130.8</ele>
        <time>2026-07-02T01:09:32.929000Z</time>
        <extensions>
          <gpxtpx:TrackPointExtension>
            <gpxtpx:hr>147</gpxtpx:hr>
          </gpxtpx:TrackPointExtension>
        </extensions>
      </trkpt>
      <trkpt lat="37.84937430776374" lon="112.0164958320901">
        <ele>1130.8</ele>
        <time>2026-07-02T01:09:34.929000Z</time>
        <extensions>
          <gpxtpx:TrackPointExtension>
            <gpxtpx:hr>147</gpxtpx:hr>
          </gpxtpx:TrackPointExtension>
        </extensions>
      </trkpt>
      <trkpt lat="37.84938148384941" lon="112.01643403819257">
        <ele>1130.8</ele>
        <time>2026-07-02T01:09:36.929000Z</time>
        <extensions>
          <gpxtpx:TrackPointExtension>
            <gpxtpx:hr>147</gpxtpx:hr>
          </gpxtpx:TrackPointExtension>
        </extensions>
      </trkpt>
      <trkpt lat="37.84938866847669" lon="112.01636925440648">
        <ele>1130.8</ele>
        <time>2026-07-02T01:09:38.929000Z</time>
        <extensions>
          <gpxtpx:TrackPointExtension>
            <gpxtpx:hr>147</gpxtpx:hr>
          </gpxtpx:TrackPointExtension>
        </extensions>
      </trkpt>
      <trkpt lat="37.84939485019382" lon="112.01630546749885">
        <ele>1130.8</ele>
        <time>2026-07-02T01:09:40.929000Z</time>
        <extensions>
          <gpxtpx:TrackPointExtension>
            <gpxtpx:hr>147</gpxtpx:hr>
          </gpxtpx:TrackPointExtension>
        </extensions>
      </trkpt>
      <trkpt lat="37.84940203215107" lon="112.01624168056834">
        <ele>1130.8</ele>
        <time>2026-07-02T01:09:42.929000Z</time>
        <extensions>
          <gpxtpx:TrackPointExtension>
            <gpxtpx:hr>146</gpxtpx:hr>
          </gpxtpx:TrackPointExtension>
        </extensions>
      </trkpt>
      <trkpt lat="37.849408214019896" lon="112.01617789385428">
        <ele>1130.8</ele>
        <time>2026-07-02T01:09:44.929000Z</time>
        <extensions>
          <gpxtpx:TrackPointExtension>
            <gpxtpx:hr>146</gpxtpx:hr>
          </gpxtpx:TrackPointExtension>
        </extensions>
      </trkpt>
      <trkpt lat="37.84941639912077" lon="112.01611311034318">
        <ele>1130.8</ele>
        <time>2026-07-02T01:09:46.929000Z</time>
        <extensions>
          <gpxtpx:TrackPointExtension>
            <gpxtpx:hr>146</gpxtpx:hr>
          </gpxtpx:TrackPointExtension>
        </extensions>
      </trkpt>
      <trkpt lat="37.849423584135174" lon="112.01604832705107">
        <ele>1130.8</ele>
        <time>2026-07-02T01:09:48.929000Z</time>
        <extensions>
          <gpxtpx:TrackPointExtension>
            <gpxtpx:hr>147</gpxtpx:hr>
          </gpxtpx:TrackPointExtension>
        </extensions>
      </trkpt>
      <trkpt lat="37.8494317722218" lon="112.01598254708725">
        <ele>1131.3</ele>
        <time>2026-07-02T01:09:50.929000Z</time>
        <extensions>
          <gpxtpx:TrackPointExtension>
            <gpxtpx:hr>147</gpxtpx:hr>
          </gpxtpx:TrackPointExtension>
        </extensions>
      </trkpt>
      <trkpt lat="37.84943796289143" lon="112.01591577081543">
        <ele>1131.3</ele>
        <time>2026-07-02T01:09:52.929000Z</time>
        <extensions>
          <gpxtpx:TrackPointExtension>
            <gpxtpx:hr>147</gpxtpx:hr>
          </gpxtpx:TrackPointExtension>
        </extensions>
      </trkpt>
      <trkpt lat="37.84944415081002" lon="112.01584999129585">
        <ele>1131.3</ele>
        <time>2026-07-02T01:09:54.929000Z</time>
        <extensions>
          <gpxtpx:TrackPointExtension>
            <gpxtpx:hr>147</gpxtpx:hr>
          </gpxtpx:TrackPointExtension>
        </extensions>
      </trkpt>
      <trkpt lat="37.84945133897209" lon="112.0157842117577">
        <ele>1131.3</ele>
        <time>2026-07-02T01:09:56.929000Z</time>
        <extensions>
          <gpxtpx:TrackPointExtension>
            <gpxtpx:hr>147</gpxtpx:hr>
          </gpxtpx:TrackPointExtension>
        </extensions>
      </trkpt>
      <trkpt lat="37.849458527213216" lon="112.01571843232043">
        <ele>1131.3</ele>
        <time>2026-07-02T01:09:58.929000Z</time>
        <extensions>
          <gpxtpx:TrackPointExtension>
            <gpxtpx:hr>147</gpxtpx:hr>
          </gpxtpx:TrackPointExtension>
        </extensions>
      </trkpt>
      <trkpt lat="37.84946771302513" lon="112.01565364938743">
        <ele>1131.5</ele>
        <time>2026-07-02T01:10:00.929000Z</time>
        <extensions>
          <gpxtpx:TrackPointExtension>
            <gpxtpx:hr>147</gpxtpx:hr>
          </gpxtpx:TrackPointExtension>
        </extensions>
      </trkpt>
      <trkpt lat="37.84947689891331" lon="112.0155888665518">
        <ele>1131.5</ele>
        <time>2026-07-02T01:10:02.929000Z</time>
        <extensions>
          <gpxtpx:TrackPointExtension>
            <gpxtpx:hr>147</gpxtpx:hr>
          </gpxtpx:TrackPointExtension>
        </extensions>
      </trkpt>
      <trkpt lat="37.84948508755215" lon="112.01552308729278">
        <ele>1131.5</ele>
        <time>2026-07-02T01:10:04.929000Z</time>
        <extensions>
          <gpxtpx:TrackPointExtension>
            <gpxtpx:hr>147</gpxtpx:hr>
          </gpxtpx:TrackPointExtension>
        </extensions>
      </trkpt>
      <trkpt lat="37.84949227894494" lon="112.01545631161467">
        <ele>1131.5</ele>
        <time>2026-07-02T01:10:06.929000Z</time>
        <extensions>
          <gpxtpx:TrackPointExtension>
            <gpxtpx:hr>147</gpxtpx:hr>
          </gpxtpx:TrackPointExtension>
        </extensions>
      </trkpt>
      <trkpt lat="37.84949947041808" lon="112.01538953603912">
        <ele>1131.5</ele>
        <time>2026-07-02T01:10:08.929000Z</time>
        <extensions>
          <gpxtpx:TrackPointExtension>
            <gpxtpx:hr>146</gpxtpx:hr>
          </gpxtpx:TrackPointExtension>
        </extensions>
      </trkpt>
      <trkpt lat="37.8495056646495" lon="112.01532176405001">
        <ele>1131.8</ele>
        <time>2026-07-02T01:10:10.929000Z</time>
        <extensions>
          <gpxtpx:TrackPointExtension>
            <gpxtpx:hr>146</gpxtpx:hr>
          </gpxtpx:TrackPointExtension>
        </extensions>
      </trkpt>
      <trkpt lat="37.84951285628378" lon="112.01525498868023">
        <ele>1131.8</ele>
        <time>2026-07-02T01:10:12.929000Z</time>
        <extensions>
          <gpxtpx:TrackPointExtension>
            <gpxtpx:hr>145</gpxtpx:hr>
          </gpxtpx:TrackPointExtension>
        </extensions>
      </trkpt>
      <trkpt lat="37.849521048161975" lon="112.0151882132924">
        <ele>1131.8</ele>
        <time>2026-07-02T01:10:14.929000Z</time>
        <extensions>
          <gpxtpx:TrackPointExtension>
            <gpxtpx:hr>145</gpxtpx:hr>
          </gpxtpx:TrackPointExtension>
        </extensions>
      </trkpt>
      <trkpt lat="37.84952923727357" lon="112.01512243463701">
        <ele>1131.8</ele>
        <time>2026-07-02T01:10:16.929000Z</time>
        <extensions>
          <gpxtpx:TrackPointExtension>
            <gpxtpx:hr>145</gpxtpx:hr>
          </gpxtpx:TrackPointExtension>
        </extensions>
      </trkpt>
      <trkpt lat="37.849535428980616" lon="112.01505565968962">
        <ele>1131.8</ele>
        <time>2026-07-02T01:10:18.929000Z</time>
        <extensions>
          <gpxtpx:TrackPointExtension>
            <gpxtpx:hr>145</gpxtpx:hr>
          </gpxtpx:TrackPointExtension>
        </extensions>
      </trkpt>
      <trkpt lat="37.849540620602326" lon="112.01498888496279">
        <ele>1131.9</ele>
        <time>2026-07-02T01:10:20.929000Z</time>
        <extensions>
          <gpxtpx:TrackPointExtension>
            <gpxtpx:hr>145</gpxtpx:hr>
          </gpxtpx:TrackPointExtension>
        </extensions>
      </trkpt>
      <trkpt lat="37.849545812302736" lon="112.01492211033646">
        <ele>1131.9</ele>
        <time>2026-07-02T01:10:22.929000Z</time>
        <extensions>
          <gpxtpx:TrackPointExtension>
            <gpxtpx:hr>146</gpxtpx:hr>
          </gpxtpx:TrackPointExtension>
        </extensions>
      </trkpt>
      <trkpt lat="37.8495520070966" lon="112.01485433906562">
        <ele>1131.9</ele>
        <time>2026-07-02T01:10:24.929000Z</time>
        <extensions>
          <gpxtpx:TrackPointExtension>
            <gpxtpx:hr>146</gpxtpx:hr>
          </gpxtpx:TrackPointExtension>
        </extensions>
      </trkpt>
      <trkpt lat="37.84955820482296" lon="112.01478557127425">
        <ele>1131.9</ele>
        <time>2026-07-02T01:10:26.929000Z</time>
        <extensions>
          <gpxtpx:TrackPointExtension>
            <gpxtpx:hr>146</gpxtpx:hr>
          </gpxtpx:TrackPointExtension>
        </extensions>
      </trkpt>
      <trkpt lat="37.84956339961465" lon="112.0147178003302">
        <ele>1131.9</ele>
        <time>2026-07-02T01:10:28.929000Z</time>
        <extensions>
          <gpxtpx:TrackPointExtension>
            <gpxtpx:hr>146</gpxtpx:hr>
          </gpxtpx:TrackPointExtension>
        </extensions>
      </trkpt>
      <trkpt lat="37.84957059481504" lon="112.01465002924908">
        <ele>1132.1</ele>
        <time>2026-07-02T01:10:30.929000Z</time>
        <extensions>
          <gpxtpx:TrackPointExtension>
            <gpxtpx:hr>146</gpxtpx:hr>
          </gpxtpx:TrackPointExtension>
        </extensions>
      </trkpt>
      <trkpt lat="37.84957678422015" lon="112.01458425162768">
        <ele>1132.1</ele>
        <time>2026-07-02T01:10:32.929000Z</time>
        <extensions>
          <gpxtpx:TrackPointExtension>
            <gpxtpx:hr>147</gpxtpx:hr>
          </gpxtpx:TrackPointExtension>
        </extensions>
      </trkpt>
      <trkpt lat="37.84958297370028" lon="112.01451847410212">
        <ele>1132.1</ele>
        <time>2026-07-02T01:10:34.929000Z</time>
        <extensions>
          <gpxtpx:TrackPointExtension>
            <gpxtpx:hr>147</gpxtpx:hr>
          </gpxtpx:TrackPointExtension>
        </extensions>
      </trkpt>
      <trkpt lat="37.84958916039753" lon="112.01445369328826">
        <ele>1132.1</ele>
        <time>2026-07-02T01:10:36.929000Z</time>
        <extensions>
          <gpxtpx:TrackPointExtension>
            <gpxtpx:hr>147</gpxtpx:hr>
          </gpxtpx:TrackPointExtension>
        </extensions>
      </trkpt>
      <trkpt lat="37.84959634161392" lon="112.0143909056766">
        <ele>1132.1</ele>
        <time>2026-07-02T01:10:38.929000Z</time>
        <extensions>
          <gpxtpx:TrackPointExtension>
            <gpxtpx:hr>147</gpxtpx:hr>
          </gpxtpx:TrackPointExtension>
        </extensions>
      </trkpt>
      <trkpt lat="37.84960151970965" lon="112.01432911500434">
        <ele>1132.9</ele>
        <time>2026-07-02T01:10:40.929000Z</time>
        <extensions>
          <gpxtpx:TrackPointExtension>
            <gpxtpx:hr>147</gpxtpx:hr>
          </gpxtpx:TrackPointExtension>
        </extensions>
      </trkpt>
      <trkpt lat="37.849605694845664" lon="112.01426832114747">
        <ele>1132.9</ele>
        <time>2026-07-02T01:10:42.929000Z</time>
        <extensions>
          <gpxtpx:TrackPointExtension>
            <gpxtpx:hr>147</gpxtpx:hr>
          </gpxtpx:TrackPointExtension>
        </extensions>
      </trkpt>
      <trkpt lat="37.849610870209155" lon="112.01420752725161">
        <ele>1132.9</ele>
        <time>2026-07-02T01:10:44.929000Z</time>
        <extensions>
          <gpxtpx:TrackPointExtension>
            <gpxtpx:hr>147</gpxtpx:hr>
          </gpxtpx:TrackPointExtension>
        </extensions>
      </trkpt>
      <trkpt lat="37.84961704579996" lon="112.01414673331658">
        <ele>1132.9</ele>
        <time>2026-07-02T01:10:46.929000Z</time>
        <extensions>
          <gpxtpx:TrackPointExtension>
            <gpxtpx:hr>147</gpxtpx:hr>
          </gpxtpx:TrackPointExtension>
        </extensions>
      </trkpt>
      <trkpt lat="37.84962222128926" lon="112.0140859395815">
        <ele>1132.9</ele>
        <time>2026-07-02T01:10:48.929000Z</time>
        <extensions>
          <gpxtpx:TrackPointExtension>
            <gpxtpx:hr>147</gpxtpx:hr>
          </gpxtpx:TrackPointExtension>
        </extensions>
      </trkpt>
      <trkpt lat="37.84962739397626" lon="112.01402614253334">
        <ele>1133.3</ele>
        <time>2026-07-02T01:10:50.929000Z</time>
        <extensions>
          <gpxtpx:TrackPointExtension>
            <gpxtpx:hr>147</gpxtpx:hr>
          </gpxtpx:TrackPointExtension>
        </extensions>
      </trkpt>
      <trkpt lat="37.84963256385778" lon="112.013967342168">
        <ele>1133.3</ele>
        <time>2026-07-02T01:10:52.929000Z</time>
        <extensions>
          <gpxtpx:TrackPointExtension>
            <gpxtpx:hr>146</gpxtpx:hr>
          </gpxtpx:TrackPointExtension>
        </extensions>
      </trkpt>
      <trkpt lat="37.84963773666448" lon="112.01390754527283">
        <ele>1133.3</ele>
        <time>2026-07-02T01:10:54.929000Z</time>
        <extensions>
          <gpxtpx:TrackPointExtension>
            <gpxtpx:hr>146</gpxtpx:hr>
          </gpxtpx:TrackPointExtension>
        </extensions>
      </trkpt>
      <trkpt lat="37.84964291239921" lon="112.01384675185147">
        <ele>1133.3</ele>
        <time>2026-07-02T01:10:56.929000Z</time>
        <extensions>
          <gpxtpx:TrackPointExtension>
            <gpxtpx:hr>146</gpxtpx:hr>
          </gpxtpx:TrackPointExtension>
        </extensions>
      </trkpt>
      <trkpt lat="37.849647088031546" lon="112.013785958629">
        <ele>1133.3</ele>
        <time>2026-07-02T01:10:58.929000Z</time>
        <extensions>
          <gpxtpx:TrackPointExtension>
            <gpxtpx:hr>146</gpxtpx:hr>
          </gpxtpx:TrackPointExtension>
        </extensions>
      </trkpt>
      <trkpt lat="37.849650263561294" lon="112.01372516560512">
        <ele>1133.6</ele>
        <time>2026-07-02T01:11:00.929000Z</time>
        <extensions>
          <gpxtpx:TrackPointExtension>
            <gpxtpx:hr>146</gpxtpx:hr>
          </gpxtpx:TrackPointExtension>
        </extensions>
      </trkpt>
      <trkpt lat="37.849654436446016" lon="112.01366536913947">
        <ele>1133.6</ele>
        <time>2026-07-02T01:11:02.929000Z</time>
        <extensions>
          <gpxtpx:TrackPointExtension>
            <gpxtpx:hr>145</gpxtpx:hr>
          </gpxtpx:TrackPointExtension>
        </extensions>
      </trkpt>
      <trkpt lat="37.849660615462774" lon="112.01360357931476">
        <ele>1133.6</ele>
        <time>2026-07-02T01:11:04.929000Z</time>
        <extensions>
          <gpxtpx:TrackPointExtension>
            <gpxtpx:hr>145</gpxtpx:hr>
          </gpxtpx:TrackPointExtension>
        </extensions>
      </trkpt>
      <trkpt lat="37.84966579437845" lon="112.0135417896906">
        <ele>1133.6</ele>
        <time>2026-07-02T01:11:06.929000Z</time>
        <extensions>
          <gpxtpx:TrackPointExtension>
            <gpxtpx:hr>145</gpxtpx:hr>
          </gpxtpx:TrackPointExtension>
        </extensions>
      </trkpt>
      <trkpt lat="37.84967097910526" lon="112.01347800695666">
        <ele>1133.6</ele>
        <time>2026-07-02T01:11:08.929000Z</time>
        <extensions>
          <gpxtpx:TrackPointExtension>
            <gpxtpx:hr>145</gpxtpx:hr>
          </gpxtpx:TrackPointExtension>
        </extensions>
      </trkpt>
      <trkpt lat="37.849676163899076" lon="112.01341422430842">
        <ele>1133.7</ele>
        <time>2026-07-02T01:11:10.929000Z</time>
        <extensions>
          <gpxtpx:TrackPointExtension>
            <gpxtpx:hr>145</gpxtpx:hr>
          </gpxtpx:TrackPointExtension>
        </extensions>
      </trkpt>
      <trkpt lat="37.84968135163583" lon="112.0133494451531">
        <ele>1133.7</ele>
        <time>2026-07-02T01:11:12.929000Z</time>
        <extensions>
          <gpxtpx:TrackPointExtension>
            <gpxtpx:hr>144</gpxtpx:hr>
          </gpxtpx:TrackPointExtension>
        </extensions>
      </trkpt>
      <trkpt lat="37.84968454198976" lon="112.01328366973377">
        <ele>1133.7</ele>
        <time>2026-07-02T01:11:14.929000Z</time>
        <extensions>
          <gpxtpx:TrackPointExtension>
            <gpxtpx:hr>144</gpxtpx:hr>
          </gpxtpx:TrackPointExtension>
        </extensions>
      </trkpt>
      <trkpt lat="37.84968873257865" lon="112.01321789428508">
        <ele>1133.7</ele>
        <time>2026-07-02T01:11:16.929000Z</time>
        <extensions>
          <gpxtpx:TrackPointExtension>
            <gpxtpx:hr>144</gpxtpx:hr>
          </gpxtpx:TrackPointExtension>
        </extensions>
      </trkpt>
      <trkpt lat="37.84969292323791" lon="112.01315211892643">
        <ele>1133.7</ele>
        <time>2026-07-02T01:11:18.929000Z</time>
        <extensions>
          <gpxtpx:TrackPointExtension>
            <gpxtpx:hr>146</gpxtpx:hr>
          </gpxtpx:TrackPointExtension>
        </extensions>
      </trkpt>
      <trkpt lat="37.849698114131705" lon="112.01308634353786">
        <ele>1133.8</ele>
        <time>2026-07-02T01:11:20.929000Z</time>
        <extensions>
          <gpxtpx:TrackPointExtension>
            <gpxtpx:hr>146</gpxtpx:hr>
          </gpxtpx:TrackPointExtension>
        </extensions>
      </trkpt>
      <trkpt lat="37.849704305259806" lon="112.01302056811913">
        <ele>1133.8</ele>
        <time>2026-07-02T01:11:22.929000Z</time>
        <extensions>
          <gpxtpx:TrackPointExtension>
            <gpxtpx:hr>148</gpxtpx:hr>
          </gpxtpx:TrackPointExtension>
        </extensions>
      </trkpt>
      <trkpt lat="37.84971149950454" lon="112.01295379608563">
        <ele>1133.8</ele>
        <time>2026-07-02T01:11:24.929000Z</time>
        <extensions>
          <gpxtpx:TrackPointExtension>
            <gpxtpx:hr>148</gpxtpx:hr>
          </gpxtpx:TrackPointExtension>
        </extensions>
      </trkpt>
      <trkpt lat="37.84971869093728" lon="112.0128880207267">
        <ele>1133.8</ele>
        <time>2026-07-02T01:11:26.929000Z</time>
        <extensions>
          <gpxtpx:TrackPointExtension>
            <gpxtpx:hr>148</gpxtpx:hr>
          </gpxtpx:TrackPointExtension>
        </extensions>
      </trkpt>
      <trkpt lat="37.84972488227491" lon="112.01282224557605">
        <ele>1133.8</ele>
        <time>2026-07-02T01:11:28.929000Z</time>
        <extensions>
          <gpxtpx:TrackPointExtension>
            <gpxtpx:hr>148</gpxtpx:hr>
          </gpxtpx:TrackPointExtension>
        </extensions>
      </trkpt>
      <trkpt lat="37.84973206807465" lon="112.01275846355476">
        <ele>1133.9</ele>
        <time>2026-07-02T01:11:30.929000Z</time>
        <extensions>
          <gpxtpx:TrackPointExtension>
            <gpxtpx:hr>148</gpxtpx:hr>
          </gpxtpx:TrackPointExtension>
        </extensions>
      </trkpt>
      <trkpt lat="37.84973824800143" lon="112.01269667489406">
        <ele>1133.9</ele>
        <time>2026-07-02T01:11:32.929000Z</time>
        <extensions>
          <gpxtpx:TrackPointExtension>
            <gpxtpx:hr>149</gpxtpx:hr>
          </gpxtpx:TrackPointExtension>
        </extensions>
      </trkpt>
      <trkpt lat="37.84974542526557" lon="112.0126358827691">
        <ele>1133.9</ele>
        <time>2026-07-02T01:11:34.929000Z</time>
        <extensions>
          <gpxtpx:TrackPointExtension>
            <gpxtpx:hr>149</gpxtpx:hr>
          </gpxtpx:TrackPointExtension>
        </extensions>
      </trkpt>
      <trkpt lat="37.849750602259334" lon="112.01257509095814">
        <ele>1133.9</ele>
        <time>2026-07-02T01:11:36.929000Z</time>
        <extensions>
          <gpxtpx:TrackPointExtension>
            <gpxtpx:hr>149</gpxtpx:hr>
          </gpxtpx:TrackPointExtension>
        </extensions>
      </trkpt>
      <trkpt lat="37.84975478492596" lon="112.0125123061905">
        <ele>1133.9</ele>
        <time>2026-07-02T01:11:38.929000Z</time>
        <extensions>
          <gpxtpx:TrackPointExtension>
            <gpxtpx:hr>148</gpxtpx:hr>
          </gpxtpx:TrackPointExtension>
        </extensions>
      </trkpt>
      <trkpt lat="37.84975897054502" lon="112.01244852492803">
        <ele>1134.2</ele>
        <time>2026-07-02T01:11:40.929000Z</time>
        <extensions>
          <gpxtpx:TrackPointExtension>
            <gpxtpx:hr>148</gpxtpx:hr>
          </gpxtpx:TrackPointExtension>
        </extensions>
      </trkpt>
      <trkpt lat="37.849762158954896" lon="112.01238374729387">
        <ele>1134.2</ele>
        <time>2026-07-02T01:11:42.929000Z</time>
        <extensions>
          <gpxtpx:TrackPointExtension>
            <gpxtpx:hr>148</gpxtpx:hr>
          </gpxtpx:TrackPointExtension>
        </extensions>
      </trkpt>
      <trkpt lat="37.8497673477591" lon="112.01231896950435">
        <ele>1134.2</ele>
        <time>2026-07-02T01:11:44.929000Z</time>
        <extensions>
          <gpxtpx:TrackPointExtension>
            <gpxtpx:hr>148</gpxtpx:hr>
          </gpxtpx:TrackPointExtension>
        </extensions>
      </trkpt>
      <trkpt lat="37.849772536628585" lon="112.01225419179839">
        <ele>1134.2</ele>
        <time>2026-07-02T01:11:46.929000Z</time>
        <extensions>
          <gpxtpx:TrackPointExtension>
            <gpxtpx:hr>147</gpxtpx:hr>
          </gpxtpx:TrackPointExtension>
        </extensions>
      </trkpt>
      <trkpt lat="37.84977872572757" lon="112.01218941405618">
        <ele>1134.2</ele>
        <time>2026-07-02T01:11:48.929000Z</time>
        <extensions>
          <gpxtpx:TrackPointExtension>
            <gpxtpx:hr>147</gpxtpx:hr>
          </gpxtpx:TrackPointExtension>
        </extensions>
      </trkpt>
      <trkpt lat="37.849783914726984" lon="112.01212463651657">
        <ele>1134.4</ele>
        <time>2026-07-02T01:11:50.929000Z</time>
        <extensions>
          <gpxtpx:TrackPointExtension>
            <gpxtpx:hr>147</gpxtpx:hr>
          </gpxtpx:TrackPointExtension>
        </extensions>
      </trkpt>
      <trkpt lat="37.84978810652314" lon="112.01205886261293">
        <ele>1134.4</ele>
        <time>2026-07-02T01:11:52.929000Z</time>
        <extensions>
          <gpxtpx:TrackPointExtension>
            <gpxtpx:hr>147</gpxtpx:hr>
          </gpxtpx:TrackPointExtension>
        </extensions>
      </trkpt>
      <trkpt lat="37.84979329855015" lon="112.01199308867474">
        <ele>1134.4</ele>
        <time>2026-07-02T01:11:54.929000Z</time>
        <extensions>
          <gpxtpx:TrackPointExtension>
            <gpxtpx:hr>147</gpxtpx:hr>
          </gpxtpx:TrackPointExtension>
        </extensions>
      </trkpt>
      <trkpt lat="37.84979949370634" lon="112.01192631813791">
        <ele>1134.4</ele>
        <time>2026-07-02T01:11:56.929000Z</time>
        <extensions>
          <gpxtpx:TrackPointExtension>
            <gpxtpx:hr>147</gpxtpx:hr>
          </gpxtpx:TrackPointExtension>
        </extensions>
      </trkpt>
      <trkpt lat="37.849806689094954" lon="112.01185954756856">
        <ele>1134.4</ele>
        <time>2026-07-02T01:11:58.929000Z</time>
        <extensions>
          <gpxtpx:TrackPointExtension>
            <gpxtpx:hr>147</gpxtpx:hr>
          </gpxtpx:TrackPointExtension>
        </extensions>
      </trkpt>
      <trkpt lat="37.84981288728748" lon="112.01179178064436">
        <ele>1135.0</ele>
        <time>2026-07-02T01:12:00.929000Z</time>
        <extensions>
          <gpxtpx:TrackPointExtension>
            <gpxtpx:hr>147</gpxtpx:hr>
          </gpxtpx:TrackPointExtension>
        </extensions>
      </trkpt>
      <trkpt lat="37.84981808538508" lon="112.01172401392878">
        <ele>1135.0</ele>
        <time>2026-07-02T01:12:02.929000Z</time>
        <extensions>
          <gpxtpx:TrackPointExtension>
            <gpxtpx:hr>148</gpxtpx:hr>
          </gpxtpx:TrackPointExtension>
        </extensions>
      </trkpt>
      <trkpt lat="37.849822277582284" lon="112.01165824053875">
        <ele>1135.0</ele>
        <time>2026-07-02T01:12:04.929000Z</time>
        <extensions>
          <gpxtpx:TrackPointExtension>
            <gpxtpx:hr>148</gpxtpx:hr>
          </gpxtpx:TrackPointExtension>
        </extensions>
      </trkpt>
      <trkpt lat="37.84982747000896" lon="112.0115924671125">
        <ele>1135.0</ele>
        <time>2026-07-02T01:12:06.929000Z</time>
        <extensions>
          <gpxtpx:TrackPointExtension>
            <gpxtpx:hr>148</gpxtpx:hr>
          </gpxtpx:TrackPointExtension>
        </extensions>
      </trkpt>
      <trkpt lat="37.84983165652691" lon="112.0115286870011">
        <ele>1135.0</ele>
        <time>2026-07-02T01:12:08.929000Z</time>
        <extensions>
          <gpxtpx:TrackPointExtension>
            <gpxtpx:hr>148</gpxtpx:hr>
          </gpxtpx:TrackPointExtension>
        </extensions>
      </trkpt>
      <trkpt lat="37.84983584310558" lon="112.01146490696753">
        <ele>1135.4</ele>
        <time>2026-07-02T01:12:10.929000Z</time>
        <extensions>
          <gpxtpx:TrackPointExtension>
            <gpxtpx:hr>148</gpxtpx:hr>
          </gpxtpx:TrackPointExtension>
        </extensions>
      </trkpt>
      <trkpt lat="37.84983903539321" lon="112.01139913402363">
        <ele>1135.4</ele>
        <time>2026-07-02T01:12:12.929000Z</time>
        <extensions>
          <gpxtpx:TrackPointExtension>
            <gpxtpx:hr>148</gpxtpx:hr>
          </gpxtpx:TrackPointExtension>
        </extensions>
      </trkpt>
      <trkpt lat="37.84984223065242" lon="112.01133236460949">
        <ele>1135.4</ele>
        <time>2026-07-02T01:12:14.929000Z</time>
        <extensions>
          <gpxtpx:TrackPointExtension>
            <gpxtpx:hr>148</gpxtpx:hr>
          </gpxtpx:TrackPointExtension>
        </extensions>
      </trkpt>
      <trkpt lat="37.84984543179438" lon="112.01126360217742">
        <ele>1135.4</ele>
        <time>2026-07-02T01:12:16.929000Z</time>
        <extensions>
          <gpxtpx:TrackPointExtension>
            <gpxtpx:hr>150</gpxtpx:hr>
          </gpxtpx:TrackPointExtension>
        </extensions>
      </trkpt>
      <trkpt lat="37.84984863300592" lon="112.01119483983454">
        <ele>1135.4</ele>
        <time>2026-07-02T01:12:18.929000Z</time>
        <extensions>
          <gpxtpx:TrackPointExtension>
            <gpxtpx:hr>150</gpxtpx:hr>
          </gpxtpx:TrackPointExtension>
        </extensions>
      </trkpt>
      <trkpt lat="37.84985283154081" lon="112.01112707400958">
        <ele>1135.9</ele>
        <time>2026-07-02T01:12:20.929000Z</time>
        <extensions>
          <gpxtpx:TrackPointExtension>
            <gpxtpx:hr>150</gpxtpx:hr>
          </gpxtpx:TrackPointExtension>
        </extensions>
      </trkpt>
      <trkpt lat="37.849857033054235" lon="112.01105831172327">
        <ele>1135.9</ele>
        <time>2026-07-02T01:12:22.929000Z</time>
        <extensions>
          <gpxtpx:TrackPointExtension>
            <gpxtpx:hr>149</gpxtpx:hr>
          </gpxtpx:TrackPointExtension>
        </extensions>
      </trkpt>
      <trkpt lat="37.84986223188852" lon="112.01099054595171">
        <ele>1135.9</ele>
        <time>2026-07-02T01:12:24.929000Z</time>
        <extensions>
          <gpxtpx:TrackPointExtension>
            <gpxtpx:hr>149</gpxtpx:hr>
          </gpxtpx:TrackPointExtension>
        </extensions>
      </trkpt>
      <trkpt lat="37.84986743078941" lon="112.01092278026555">
        <ele>1135.9</ele>
        <time>2026-07-02T01:12:26.929000Z</time>
        <extensions>
          <gpxtpx:TrackPointExtension>
            <gpxtpx:hr>149</gpxtpx:hr>
          </gpxtpx:TrackPointExtension>
        </extensions>
      </trkpt>
      <trkpt lat="37.849872623927915" lon="112.01085700775155">
        <ele>1135.9</ele>
        <time>2026-07-02T01:12:28.929000Z</time>
        <extensions>
          <gpxtpx:TrackPointExtension>
            <gpxtpx:hr>149</gpxtpx:hr>
          </gpxtpx:TrackPointExtension>
        </extensions>
      </trkpt>
      <trkpt lat="37.849877820044" lon="112.01079023877506">
        <ele>1136.4</ele>
        <time>2026-07-02T01:12:30.929000Z</time>
        <extensions>
          <gpxtpx:TrackPointExtension>
            <gpxtpx:hr>149</gpxtpx:hr>
          </gpxtpx:TrackPointExtension>
        </extensions>
      </trkpt>
      <trkpt lat="37.84988301622402" lon="112.01072346988057">
        <ele>1136.4</ele>
        <time>2026-07-02T01:12:32.929000Z</time>
        <extensions>
          <gpxtpx:TrackPointExtension>
            <gpxtpx:hr>149</gpxtpx:hr>
          </gpxtpx:TrackPointExtension>
        </extensions>
      </trkpt>
      <trkpt lat="37.84989021279673" lon="112.01065670082872">
        <ele>1136.4</ele>
        <time>2026-07-02T01:12:34.929000Z</time>
        <extensions>
          <gpxtpx:TrackPointExtension>
            <gpxtpx:hr>149</gpxtpx:hr>
          </gpxtpx:TrackPointExtension>
        </extensions>
      </trkpt>
      <trkpt lat="37.84989641218659" lon="112.0105889354391">
        <ele>1136.4</ele>
        <time>2026-07-02T01:12:36.929000Z</time>
        <extensions>
          <gpxtpx:TrackPointExtension>
            <gpxtpx:hr>150</gpxtpx:hr>
          </gpxtpx:TrackPointExtension>
        </extensions>
      </trkpt>
      <trkpt lat="37.84990060839346" lon="112.01052216690952">
        <ele>1136.4</ele>
        <time>2026-07-02T01:12:38.929000Z</time>
        <extensions>
          <gpxtpx:TrackPointExtension>
            <gpxtpx:hr>150</gpxtpx:hr>
          </gpxtpx:TrackPointExtension>
        </extensions>
      </trkpt>
      <trkpt lat="37.84990279849425" lon="112.01045739177232">
        <ele>1137.3</ele>
        <time>2026-07-02T01:12:40.929000Z</time>
        <extensions>
          <gpxtpx:TrackPointExtension>
            <gpxtpx:hr>150</gpxtpx:hr>
          </gpxtpx:TrackPointExtension>
        </extensions>
      </trkpt>
      <trkpt lat="37.849904982812255" lon="112.0103946097812">
        <ele>1137.3</ele>
        <time>2026-07-02T01:12:42.929000Z</time>
        <extensions>
          <gpxtpx:TrackPointExtension>
            <gpxtpx:hr>152</gpxtpx:hr>
          </gpxtpx:TrackPointExtension>
        </extensions>
      </trkpt>
      <trkpt lat="37.84990716426376" lon="112.01033282439506">
        <ele>1137.3</ele>
        <time>2026-07-02T01:12:44.929000Z</time>
        <extensions>
          <gpxtpx:TrackPointExtension>
            <gpxtpx:hr>152</gpxtpx:hr>
          </gpxtpx:TrackPointExtension>
        </extensions>
      </trkpt>
      <trkpt lat="37.84991034593313" lon="112.01027103895788">
        <ele>1137.3</ele>
        <time>2026-07-02T01:12:46.929000Z</time>
        <extensions>
          <gpxtpx:TrackPointExtension>
            <gpxtpx:hr>153</gpxtpx:hr>
          </gpxtpx:TrackPointExtension>
        </extensions>
      </trkpt>
      <trkpt lat="37.84991252749114" lon="112.0102092537084">
        <ele>1137.3</ele>
        <time>2026-07-02T01:12:48.929000Z</time>
        <extensions>
          <gpxtpx:TrackPointExtension>
            <gpxtpx:hr>153</gpxtpx:hr>
          </gpxtpx:TrackPointExtension>
        </extensions>
      </trkpt>
      <trkpt lat="37.84991471495081" lon="112.01014547546534">
        <ele>1137.8</ele>
        <time>2026-07-02T01:12:50.929000Z</time>
        <extensions>
          <gpxtpx:TrackPointExtension>
            <gpxtpx:hr>153</gpxtpx:hr>
          </gpxtpx:TrackPointExtension>
        </extensions>
      </trkpt>
      <trkpt lat="37.84991490213769" lon="112.01008169753342">
        <ele>1137.8</ele>
        <time>2026-07-02T01:12:52.929000Z</time>
        <extensions>
          <gpxtpx:TrackPointExtension>
            <gpxtpx:hr>153</gpxtpx:hr>
          </gpxtpx:TrackPointExtension>
        </extensions>
      </trkpt>
      <trkpt lat="37.84991409214221" lon="112.01001692326439">
        <ele>1137.8</ele>
        <time>2026-07-02T01:12:54.929000Z</time>
        <extensions>
          <gpxtpx:TrackPointExtension>
            <gpxtpx:hr>153</gpxtpx:hr>
          </gpxtpx:TrackPointExtension>
        </extensions>
      </trkpt>
      <trkpt lat="37.849914285295796" lon="112.00995115242239">
        <ele>1137.8</ele>
        <time>2026-07-02T01:12:56.929000Z</time>
        <extensions>
          <gpxtpx:TrackPointExtension>
            <gpxtpx:hr>152</gpxtpx:hr>
          </gpxtpx:TrackPointExtension>
        </extensions>
      </trkpt>
      <trkpt lat="37.84991447850851" lon="112.00988538165628">
        <ele>1137.8</ele>
        <time>2026-07-02T01:12:58.929000Z</time>
        <extensions>
          <gpxtpx:TrackPointExtension>
            <gpxtpx:hr>152</gpxtpx:hr>
          </gpxtpx:TrackPointExtension>
        </extensions>
      </trkpt>
      <trkpt lat="37.84991466885132" lon="112.00982060749081">
        <ele>1138.2</ele>
        <time>2026-07-02T01:13:00.929000Z</time>
        <extensions>
          <gpxtpx:TrackPointExtension>
            <gpxtpx:hr>152</gpxtpx:hr>
          </gpxtpx:TrackPointExtension>
        </extensions>
      </trkpt>
      <trkpt lat="37.84991286185169" lon="112.0097548371134">
        <ele>1138.2</ele>
        <time>2026-07-02T01:13:02.929000Z</time>
        <extensions>
          <gpxtpx:TrackPointExtension>
            <gpxtpx:hr>153</gpxtpx:hr>
          </gpxtpx:TrackPointExtension>
        </extensions>
      </trkpt>
      <trkpt lat="37.84990905751206" lon="112.00968807052718">
        <ele>1138.2</ele>
        <time>2026-07-02T01:13:04.929000Z</time>
        <extensions>
          <gpxtpx:TrackPointExtension>
            <gpxtpx:hr>153</gpxtpx:hr>
          </gpxtpx:TrackPointExtension>
        </extensions>
      </trkpt>
      <trkpt lat="37.84990525323243" lon="112.00962130401793">
        <ele>1138.2</ele>
        <time>2026-07-02T01:13:06.929000Z</time>
        <extensions>
          <gpxtpx:TrackPointExtension>
            <gpxtpx:hr>153</gpxtpx:hr>
          </gpxtpx:TrackPointExtension>
        </extensions>
      </trkpt>
      <trkpt lat="37.84990044884805" lon="112.00955453770483">
        <ele>1138.2</ele>
        <time>2026-07-02T01:13:08.929000Z</time>
        <extensions>
          <gpxtpx:TrackPointExtension>
            <gpxtpx:hr>153</gpxtpx:hr>
          </gpxtpx:TrackPointExtension>
        </extensions>
      </trkpt>
      <trkpt lat="37.84989364126097" lon="112.00948876822638">
        <ele>1138.6</ele>
        <time>2026-07-02T01:13:10.929000Z</time>
        <extensions>
          <gpxtpx:TrackPointExtension>
            <gpxtpx:hr>153</gpxtpx:hr>
          </gpxtpx:TrackPointExtension>
        </extensions>
      </trkpt>
      <trkpt lat="37.84988383030387" lon="112.00942399569838">
        <ele>1138.6</ele>
        <time>2026-07-02T01:13:12.929000Z</time>
        <extensions>
          <gpxtpx:TrackPointExtension>
            <gpxtpx:hr>151</gpxtpx:hr>
          </gpxtpx:TrackPointExtension>
        </extensions>
      </trkpt>
      <trkpt lat="37.84986901271015" lon="112.00936121687332">
        <ele>1138.6</ele>
        <time>2026-07-02T01:13:14.929000Z</time>
        <extensions>
          <gpxtpx:TrackPointExtension>
            <gpxtpx:hr>151</gpxtpx:hr>
          </gpxtpx:TrackPointExtension>
        </extensions>
      </trkpt>
      <trkpt lat="37.84984812372783" lon="112.00932235522389">
        <ele>1138.6</ele>
        <time>2026-07-02T01:13:16.929000Z</time>
        <extensions>
          <gpxtpx:TrackPointExtension>
            <gpxtpx:hr>152</gpxtpx:hr>
          </gpxtpx:TrackPointExtension>
        </extensions>
      </trkpt>
      <trkpt lat="37.849835112783644" lon="112.00932534632648">
        <ele>1138.6</ele>
        <time>2026-07-02T01:13:18.929000Z</time>
        <extensions>
          <gpxtpx:TrackPointExtension>
            <gpxtpx:hr>152</gpxtpx:hr>
          </gpxtpx:TrackPointExtension>
        </extensions>
      </trkpt>
      <trkpt lat="37.849834989509034" lon="112.0093672000383">
        <ele>1139.2</ele>
        <time>2026-07-02T01:13:20.929000Z</time>
        <extensions>
          <gpxtpx:TrackPointExtension>
            <gpxtpx:hr>152</gpxtpx:hr>
          </gpxtpx:TrackPointExtension>
        </extensions>
      </trkpt>
      <trkpt lat="37.849846815416086" lon="112.0094269896732">
        <ele>1139.2</ele>
        <time>2026-07-02T01:13:22.929000Z</time>
        <extensions>
          <gpxtpx:TrackPointExtension>
            <gpxtpx:hr>152</gpxtpx:hr>
          </gpxtpx:TrackPointExtension>
        </extensions>
      </trkpt>
      <trkpt lat="37.84985763533962" lon="112.00948877252699">
        <ele>1139.2</ele>
        <time>2026-07-02T01:13:24.929000Z</time>
        <extensions>
          <gpxtpx:TrackPointExtension>
            <gpxtpx:hr>152</gpxtpx:hr>
          </gpxtpx:TrackPointExtension>
        </extensions>
      </trkpt>
      <trkpt lat="37.849865457752976" lon="112.0095495592839">
        <ele>1139.2</ele>
        <time>2026-07-02T01:13:26.929000Z</time>
        <extensions>
          <gpxtpx:TrackPointExtension>
            <gpxtpx:hr>152</gpxtpx:hr>
          </gpxtpx:TrackPointExtension>
        </extensions>
      </trkpt>
      <trkpt lat="37.849871276955106" lon="112.00961134286445">
        <ele>1139.2</ele>
        <time>2026-07-02T01:13:28.929000Z</time>
        <extensions>
          <gpxtpx:TrackPointExtension>
            <gpxtpx:hr>151</gpxtpx:hr>
          </gpxtpx:TrackPointExtension>
        </extensions>
      </trkpt>
      <trkpt lat="37.84987709327762" lon="112.00967412303315">
        <ele>1138.9</ele>
        <time>2026-07-02T01:13:30.929000Z</time>
        <extensions>
          <gpxtpx:TrackPointExtension>
            <gpxtpx:hr>151</gpxtpx:hr>
          </gpxtpx:TrackPointExtension>
        </extensions>
      </trkpt>
      <trkpt lat="37.84987990622979" lon="112.00973790015188">
        <ele>1138.9</ele>
        <time>2026-07-02T01:13:32.929000Z</time>
        <extensions>
          <gpxtpx:TrackPointExtension>
            <gpxtpx:hr>151</gpxtpx:hr>
          </gpxtpx:TrackPointExtension>
        </extensions>
      </trkpt>
      <trkpt lat="37.84988271630781" lon="112.00980267386579">
        <ele>1138.9</ele>
        <time>2026-07-02T01:13:34.929000Z</time>
        <extensions>
          <gpxtpx:TrackPointExtension>
            <gpxtpx:hr>151</gpxtpx:hr>
          </gpxtpx:TrackPointExtension>
        </extensions>
      </trkpt>
      <trkpt lat="37.84988352611371" lon="112.00986744789162">
        <ele>1138.9</ele>
        <time>2026-07-02T01:13:36.929000Z</time>
        <extensions>
          <gpxtpx:TrackPointExtension>
            <gpxtpx:hr>151</gpxtpx:hr>
          </gpxtpx:TrackPointExtension>
        </extensions>
      </trkpt>
      <trkpt lat="37.84988333581218" lon="112.0099322221102">
        <ele>1138.9</ele>
        <time>2026-07-02T01:13:38.929000Z</time>
        <extensions>
          <gpxtpx:TrackPointExtension>
            <gpxtpx:hr>149</gpxtpx:hr>
          </gpxtpx:TrackPointExtension>
        </extensions>
      </trkpt>
      <trkpt lat="37.84988214540344" lon="112.00999699652174">
        <ele>1138.1</ele>
        <time>2026-07-02T01:13:40.929000Z</time>
        <extensions>
          <gpxtpx:TrackPointExtension>
            <gpxtpx:hr>149</gpxtpx:hr>
          </gpxtpx:TrackPointExtension>
        </extensions>
      </trkpt>
      <trkpt lat="37.84988095505221" lon="112.0100617710071">
        <ele>1138.1</ele>
        <time>2026-07-02T01:13:42.929000Z</time>
        <extensions>
          <gpxtpx:TrackPointExtension>
            <gpxtpx:hr>150</gpxtpx:hr>
          </gpxtpx:TrackPointExtension>
        </extensions>
      </trkpt>
      <trkpt lat="37.84987976183408" lon="112.01012754209694">
        <ele>1138.1</ele>
        <time>2026-07-02T01:13:44.929000Z</time>
        <extensions>
          <gpxtpx:TrackPointExtension>
            <gpxtpx:hr>150</gpxtpx:hr>
          </gpxtpx:TrackPointExtension>
        </extensions>
      </trkpt>
      <trkpt lat="37.849878568675685" lon="112.01019331326346">
        <ele>1138.1</ele>
        <time>2026-07-02T01:13:46.929000Z</time>
        <extensions>
          <gpxtpx:TrackPointExtension>
            <gpxtpx:hr>150</gpxtpx:hr>
          </gpxtpx:TrackPointExtension>
        </extensions>
      </trkpt>
      <trkpt lat="37.849877372654475" lon="112.01026008103968">
        <ele>1138.1</ele>
        <time>2026-07-02T01:13:48.929000Z</time>
        <extensions>
          <gpxtpx:TrackPointExtension>
            <gpxtpx:hr>148</gpxtpx:hr>
          </gpxtpx:TrackPointExtension>
        </extensions>
      </trkpt>
      <trkpt lat="37.849875176530816" lon="112.01032684901499">
        <ele>1138.0</ele>
        <time>2026-07-02T01:13:50.929000Z</time>
        <extensions>
          <gpxtpx:TrackPointExtension>
            <gpxtpx:hr>148</gpxtpx:hr>
          </gpxtpx:TrackPointExtension>
        </extensions>
      </trkpt>
      <trkpt lat="37.84987298046943" lon="112.0103936170702">
        <ele>1138.0</ele>
        <time>2026-07-02T01:13:52.929000Z</time>
        <extensions>
          <gpxtpx:TrackPointExtension>
            <gpxtpx:hr>148</gpxtpx:hr>
          </gpxtpx:TrackPointExtension>
        </extensions>
      </trkpt>
      <trkpt lat="37.84986978722606" lon="112.01045938878876">
        <ele>1138.0</ele>
        <time>2026-07-02T01:13:54.929000Z</time>
        <extensions>
          <gpxtpx:TrackPointExtension>
            <gpxtpx:hr>148</gpxtpx:hr>
          </gpxtpx:TrackPointExtension>
        </extensions>
      </trkpt>
      <trkpt lat="37.84986658820548" lon="112.01052715366055">
        <ele>1138.0</ele>
        <time>2026-07-02T01:13:56.929000Z</time>
        <extensions>
          <gpxtpx:TrackPointExtension>
            <gpxtpx:hr>148</gpxtpx:hr>
          </gpxtpx:TrackPointExtension>
        </extensions>
      </trkpt>
      <trkpt lat="37.849861388920836" lon="112.01059491885458">
        <ele>1138.0</ele>
        <time>2026-07-02T01:13:58.929000Z</time>
        <extensions>
          <gpxtpx:TrackPointExtension>
            <gpxtpx:hr>147</gpxtpx:hr>
          </gpxtpx:TrackPointExtension>
        </extensions>
      </trkpt>
      <trkpt lat="37.849856192618475" lon="112.01066168759216">
        <ele>1137.6</ele>
        <time>2026-07-02T01:14:00.929000Z</time>
        <extensions>
          <gpxtpx:TrackPointExtension>
            <gpxtpx:hr>147</gpxtpx:hr>
          </gpxtpx:TrackPointExtension>
        </extensions>
      </trkpt>
      <trkpt lat="37.84985099637959" lon="112.01072845641114">
        <ele>1137.6</ele>
        <time>2026-07-02T01:14:02.929000Z</time>
        <extensions>
          <gpxtpx:TrackPointExtension>
            <gpxtpx:hr>146</gpxtpx:hr>
          </gpxtpx:TrackPointExtension>
        </extensions>
      </trkpt>
      <trkpt lat="37.849846800368894" lon="112.01079522519233">
        <ele>1137.6</ele>
        <time>2026-07-02T01:14:04.929000Z</time>
        <extensions>
          <gpxtpx:TrackPointExtension>
            <gpxtpx:hr>146</gpxtpx:hr>
          </gpxtpx:TrackPointExtension>
        </extensions>
      </trkpt>
      <trkpt lat="37.84984460475108" lon="112.01086199381646">
        <ele>1137.6</ele>
        <time>2026-07-02T01:14:06.929000Z</time>
        <extensions>
          <gpxtpx:TrackPointExtension>
            <gpxtpx:hr>146</gpxtpx:hr>
          </gpxtpx:TrackPointExtension>
        </extensions>
      </trkpt>
      <trkpt lat="37.849845409690836" lon="112.01092876216431">
        <ele>1137.6</ele>
        <time>2026-07-02T01:14:08.929000Z</time>
        <extensions>
          <gpxtpx:TrackPointExtension>
            <gpxtpx:hr>145</gpxtpx:hr>
          </gpxtpx:TrackPointExtension>
        </extensions>
      </trkpt>
      <trkpt lat="37.84984921227607" lon="112.01099652678226">
        <ele>1137.2</ele>
        <time>2026-07-02T01:14:10.929000Z</time>
        <extensions>
          <gpxtpx:TrackPointExtension>
            <gpxtpx:hr>145</gpxtpx:hr>
          </gpxtpx:TrackPointExtension>
        </extensions>
      </trkpt>
      <trkpt lat="37.84985201185209" lon="112.01106528815255">
        <ele>1137.2</ele>
        <time>2026-07-02T01:14:12.929000Z</time>
        <extensions>
          <gpxtpx:TrackPointExtension>
            <gpxtpx:hr>144</gpxtpx:hr>
          </gpxtpx:TrackPointExtension>
        </extensions>
      </trkpt>
      <trkpt lat="37.84984981358497" lon="112.01113305366003">
        <ele>1137.2</ele>
        <time>2026-07-02T01:14:14.929000Z</time>
        <extensions>
          <gpxtpx:TrackPointExtension>
            <gpxtpx:hr>144</gpxtpx:hr>
          </gpxtpx:TrackPointExtension>
        </extensions>
      </trkpt>
      <trkpt lat="37.84984561214665" lon="112.0112018160426">
        <ele>1137.2</ele>
        <time>2026-07-02T01:14:16.929000Z</time>
        <extensions>
          <gpxtpx:TrackPointExtension>
            <gpxtpx:hr>144</gpxtpx:hr>
          </gpxtpx:TrackPointExtension>
        </extensions>
      </trkpt>
      <trkpt lat="37.84984041352159" lon="112.01126958208235">
        <ele>1137.2</ele>
        <time>2026-07-02T01:14:18.929000Z</time>
        <extensions>
          <gpxtpx:TrackPointExtension>
            <gpxtpx:hr>144</gpxtpx:hr>
          </gpxtpx:TrackPointExtension>
        </extensions>
      </trkpt>
      <trkpt lat="37.84983621222125" lon="112.01133834464174">
        <ele>1136.5</ele>
        <time>2026-07-02T01:14:20.929000Z</time>
        <extensions>
          <gpxtpx:TrackPointExtension>
            <gpxtpx:hr>144</gpxtpx:hr>
          </gpxtpx:TrackPointExtension>
        </extensions>
      </trkpt>
      <trkpt lat="37.84983301115524" lon="112.01140710717114">
        <ele>1136.5</ele>
        <time>2026-07-02T01:14:22.929000Z</time>
        <extensions>
          <gpxtpx:TrackPointExtension>
            <gpxtpx:hr>143</gpxtpx:hr>
          </gpxtpx:TrackPointExtension>
        </extensions>
      </trkpt>
      <trkpt lat="37.84982981306471" lon="112.01147487323529">
        <ele>1136.5</ele>
        <time>2026-07-02T01:14:24.929000Z</time>
        <extensions>
          <gpxtpx:TrackPointExtension>
            <gpxtpx:hr>143</gpxtpx:hr>
          </gpxtpx:TrackPointExtension>
        </extensions>
      </trkpt>
      <trkpt lat="37.84982461471362" lon="112.01154263962611">
        <ele>1136.5</ele>
        <time>2026-07-02T01:14:26.929000Z</time>
        <extensions>
          <gpxtpx:TrackPointExtension>
            <gpxtpx:hr>143</gpxtpx:hr>
          </gpxtpx:TrackPointExtension>
        </extensions>
      </trkpt>
      <trkpt lat="37.84981841917004" lon="112.01160940966673">
        <ele>1136.5</ele>
        <time>2026-07-02T01:14:28.929000Z</time>
        <extensions>
          <gpxtpx:TrackPointExtension>
            <gpxtpx:hr>142</gpxtpx:hr>
          </gpxtpx:TrackPointExtension>
        </extensions>
      </trkpt>
      <trkpt lat="37.84981222659566" lon="112.01167518323402">
        <ele>1136.1</ele>
        <time>2026-07-02T01:14:30.929000Z</time>
        <extensions>
          <gpxtpx:TrackPointExtension>
            <gpxtpx:hr>142</gpxtpx:hr>
          </gpxtpx:TrackPointExtension>
        </extensions>
      </trkpt>
      <trkpt lat="37.84980603118504" lon="112.01174195344495">
        <ele>1136.1</ele>
        <time>2026-07-02T01:14:32.929000Z</time>
        <extensions>
          <gpxtpx:TrackPointExtension>
            <gpxtpx:hr>143</gpxtpx:hr>
          </gpxtpx:TrackPointExtension>
        </extensions>
      </trkpt>
      <trkpt lat="37.849800833105846" lon="112.0118097201841">
        <ele>1136.1</ele>
        <time>2026-07-02T01:14:34.929000Z</time>
        <extensions>
          <gpxtpx:TrackPointExtension>
            <gpxtpx:hr>143</gpxtpx:hr>
          </gpxtpx:TrackPointExtension>
        </extensions>
      </trkpt>
      <trkpt lat="37.8497966323614" lon="112.0118784834557">
        <ele>1136.1</ele>
        <time>2026-07-02T01:14:36.929000Z</time>
        <extensions>
          <gpxtpx:TrackPointExtension>
            <gpxtpx:hr>143</gpxtpx:hr>
          </gpxtpx:TrackPointExtension>
        </extensions>
      </trkpt>
      <trkpt lat="37.84979243748536" lon="112.011945253691">
        <ele>1136.1</ele>
        <time>2026-07-02T01:14:38.929000Z</time>
        <extensions>
          <gpxtpx:TrackPointExtension>
            <gpxtpx:hr>144</gpxtpx:hr>
          </gpxtpx:TrackPointExtension>
        </extensions>
      </trkpt>
      <trkpt lat="37.849787242512946" lon="112.012012024133">
        <ele>1135.5</ele>
        <time>2026-07-02T01:14:40.929000Z</time>
        <extensions>
          <gpxtpx:TrackPointExtension>
            <gpxtpx:hr>144</gpxtpx:hr>
          </gpxtpx:TrackPointExtension>
        </extensions>
      </trkpt>
      <trkpt lat="37.84978205050505" lon="112.01207779809566">
        <ele>1135.5</ele>
        <time>2026-07-02T01:14:42.929000Z</time>
        <extensions>
          <gpxtpx:TrackPointExtension>
            <gpxtpx:hr>145</gpxtpx:hr>
          </gpxtpx:TrackPointExtension>
        </extensions>
      </trkpt>
      <trkpt lat="37.84977685277318" lon="112.01214556527964">
        <ele>1135.5</ele>
        <time>2026-07-02T01:14:44.929000Z</time>
        <extensions>
          <gpxtpx:TrackPointExtension>
            <gpxtpx:hr>145</gpxtpx:hr>
          </gpxtpx:TrackPointExtension>
        </extensions>
      </trkpt>
      <trkpt lat="37.84977065205356" lon="112.01221432924332">
        <ele>1135.5</ele>
        <time>2026-07-02T01:14:46.929000Z</time>
        <extensions>
          <gpxtpx:TrackPointExtension>
            <gpxtpx:hr>145</gpxtpx:hr>
          </gpxtpx:TrackPointExtension>
        </extensions>
      </trkpt>
      <trkpt lat="37.84976545157153" lon="112.01228309318113">
        <ele>1135.5</ele>
        <time>2026-07-02T01:14:48.929000Z</time>
        <extensions>
          <gpxtpx:TrackPointExtension>
            <gpxtpx:hr>145</gpxtpx:hr>
          </gpxtpx:TrackPointExtension>
        </extensions>
      </trkpt>
      <trkpt lat="37.84976125132735" lon="112.01235185709332">
        <ele>1135.0</ele>
        <time>2026-07-02T01:14:50.929000Z</time>
        <extensions>
          <gpxtpx:TrackPointExtension>
            <gpxtpx:hr>145</gpxtpx:hr>
          </gpxtpx:TrackPointExtension>
        </extensions>
      </trkpt>
      <trkpt lat="37.84975705115686" lon="112.01242062109986">
        <ele>1135.0</ele>
        <time>2026-07-02T01:14:52.929000Z</time>
        <extensions>
          <gpxtpx:TrackPointExtension>
            <gpxtpx:hr>145</gpxtpx:hr>
          </gpxtpx:TrackPointExtension>
        </extensions>
      </trkpt>
      <trkpt lat="37.84975284817043" lon="112.01249038177599">
        <ele>1135.0</ele>
        <time>2026-07-02T01:14:54.929000Z</time>
        <extensions>
          <gpxtpx:TrackPointExtension>
            <gpxtpx:hr>145</gpxtpx:hr>
          </gpxtpx:TrackPointExtension>
        </extensions>
      </trkpt>
      <trkpt lat="37.8497476422072" lon="112.01256113924583">
        <ele>1135.0</ele>
        <time>2026-07-02T01:14:56.929000Z</time>
        <extensions>
          <gpxtpx:TrackPointExtension>
            <gpxtpx:hr>145</gpxtpx:hr>
          </gpxtpx:TrackPointExtension>
        </extensions>
      </trkpt>
      <trkpt lat="37.84974244209814" lon="112.01262990366105">
        <ele>1135.0</ele>
        <time>2026-07-02T01:14:58.929000Z</time>
        <extensions>
          <gpxtpx:TrackPointExtension>
            <gpxtpx:hr>146</gpxtpx:hr>
          </gpxtpx:TrackPointExtension>
        </extensions>
      </trkpt>
      <trkpt lat="37.84973623901283" lon="112.01269966487068">
        <ele>1134.3</ele>
        <time>2026-07-02T01:15:00.929000Z</time>
        <extensions>
          <gpxtpx:TrackPointExtension>
            <gpxtpx:hr>146</gpxtpx:hr>
          </gpxtpx:TrackPointExtension>
        </extensions>
      </trkpt>
      <trkpt lat="37.849730038890186" lon="112.01276842959852">
        <ele>1134.3</ele>
        <time>2026-07-02T01:15:02.929000Z</time>
        <extensions>
          <gpxtpx:TrackPointExtension>
            <gpxtpx:hr>146</gpxtpx:hr>
          </gpxtpx:TrackPointExtension>
        </extensions>
      </trkpt>
      <trkpt lat="37.84972584205599" lon="112.01283619760147">
        <ele>1134.3</ele>
        <time>2026-07-02T01:15:04.929000Z</time>
        <extensions>
          <gpxtpx:TrackPointExtension>
            <gpxtpx:hr>146</gpxtpx:hr>
          </gpxtpx:TrackPointExtension>
        </extensions>
      </trkpt>
      <trkpt lat="37.849721645295105" lon="112.01290396569824">
        <ele>1134.3</ele>
        <time>2026-07-02T01:15:06.929000Z</time>
        <extensions>
          <gpxtpx:TrackPointExtension>
            <gpxtpx:hr>146</gpxtpx:hr>
          </gpxtpx:TrackPointExtension>
        </extensions>
      </trkpt>
      <trkpt lat="37.849716445561164" lon="112.01297273059349">
        <ele>1134.3</ele>
        <time>2026-07-02T01:15:08.929000Z</time>
        <extensions>
          <gpxtpx:TrackPointExtension>
            <gpxtpx:hr>146</gpxtpx:hr>
          </gpxtpx:TrackPointExtension>
        </extensions>
      </trkpt>
      <trkpt lat="37.849711243022114" lon="112.0130424921721">
        <ele>1134.6</ele>
        <time>2026-07-02T01:15:10.929000Z</time>
        <extensions>
          <gpxtpx:TrackPointExtension>
            <gpxtpx:hr>146</gpxtpx:hr>
          </gpxtpx:TrackPointExtension>
        </extensions>
      </trkpt>
      <trkpt lat="37.84970504327718" lon="112.01311125738322">
        <ele>1134.6</ele>
        <time>2026-07-02T01:15:12.929000Z</time>
        <extensions>
          <gpxtpx:TrackPointExtension>
            <gpxtpx:hr>144</gpxtpx:hr>
          </gpxtpx:TrackPointExtension>
        </extensions>
      </trkpt>
      <trkpt lat="37.84969884072988" lon="112.01318101928122">
        <ele>1134.6</ele>
        <time>2026-07-02T01:15:14.929000Z</time>
        <extensions>
          <gpxtpx:TrackPointExtension>
            <gpxtpx:hr>144</gpxtpx:hr>
          </gpxtpx:TrackPointExtension>
        </extensions>
      </trkpt>
      <trkpt lat="37.84969163809725" lon="112.01325078139995">
        <ele>1134.6</ele>
        <time>2026-07-02T01:15:16.929000Z</time>
        <extensions>
          <gpxtpx:TrackPointExtension>
            <gpxtpx:hr>144</gpxtpx:hr>
          </gpxtpx:TrackPointExtension>
        </extensions>
      </trkpt>
      <trkpt lat="37.849685435708295" lon="112.01332054350048">
        <ele>1134.6</ele>
        <time>2026-07-02T01:15:18.929000Z</time>
        <extensions>
          <gpxtpx:TrackPointExtension>
            <gpxtpx:hr>145</gpxtpx:hr>
          </gpxtpx:TrackPointExtension>
        </extensions>
      </trkpt>
      <trkpt lat="37.84968023356326" lon="112.01339030558312">
        <ele>1134.2</ele>
        <time>2026-07-02T01:15:20.929000Z</time>
        <extensions>
          <gpxtpx:TrackPointExtension>
            <gpxtpx:hr>145</gpxtpx:hr>
          </gpxtpx:TrackPointExtension>
        </extensions>
      </trkpt>
      <trkpt lat="37.84967403708241" lon="112.0134580746979">
        <ele>1134.2</ele>
        <time>2026-07-02T01:15:22.929000Z</time>
        <extensions>
          <gpxtpx:TrackPointExtension>
            <gpxtpx:hr>145</gpxtpx:hr>
          </gpxtpx:TrackPointExtension>
        </extensions>
      </trkpt>
      <trkpt lat="37.849666834766296" lon="112.01352783722145">
        <ele>1134.2</ele>
        <time>2026-07-02T01:15:24.929000Z</time>
        <extensions>
          <gpxtpx:TrackPointExtension>
            <gpxtpx:hr>145</gpxtpx:hr>
          </gpxtpx:TrackPointExtension>
        </extensions>
      </trkpt>
      <trkpt lat="37.84966063843908" lon="112.01359560653269">
        <ele>1134.2</ele>
        <time>2026-07-02T01:15:26.929000Z</time>
        <extensions>
          <gpxtpx:TrackPointExtension>
            <gpxtpx:hr>145</gpxtpx:hr>
          </gpxtpx:TrackPointExtension>
        </extensions>
      </trkpt>
      <trkpt lat="37.849655439481324" lon="112.01366437242068">
        <ele>1134.2</ele>
        <time>2026-07-02T01:15:28.929000Z</time>
        <extensions>
          <gpxtpx:TrackPointExtension>
            <gpxtpx:hr>146</gpxtpx:hr>
          </gpxtpx:TrackPointExtension>
        </extensions>
      </trkpt>
      <trkpt lat="37.84965324109519" lon="112.01373313805016">
        <ele>1134.0</ele>
        <time>2026-07-02T01:15:30.929000Z</time>
        <extensions>
          <gpxtpx:TrackPointExtension>
            <gpxtpx:hr>146</gpxtpx:hr>
          </gpxtpx:TrackPointExtension>
        </extensions>
      </trkpt>
      <trkpt lat="37.849651045656564" lon="112.01380090717836">
        <ele>1134.0</ele>
        <time>2026-07-02T01:15:32.929000Z</time>
        <extensions>
          <gpxtpx:TrackPointExtension>
            <gpxtpx:hr>146</gpxtpx:hr>
          </gpxtpx:TrackPointExtension>
        </extensions>
      </trkpt>
      <trkpt lat="37.84964684709849" lon="112.01386967324757">
        <ele>1134.0</ele>
        <time>2026-07-02T01:15:34.929000Z</time>
        <extensions>
          <gpxtpx:TrackPointExtension>
            <gpxtpx:hr>146</gpxtpx:hr>
          </gpxtpx:TrackPointExtension>
        </extensions>
      </trkpt>
      <trkpt lat="37.849639648126725" lon="112.01393843977723">
        <ele>1134.0</ele>
        <time>2026-07-02T01:15:36.929000Z</time>
        <extensions>
          <gpxtpx:TrackPointExtension>
            <gpxtpx:hr>146</gpxtpx:hr>
          </gpxtpx:TrackPointExtension>
        </extensions>
      </trkpt>
      <trkpt lat="37.84963144907023" lon="112.01400720652832">
        <ele>1134.0</ele>
        <time>2026-07-02T01:15:38.929000Z</time>
        <extensions>
          <gpxtpx:TrackPointExtension>
            <gpxtpx:hr>146</gpxtpx:hr>
          </gpxtpx:TrackPointExtension>
        </extensions>
      </trkpt>
      <trkpt lat="37.84962425598615" lon="112.014073980046">
        <ele>1134.0</ele>
        <time>2026-07-02T01:15:40.929000Z</time>
        <extensions>
          <gpxtpx:TrackPointExtension>
            <gpxtpx:hr>146</gpxtpx:hr>
          </gpxtpx:TrackPointExtension>
        </extensions>
      </trkpt>
      <trkpt lat="37.84961906044328" lon="112.0141417500302">
        <ele>1134.0</ele>
        <time>2026-07-02T01:15:42.929000Z</time>
        <extensions>
          <gpxtpx:TrackPointExtension>
            <gpxtpx:hr>145</gpxtpx:hr>
          </gpxtpx:TrackPointExtension>
        </extensions>
      </trkpt>
      <trkpt lat="37.849613864978444" lon="112.01420952011414">
        <ele>1134.0</ele>
        <time>2026-07-02T01:15:44.929000Z</time>
        <extensions>
          <gpxtpx:TrackPointExtension>
            <gpxtpx:hr>145</gpxtpx:hr>
          </gpxtpx:TrackPointExtension>
        </extensions>
      </trkpt>
      <trkpt lat="37.84960867245257" lon="112.01427629368584">
        <ele>1134.0</ele>
        <time>2026-07-02T01:15:46.929000Z</time>
        <extensions>
          <gpxtpx:TrackPointExtension>
            <gpxtpx:hr>145</gpxtpx:hr>
          </gpxtpx:TrackPointExtension>
        </extensions>
      </trkpt>
      <trkpt lat="37.84960147681474" lon="112.01434406420807">
        <ele>1134.0</ele>
        <time>2026-07-02T01:15:48.929000Z</time>
        <extensions>
          <gpxtpx:TrackPointExtension>
            <gpxtpx:hr>145</gpxtpx:hr>
          </gpxtpx:TrackPointExtension>
        </extensions>
      </trkpt>
      <trkpt lat="37.84959528142" lon="112.01441183471127">
        <ele>1133.6</ele>
        <time>2026-07-02T01:15:50.929000Z</time>
        <extensions>
          <gpxtpx:TrackPointExtension>
            <gpxtpx:hr>145</gpxtpx:hr>
          </gpxtpx:TrackPointExtension>
        </extensions>
      </trkpt>
      <trkpt lat="37.849589083247075" lon="112.01448060193214">
        <ele>1133.6</ele>
        <time>2026-07-02T01:15:52.929000Z</time>
        <extensions>
          <gpxtpx:TrackPointExtension>
            <gpxtpx:hr>146</gpxtpx:hr>
          </gpxtpx:TrackPointExtension>
        </extensions>
      </trkpt>
      <trkpt lat="37.84958288801177" lon="112.01454837263904">
        <ele>1133.6</ele>
        <time>2026-07-02T01:15:54.929000Z</time>
        <extensions>
          <gpxtpx:TrackPointExtension>
            <gpxtpx:hr>146</gpxtpx:hr>
          </gpxtpx:TrackPointExtension>
        </extensions>
      </trkpt>
      <trkpt lat="37.849575689836804" lon="112.01461714018697">
        <ele>1133.6</ele>
        <time>2026-07-02T01:15:56.929000Z</time>
        <extensions>
          <gpxtpx:TrackPointExtension>
            <gpxtpx:hr>146</gpxtpx:hr>
          </gpxtpx:TrackPointExtension>
        </extensions>
      </trkpt>
      <trkpt lat="37.849567485872406" lon="112.01468790120207">
        <ele>1133.6</ele>
        <time>2026-07-02T01:15:58.929000Z</time>
        <extensions>
          <gpxtpx:TrackPointExtension>
            <gpxtpx:hr>146</gpxtpx:hr>
          </gpxtpx:TrackPointExtension>
        </extensions>
      </trkpt>
      <trkpt lat="37.84955928770004" lon="112.0147566690829">
        <ele>1133.2</ele>
        <time>2026-07-02T01:16:00.929000Z</time>
        <extensions>
          <gpxtpx:TrackPointExtension>
            <gpxtpx:hr>146</gpxtpx:hr>
          </gpxtpx:TrackPointExtension>
        </extensions>
      </trkpt>
      <trkpt lat="37.849551089610316" lon="112.01482543706926">
        <ele>1133.2</ele>
        <time>2026-07-02T01:16:02.929000Z</time>
        <extensions>
          <gpxtpx:TrackPointExtension>
            <gpxtpx:hr>146</gpxtpx:hr>
          </gpxtpx:TrackPointExtension>
        </extensions>
      </trkpt>
      <trkpt lat="37.849543900317876" lon="112.01489121516417">
        <ele>1133.2</ele>
        <time>2026-07-02T01:16:04.929000Z</time>
        <extensions>
          <gpxtpx:TrackPointExtension>
            <gpxtpx:hr>146</gpxtpx:hr>
          </gpxtpx:TrackPointExtension>
        </extensions>
      </trkpt>
      <trkpt lat="37.84953871143005" lon="112.01495699311675">
        <ele>1133.2</ele>
        <time>2026-07-02T01:16:06.929000Z</time>
        <extensions>
          <gpxtpx:TrackPointExtension>
            <gpxtpx:hr>147</gpxtpx:hr>
          </gpxtpx:TrackPointExtension>
        </extensions>
      </trkpt>
      <trkpt lat="37.84953352831405" lon="112.01502077790924">
        <ele>1133.2</ele>
        <time>2026-07-02T01:16:08.929000Z</time>
        <extensions>
          <gpxtpx:TrackPointExtension>
            <gpxtpx:hr>147</gpxtpx:hr>
          </gpxtpx:TrackPointExtension>
        </extensions>
      </trkpt>
      <trkpt lat="37.84952833957664" lon="112.01508655605396">
        <ele>1132.5</ele>
        <time>2026-07-02T01:16:10.929000Z</time>
        <extensions>
          <gpxtpx:TrackPointExtension>
            <gpxtpx:hr>147</gpxtpx:hr>
          </gpxtpx:TrackPointExtension>
        </extensions>
      </trkpt>
      <trkpt lat="37.849520153268614" lon="112.01515133802413">
        <ele>1132.5</ele>
        <time>2026-07-02T01:16:12.929000Z</time>
        <extensions>
          <gpxtpx:TrackPointExtension>
            <gpxtpx:hr>147</gpxtpx:hr>
          </gpxtpx:TrackPointExtension>
        </extensions>
      </trkpt>
      <trkpt lat="37.849511964190874" lon="112.01521711672275">
        <ele>1132.5</ele>
        <time>2026-07-02T01:16:14.929000Z</time>
        <extensions>
          <gpxtpx:TrackPointExtension>
            <gpxtpx:hr>147</gpxtpx:hr>
          </gpxtpx:TrackPointExtension>
        </extensions>
      </trkpt>
      <trkpt lat="37.84950277218291" lon="112.01528389227431">
        <ele>1132.5</ele>
        <time>2026-07-02T01:16:16.929000Z</time>
        <extensions>
          <gpxtpx:TrackPointExtension>
            <gpxtpx:hr>148</gpxtpx:hr>
          </gpxtpx:TrackPointExtension>
        </extensions>
      </trkpt>
      <trkpt lat="37.84949557774126" lon="112.01535166432446">
        <ele>1132.5</ele>
        <time>2026-07-02T01:16:18.929000Z</time>
        <extensions>
          <gpxtpx:TrackPointExtension>
            <gpxtpx:hr>148</gpxtpx:hr>
          </gpxtpx:TrackPointExtension>
        </extensions>
      </trkpt>
      <trkpt lat="37.84948938354623" lon="112.01541943636002">
        <ele>1132.3</ele>
        <time>2026-07-02T01:16:20.929000Z</time>
        <extensions>
          <gpxtpx:TrackPointExtension>
            <gpxtpx:hr>148</gpxtpx:hr>
          </gpxtpx:TrackPointExtension>
        </extensions>
      </trkpt>
      <trkpt lat="37.84948318943381" lon="112.01548720850106">
        <ele>1132.3</ele>
        <time>2026-07-02T01:16:22.929000Z</time>
        <extensions>
          <gpxtpx:TrackPointExtension>
            <gpxtpx:hr>149</gpxtpx:hr>
          </gpxtpx:TrackPointExtension>
        </extensions>
      </trkpt>
      <trkpt lat="37.84947699540423" lon="112.01555498074788">
        <ele>1132.3</ele>
        <time>2026-07-02T01:16:24.929000Z</time>
        <extensions>
          <gpxtpx:TrackPointExtension>
            <gpxtpx:hr>149</gpxtpx:hr>
          </gpxtpx:TrackPointExtension>
        </extensions>
      </trkpt>
      <trkpt lat="37.84946979845647" lon="112.01562374986298">
        <ele>1132.3</ele>
        <time>2026-07-02T01:16:26.929000Z</time>
        <extensions>
          <gpxtpx:TrackPointExtension>
            <gpxtpx:hr>148</gpxtpx:hr>
          </gpxtpx:TrackPointExtension>
        </extensions>
      </trkpt>
      <trkpt lat="37.8494626015945" lon="112.01569251908762">
        <ele>1132.3</ele>
        <time>2026-07-02T01:16:28.929000Z</time>
        <extensions>
          <gpxtpx:TrackPointExtension>
            <gpxtpx:hr>148</gpxtpx:hr>
          </gpxtpx:TrackPointExtension>
        </extensions>
      </trkpt>
      <trkpt lat="37.84945540765315" lon="112.01576029177649">
        <ele>1132.3</ele>
        <time>2026-07-02T01:16:30.929000Z</time>
        <extensions>
          <gpxtpx:TrackPointExtension>
            <gpxtpx:hr>148</gpxtpx:hr>
          </gpxtpx:TrackPointExtension>
        </extensions>
      </trkpt>
      <trkpt lat="37.84944721363139" lon="112.01582806469207">
        <ele>1132.3</ele>
        <time>2026-07-02T01:16:32.929000Z</time>
        <extensions>
          <gpxtpx:TrackPointExtension>
            <gpxtpx:hr>146</gpxtpx:hr>
          </gpxtpx:TrackPointExtension>
        </extensions>
      </trkpt>
      <trkpt lat="37.84943902252581" lon="112.01589484106617">
        <ele>1132.3</ele>
        <time>2026-07-02T01:16:34.929000Z</time>
        <extensions>
          <gpxtpx:TrackPointExtension>
            <gpxtpx:hr>146</gpxtpx:hr>
          </gpxtpx:TrackPointExtension>
        </extensions>
      </trkpt>
      <trkpt lat="37.849429825676125" lon="112.01596361096524">
        <ele>1132.3</ele>
        <time>2026-07-02T01:16:36.929000Z</time>
        <extensions>
          <gpxtpx:TrackPointExtension>
            <gpxtpx:hr>146</gpxtpx:hr>
          </gpxtpx:TrackPointExtension>
        </extensions>
      </trkpt>
      <trkpt lat="37.8494196287493" lon="112.01603238109517">
        <ele>1132.3</ele>
        <time>2026-07-02T01:16:38.929000Z</time>
        <extensions>
          <gpxtpx:TrackPointExtension>
            <gpxtpx:hr>146</gpxtpx:hr>
          </gpxtpx:TrackPointExtension>
        </extensions>
      </trkpt>
      <trkpt lat="37.84941042641742" lon="112.01610314452404">
        <ele>1131.7</ele>
        <time>2026-07-02T01:16:40.929000Z</time>
        <extensions>
          <gpxtpx:TrackPointExtension>
            <gpxtpx:hr>144</gpxtpx:hr>
          </gpxtpx:TrackPointExtension>
        </extensions>
      </trkpt>
      <trkpt lat="37.849402224342455" lon="112.01617390795143">
        <ele>1131.7</ele>
        <time>2026-07-02T01:16:42.929000Z</time>
        <extensions>
          <gpxtpx:TrackPointExtension>
            <gpxtpx:hr>144</gpxtpx:hr>
          </gpxtpx:TrackPointExtension>
        </extensions>
      </trkpt>
      <trkpt lat="37.84939502535033" lon="112.01624367472071">
        <ele>1131.7</ele>
        <time>2026-07-02T01:16:44.929000Z</time>
        <extensions>
          <gpxtpx:TrackPointExtension>
            <gpxtpx:hr>144</gpxtpx:hr>
          </gpxtpx:TrackPointExtension>
        </extensions>
      </trkpt>
      <trkpt lat="37.84938782644884" lon="112.01631344160563">
        <ele>1131.7</ele>
        <time>2026-07-02T01:16:46.929000Z</time>
        <extensions>
          <gpxtpx:TrackPointExtension>
            <gpxtpx:hr>145</gpxtpx:hr>
          </gpxtpx:TrackPointExtension>
        </extensions>
      </trkpt>
      <trkpt lat="37.84938162780243" lon="112.01638320848676">
        <ele>1131.7</ele>
        <time>2026-07-02T01:16:48.929000Z</time>
        <extensions>
          <gpxtpx:TrackPointExtension>
            <gpxtpx:hr>145</gpxtpx:hr>
          </gpxtpx:TrackPointExtension>
        </extensions>
      </trkpt>
      <trkpt lat="37.84937442908298" lon="112.01645297560397">
        <ele>1131.4</ele>
        <time>2026-07-02T01:16:50.929000Z</time>
        <extensions>
          <gpxtpx:TrackPointExtension>
            <gpxtpx:hr>147</gpxtpx:hr>
          </gpxtpx:TrackPointExtension>
        </extensions>
      </trkpt>
      <trkpt lat="37.84936722481405" lon="112.01652473616511">
        <ele>1131.4</ele>
        <time>2026-07-02T01:16:52.929000Z</time>
        <extensions>
          <gpxtpx:TrackPointExtension>
            <gpxtpx:hr>147</gpxtpx:hr>
          </gpxtpx:TrackPointExtension>
        </extensions>
      </trkpt>
      <trkpt lat="37.849360023461216" lon="112.01659550018461">
        <ele>1131.4</ele>
        <time>2026-07-02T01:16:54.929000Z</time>
        <extensions>
          <gpxtpx:TrackPointExtension>
            <gpxtpx:hr>147</gpxtpx:hr>
          </gpxtpx:TrackPointExtension>
        </extensions>
      </trkpt>
      <trkpt lat="37.84935481971355" lon="112.01666726075227">
        <ele>1131.4</ele>
        <time>2026-07-02T01:16:56.929000Z</time>
        <extensions>
          <gpxtpx:TrackPointExtension>
            <gpxtpx:hr>147</gpxtpx:hr>
          </gpxtpx:TrackPointExtension>
        </extensions>
      </trkpt>
      <trkpt lat="37.84934761855149" lon="112.01673802501517">
        <ele>1131.4</ele>
        <time>2026-07-02T01:16:58.929000Z</time>
        <extensions>
          <gpxtpx:TrackPointExtension>
            <gpxtpx:hr>147</gpxtpx:hr>
          </gpxtpx:TrackPointExtension>
        </extensions>
      </trkpt>
      <trkpt lat="37.84934141764874" lon="112.01680878927962">
        <ele>1131.4</ele>
        <time>2026-07-02T01:17:00.929000Z</time>
        <extensions>
          <gpxtpx:TrackPointExtension>
            <gpxtpx:hr>147</gpxtpx:hr>
          </gpxtpx:TrackPointExtension>
        </extensions>
      </trkpt>
      <trkpt lat="37.849334216677235" lon="112.01687955378559">
        <ele>1131.4</ele>
        <time>2026-07-02T01:17:02.929000Z</time>
        <extensions>
          <gpxtpx:TrackPointExtension>
            <gpxtpx:hr>147</gpxtpx:hr>
          </gpxtpx:TrackPointExtension>
        </extensions>
      </trkpt>
      <trkpt lat="37.84932501547311" lon="112.0169503186532">
        <ele>1131.4</ele>
        <time>2026-07-02T01:17:04.929000Z</time>
        <extensions>
          <gpxtpx:TrackPointExtension>
            <gpxtpx:hr>147</gpxtpx:hr>
          </gpxtpx:TrackPointExtension>
        </extensions>
      </trkpt>
      <trkpt lat="37.84931481420083" lon="112.01702108376303">
        <ele>1131.4</ele>
        <time>2026-07-02T01:17:06.929000Z</time>
        <extensions>
          <gpxtpx:TrackPointExtension>
            <gpxtpx:hr>147</gpxtpx:hr>
          </gpxtpx:TrackPointExtension>
        </extensions>
      </trkpt>
      <trkpt lat="37.849302612696526" lon="112.01709184923523">
        <ele>1131.4</ele>
        <time>2026-07-02T01:17:08.929000Z</time>
        <extensions>
          <gpxtpx:TrackPointExtension>
            <gpxtpx:hr>147</gpxtpx:hr>
          </gpxtpx:TrackPointExtension>
        </extensions>
      </trkpt>
      <trkpt lat="37.84929141145291" lon="112.0171626147107">
        <ele>1131.2</ele>
        <time>2026-07-02T01:17:10.929000Z</time>
        <extensions>
          <gpxtpx:TrackPointExtension>
            <gpxtpx:hr>147</gpxtpx:hr>
          </gpxtpx:TrackPointExtension>
        </extensions>
      </trkpt>
      <trkpt lat="37.84928221344129" lon="112.01723238338909">
        <ele>1131.2</ele>
        <time>2026-07-02T01:17:12.929000Z</time>
        <extensions>
          <gpxtpx:TrackPointExtension>
            <gpxtpx:hr>145</gpxtpx:hr>
          </gpxtpx:TrackPointExtension>
        </extensions>
      </trkpt>
      <trkpt lat="37.849273015524005" lon="112.01730215218774">
        <ele>1131.2</ele>
        <time>2026-07-02T01:17:14.929000Z</time>
        <extensions>
          <gpxtpx:TrackPointExtension>
            <gpxtpx:hr>145</gpxtpx:hr>
          </gpxtpx:TrackPointExtension>
        </extensions>
      </trkpt>
      <trkpt lat="37.84926382050559" lon="112.01737092442274">
        <ele>1131.2</ele>
        <time>2026-07-02T01:17:16.929000Z</time>
        <extensions>
          <gpxtpx:TrackPointExtension>
            <gpxtpx:hr>145</gpxtpx:hr>
          </gpxtpx:TrackPointExtension>
        </extensions>
      </trkpt>
      <trkpt lat="37.84925362261231" lon="112.01744069358104">
        <ele>1131.2</ele>
        <time>2026-07-02T01:17:18.929000Z</time>
        <extensions>
          <gpxtpx:TrackPointExtension>
            <gpxtpx:hr>145</gpxtpx:hr>
          </gpxtpx:TrackPointExtension>
        </extensions>
      </trkpt>
      <trkpt lat="37.84924442497823" lon="112.01751046274077">
        <ele>1130.8</ele>
        <time>2026-07-02T01:17:20.929000Z</time>
        <extensions>
          <gpxtpx:TrackPointExtension>
            <gpxtpx:hr>145</gpxtpx:hr>
          </gpxtpx:TrackPointExtension>
        </extensions>
      </trkpt>
      <trkpt lat="37.84923622480343" lon="112.01758122859174">
        <ele>1130.8</ele>
        <time>2026-07-02T01:17:22.929000Z</time>
        <extensions>
          <gpxtpx:TrackPointExtension>
            <gpxtpx:hr>146</gpxtpx:hr>
          </gpxtpx:TrackPointExtension>
        </extensions>
      </trkpt>
      <trkpt lat="37.84922902209229" lon="112.01765299113956">
        <ele>1130.8</ele>
        <time>2026-07-02T01:17:24.929000Z</time>
        <extensions>
          <gpxtpx:TrackPointExtension>
            <gpxtpx:hr>146</gpxtpx:hr>
          </gpxtpx:TrackPointExtension>
        </extensions>
      </trkpt>
      <trkpt lat="37.84922381421606" lon="112.01772674696322">
        <ele>1130.8</ele>
        <time>2026-07-02T01:17:26.929000Z</time>
        <extensions>
          <gpxtpx:TrackPointExtension>
            <gpxtpx:hr>148</gpxtpx:hr>
          </gpxtpx:TrackPointExtension>
        </extensions>
      </trkpt>
      <trkpt lat="37.8492216125313" lon="112.01779850917436">
        <ele>1130.8</ele>
        <time>2026-07-02T01:17:28.929000Z</time>
        <extensions>
          <gpxtpx:TrackPointExtension>
            <gpxtpx:hr>148</gpxtpx:hr>
          </gpxtpx:TrackPointExtension>
        </extensions>
      </trkpt>
      <trkpt lat="37.84921840798994" lon="112.01787126833209">
        <ele>1130.1</ele>
        <time>2026-07-02T01:17:30.929000Z</time>
        <extensions>
          <gpxtpx:TrackPointExtension>
            <gpxtpx:hr>148</gpxtpx:hr>
          </gpxtpx:TrackPointExtension>
        </extensions>
      </trkpt>
      <trkpt lat="37.84921420618265" lon="112.01794303104508">
        <ele>1130.1</ele>
        <time>2026-07-02T01:17:32.929000Z</time>
        <extensions>
          <gpxtpx:TrackPointExtension>
            <gpxtpx:hr>149</gpxtpx:hr>
          </gpxtpx:TrackPointExtension>
        </extensions>
      </trkpt>
      <trkpt lat="37.84920800414975" lon="112.01801479412849">
        <ele>1130.1</ele>
        <time>2026-07-02T01:17:34.929000Z</time>
        <extensions>
          <gpxtpx:TrackPointExtension>
            <gpxtpx:hr>149</gpxtpx:hr>
          </gpxtpx:TrackPointExtension>
        </extensions>
      </trkpt>
      <trkpt lat="37.84920380533804" lon="112.01808556040103">
        <ele>1130.1</ele>
        <time>2026-07-02T01:17:36.929000Z</time>
        <extensions>
          <gpxtpx:TrackPointExtension>
            <gpxtpx:hr>150</gpxtpx:hr>
          </gpxtpx:TrackPointExtension>
        </extensions>
      </trkpt>
      <trkpt lat="37.84920260711879" lon="112.01815632644177">
        <ele>1130.1</ele>
        <time>2026-07-02T01:17:38.929000Z</time>
        <extensions>
          <gpxtpx:TrackPointExtension>
            <gpxtpx:hr>150</gpxtpx:hr>
          </gpxtpx:TrackPointExtension>
        </extensions>
      </trkpt>
      <trkpt lat="37.84920241473893" lon="112.01822509907912">
        <ele>1130.0</ele>
        <time>2026-07-02T01:17:40.929000Z</time>
        <extensions>
          <gpxtpx:TrackPointExtension>
            <gpxtpx:hr>150</gpxtpx:hr>
          </gpxtpx:TrackPointExtension>
        </extensions>
      </trkpt>
      <trkpt lat="37.849200227698226" lon="112.01829187866252">
        <ele>1130.0</ele>
        <time>2026-07-02T01:17:42.929000Z</time>
        <extensions>
          <gpxtpx:TrackPointExtension>
            <gpxtpx:hr>150</gpxtpx:hr>
          </gpxtpx:TrackPointExtension>
        </extensions>
      </trkpt>
      <trkpt lat="37.84919404566073" lon="112.01835666542173">
        <ele>1130.0</ele>
        <time>2026-07-02T01:17:44.929000Z</time>
        <extensions>
          <gpxtpx:TrackPointExtension>
            <gpxtpx:hr>150</gpxtpx:hr>
          </gpxtpx:TrackPointExtension>
        </extensions>
      </trkpt>
      <trkpt lat="37.849185860596535" lon="112.01842244923972">
        <ele>1130.0</ele>
        <time>2026-07-02T01:17:46.929000Z</time>
        <extensions>
          <gpxtpx:TrackPointExtension>
            <gpxtpx:hr>149</gpxtpx:hr>
          </gpxtpx:TrackPointExtension>
        </extensions>
      </trkpt>
      <trkpt lat="37.84918067054809" lon="112.01849022623499">
        <ele>1130.0</ele>
        <time>2026-07-02T01:17:48.929000Z</time>
        <extensions>
          <gpxtpx:TrackPointExtension>
            <gpxtpx:hr>149</gpxtpx:hr>
          </gpxtpx:TrackPointExtension>
        </extensions>
      </trkpt>
      <trkpt lat="37.84917647797636" lon="112.01855899994368">
        <ele>1130.6</ele>
        <time>2026-07-02T01:17:50.929000Z</time>
        <extensions>
          <gpxtpx:TrackPointExtension>
            <gpxtpx:hr>149</gpxtpx:hr>
          </gpxtpx:TrackPointExtension>
        </extensions>
      </trkpt>
      <trkpt lat="37.84917328288577" lon="112.01862877037146">
        <ele>1130.6</ele>
        <time>2026-07-02T01:17:52.929000Z</time>
        <extensions>
          <gpxtpx:TrackPointExtension>
            <gpxtpx:hr>149</gpxtpx:hr>
          </gpxtpx:TrackPointExtension>
        </extensions>
      </trkpt>
      <trkpt lat="37.84917008233898" lon="112.01870053436194">
        <ele>1130.6</ele>
        <time>2026-07-02T01:17:54.929000Z</time>
        <extensions>
          <gpxtpx:TrackPointExtension>
            <gpxtpx:hr>149</gpxtpx:hr>
          </gpxtpx:TrackPointExtension>
        </extensions>
      </trkpt>
      <trkpt lat="37.849166879121334" lon="112.01877329520671">
        <ele>1130.6</ele>
        <time>2026-07-02T01:17:56.929000Z</time>
        <extensions>
          <gpxtpx:TrackPointExtension>
            <gpxtpx:hr>149</gpxtpx:hr>
          </gpxtpx:TrackPointExtension>
        </extensions>
      </trkpt>
      <trkpt lat="37.84916367878725" lon="112.01884505946819">
        <ele>1130.6</ele>
        <time>2026-07-02T01:17:58.929000Z</time>
        <extensions>
          <gpxtpx:TrackPointExtension>
            <gpxtpx:hr>149</gpxtpx:hr>
          </gpxtpx:TrackPointExtension>
        </extensions>
      </trkpt>
      <trkpt lat="37.849159481168535" lon="112.01891582726103">
        <ele>1129.5</ele>
        <time>2026-07-02T01:18:00.929000Z</time>
        <extensions>
          <gpxtpx:TrackPointExtension>
            <gpxtpx:hr>149</gpxtpx:hr>
          </gpxtpx:TrackPointExtension>
        </extensions>
      </trkpt>
      <trkpt lat="37.849157283981285" lon="112.01898659494576">
        <ele>1129.5</ele>
        <time>2026-07-02T01:18:02.929000Z</time>
        <extensions>
          <gpxtpx:TrackPointExtension>
            <gpxtpx:hr>149</gpxtpx:hr>
          </gpxtpx:TrackPointExtension>
        </extensions>
      </trkpt>
      <trkpt lat="37.849153089340064" lon="112.01905636627497">
        <ele>1129.5</ele>
        <time>2026-07-02T01:18:04.929000Z</time>
        <extensions>
          <gpxtpx:TrackPointExtension>
            <gpxtpx:hr>149</gpxtpx:hr>
          </gpxtpx:TrackPointExtension>
        </extensions>
      </trkpt>
      <trkpt lat="37.849148892030826" lon="112.01912713446207">
        <ele>1129.5</ele>
        <time>2026-07-02T01:18:06.929000Z</time>
        <extensions>
          <gpxtpx:TrackPointExtension>
            <gpxtpx:hr>149</gpxtpx:hr>
          </gpxtpx:TrackPointExtension>
        </extensions>
      </trkpt>
      <trkpt lat="37.849144697593324" lon="112.01919690605078">
        <ele>1129.5</ele>
        <time>2026-07-02T01:18:08.929000Z</time>
        <extensions>
          <gpxtpx:TrackPointExtension>
            <gpxtpx:hr>149</gpxtpx:hr>
          </gpxtpx:TrackPointExtension>
        </extensions>
      </trkpt>
      <trkpt lat="37.8491395086256" lon="112.01926468442298">
        <ele>1129.1</ele>
        <time>2026-07-02T01:18:10.929000Z</time>
        <extensions>
          <gpxtpx:TrackPointExtension>
            <gpxtpx:hr>149</gpxtpx:hr>
          </gpxtpx:TrackPointExtension>
        </extensions>
      </trkpt>
      <trkpt lat="37.84913531715319" lon="112.01933345953226">
        <ele>1129.1</ele>
        <time>2026-07-02T01:18:12.929000Z</time>
        <extensions>
          <gpxtpx:TrackPointExtension>
            <gpxtpx:hr>150</gpxtpx:hr>
          </gpxtpx:TrackPointExtension>
        </extensions>
      </trkpt>
      <trkpt lat="37.84913212594394" lon="112.01940223464787">
        <ele>1129.1</ele>
        <time>2026-07-02T01:18:14.929000Z</time>
        <extensions>
          <gpxtpx:TrackPointExtension>
            <gpxtpx:hr>150</gpxtpx:hr>
          </gpxtpx:TrackPointExtension>
        </extensions>
      </trkpt>
      <trkpt lat="37.84912893483405" lon="112.01947100989003">
        <ele>1129.1</ele>
        <time>2026-07-02T01:18:16.929000Z</time>
        <extensions>
          <gpxtpx:TrackPointExtension>
            <gpxtpx:hr>149</gpxtpx:hr>
          </gpxtpx:TrackPointExtension>
        </extensions>
      </trkpt>
      <trkpt lat="37.849126746748205" lon="112.01953878839893">
        <ele>1129.1</ele>
        <time>2026-07-02T01:18:18.929000Z</time>
        <extensions>
          <gpxtpx:TrackPointExtension>
            <gpxtpx:hr>149</gpxtpx:hr>
          </gpxtpx:TrackPointExtension>
        </extensions>
      </trkpt>
      <trkpt lat="37.84912456427737" lon="112.01960457354743">
        <ele>1128.7</ele>
        <time>2026-07-02T01:18:20.929000Z</time>
        <extensions>
          <gpxtpx:TrackPointExtension>
            <gpxtpx:hr>149</gpxtpx:hr>
          </gpxtpx:TrackPointExtension>
        </extensions>
      </trkpt>
      <trkpt lat="37.84912238465575" lon="112.01966936206884">
        <ele>1128.7</ele>
        <time>2026-07-02T01:18:22.929000Z</time>
        <extensions>
          <gpxtpx:TrackPointExtension>
            <gpxtpx:hr>149</gpxtpx:hr>
          </gpxtpx:TrackPointExtension>
        </extensions>
      </trkpt>
      <trkpt lat="37.849121202530874" lon="112.0197351473291">
        <ele>1128.7</ele>
        <time>2026-07-02T01:18:24.929000Z</time>
        <extensions>
          <gpxtpx:TrackPointExtension>
            <gpxtpx:hr>149</gpxtpx:hr>
          </gpxtpx:TrackPointExtension>
        </extensions>
      </trkpt>
      <trkpt lat="37.84912202358092" lon="112.01979993571939">
        <ele>1128.7</ele>
        <time>2026-07-02T01:18:26.929000Z</time>
        <extensions>
          <gpxtpx:TrackPointExtension>
            <gpxtpx:hr>150</gpxtpx:hr>
          </gpxtpx:TrackPointExtension>
        </extensions>
      </trkpt>
      <trkpt lat="37.84912184180282" lon="112.01986572109242">
        <ele>1128.7</ele>
        <time>2026-07-02T01:18:28.929000Z</time>
        <extensions>
          <gpxtpx:TrackPointExtension>
            <gpxtpx:hr>150</gpxtpx:hr>
          </gpxtpx:TrackPointExtension>
        </extensions>
      </trkpt>
      <trkpt lat="37.84911965978907" lon="112.01993150682299">
        <ele>1128.6</ele>
        <time>2026-07-02T01:18:30.929000Z</time>
        <extensions>
          <gpxtpx:TrackPointExtension>
            <gpxtpx:hr>150</gpxtpx:hr>
          </gpxtpx:TrackPointExtension>
        </extensions>
      </trkpt>
      <trkpt lat="37.849112477047825" lon="112.01999729327122">
        <ele>1128.6</ele>
        <time>2026-07-02T01:18:32.929000Z</time>
        <extensions>
          <gpxtpx:TrackPointExtension>
            <gpxtpx:hr>148</gpxtpx:hr>
          </gpxtpx:TrackPointExtension>
        </extensions>
      </trkpt>
      <trkpt lat="37.849103291322116" lon="112.02006407683193">
        <ele>1128.6</ele>
        <time>2026-07-02T01:18:34.929000Z</time>
        <extensions>
          <gpxtpx:TrackPointExtension>
            <gpxtpx:hr>148</gpxtpx:hr>
          </gpxtpx:TrackPointExtension>
        </extensions>
      </trkpt>
      <trkpt lat="37.84909510860419" lon="112.0201298636386">
        <ele>1128.6</ele>
        <time>2026-07-02T01:18:36.929000Z</time>
        <extensions>
          <gpxtpx:TrackPointExtension>
            <gpxtpx:hr>147</gpxtpx:hr>
          </gpxtpx:TrackPointExtension>
        </extensions>
      </trkpt>
      <trkpt lat="37.849088920814694" lon="112.02019764384009">
        <ele>1128.6</ele>
        <time>2026-07-02T01:18:38.929000Z</time>
        <extensions>
          <gpxtpx:TrackPointExtension>
            <gpxtpx:hr>147</gpxtpx:hr>
          </gpxtpx:TrackPointExtension>
        </extensions>
      </trkpt>
      <trkpt lat="37.84908573636139" lon="112.02026442704819">
        <ele>1128.2</ele>
        <time>2026-07-02T01:18:40.929000Z</time>
        <extensions>
          <gpxtpx:TrackPointExtension>
            <gpxtpx:hr>147</gpxtpx:hr>
          </gpxtpx:TrackPointExtension>
        </extensions>
      </trkpt>
      <trkpt lat="37.84908355216862" lon="112.02033121025922">
        <ele>1128.2</ele>
        <time>2026-07-02T01:18:42.929000Z</time>
        <extensions>
          <gpxtpx:TrackPointExtension>
            <gpxtpx:hr>146</gpxtpx:hr>
          </gpxtpx:TrackPointExtension>
        </extensions>
      </trkpt>
      <trkpt lat="37.84908436582254" lon="112.02039898999705">
        <ele>1128.2</ele>
        <time>2026-07-02T01:18:44.929000Z</time>
        <extensions>
          <gpxtpx:TrackPointExtension>
            <gpxtpx:hr>146</gpxtpx:hr>
          </gpxtpx:TrackPointExtension>
        </extensions>
      </trkpt>
      <trkpt lat="37.849087182644965" lon="112.0204657728567">
        <ele>1128.2</ele>
        <time>2026-07-02T01:18:46.929000Z</time>
        <extensions>
          <gpxtpx:TrackPointExtension>
            <gpxtpx:hr>147</gpxtpx:hr>
          </gpxtpx:TrackPointExtension>
        </extensions>
      </trkpt>
      <trkpt lat="37.84909000230377" lon="112.02053155907281">
        <ele>1128.2</ele>
        <time>2026-07-02T01:18:48.929000Z</time>
        <extensions>
          <gpxtpx:TrackPointExtension>
            <gpxtpx:hr>147</gpxtpx:hr>
          </gpxtpx:TrackPointExtension>
        </extensions>
      </trkpt>
      <trkpt lat="37.8490928220571" lon="112.02059734540923">
        <ele>1128.1</ele>
        <time>2026-07-02T01:18:50.929000Z</time>
        <extensions>
          <gpxtpx:TrackPointExtension>
            <gpxtpx:hr>147</gpxtpx:hr>
          </gpxtpx:TrackPointExtension>
        </extensions>
      </trkpt>
      <trkpt lat="37.849092646885815" lon="112.02066113868447">
        <ele>1128.1</ele>
        <time>2026-07-02T01:18:52.929000Z</time>
        <extensions>
          <gpxtpx:TrackPointExtension>
            <gpxtpx:hr>147</gpxtpx:hr>
          </gpxtpx:TrackPointExtension>
        </extensions>
      </trkpt>
      <trkpt lat="37.849091468904845" lon="112.02072592896593">
        <ele>1128.1</ele>
        <time>2026-07-02T01:18:54.929000Z</time>
        <extensions>
          <gpxtpx:TrackPointExtension>
            <gpxtpx:hr>147</gpxtpx:hr>
          </gpxtpx:TrackPointExtension>
        </extensions>
      </trkpt>
      <trkpt lat="37.84909029101617" lon="112.02079071936485">
        <ele>1128.1</ele>
        <time>2026-07-02T01:18:56.929000Z</time>
        <extensions>
          <gpxtpx:TrackPointExtension>
            <gpxtpx:hr>146</gpxtpx:hr>
          </gpxtpx:TrackPointExtension>
        </extensions>
      </trkpt>
      <trkpt lat="37.84909111354799" lon="112.0208555096415">
        <ele>1128.1</ele>
        <time>2026-07-02T01:18:58.929000Z</time>
        <extensions>
          <gpxtpx:TrackPointExtension>
            <gpxtpx:hr>146</gpxtpx:hr>
          </gpxtpx:TrackPointExtension>
        </extensions>
      </trkpt>
      <trkpt lat="37.84909493393387" lon="112.0209212964542">
        <ele>1127.6</ele>
        <time>2026-07-02T01:19:00.929000Z</time>
        <extensions>
          <gpxtpx:TrackPointExtension>
            <gpxtpx:hr>146</gpxtpx:hr>
          </gpxtpx:TrackPointExtension>
        </extensions>
      </trkpt>
      <trkpt lat="37.849098751686356" lon="112.02098808016872">
        <ele>1127.6</ele>
        <time>2026-07-02T01:19:02.929000Z</time>
        <extensions>
          <gpxtpx:TrackPointExtension>
            <gpxtpx:hr>146</gpxtpx:hr>
          </gpxtpx:TrackPointExtension>
        </extensions>
      </trkpt>
      <trkpt lat="37.849101569373744" lon="112.02105486412907">
        <ele>1127.6</ele>
        <time>2026-07-02T01:19:04.929000Z</time>
        <extensions>
          <gpxtpx:TrackPointExtension>
            <gpxtpx:hr>146</gpxtpx:hr>
          </gpxtpx:TrackPointExtension>
        </extensions>
      </trkpt>
      <trkpt lat="37.84910238410605" lon="112.0211226452393">
        <ele>1127.6</ele>
        <time>2026-07-02T01:19:06.929000Z</time>
        <extensions>
          <gpxtpx:TrackPointExtension>
            <gpxtpx:hr>145</gpxtpx:hr>
          </gpxtpx:TrackPointExtension>
        </extensions>
      </trkpt>
      <trkpt lat="37.84910219877668" lon="112.02119042659976">
        <ele>1127.6</ele>
        <time>2026-07-02T01:19:08.929000Z</time>
        <extensions>
          <gpxtpx:TrackPointExtension>
            <gpxtpx:hr>145</gpxtpx:hr>
          </gpxtpx:TrackPointExtension>
        </extensions>
      </trkpt>
      <trkpt lat="37.849102013549874" lon="112.02125820809074">
        <ele>1127.0</ele>
        <time>2026-07-02T01:19:10.929000Z</time>
        <extensions>
          <gpxtpx:TrackPointExtension>
            <gpxtpx:hr>145</gpxtpx:hr>
          </gpxtpx:TrackPointExtension>
        </extensions>
      </trkpt>
      <trkpt lat="37.84910082554022" lon="112.02132698662207">
        <ele>1127.0</ele>
        <time>2026-07-02T01:19:12.929000Z</time>
        <extensions>
          <gpxtpx:TrackPointExtension>
            <gpxtpx:hr>143</gpxtpx:hr>
          </gpxtpx:TrackPointExtension>
        </extensions>
      </trkpt>
      <trkpt lat="37.84909963763665" lon="112.02139576528837">
        <ele>1127.0</ele>
        <time>2026-07-02T01:19:14.929000Z</time>
        <extensions>
          <gpxtpx:TrackPointExtension>
            <gpxtpx:hr>143</gpxtpx:hr>
          </gpxtpx:TrackPointExtension>
        </extensions>
      </trkpt>
      <trkpt lat="37.84909844983939" lon="112.02146454408995">
        <ele>1127.0</ele>
        <time>2026-07-02T01:19:16.929000Z</time>
        <extensions>
          <gpxtpx:TrackPointExtension>
            <gpxtpx:hr>143</gpxtpx:hr>
          </gpxtpx:TrackPointExtension>
        </extensions>
      </trkpt>
      <trkpt lat="37.849097262148696" lon="112.02153332302713">
        <ele>1127.0</ele>
        <time>2026-07-02T01:19:18.929000Z</time>
        <extensions>
          <gpxtpx:TrackPointExtension>
            <gpxtpx:hr>143</gpxtpx:hr>
          </gpxtpx:TrackPointExtension>
        </extensions>
      </trkpt>
      <trkpt lat="37.8490970747288" lon="112.02160210198015">
        <ele>1126.7</ele>
        <time>2026-07-02T01:19:20.929000Z</time>
        <extensions>
          <gpxtpx:TrackPointExtension>
            <gpxtpx:hr>143</gpxtpx:hr>
          </gpxtpx:TrackPointExtension>
        </extensions>
      </trkpt>
      <trkpt lat="37.84909588453805" lon="112.02167187798877">
        <ele>1126.7</ele>
        <time>2026-07-02T01:19:22.929000Z</time>
        <extensions>
          <gpxtpx:TrackPointExtension>
            <gpxtpx:hr>144</gpxtpx:hr>
          </gpxtpx:TrackPointExtension>
        </extensions>
      </trkpt>
      <trkpt lat="37.84909469445769" lon="112.02174165413786">
        <ele>1126.7</ele>
        <time>2026-07-02T01:19:24.929000Z</time>
        <extensions>
          <gpxtpx:TrackPointExtension>
            <gpxtpx:hr>144</gpxtpx:hr>
          </gpxtpx:TrackPointExtension>
        </extensions>
      </trkpt>
      <trkpt lat="37.849093504487996" lon="112.0218114304277">
        <ele>1126.7</ele>
        <time>2026-07-02T01:19:26.929000Z</time>
        <extensions>
          <gpxtpx:TrackPointExtension>
            <gpxtpx:hr>145</gpxtpx:hr>
          </gpxtpx:TrackPointExtension>
        </extensions>
      </trkpt>
      <trkpt lat="37.849092317338346" lon="112.02188021005321">
        <ele>1126.7</ele>
        <time>2026-07-02T01:19:28.929000Z</time>
        <extensions>
          <gpxtpx:TrackPointExtension>
            <gpxtpx:hr>145</gpxtpx:hr>
          </gpxtpx:TrackPointExtension>
        </extensions>
      </trkpt>
      <trkpt lat="37.849093130624695" lon="112.02194898957603">
        <ele>1126.2</ele>
        <time>2026-07-02T01:19:30.929000Z</time>
        <extensions>
          <gpxtpx:TrackPointExtension>
            <gpxtpx:hr>145</gpxtpx:hr>
          </gpxtpx:TrackPointExtension>
        </extensions>
      </trkpt>
      <trkpt lat="37.84909594975938" lon="112.02201577537767">
        <ele>1126.2</ele>
        <time>2026-07-02T01:19:32.929000Z</time>
        <extensions>
          <gpxtpx:TrackPointExtension>
            <gpxtpx:hr>148</gpxtpx:hr>
          </gpxtpx:TrackPointExtension>
        </extensions>
      </trkpt>
      <trkpt lat="37.84909777694603" lon="112.02207957099563">
        <ele>1126.2</ele>
        <time>2026-07-02T01:19:34.929000Z</time>
        <extensions>
          <gpxtpx:TrackPointExtension>
            <gpxtpx:hr>148</gpxtpx:hr>
          </gpxtpx:TrackPointExtension>
        </extensions>
      </trkpt>
      <trkpt lat="37.84909760119503" lon="112.02214436378569">
        <ele>1126.2</ele>
        <time>2026-07-02T01:19:36.929000Z</time>
        <extensions>
          <gpxtpx:TrackPointExtension>
            <gpxtpx:hr>147</gpxtpx:hr>
          </gpxtpx:TrackPointExtension>
        </extensions>
      </trkpt>
      <trkpt lat="37.84909742283904" lon="112.02221015351367">
        <ele>1126.2</ele>
        <time>2026-07-02T01:19:38.929000Z</time>
        <extensions>
          <gpxtpx:TrackPointExtension>
            <gpxtpx:hr>147</gpxtpx:hr>
          </gpxtpx:TrackPointExtension>
        </extensions>
      </trkpt>
      <trkpt lat="37.849097239182754" lon="112.0222779370026">
        <ele>1126.1</ele>
        <time>2026-07-02T01:19:40.929000Z</time>
        <extensions>
          <gpxtpx:TrackPointExtension>
            <gpxtpx:hr>147</gpxtpx:hr>
          </gpxtpx:TrackPointExtension>
        </extensions>
      </trkpt>
      <trkpt lat="37.84909805309822" lon="112.02234671732559">
        <ele>1126.1</ele>
        <time>2026-07-02T01:19:42.929000Z</time>
        <extensions>
          <gpxtpx:TrackPointExtension>
            <gpxtpx:hr>146</gpxtpx:hr>
          </gpxtpx:TrackPointExtension>
        </extensions>
      </trkpt>
      <trkpt lat="37.84909686679525" lon="112.02241549802805">
        <ele>1126.1</ele>
        <time>2026-07-02T01:19:44.929000Z</time>
        <extensions>
          <gpxtpx:TrackPointExtension>
            <gpxtpx:hr>146</gpxtpx:hr>
          </gpxtpx:TrackPointExtension>
        </extensions>
      </trkpt>
      <trkpt lat="37.8490956832974" lon="112.02248328204713">
        <ele>1126.1</ele>
        <time>2026-07-02T01:19:46.929000Z</time>
        <extensions>
          <gpxtpx:TrackPointExtension>
            <gpxtpx:hr>146</gpxtpx:hr>
          </gpxtpx:TrackPointExtension>
        </extensions>
      </trkpt>
      <trkpt lat="37.84909349704872" lon="112.0225520631473">
        <ele>1126.1</ele>
        <time>2026-07-02T01:19:48.929000Z</time>
        <extensions>
          <gpxtpx:TrackPointExtension>
            <gpxtpx:hr>146</gpxtpx:hr>
          </gpxtpx:TrackPointExtension>
        </extensions>
      </trkpt>
      <trkpt lat="37.84909131629459" lon="112.02261885073358">
        <ele>1125.7</ele>
        <time>2026-07-02T01:19:50.929000Z</time>
        <extensions>
          <gpxtpx:TrackPointExtension>
            <gpxtpx:hr>146</gpxtpx:hr>
          </gpxtpx:TrackPointExtension>
        </extensions>
      </trkpt>
      <trkpt lat="37.84908913833527" lon="112.02268464162339">
        <ele>1125.7</ele>
        <time>2026-07-02T01:19:52.929000Z</time>
        <extensions>
          <gpxtpx:TrackPointExtension>
            <gpxtpx:hr>147</gpxtpx:hr>
          </gpxtpx:TrackPointExtension>
        </extensions>
      </trkpt>
      <trkpt lat="37.8490879606413" lon="112.02275043252196">
        <ele>1125.7</ele>
        <time>2026-07-02T01:19:54.929000Z</time>
        <extensions>
          <gpxtpx:TrackPointExtension>
            <gpxtpx:hr>147</gpxtpx:hr>
          </gpxtpx:TrackPointExtension>
        </extensions>
      </trkpt>
      <trkpt lat="37.84908778052534" lon="112.02281722026252">
        <ele>1125.7</ele>
        <time>2026-07-02T01:19:56.929000Z</time>
        <extensions>
          <gpxtpx:TrackPointExtension>
            <gpxtpx:hr>147</gpxtpx:hr>
          </gpxtpx:TrackPointExtension>
        </extensions>
      </trkpt>
      <trkpt lat="37.849088597992285" lon="112.02288500485128">
        <ele>1125.7</ele>
        <time>2026-07-02T01:19:58.929000Z</time>
        <extensions>
          <gpxtpx:TrackPointExtension>
            <gpxtpx:hr>147</gpxtpx:hr>
          </gpxtpx:TrackPointExtension>
        </extensions>
      </trkpt>
      <trkpt lat="37.84908941556746" lon="112.02295278957764">
        <ele>1125.4</ele>
        <time>2026-07-02T01:20:00.929000Z</time>
        <extensions>
          <gpxtpx:TrackPointExtension>
            <gpxtpx:hr>147</gpxtpx:hr>
          </gpxtpx:TrackPointExtension>
        </extensions>
      </trkpt>
      <trkpt lat="37.84909023325108" lon="112.02302057444189">
        <ele>1125.4</ele>
        <time>2026-07-02T01:20:02.929000Z</time>
        <extensions>
          <gpxtpx:TrackPointExtension>
            <gpxtpx:hr>147</gpxtpx:hr>
          </gpxtpx:TrackPointExtension>
        </extensions>
      </trkpt>
      <trkpt lat="37.84909005087937" lon="112.02308835956438">
        <ele>1125.4</ele>
        <time>2026-07-02T01:20:04.929000Z</time>
        <extensions>
          <gpxtpx:TrackPointExtension>
            <gpxtpx:hr>147</gpxtpx:hr>
          </gpxtpx:TrackPointExtension>
        </extensions>
      </trkpt>
      <trkpt lat="37.849087868288535" lon="112.02315614506553">
        <ele>1125.4</ele>
        <time>2026-07-02T01:20:06.929000Z</time>
        <extensions>
          <gpxtpx:TrackPointExtension>
            <gpxtpx:hr>147</gpxtpx:hr>
          </gpxtpx:TrackPointExtension>
        </extensions>
      </trkpt>
      <trkpt lat="37.84908369083472" lon="112.02322193725537">
        <ele>1125.4</ele>
        <time>2026-07-02T01:20:08.929000Z</time>
        <extensions>
          <gpxtpx:TrackPointExtension>
            <gpxtpx:hr>147</gpxtpx:hr>
          </gpxtpx:TrackPointExtension>
        </extensions>
      </trkpt>
      <trkpt lat="37.8490785133199" lon="112.02328772969632">
        <ele>1125.5</ele>
        <time>2026-07-02T01:20:10.929000Z</time>
        <extensions>
          <gpxtpx:TrackPointExtension>
            <gpxtpx:hr>147</gpxtpx:hr>
          </gpxtpx:TrackPointExtension>
        </extensions>
      </trkpt>
      <trkpt lat="37.84907334125805" lon="112.02335152857044">
        <ele>1125.5</ele>
        <time>2026-07-02T01:20:12.929000Z</time>
        <extensions>
          <gpxtpx:TrackPointExtension>
            <gpxtpx:hr>146</gpxtpx:hr>
          </gpxtpx:TrackPointExtension>
        </extensions>
      </trkpt>
      <trkpt lat="37.849071161765416" lon="112.0234183177608">
        <ele>1125.5</ele>
        <time>2026-07-02T01:20:14.929000Z</time>
        <extensions>
          <gpxtpx:TrackPointExtension>
            <gpxtpx:hr>146</gpxtpx:hr>
          </gpxtpx:TrackPointExtension>
        </extensions>
      </trkpt>
      <trkpt lat="37.84906897970786" lon="112.02348610393997">
        <ele>1125.5</ele>
        <time>2026-07-02T01:20:16.929000Z</time>
        <extensions>
          <gpxtpx:TrackPointExtension>
            <gpxtpx:hr>146</gpxtpx:hr>
          </gpxtpx:TrackPointExtension>
        </extensions>
      </trkpt>
      <trkpt lat="37.849068798088496" lon="112.02355389001904">
        <ele>1125.5</ele>
        <time>2026-07-02T01:20:18.929000Z</time>
        <extensions>
          <gpxtpx:TrackPointExtension>
            <gpxtpx:hr>146</gpxtpx:hr>
          </gpxtpx:TrackPointExtension>
        </extensions>
      </trkpt>
      <trkpt lat="37.849067616415574" lon="112.02362167635859">
        <ele>1125.6</ele>
        <time>2026-07-02T01:20:20.929000Z</time>
        <extensions>
          <gpxtpx:TrackPointExtension>
            <gpxtpx:hr>146</gpxtpx:hr>
          </gpxtpx:TrackPointExtension>
        </extensions>
      </trkpt>
      <trkpt lat="37.84906644018695" lon="112.0236874691203">
        <ele>1125.6</ele>
        <time>2026-07-02T01:20:22.929000Z</time>
        <extensions>
          <gpxtpx:TrackPointExtension>
            <gpxtpx:hr>147</gpxtpx:hr>
          </gpxtpx:TrackPointExtension>
        </extensions>
      </trkpt>
      <trkpt lat="37.84906825655905" lon="112.02375625223826">
        <ele>1125.6</ele>
        <time>2026-07-02T01:20:24.929000Z</time>
        <extensions>
          <gpxtpx:TrackPointExtension>
            <gpxtpx:hr>147</gpxtpx:hr>
          </gpxtpx:TrackPointExtension>
        </extensions>
      </trkpt>
      <trkpt lat="37.849071075873084" lon="112.02382403851806">
        <ele>1125.6</ele>
        <time>2026-07-02T01:20:26.929000Z</time>
        <extensions>
          <gpxtpx:TrackPointExtension>
            <gpxtpx:hr>147</gpxtpx:hr>
          </gpxtpx:TrackPointExtension>
        </extensions>
      </trkpt>
      <trkpt lat="37.84907489013863" lon="112.0238938185502">
        <ele>1125.6</ele>
        <time>2026-07-02T01:20:28.929000Z</time>
        <extensions>
          <gpxtpx:TrackPointExtension>
            <gpxtpx:hr>147</gpxtpx:hr>
          </gpxtpx:TrackPointExtension>
        </extensions>
      </trkpt>
      <trkpt lat="37.8490777096788" lon="112.02396160511739">
        <ele>1125.4</ele>
        <time>2026-07-02T01:20:30.929000Z</time>
        <extensions>
          <gpxtpx:TrackPointExtension>
            <gpxtpx:hr>147</gpxtpx:hr>
          </gpxtpx:TrackPointExtension>
        </extensions>
      </trkpt>
      <trkpt lat="37.84908052933074" lon="112.0240293918266">
        <ele>1125.4</ele>
        <time>2026-07-02T01:20:32.929000Z</time>
        <extensions>
          <gpxtpx:TrackPointExtension>
            <gpxtpx:hr>148</gpxtpx:hr>
          </gpxtpx:TrackPointExtension>
        </extensions>
      </trkpt>
      <trkpt lat="37.849082348930665" lon="112.02409717879826">
        <ele>1125.4</ele>
        <time>2026-07-02T01:20:34.929000Z</time>
        <extensions>
          <gpxtpx:TrackPointExtension>
            <gpxtpx:hr>148</gpxtpx:hr>
          </gpxtpx:TrackPointExtension>
        </extensions>
      </trkpt>
      <trkpt lat="37.849090174937466" lon="112.02416297144394">
        <ele>1125.4</ele>
        <time>2026-07-02T01:20:36.929000Z</time>
        <extensions>
          <gpxtpx:TrackPointExtension>
            <gpxtpx:hr>148</gpxtpx:hr>
          </gpxtpx:TrackPointExtension>
        </extensions>
      </trkpt>
      <trkpt lat="37.84910000933955" lon="112.02422577335638">
        <ele>1125.4</ele>
        <time>2026-07-02T01:20:38.929000Z</time>
        <extensions>
          <gpxtpx:TrackPointExtension>
            <gpxtpx:hr>148</gpxtpx:hr>
          </gpxtpx:TrackPointExtension>
        </extensions>
      </trkpt>
      <trkpt lat="37.84910785942437" lon="112.02428259436596">
        <ele>1125.5</ele>
        <time>2026-07-02T01:20:40.929000Z</time>
        <extensions>
          <gpxtpx:TrackPointExtension>
            <gpxtpx:hr>148</gpxtpx:hr>
          </gpxtpx:TrackPointExtension>
        </extensions>
      </trkpt>
      <trkpt lat="37.84910972185978" lon="112.02433443180082">
        <ele>1125.5</ele>
        <time>2026-07-02T01:20:42.929000Z</time>
        <extensions>
          <gpxtpx:TrackPointExtension>
            <gpxtpx:hr>148</gpxtpx:hr>
          </gpxtpx:TrackPointExtension>
        </extensions>
      </trkpt>
      <trkpt lat="37.84911456100546" lon="112.02439524088757">
        <ele>1125.5</ele>
        <time>2026-07-02T01:20:44.929000Z</time>
        <extensions>
          <gpxtpx:TrackPointExtension>
            <gpxtpx:hr>148</gpxtpx:hr>
          </gpxtpx:TrackPointExtension>
        </extensions>
      </trkpt>
      <trkpt lat="37.84912435604717" lon="112.02447299650426">
        <ele>1125.5</ele>
        <time>2026-07-02T01:20:46.929000Z</time>
        <extensions>
          <gpxtpx:TrackPointExtension>
            <gpxtpx:hr>149</gpxtpx:hr>
          </gpxtpx:TrackPointExtension>
        </extensions>
      </trkpt>
      <trkpt lat="37.84913413800936" lon="112.0245557367406">
        <ele>1125.5</ele>
        <time>2026-07-02T01:20:48.929000Z</time>
        <extensions>
          <gpxtpx:TrackPointExtension>
            <gpxtpx:hr>149</gpxtpx:hr>
          </gpxtpx:TrackPointExtension>
        </extensions>
      </trkpt>
      <trkpt lat="37.84913593469108" lon="112.02463249682181">
        <ele>1125.4</ele>
        <time>2026-07-02T01:20:50.929000Z</time>
        <extensions>
          <gpxtpx:TrackPointExtension>
            <gpxtpx:hr>151</gpxtpx:hr>
          </gpxtpx:TrackPointExtension>
        </extensions>
      </trkpt>
      <trkpt lat="37.84913176223936" lon="112.02469729512093">
        <ele>1125.4</ele>
        <time>2026-07-02T01:20:52.929000Z</time>
        <extensions>
          <gpxtpx:TrackPointExtension>
            <gpxtpx:hr>151</gpxtpx:hr>
          </gpxtpx:TrackPointExtension>
        </extensions>
      </trkpt>
      <trkpt lat="37.84912559220451" lon="112.02476109690038">
        <ele>1125.4</ele>
        <time>2026-07-02T01:20:54.929000Z</time>
        <extensions>
          <gpxtpx:TrackPointExtension>
            <gpxtpx:hr>151</gpxtpx:hr>
          </gpxtpx:TrackPointExtension>
        </extensions>
      </trkpt>
      <trkpt lat="37.849118422106955" lon="112.02482489892873">
        <ele>1125.4</ele>
        <time>2026-07-02T01:20:56.929000Z</time>
        <extensions>
          <gpxtpx:TrackPointExtension>
            <gpxtpx:hr>150</gpxtpx:hr>
          </gpxtpx:TrackPointExtension>
        </extensions>
      </trkpt>
      <trkpt lat="37.849107238267855" lon="112.02489368604999">
        <ele>1125.4</ele>
        <time>2026-07-02T01:20:58.929000Z</time>
        <extensions>
          <gpxtpx:TrackPointExtension>
            <gpxtpx:hr>150</gpxtpx:hr>
          </gpxtpx:TrackPointExtension>
        </extensions>
      </trkpt>
      <trkpt lat="37.84909503856977" lon="112.0249684548357">
        <ele>1125.4</ele>
        <time>2026-07-02T01:21:00.929000Z</time>
        <extensions>
          <gpxtpx:TrackPointExtension>
            <gpxtpx:hr>150</gpxtpx:hr>
          </gpxtpx:TrackPointExtension>
        </extensions>
      </trkpt>
      <trkpt lat="37.84908584213733" lon="112.0250422265373">
        <ele>1125.4</ele>
        <time>2026-07-02T01:21:02.929000Z</time>
        <extensions>
          <gpxtpx:TrackPointExtension>
            <gpxtpx:hr>150</gpxtpx:hr>
          </gpxtpx:TrackPointExtension>
        </extensions>
      </trkpt>
      <trkpt lat="37.84907864880124" lon="112.02511500126825">
        <ele>1125.4</ele>
        <time>2026-07-02T01:21:04.929000Z</time>
        <extensions>
          <gpxtpx:TrackPointExtension>
            <gpxtpx:hr>150</gpxtpx:hr>
          </gpxtpx:TrackPointExtension>
        </extensions>
      </trkpt>
      <trkpt lat="37.849071463488336" lon="112.02518478545028">
        <ele>1125.4</ele>
        <time>2026-07-02T01:21:06.929000Z</time>
        <extensions>
          <gpxtpx:TrackPointExtension>
            <gpxtpx:hr>150</gpxtpx:hr>
          </gpxtpx:TrackPointExtension>
        </extensions>
      </trkpt>
      <trkpt lat="37.849060275013834" lon="112.0252555671771">
        <ele>1125.4</ele>
        <time>2026-07-02T01:21:08.929000Z</time>
        <extensions>
          <gpxtpx:TrackPointExtension>
            <gpxtpx:hr>150</gpxtpx:hr>
          </gpxtpx:TrackPointExtension>
        </extensions>
      </trkpt>
      <trkpt lat="37.84904808387535" lon="112.0253273460953">
        <ele>1124.6</ele>
        <time>2026-07-02T01:21:10.929000Z</time>
        <extensions>
          <gpxtpx:TrackPointExtension>
            <gpxtpx:hr>150</gpxtpx:hr>
          </gpxtpx:TrackPointExtension>
        </extensions>
      </trkpt>
      <trkpt lat="37.84903588761796" lon="112.02540111900477">
        <ele>1124.6</ele>
        <time>2026-07-02T01:21:12.929000Z</time>
        <extensions>
          <gpxtpx:TrackPointExtension>
            <gpxtpx:hr>148</gpxtpx:hr>
          </gpxtpx:TrackPointExtension>
        </extensions>
      </trkpt>
      <trkpt lat="37.849028700186715" lon="112.02547190074283">
        <ele>1124.6</ele>
        <time>2026-07-02T01:21:14.929000Z</time>
        <extensions>
          <gpxtpx:TrackPointExtension>
            <gpxtpx:hr>148</gpxtpx:hr>
          </gpxtpx:TrackPointExtension>
        </extensions>
      </trkpt>
      <trkpt lat="37.8490235236949" lon="112.02553869473253">
        <ele>1124.6</ele>
        <time>2026-07-02T01:21:16.929000Z</time>
        <extensions>
          <gpxtpx:TrackPointExtension>
            <gpxtpx:hr>149</gpxtpx:hr>
          </gpxtpx:TrackPointExtension>
        </extensions>
      </trkpt>
      <trkpt lat="37.84901836041401" lon="112.02560050426939">
        <ele>1124.6</ele>
        <time>2026-07-02T01:21:18.929000Z</time>
        <extensions>
          <gpxtpx:TrackPointExtension>
            <gpxtpx:hr>149</gpxtpx:hr>
          </gpxtpx:TrackPointExtension>
        </extensions>
      </trkpt>
      <trkpt lat="37.849008227828264" lon="112.02565035147745">
        <ele>1124.4</ele>
        <time>2026-07-02T01:21:20.929000Z</time>
        <extensions>
          <gpxtpx:TrackPointExtension>
            <gpxtpx:hr>149</gpxtpx:hr>
          </gpxtpx:TrackPointExtension>
        </extensions>
      </trkpt>
    </trkseg>
  </trk>
</gpx>