<?xml version="1.0" encoding="UTF-8"?>
<gpx xmlns="http://www.topografix.com/GPX/1/1" xmlns:gpxtpx="http://www.garmin.com/xmlschemas/TrackPointExtension/v1" xmlns:xsi="http://www.w3.org/2001/XMLSchema-instance" xsi:schemaLocation="http://www.topografix.com/GPX/1/1 http://www.topografix.com/GPX/1/1/gpx.xsd" version="1.1" creator="gpx.py -- https://github.com/tkrajina/gpxpy">
  <trk>
    <name>gpx from keep</name>
    <type>Run</type>
    <trkseg>
      <trkpt lat="37.847402915102286" lon="112.0291589138702">
        <ele>1151.4000244140625</ele>
        <time>2022-05-10T08:39:37Z</time>
        <extensions>
          <gpxtpx:TrackPointExtension>
            <gpxtpx:hr>73</gpxtpx:hr>
          </gpxtpx:TrackPointExtension>
        </extensions>
      </trkpt>
      <trkpt lat="37.847390324906904" lon="112.02899639844966">
        <ele>1151.5999755859375</ele>
        <time>2022-05-10T08:39:42Z</time>
        <extensions>
          <gpxtpx:TrackPointExtension>
            <gpxtpx:hr>81</gpxtpx:hr>
          </gpxtpx:TrackPointExtension>
        </extensions>
      </trkpt>
      <trkpt lat="37.847409044760056" lon="112.02871423710205">
        <ele>1151.4000244140625</ele>
        <time>2022-05-10T08:39:52Z</time>
        <extensions>
          <gpxtpx:TrackPointExtension>
            <gpxtpx:hr>86</gpxtpx:hr>
          </gpxtpx:TrackPointExtension>
        </extensions>
      </trkpt>
      <trkpt lat="37.84741735326259" lon="112.02859359649318">
        <ele>1151.5999755859375</ele>
        <time>2022-05-10T08:39:56Z</time>
        <extensions>
          <gpxtpx:TrackPointExtension>
            <gpxtpx:hr>91</gpxtpx:hr>
          </gpxtpx:TrackPointExtension>
        </extensions>
      </trkpt>
      <trkpt lat="37.847408669570605" lon="112.0284689703757">
        <ele>1151.800048828125</ele>
        <time>2022-05-10T08:40:00Z</time>
        <extensions>
          <gpxtpx:TrackPointExtension>
            <gpxtpx:hr>101</gpxtpx:hr>
          </gpxtpx:TrackPointExtension>
        </extensions>
      </trkpt>
      <trkpt lat="37.847406071358236" lon="112.02831144272875">
        <ele>1151.5999755859375</ele>
        <time>2022-05-10T08:40:05Z</time>
        <extensions>
          <gpxtpx:TrackPointExtension>
            <gpxtpx:hr>108</gpxtpx:hr>
          </gpxtpx:TrackPointExtension>
        </extensions>
      </trkpt>
      <trkpt lat="37.84740038146307" lon="112.02818980848906">
        <ele>1151.5999755859375</ele>
        <time>2022-05-10T08:40:09Z</time>
        <extensions>
          <gpxtpx:TrackPointExtension>
            <gpxtpx:hr>114</gpxtpx:hr>
          </gpxtpx:TrackPointExtension>
        </extensions>
      </trkpt>
      <trkpt lat="37.84741775959752" lon="112.0280432469649">
        <ele>1151.5999755859375</ele>
        <time>2022-05-10T08:40:14Z</time>
        <extensions>
          <gpxtpx:TrackPointExtension>
            <gpxtpx:hr>120</gpxtpx:hr>
          </gpxtpx:TrackPointExtension>
        </extensions>
      </trkpt>
      <trkpt lat="37.847431078803204" lon="112.0279196175725">
        <ele>1151.4000244140625</ele>
        <time>2022-05-10T08:40:18Z</time>
        <extensions>
          <gpxtpx:TrackPointExtension>
            <gpxtpx:hr>122</gpxtpx:hr>
          </gpxtpx:TrackPointExtension>
        </extensions>
      </trkpt>
      <trkpt lat="37.847456423438786" lon="112.0277870143327">
        <ele>1151.199951171875</ele>
        <time>2022-05-10T08:40:22Z</time>
        <extensions>
          <gpxtpx:TrackPointExtension>
            <gpxtpx:hr>124</gpxtpx:hr>
          </gpxtpx:TrackPointExtension>
        </extensions>
      </trkpt>
      <trkpt lat="37.847503910735576" lon="112.02760057177647">
        <ele>1151.199951171875</ele>
        <time>2022-05-10T08:40:28Z</time>
        <extensions>
          <gpxtpx:TrackPointExtension>
            <gpxtpx:hr>127</gpxtpx:hr>
          </gpxtpx:TrackPointExtension>
        </extensions>
      </trkpt>
      <trkpt lat="37.847569592330004" lon="112.02734035186515">
        <ele>1151.800048828125</ele>
        <time>2022-05-10T08:40:37Z</time>
        <extensions>
          <gpxtpx:TrackPointExtension>
            <gpxtpx:hr>130</gpxtpx:hr>
          </gpxtpx:TrackPointExtension>
        </extensions>
      </trkpt>
      <trkpt lat="37.84764197505066" lon="112.02719677889587">
        <ele>1152.199951171875</ele>
        <time>2022-05-10T08:40:43Z</time>
        <extensions>
          <gpxtpx:TrackPointExtension>
            <gpxtpx:hr>130</gpxtpx:hr>
          </gpxtpx:TrackPointExtension>
        </extensions>
      </trkpt>
      <trkpt lat="37.84770853297623" lon="112.02698541365595">
        <ele>1152.0</ele>
        <time>2022-05-10T08:40:50Z</time>
        <extensions>
          <gpxtpx:TrackPointExtension>
            <gpxtpx:hr>133</gpxtpx:hr>
          </gpxtpx:TrackPointExtension>
        </extensions>
      </trkpt>
      <trkpt lat="37.84784014671496" lon="112.02675709382235">
        <ele>1152.0</ele>
        <time>2022-05-10T08:40:59Z</time>
        <extensions>
          <gpxtpx:TrackPointExtension>
            <gpxtpx:hr>134</gpxtpx:hr>
          </gpxtpx:TrackPointExtension>
        </extensions>
      </trkpt>
      <trkpt lat="37.84792069121679" lon="112.02655270866327">
        <ele>1152.0</ele>
        <time>2022-05-10T08:41:06Z</time>
        <extensions>
          <gpxtpx:TrackPointExtension>
            <gpxtpx:hr>135</gpxtpx:hr>
          </gpxtpx:TrackPointExtension>
        </extensions>
      </trkpt>
      <trkpt lat="37.84806185701296" lon="112.02649785948509">
        <ele>1151.4000244140625</ele>
        <time>2022-05-10T08:41:12Z</time>
        <extensions>
          <gpxtpx:TrackPointExtension>
            <gpxtpx:hr>136</gpxtpx:hr>
          </gpxtpx:TrackPointExtension>
        </extensions>
      </trkpt>
      <trkpt lat="37.84819083655183" lon="112.02651379515791">
        <ele>1150.800048828125</ele>
        <time>2022-05-10T08:41:17Z</time>
        <extensions>
          <gpxtpx:TrackPointExtension>
            <gpxtpx:hr>135</gpxtpx:hr>
          </gpxtpx:TrackPointExtension>
        </extensions>
      </trkpt>
      <trkpt lat="37.848323772639446" lon="112.0265466785075">
        <ele>1150.5999755859375</ele>
        <time>2022-05-10T08:41:22Z</time>
        <extensions>
          <gpxtpx:TrackPointExtension>
            <gpxtpx:hr>135</gpxtpx:hr>
          </gpxtpx:TrackPointExtension>
        </extensions>
      </trkpt>
      <trkpt lat="37.848493878317136" lon="112.02651674957526">
        <ele>1149.5999755859375</ele>
        <time>2022-05-10T08:41:28Z</time>
        <extensions>
          <gpxtpx:TrackPointExtension>
            <gpxtpx:hr>134</gpxtpx:hr>
          </gpxtpx:TrackPointExtension>
        </extensions>
      </trkpt>
      <trkpt lat="37.84859396478555" lon="112.02648981993416">
        <ele>1149.800048828125</ele>
        <time>2022-05-10T08:41:32Z</time>
        <extensions>
          <gpxtpx:TrackPointExtension>
            <gpxtpx:hr>134</gpxtpx:hr>
          </gpxtpx:TrackPointExtension>
        </extensions>
      </trkpt>
      <trkpt lat="37.8487369362724" lon="112.02650974171459">
        <ele>1149.800048828125</ele>
        <time>2022-05-10T08:41:38Z</time>
        <extensions>
          <gpxtpx:TrackPointExtension>
            <gpxtpx:hr>133</gpxtpx:hr>
          </gpxtpx:TrackPointExtension>
        </extensions>
      </trkpt>
      <trkpt lat="37.84894184787086" lon="112.02655657370626">
        <ele>1149.5999755859375</ele>
        <time>2022-05-10T08:41:46Z</time>
        <extensions>
          <gpxtpx:TrackPointExtension>
            <gpxtpx:hr>134</gpxtpx:hr>
          </gpxtpx:TrackPointExtension>
        </extensions>
      </trkpt>
      <trkpt lat="37.84897232030197" lon="112.02637711953284">
        <ele>1149.4000244140625</ele>
        <time>2022-05-10T08:41:51Z</time>
        <extensions>
          <gpxtpx:TrackPointExtension>
            <gpxtpx:hr>134</gpxtpx:hr>
          </gpxtpx:TrackPointExtension>
        </extensions>
      </trkpt>
      <trkpt lat="37.848974674417754" lon="112.02624153512576">
        <ele>1149.4000244140625</ele>
        <time>2022-05-10T08:41:56Z</time>
        <extensions>
          <gpxtpx:TrackPointExtension>
            <gpxtpx:hr>134</gpxtpx:hr>
          </gpxtpx:TrackPointExtension>
        </extensions>
      </trkpt>
      <trkpt lat="37.848938934169986" lon="112.02613985172586">
        <ele>1150.0</ele>
        <time>2022-05-10T08:42:01Z</time>
        <extensions>
          <gpxtpx:TrackPointExtension>
            <gpxtpx:hr>132</gpxtpx:hr>
          </gpxtpx:TrackPointExtension>
        </extensions>
      </trkpt>
      <trkpt lat="37.848900418113544" lon="112.02595243286298">
        <ele>1150.199951171875</ele>
        <time>2022-05-10T08:42:06Z</time>
        <extensions>
          <gpxtpx:TrackPointExtension>
            <gpxtpx:hr>131</gpxtpx:hr>
          </gpxtpx:TrackPointExtension>
        </extensions>
      </trkpt>
      <trkpt lat="37.84890175786803" lon="112.02582283202217">
        <ele>1149.800048828125</ele>
        <time>2022-05-10T08:42:11Z</time>
        <extensions>
          <gpxtpx:TrackPointExtension>
            <gpxtpx:hr>132</gpxtpx:hr>
          </gpxtpx:TrackPointExtension>
        </extensions>
      </trkpt>
      <trkpt lat="37.84892320080279" lon="112.02565534629937">
        <ele>1149.5999755859375</ele>
        <time>2022-05-10T08:42:15Z</time>
        <extensions>
          <gpxtpx:TrackPointExtension>
            <gpxtpx:hr>135</gpxtpx:hr>
          </gpxtpx:TrackPointExtension>
        </extensions>
      </trkpt>
      <trkpt lat="37.84895759676315" lon="112.02550680132728">
        <ele>1150.0</ele>
        <time>2022-05-10T08:42:19Z</time>
        <extensions>
          <gpxtpx:TrackPointExtension>
            <gpxtpx:hr>138</gpxtpx:hr>
          </gpxtpx:TrackPointExtension>
        </extensions>
      </trkpt>
      <trkpt lat="37.848988134452746" lon="112.02530442437241">
        <ele>1151.0</ele>
        <time>2022-05-10T08:42:25Z</time>
        <extensions>
          <gpxtpx:TrackPointExtension>
            <gpxtpx:hr>140</gpxtpx:hr>
          </gpxtpx:TrackPointExtension>
        </extensions>
      </trkpt>
      <trkpt lat="37.84900541847719" lon="112.02519775316256">
        <ele>1151.0</ele>
        <time>2022-05-10T08:42:29Z</time>
        <extensions>
          <gpxtpx:TrackPointExtension>
            <gpxtpx:hr>141</gpxtpx:hr>
          </gpxtpx:TrackPointExtension>
        </extensions>
      </trkpt>
      <trkpt lat="37.8490287695901" lon="112.02506615903093">
        <ele>1151.5999755859375</ele>
        <time>2022-05-10T08:42:35Z</time>
        <extensions>
          <gpxtpx:TrackPointExtension>
            <gpxtpx:hr>140</gpxtpx:hr>
          </gpxtpx:TrackPointExtension>
        </extensions>
      </trkpt>
      <trkpt lat="37.849071456626135" lon="112.02480895426748">
        <ele>1153.0</ele>
        <time>2022-05-10T08:42:44Z</time>
        <extensions>
          <gpxtpx:TrackPointExtension>
            <gpxtpx:hr>140</gpxtpx:hr>
          </gpxtpx:TrackPointExtension>
        </extensions>
      </trkpt>
      <trkpt lat="37.84904282163405" lon="112.0246693928922">
        <ele>1154.0</ele>
        <time>2022-05-10T08:42:49Z</time>
        <extensions>
          <gpxtpx:TrackPointExtension>
            <gpxtpx:hr>142</gpxtpx:hr>
          </gpxtpx:TrackPointExtension>
        </extensions>
      </trkpt>
      <trkpt lat="37.8491092450499" lon="112.02451387055619">
        <ele>1152.800048828125</ele>
        <time>2022-05-10T08:42:56Z</time>
        <extensions>
          <gpxtpx:TrackPointExtension>
            <gpxtpx:hr>143</gpxtpx:hr>
          </gpxtpx:TrackPointExtension>
        </extensions>
      </trkpt>
      <trkpt lat="37.84911751380771" lon="112.02441318439145">
        <ele>1151.800048828125</ele>
        <time>2022-05-10T08:43:00Z</time>
        <extensions>
          <gpxtpx:TrackPointExtension>
            <gpxtpx:hr>144</gpxtpx:hr>
          </gpxtpx:TrackPointExtension>
        </extensions>
      </trkpt>
      <trkpt lat="37.84914692418073" lon="112.02426065838168">
        <ele>1151.199951171875</ele>
        <time>2022-05-10T08:43:05Z</time>
        <extensions>
          <gpxtpx:TrackPointExtension>
            <gpxtpx:hr>143</gpxtpx:hr>
          </gpxtpx:TrackPointExtension>
        </extensions>
      </trkpt>
      <trkpt lat="37.84909846316776" lon="112.0240553082873">
        <ele>1150.800048828125</ele>
        <time>2022-05-10T08:43:11Z</time>
        <extensions>
          <gpxtpx:TrackPointExtension>
            <gpxtpx:hr>142</gpxtpx:hr>
          </gpxtpx:TrackPointExtension>
        </extensions>
      </trkpt>
      <trkpt lat="37.84911707809055" lon="112.02382602671938">
        <ele>1151.5999755859375</ele>
        <time>2022-05-10T08:43:19Z</time>
        <extensions>
          <gpxtpx:TrackPointExtension>
            <gpxtpx:hr>140</gpxtpx:hr>
          </gpxtpx:TrackPointExtension>
        </extensions>
      </trkpt>
      <trkpt lat="37.849122729523444" lon="112.02358279234481">
        <ele>1150.5999755859375</ele>
        <time>2022-05-10T08:43:27Z</time>
        <extensions>
          <gpxtpx:TrackPointExtension>
            <gpxtpx:hr>140</gpxtpx:hr>
          </gpxtpx:TrackPointExtension>
        </extensions>
      </trkpt>
      <trkpt lat="37.849109596030175" lon="112.02325881742125">
        <ele>1150.0</ele>
        <time>2022-05-10T08:43:37Z</time>
        <extensions>
          <gpxtpx:TrackPointExtension>
            <gpxtpx:hr>140</gpxtpx:hr>
          </gpxtpx:TrackPointExtension>
        </extensions>
      </trkpt>
      <trkpt lat="37.849114435774275" lon="112.02294680555418">
        <ele>1150.5999755859375</ele>
        <time>2022-05-10T08:43:47Z</time>
        <extensions>
          <gpxtpx:TrackPointExtension>
            <gpxtpx:hr>137</gpxtpx:hr>
          </gpxtpx:TrackPointExtension>
        </extensions>
      </trkpt>
      <trkpt lat="37.849113182633495" lon="112.02266968631002">
        <ele>1150.800048828125</ele>
        <time>2022-05-10T08:43:56Z</time>
        <extensions>
          <gpxtpx:TrackPointExtension>
            <gpxtpx:hr>137</gpxtpx:hr>
          </gpxtpx:TrackPointExtension>
        </extensions>
      </trkpt>
      <trkpt lat="37.84911652237149" lon="112.02254408578618">
        <ele>1150.800048828125</ele>
        <time>2022-05-10T08:44:00Z</time>
        <extensions>
          <gpxtpx:TrackPointExtension>
            <gpxtpx:hr>137</gpxtpx:hr>
          </gpxtpx:TrackPointExtension>
        </extensions>
      </trkpt>
      <trkpt lat="37.849108130304295" lon="112.02231880520384">
        <ele>1151.0</ele>
        <time>2022-05-10T08:44:07Z</time>
        <extensions>
          <gpxtpx:TrackPointExtension>
            <gpxtpx:hr>138</gpxtpx:hr>
          </gpxtpx:TrackPointExtension>
        </extensions>
      </trkpt>
      <trkpt lat="37.84910389424918" lon="112.02203670742016">
        <ele>1151.5999755859375</ele>
        <time>2022-05-10T08:44:16Z</time>
        <extensions>
          <gpxtpx:TrackPointExtension>
            <gpxtpx:hr>139</gpxtpx:hr>
          </gpxtpx:TrackPointExtension>
        </extensions>
      </trkpt>
      <trkpt lat="37.84913154054006" lon="112.02180046103051">
        <ele>1152.0</ele>
        <time>2022-05-10T08:44:24Z</time>
        <extensions>
          <gpxtpx:TrackPointExtension>
            <gpxtpx:hr>139</gpxtpx:hr>
          </gpxtpx:TrackPointExtension>
        </extensions>
      </trkpt>
      <trkpt lat="37.84914123676335" lon="112.02154527929355">
        <ele>1152.4000244140625</ele>
        <time>2022-05-10T08:44:32Z</time>
        <extensions>
          <gpxtpx:TrackPointExtension>
            <gpxtpx:hr>137</gpxtpx:hr>
          </gpxtpx:TrackPointExtension>
        </extensions>
      </trkpt>
      <trkpt lat="37.849136896770695" lon="112.02130305936078">
        <ele>1152.0</ele>
        <time>2022-05-10T08:44:40Z</time>
        <extensions>
          <gpxtpx:TrackPointExtension>
            <gpxtpx:hr>138</gpxtpx:hr>
          </gpxtpx:TrackPointExtension>
        </extensions>
      </trkpt>
      <trkpt lat="37.84915546914151" lon="112.02109472894524">
        <ele>1152.800048828125</ele>
        <time>2022-05-10T08:44:47Z</time>
        <extensions>
          <gpxtpx:TrackPointExtension>
            <gpxtpx:hr>139</gpxtpx:hr>
          </gpxtpx:TrackPointExtension>
        </extensions>
      </trkpt>
      <trkpt lat="37.849149866505975" lon="112.02094919965192">
        <ele>1152.800048828125</ele>
        <time>2022-05-10T08:44:52Z</time>
        <extensions>
          <gpxtpx:TrackPointExtension>
            <gpxtpx:hr>139</gpxtpx:hr>
          </gpxtpx:TrackPointExtension>
        </extensions>
      </trkpt>
      <trkpt lat="37.84913562657624" lon="112.02067110123483">
        <ele>1152.800048828125</ele>
        <time>2022-05-10T08:45:01Z</time>
        <extensions>
          <gpxtpx:TrackPointExtension>
            <gpxtpx:hr>139</gpxtpx:hr>
          </gpxtpx:TrackPointExtension>
        </extensions>
      </trkpt>
      <trkpt lat="37.84915226182859" lon="112.02044084593241">
        <ele>1152.800048828125</ele>
        <time>2022-05-10T08:45:09Z</time>
        <extensions>
          <gpxtpx:TrackPointExtension>
            <gpxtpx:hr>140</gpxtpx:hr>
          </gpxtpx:TrackPointExtension>
        </extensions>
      </trkpt>
      <trkpt lat="37.849148070586836" lon="112.0201468021395">
        <ele>1153.199951171875</ele>
        <time>2022-05-10T08:45:18Z</time>
        <extensions>
          <gpxtpx:TrackPointExtension>
            <gpxtpx:hr>140</gpxtpx:hr>
          </gpxtpx:TrackPointExtension>
        </extensions>
      </trkpt>
      <trkpt lat="37.84913171405137" lon="112.01991256712424">
        <ele>1153.5999755859375</ele>
        <time>2022-05-10T08:45:26Z</time>
        <extensions>
          <gpxtpx:TrackPointExtension>
            <gpxtpx:hr>141</gpxtpx:hr>
          </gpxtpx:TrackPointExtension>
        </extensions>
      </trkpt>
      <trkpt lat="37.84915505929938" lon="112.01978896754393">
        <ele>1153.199951171875</ele>
        <time>2022-05-10T08:45:30Z</time>
        <extensions>
          <gpxtpx:TrackPointExtension>
            <gpxtpx:hr>142</gpxtpx:hr>
          </gpxtpx:TrackPointExtension>
        </extensions>
      </trkpt>
      <trkpt lat="37.84919499261585" lon="112.01945405742691">
        <ele>1153.4000244140625</ele>
        <time>2022-05-10T08:45:40Z</time>
        <extensions>
          <gpxtpx:TrackPointExtension>
            <gpxtpx:hr>142</gpxtpx:hr>
          </gpxtpx:TrackPointExtension>
        </extensions>
      </trkpt>
      <trkpt lat="37.8492137698052" lon="112.01917496969999">
        <ele>1154.800048828125</ele>
        <time>2022-05-10T08:45:48Z</time>
        <extensions>
          <gpxtpx:TrackPointExtension>
            <gpxtpx:hr>142</gpxtpx:hr>
          </gpxtpx:TrackPointExtension>
        </extensions>
      </trkpt>
      <trkpt lat="37.8492121322671" lon="112.01904439847424">
        <ele>1155.199951171875</ele>
        <time>2022-05-10T08:45:52Z</time>
        <extensions>
          <gpxtpx:TrackPointExtension>
            <gpxtpx:hr>142</gpxtpx:hr>
          </gpxtpx:TrackPointExtension>
        </extensions>
      </trkpt>
      <trkpt lat="37.849214515153406" lon="112.01890685015468">
        <ele>1155.199951171875</ele>
        <time>2022-05-10T08:45:56Z</time>
        <extensions>
          <gpxtpx:TrackPointExtension>
            <gpxtpx:hr>143</gpxtpx:hr>
          </gpxtpx:TrackPointExtension>
        </extensions>
      </trkpt>
      <trkpt lat="37.84921384796599" lon="112.01878724365307">
        <ele>1155.0</ele>
        <time>2022-05-10T08:46:00Z</time>
        <extensions>
          <gpxtpx:TrackPointExtension>
            <gpxtpx:hr>143</gpxtpx:hr>
          </gpxtpx:TrackPointExtension>
        </extensions>
      </trkpt>
      <trkpt lat="37.84921219480103" lon="112.01866265406024">
        <ele>1155.0</ele>
        <time>2022-05-10T08:46:04Z</time>
        <extensions>
          <gpxtpx:TrackPointExtension>
            <gpxtpx:hr>143</gpxtpx:hr>
          </gpxtpx:TrackPointExtension>
        </extensions>
      </trkpt>
      <trkpt lat="37.84920983948397" lon="112.01843141676113">
        <ele>1155.0</ele>
        <time>2022-05-10T08:46:11Z</time>
        <extensions>
          <gpxtpx:TrackPointExtension>
            <gpxtpx:hr>144</gpxtpx:hr>
          </gpxtpx:TrackPointExtension>
        </extensions>
      </trkpt>
      <trkpt lat="37.84922551050867" lon="112.01819220504568">
        <ele>1155.5999755859375</ele>
        <time>2022-05-10T08:46:19Z</time>
        <extensions>
          <gpxtpx:TrackPointExtension>
            <gpxtpx:hr>144</gpxtpx:hr>
          </gpxtpx:TrackPointExtension>
        </extensions>
      </trkpt>
      <trkpt lat="37.849228250377834" lon="112.01792807889099">
        <ele>1154.800048828125</ele>
        <time>2022-05-10T08:46:27Z</time>
        <extensions>
          <gpxtpx:TrackPointExtension>
            <gpxtpx:hr>145</gpxtpx:hr>
          </gpxtpx:TrackPointExtension>
        </extensions>
      </trkpt>
      <trkpt lat="37.84925484168225" lon="112.01771876970359">
        <ele>1155.4000244140625</ele>
        <time>2022-05-10T08:46:34Z</time>
        <extensions>
          <gpxtpx:TrackPointExtension>
            <gpxtpx:hr>145</gpxtpx:hr>
          </gpxtpx:TrackPointExtension>
        </extensions>
      </trkpt>
      <trkpt lat="37.8492703003936" lon="112.01755630728734">
        <ele>1155.199951171875</ele>
        <time>2022-05-10T08:46:39Z</time>
        <extensions>
          <gpxtpx:TrackPointExtension>
            <gpxtpx:hr>146</gpxtpx:hr>
          </gpxtpx:TrackPointExtension>
        </extensions>
      </trkpt>
      <trkpt lat="37.84930300361442" lon="112.01730812868881">
        <ele>1155.800048828125</ele>
        <time>2022-05-10T08:46:47Z</time>
        <extensions>
          <gpxtpx:TrackPointExtension>
            <gpxtpx:hr>146</gpxtpx:hr>
          </gpxtpx:TrackPointExtension>
        </extensions>
      </trkpt>
      <trkpt lat="37.84934270075082" lon="112.01706294080802">
        <ele>1156.5999755859375</ele>
        <time>2022-05-10T08:46:55Z</time>
        <extensions>
          <gpxtpx:TrackPointExtension>
            <gpxtpx:hr>146</gpxtpx:hr>
          </gpxtpx:TrackPointExtension>
        </extensions>
      </trkpt>
      <trkpt lat="37.84936513736302" lon="112.01690945024922">
        <ele>1156.5999755859375</ele>
        <time>2022-05-10T08:47:00Z</time>
        <extensions>
          <gpxtpx:TrackPointExtension>
            <gpxtpx:hr>145</gpxtpx:hr>
          </gpxtpx:TrackPointExtension>
        </extensions>
      </trkpt>
      <trkpt lat="37.84939185960249" lon="112.01665529631632">
        <ele>1156.800048828125</ele>
        <time>2022-05-10T08:47:08Z</time>
        <extensions>
          <gpxtpx:TrackPointExtension>
            <gpxtpx:hr>146</gpxtpx:hr>
          </gpxtpx:TrackPointExtension>
        </extensions>
      </trkpt>
      <trkpt lat="37.849407313181956" lon="112.016495828137">
        <ele>1156.800048828125</ele>
        <time>2022-05-10T08:47:13Z</time>
        <extensions>
          <gpxtpx:TrackPointExtension>
            <gpxtpx:hr>145</gpxtpx:hr>
          </gpxtpx:TrackPointExtension>
        </extensions>
      </trkpt>
      <trkpt lat="37.84942492856388" lon="112.01627955079384">
        <ele>1156.800048828125</ele>
        <time>2022-05-10T08:47:20Z</time>
        <extensions>
          <gpxtpx:TrackPointExtension>
            <gpxtpx:hr>145</gpxtpx:hr>
          </gpxtpx:TrackPointExtension>
        </extensions>
      </trkpt>
      <trkpt lat="37.8494496619725" lon="112.01602241098327">
        <ele>1156.5999755859375</ele>
        <time>2022-05-10T08:47:28Z</time>
        <extensions>
          <gpxtpx:TrackPointExtension>
            <gpxtpx:hr>145</gpxtpx:hr>
          </gpxtpx:TrackPointExtension>
        </extensions>
      </trkpt>
      <trkpt lat="37.84945229379268" lon="112.01580015798015">
        <ele>1157.5999755859375</ele>
        <time>2022-05-10T08:47:35Z</time>
        <extensions>
          <gpxtpx:TrackPointExtension>
            <gpxtpx:hr>146</gpxtpx:hr>
          </gpxtpx:TrackPointExtension>
        </extensions>
      </trkpt>
      <trkpt lat="37.849475034813345" lon="112.01554102801698">
        <ele>1158.0</ele>
        <time>2022-05-10T08:47:43Z</time>
        <extensions>
          <gpxtpx:TrackPointExtension>
            <gpxtpx:hr>146</gpxtpx:hr>
          </gpxtpx:TrackPointExtension>
        </extensions>
      </trkpt>
      <trkpt lat="37.849492500523084" lon="112.0153785738705">
        <ele>1158.5999755859375</ele>
        <time>2022-05-10T08:47:48Z</time>
        <extensions>
          <gpxtpx:TrackPointExtension>
            <gpxtpx:hr>146</gpxtpx:hr>
          </gpxtpx:TrackPointExtension>
        </extensions>
      </trkpt>
      <trkpt lat="37.849512223097165" lon="112.01512642319672">
        <ele>1158.199951171875</ele>
        <time>2022-05-10T08:47:56Z</time>
        <extensions>
          <gpxtpx:TrackPointExtension>
            <gpxtpx:hr>147</gpxtpx:hr>
          </gpxtpx:TrackPointExtension>
        </extensions>
      </trkpt>
      <trkpt lat="37.849543065486856" lon="112.01483341102264">
        <ele>1158.0</ele>
        <time>2022-05-10T08:48:05Z</time>
        <extensions>
          <gpxtpx:TrackPointExtension>
            <gpxtpx:hr>147</gpxtpx:hr>
          </gpxtpx:TrackPointExtension>
        </extensions>
      </trkpt>
      <trkpt lat="37.84958499688176" lon="112.01451050092288">
        <ele>1158.4000244140625</ele>
        <time>2022-05-10T08:48:15Z</time>
        <extensions>
          <gpxtpx:TrackPointExtension>
            <gpxtpx:hr>146</gpxtpx:hr>
          </gpxtpx:TrackPointExtension>
        </extensions>
      </trkpt>
      <trkpt lat="37.84960671789713" lon="112.01426034813171">
        <ele>1158.4000244140625</ele>
        <time>2022-05-10T08:48:23Z</time>
        <extensions>
          <gpxtpx:TrackPointExtension>
            <gpxtpx:hr>147</gpxtpx:hr>
          </gpxtpx:TrackPointExtension>
        </extensions>
      </trkpt>
      <trkpt lat="37.84963043171473" lon="112.01401318628704">
        <ele>1159.199951171875</ele>
        <time>2022-05-10T08:48:31Z</time>
        <extensions>
          <gpxtpx:TrackPointExtension>
            <gpxtpx:hr>148</gpxtpx:hr>
          </gpxtpx:TrackPointExtension>
        </extensions>
      </trkpt>
      <trkpt lat="37.849653086148685" lon="112.01378695451272">
        <ele>1159.5999755859375</ele>
        <time>2022-05-10T08:48:38Z</time>
        <extensions>
          <gpxtpx:TrackPointExtension>
            <gpxtpx:hr>148</gpxtpx:hr>
          </gpxtpx:TrackPointExtension>
        </extensions>
      </trkpt>
      <trkpt lat="37.84968401285741" lon="112.01346704285527">
        <ele>1159.800048828125</ele>
        <time>2022-05-10T08:48:48Z</time>
        <extensions>
          <gpxtpx:TrackPointExtension>
            <gpxtpx:hr>146</gpxtpx:hr>
          </gpxtpx:TrackPointExtension>
        </extensions>
      </trkpt>
      <trkpt lat="37.84969774844962" lon="112.01321291025971">
        <ele>1159.199951171875</ele>
        <time>2022-05-10T08:48:56Z</time>
        <extensions>
          <gpxtpx:TrackPointExtension>
            <gpxtpx:hr>147</gpxtpx:hr>
          </gpxtpx:TrackPointExtension>
        </extensions>
      </trkpt>
      <trkpt lat="37.8497296927456" lon="112.01288801941085">
        <ele>1159.4000244140625</ele>
        <time>2022-05-10T08:49:06Z</time>
        <extensions>
          <gpxtpx:TrackPointExtension>
            <gpxtpx:hr>149</gpxtpx:hr>
          </gpxtpx:TrackPointExtension>
        </extensions>
      </trkpt>
      <trkpt lat="37.84975735505381" lon="112.01266079578684">
        <ele>1158.5999755859375</ele>
        <time>2022-05-10T08:49:13Z</time>
        <extensions>
          <gpxtpx:TrackPointExtension>
            <gpxtpx:hr>148</gpxtpx:hr>
          </gpxtpx:TrackPointExtension>
        </extensions>
      </trkpt>
      <trkpt lat="37.849781295105636" lon="112.01233790269268">
        <ele>1160.199951171875</ele>
        <time>2022-05-10T08:49:23Z</time>
        <extensions>
          <gpxtpx:TrackPointExtension>
            <gpxtpx:hr>148</gpxtpx:hr>
          </gpxtpx:TrackPointExtension>
        </extensions>
      </trkpt>
      <trkpt lat="37.8498090781153" lon="112.01206982233329">
        <ele>1160.4000244140625</ele>
        <time>2022-05-10T08:49:31Z</time>
        <extensions>
          <gpxtpx:TrackPointExtension>
            <gpxtpx:hr>149</gpxtpx:hr>
          </gpxtpx:TrackPointExtension>
        </extensions>
      </trkpt>
      <trkpt lat="37.84982575601374" lon="112.01183762092587">
        <ele>1160.5999755859375</ele>
        <time>2022-05-10T08:49:38Z</time>
        <extensions>
          <gpxtpx:TrackPointExtension>
            <gpxtpx:hr>150</gpxtpx:hr>
          </gpxtpx:TrackPointExtension>
        </extensions>
      </trkpt>
      <trkpt lat="37.84984253926233" lon="112.01156954450443">
        <ele>1160.5999755859375</ele>
        <time>2022-05-10T08:49:46Z</time>
        <extensions>
          <gpxtpx:TrackPointExtension>
            <gpxtpx:hr>151</gpxtpx:hr>
          </gpxtpx:TrackPointExtension>
        </extensions>
      </trkpt>
      <trkpt lat="37.84985129900773" lon="112.01130944283247">
        <ele>1161.0</ele>
        <time>2022-05-10T08:49:54Z</time>
        <extensions>
          <gpxtpx:TrackPointExtension>
            <gpxtpx:hr>155</gpxtpx:hr>
          </gpxtpx:TrackPointExtension>
        </extensions>
      </trkpt>
      <trkpt lat="37.84988526479665" lon="112.0109805777429">
        <ele>1161.4000244140625</ele>
        <time>2022-05-10T08:50:04Z</time>
        <extensions>
          <gpxtpx:TrackPointExtension>
            <gpxtpx:hr>156</gpxtpx:hr>
          </gpxtpx:TrackPointExtension>
        </extensions>
      </trkpt>
      <trkpt lat="37.849906154170405" lon="112.01067762625867">
        <ele>1161.0</ele>
        <time>2022-05-10T08:50:14Z</time>
        <extensions>
          <gpxtpx:TrackPointExtension>
            <gpxtpx:hr>156</gpxtpx:hr>
          </gpxtpx:TrackPointExtension>
        </extensions>
      </trkpt>
      <trkpt lat="37.849930890707405" lon="112.01042749234483">
        <ele>1161.5999755859375</ele>
        <time>2022-05-10T08:50:22Z</time>
        <extensions>
          <gpxtpx:TrackPointExtension>
            <gpxtpx:hr>156</gpxtpx:hr>
          </gpxtpx:TrackPointExtension>
        </extensions>
      </trkpt>
      <trkpt lat="37.84994667635156" lon="112.01016041960473">
        <ele>1162.4000244140625</ele>
        <time>2022-05-10T08:50:30Z</time>
        <extensions>
          <gpxtpx:TrackPointExtension>
            <gpxtpx:hr>157</gpxtpx:hr>
          </gpxtpx:TrackPointExtension>
        </extensions>
      </trkpt>
      <trkpt lat="37.84995502866453" lon="112.01004083505404">
        <ele>1162.4000244140625</ele>
        <time>2022-05-10T08:50:34Z</time>
        <extensions>
          <gpxtpx:TrackPointExtension>
            <gpxtpx:hr>157</gpxtpx:hr>
          </gpxtpx:TrackPointExtension>
        </extensions>
      </trkpt>
      <trkpt lat="37.84996773907859" lon="112.00979967413608">
        <ele>1163.4000244140625</ele>
        <time>2022-05-10T08:50:41Z</time>
        <extensions>
          <gpxtpx:TrackPointExtension>
            <gpxtpx:hr>154</gpxtpx:hr>
          </gpxtpx:TrackPointExtension>
        </extensions>
      </trkpt>
      <trkpt lat="37.849966169468004" lon="112.00965318543095">
        <ele>1163.5999755859375</ele>
        <time>2022-05-10T08:50:45Z</time>
        <extensions>
          <gpxtpx:TrackPointExtension>
            <gpxtpx:hr>153</gpxtpx:hr>
          </gpxtpx:TrackPointExtension>
        </extensions>
      </trkpt>
      <trkpt lat="37.84994276372788" lon="112.00944989813071">
        <ele>1162.5999755859375</ele>
        <time>2022-05-10T08:50:51Z</time>
        <extensions>
          <gpxtpx:TrackPointExtension>
            <gpxtpx:hr>152</gpxtpx:hr>
          </gpxtpx:TrackPointExtension>
        </extensions>
      </trkpt>
      <trkpt lat="37.849889315429" lon="112.0092595698174">
        <ele>1163.0</ele>
        <time>2022-05-10T08:50:57Z</time>
        <extensions>
          <gpxtpx:TrackPointExtension>
            <gpxtpx:hr>151</gpxtpx:hr>
          </gpxtpx:TrackPointExtension>
        </extensions>
      </trkpt>
      <trkpt lat="37.849761016923324" lon="112.00901444291888">
        <ele>1164.0</ele>
        <time>2022-05-10T08:51:05Z</time>
        <extensions>
          <gpxtpx:TrackPointExtension>
            <gpxtpx:hr>151</gpxtpx:hr>
          </gpxtpx:TrackPointExtension>
        </extensions>
      </trkpt>
      <trkpt lat="37.84963751407785" lon="112.00883907197449">
        <ele>1163.4000244140625</ele>
        <time>2022-05-10T08:51:11Z</time>
        <extensions>
          <gpxtpx:TrackPointExtension>
            <gpxtpx:hr>151</gpxtpx:hr>
          </gpxtpx:TrackPointExtension>
        </extensions>
      </trkpt>
      <trkpt lat="37.849507078197774" lon="112.00864078274235">
        <ele>1164.5999755859375</ele>
        <time>2022-05-10T08:51:18Z</time>
        <extensions>
          <gpxtpx:TrackPointExtension>
            <gpxtpx:hr>151</gpxtpx:hr>
          </gpxtpx:TrackPointExtension>
        </extensions>
      </trkpt>
      <trkpt lat="37.8493895830816" lon="112.00846341914124">
        <ele>1165.0</ele>
        <time>2022-05-10T08:51:25Z</time>
        <extensions>
          <gpxtpx:TrackPointExtension>
            <gpxtpx:hr>152</gpxtpx:hr>
          </gpxtpx:TrackPointExtension>
        </extensions>
      </trkpt>
      <trkpt lat="37.84932585843378" lon="112.00836676611847">
        <ele>1165.4000244140625</ele>
        <time>2022-05-10T08:51:29Z</time>
        <extensions>
          <gpxtpx:TrackPointExtension>
            <gpxtpx:hr>152</gpxtpx:hr>
          </gpxtpx:TrackPointExtension>
        </extensions>
      </trkpt>
      <trkpt lat="37.849182383268236" lon="112.00818143441077">
        <ele>1165.4000244140625</ele>
        <time>2022-05-10T08:51:37Z</time>
        <extensions>
          <gpxtpx:TrackPointExtension>
            <gpxtpx:hr>152</gpxtpx:hr>
          </gpxtpx:TrackPointExtension>
        </extensions>
      </trkpt>
      <trkpt lat="37.84911667044064" lon="112.0080807960708">
        <ele>1165.4000244140625</ele>
        <time>2022-05-10T08:51:41Z</time>
        <extensions>
          <gpxtpx:TrackPointExtension>
            <gpxtpx:hr>152</gpxtpx:hr>
          </gpxtpx:TrackPointExtension>
        </extensions>
      </trkpt>
      <trkpt lat="37.84896730423805" lon="112.00785859565548">
        <ele>1166.0</ele>
        <time>2022-05-10T08:51:51Z</time>
        <extensions>
          <gpxtpx:TrackPointExtension>
            <gpxtpx:hr>152</gpxtpx:hr>
          </gpxtpx:TrackPointExtension>
        </extensions>
      </trkpt>
      <trkpt lat="37.84884578655582" lon="112.00768920662729">
        <ele>1166.199951171875</ele>
        <time>2022-05-10T08:51:58Z</time>
        <extensions>
          <gpxtpx:TrackPointExtension>
            <gpxtpx:hr>151</gpxtpx:hr>
          </gpxtpx:TrackPointExtension>
        </extensions>
      </trkpt>
      <trkpt lat="37.848778103579136" lon="112.00757860439955">
        <ele>1166.4000244140625</ele>
        <time>2022-05-10T08:52:02Z</time>
        <extensions>
          <gpxtpx:TrackPointExtension>
            <gpxtpx:hr>150</gpxtpx:hr>
          </gpxtpx:TrackPointExtension>
        </extensions>
      </trkpt>
      <trkpt lat="37.848660622635045" lon="112.00739725777744">
        <ele>1167.199951171875</ele>
        <time>2022-05-10T08:52:09Z</time>
        <extensions>
          <gpxtpx:TrackPointExtension>
            <gpxtpx:hr>151</gpxtpx:hr>
          </gpxtpx:TrackPointExtension>
        </extensions>
      </trkpt>
      <trkpt lat="37.84858693906128" lon="112.00728665674944">
        <ele>1167.199951171875</ele>
        <time>2022-05-10T08:52:13Z</time>
        <extensions>
          <gpxtpx:TrackPointExtension>
            <gpxtpx:hr>152</gpxtpx:hr>
          </gpxtpx:TrackPointExtension>
        </extensions>
      </trkpt>
      <trkpt lat="37.8484654225395" lon="112.00711726917164">
        <ele>1166.5999755859375</ele>
        <time>2022-05-10T08:52:20Z</time>
        <extensions>
          <gpxtpx:TrackPointExtension>
            <gpxtpx:hr>152</gpxtpx:hr>
          </gpxtpx:TrackPointExtension>
        </extensions>
      </trkpt>
      <trkpt lat="37.84828405070174" lon="112.00689607225907">
        <ele>1167.4000244140625</ele>
        <time>2022-05-10T08:52:29Z</time>
        <extensions>
          <gpxtpx:TrackPointExtension>
            <gpxtpx:hr>152</gpxtpx:hr>
          </gpxtpx:TrackPointExtension>
        </extensions>
      </trkpt>
      <trkpt lat="37.848092318833764" lon="112.00679545089046">
        <ele>1167.199951171875</ele>
        <time>2022-05-10T08:52:37Z</time>
        <extensions>
          <gpxtpx:TrackPointExtension>
            <gpxtpx:hr>153</gpxtpx:hr>
          </gpxtpx:TrackPointExtension>
        </extensions>
      </trkpt>
      <trkpt lat="37.84789338125521" lon="112.00676358736891">
        <ele>1168.199951171875</ele>
        <time>2022-05-10T08:52:44Z</time>
        <extensions>
          <gpxtpx:TrackPointExtension>
            <gpxtpx:hr>154</gpxtpx:hr>
          </gpxtpx:TrackPointExtension>
        </extensions>
      </trkpt>
      <trkpt lat="37.84767739940761" lon="112.00674567656048">
        <ele>1168.800048828125</ele>
        <time>2022-05-10T08:52:52Z</time>
        <extensions>
          <gpxtpx:TrackPointExtension>
            <gpxtpx:hr>154</gpxtpx:hr>
          </gpxtpx:TrackPointExtension>
        </extensions>
      </trkpt>
      <trkpt lat="37.84742742391984" lon="112.0067237839074">
        <ele>1169.4000244140625</ele>
        <time>2022-05-10T08:53:02Z</time>
        <extensions>
          <gpxtpx:TrackPointExtension>
            <gpxtpx:hr>154</gpxtpx:hr>
          </gpxtpx:TrackPointExtension>
        </extensions>
      </trkpt>
      <trkpt lat="37.84722949848174" lon="112.00668793439345">
        <ele>1170.0</ele>
        <time>2022-05-10T08:53:10Z</time>
        <extensions>
          <gpxtpx:TrackPointExtension>
            <gpxtpx:hr>155</gpxtpx:hr>
          </gpxtpx:TrackPointExtension>
        </extensions>
      </trkpt>
      <trkpt lat="37.847038577189075" lon="112.00665108758642">
        <ele>1170.199951171875</ele>
        <time>2022-05-10T08:53:18Z</time>
        <extensions>
          <gpxtpx:TrackPointExtension>
            <gpxtpx:hr>157</gpxtpx:hr>
          </gpxtpx:TrackPointExtension>
        </extensions>
      </trkpt>
      <trkpt lat="37.846879616618565" lon="112.00662918410328">
        <ele>1170.5999755859375</ele>
        <time>2022-05-10T08:53:24Z</time>
        <extensions>
          <gpxtpx:TrackPointExtension>
            <gpxtpx:hr>155</gpxtpx:hr>
          </gpxtpx:TrackPointExtension>
        </extensions>
      </trkpt>
      <trkpt lat="37.84677662955386" lon="112.0066192316426">
        <ele>1170.800048828125</ele>
        <time>2022-05-10T08:53:28Z</time>
        <extensions>
          <gpxtpx:TrackPointExtension>
            <gpxtpx:hr>154</gpxtpx:hr>
          </gpxtpx:TrackPointExtension>
        </extensions>
      </trkpt>
      <trkpt lat="37.84658365755914" lon="112.00659932517407">
        <ele>1170.800048828125</ele>
        <time>2022-05-10T08:53:36Z</time>
        <extensions>
          <gpxtpx:TrackPointExtension>
            <gpxtpx:hr>154</gpxtpx:hr>
          </gpxtpx:TrackPointExtension>
        </extensions>
      </trkpt>
      <trkpt lat="37.84639177184183" lon="112.00655052084211">
        <ele>1171.5999755859375</ele>
        <time>2022-05-10T08:53:44Z</time>
        <extensions>
          <gpxtpx:TrackPointExtension>
            <gpxtpx:hr>155</gpxtpx:hr>
          </gpxtpx:TrackPointExtension>
        </extensions>
      </trkpt>
      <trkpt lat="37.846187848598454" lon="112.00651367565395">
        <ele>1171.5999755859375</ele>
        <time>2022-05-10T08:53:52Z</time>
        <extensions>
          <gpxtpx:TrackPointExtension>
            <gpxtpx:hr>155</gpxtpx:hr>
          </gpxtpx:TrackPointExtension>
        </extensions>
      </trkpt>
      <trkpt lat="37.845980022746915" lon="112.00644394736314">
        <ele>1172.4000244140625</ele>
        <time>2022-05-10T08:54:01Z</time>
        <extensions>
          <gpxtpx:TrackPointExtension>
            <gpxtpx:hr>154</gpxtpx:hr>
          </gpxtpx:TrackPointExtension>
        </extensions>
      </trkpt>
      <trkpt lat="37.84580614010023" lon="112.00639514098687">
        <ele>1172.5999755859375</ele>
        <time>2022-05-10T08:54:08Z</time>
        <extensions>
          <gpxtpx:TrackPointExtension>
            <gpxtpx:hr>152</gpxtpx:hr>
          </gpxtpx:TrackPointExtension>
        </extensions>
      </trkpt>
      <trkpt lat="37.84564128866411" lon="112.00633636885891">
        <ele>1173.4000244140625</ele>
        <time>2022-05-10T08:54:15Z</time>
        <extensions>
          <gpxtpx:TrackPointExtension>
            <gpxtpx:hr>152</gpxtpx:hr>
          </gpxtpx:TrackPointExtension>
        </extensions>
      </trkpt>
      <trkpt lat="37.84545247500566" lon="112.00626364905963">
        <ele>1173.5999755859375</ele>
        <time>2022-05-10T08:54:23Z</time>
        <extensions>
          <gpxtpx:TrackPointExtension>
            <gpxtpx:hr>154</gpxtpx:hr>
          </gpxtpx:TrackPointExtension>
        </extensions>
      </trkpt>
      <trkpt lat="37.845231537364064" lon="112.00623079191885">
        <ele>1174.199951171875</ele>
        <time>2022-05-10T08:54:32Z</time>
        <extensions>
          <gpxtpx:TrackPointExtension>
            <gpxtpx:hr>154</gpxtpx:hr>
          </gpxtpx:TrackPointExtension>
        </extensions>
      </trkpt>
      <trkpt lat="37.84501165937802" lon="112.00617800529362">
        <ele>1174.5999755859375</ele>
        <time>2022-05-10T08:54:41Z</time>
        <extensions>
          <gpxtpx:TrackPointExtension>
            <gpxtpx:hr>155</gpxtpx:hr>
          </gpxtpx:TrackPointExtension>
        </extensions>
      </trkpt>
      <trkpt lat="37.84481479705466" lon="112.00612123008962">
        <ele>1175.0</ele>
        <time>2022-05-10T08:54:49Z</time>
        <extensions>
          <gpxtpx:TrackPointExtension>
            <gpxtpx:hr>154</gpxtpx:hr>
          </gpxtpx:TrackPointExtension>
        </extensions>
      </trkpt>
      <trkpt lat="37.844625834974046" lon="112.00609833386993">
        <ele>1174.800048828125</ele>
        <time>2022-05-10T08:54:56Z</time>
        <extensions>
          <gpxtpx:TrackPointExtension>
            <gpxtpx:hr>153</gpxtpx:hr>
          </gpxtpx:TrackPointExtension>
        </extensions>
      </trkpt>
      <trkpt lat="37.84441481585368" lon="112.00609337669697">
        <ele>1175.800048828125</ele>
        <time>2022-05-10T08:55:04Z</time>
        <extensions>
          <gpxtpx:TrackPointExtension>
            <gpxtpx:hr>152</gpxtpx:hr>
          </gpxtpx:TrackPointExtension>
        </extensions>
      </trkpt>
      <trkpt lat="37.84423450146807" lon="112.00618905912698">
        <ele>1175.800048828125</ele>
        <time>2022-05-10T08:55:12Z</time>
        <extensions>
          <gpxtpx:TrackPointExtension>
            <gpxtpx:hr>154</gpxtpx:hr>
          </gpxtpx:TrackPointExtension>
        </extensions>
      </trkpt>
      <trkpt lat="37.84408323643768" lon="112.00626979117165">
        <ele>1176.4000244140625</ele>
        <time>2022-05-10T08:55:19Z</time>
        <extensions>
          <gpxtpx:TrackPointExtension>
            <gpxtpx:hr>155</gpxtpx:hr>
          </gpxtpx:TrackPointExtension>
        </extensions>
      </trkpt>
      <trkpt lat="37.84398707837461" lon="112.00631763320366">
        <ele>1176.4000244140625</ele>
        <time>2022-05-10T08:55:23Z</time>
        <extensions>
          <gpxtpx:TrackPointExtension>
            <gpxtpx:hr>156</gpxtpx:hr>
          </gpxtpx:TrackPointExtension>
        </extensions>
      </trkpt>
      <trkpt lat="37.843814774462906" lon="112.0064103255621">
        <ele>1176.199951171875</ele>
        <time>2022-05-10T08:55:30Z</time>
        <extensions>
          <gpxtpx:TrackPointExtension>
            <gpxtpx:hr>157</gpxtpx:hr>
          </gpxtpx:TrackPointExtension>
        </extensions>
      </trkpt>
      <trkpt lat="37.84372456696913" lon="112.00647510701151">
        <ele>1176.4000244140625</ele>
        <time>2022-05-10T08:55:34Z</time>
        <extensions>
          <gpxtpx:TrackPointExtension>
            <gpxtpx:hr>156</gpxtpx:hr>
          </gpxtpx:TrackPointExtension>
        </extensions>
      </trkpt>
      <trkpt lat="37.8435661378558" lon="112.00661064631306">
        <ele>1176.5999755859375</ele>
        <time>2022-05-10T08:55:42Z</time>
        <extensions>
          <gpxtpx:TrackPointExtension>
            <gpxtpx:hr>155</gpxtpx:hr>
          </gpxtpx:TrackPointExtension>
        </extensions>
      </trkpt>
      <trkpt lat="37.8433796154788" lon="112.00677608352727">
        <ele>1177.0</ele>
        <time>2022-05-10T08:55:50Z</time>
        <extensions>
          <gpxtpx:TrackPointExtension>
            <gpxtpx:hr>155</gpxtpx:hr>
          </gpxtpx:TrackPointExtension>
        </extensions>
      </trkpt>
      <trkpt lat="37.84322919109702" lon="112.00691062597961">
        <ele>1177.800048828125</ele>
        <time>2022-05-10T08:55:57Z</time>
        <extensions>
          <gpxtpx:TrackPointExtension>
            <gpxtpx:hr>155</gpxtpx:hr>
          </gpxtpx:TrackPointExtension>
        </extensions>
      </trkpt>
      <trkpt lat="37.84313304527962" lon="112.00695448253025">
        <ele>1177.800048828125</ele>
        <time>2022-05-10T08:56:01Z</time>
        <extensions>
          <gpxtpx:TrackPointExtension>
            <gpxtpx:hr>155</gpxtpx:hr>
          </gpxtpx:TrackPointExtension>
        </extensions>
      </trkpt>
      <trkpt lat="37.84297868573302" lon="112.00706710321435">
        <ele>1178.199951171875</ele>
        <time>2022-05-10T08:56:08Z</time>
        <extensions>
          <gpxtpx:TrackPointExtension>
            <gpxtpx:hr>154</gpxtpx:hr>
          </gpxtpx:TrackPointExtension>
        </extensions>
      </trkpt>
      <trkpt lat="37.84281828984626" lon="112.00719168259937">
        <ele>1178.5999755859375</ele>
        <time>2022-05-10T08:56:15Z</time>
        <extensions>
          <gpxtpx:TrackPointExtension>
            <gpxtpx:hr>151</gpxtpx:hr>
          </gpxtpx:TrackPointExtension>
        </extensions>
      </trkpt>
      <trkpt lat="37.84273409281624" lon="112.00725347461332">
        <ele>1179.199951171875</ele>
        <time>2022-05-10T08:56:19Z</time>
        <extensions>
          <gpxtpx:TrackPointExtension>
            <gpxtpx:hr>151</gpxtpx:hr>
          </gpxtpx:TrackPointExtension>
        </extensions>
      </trkpt>
      <trkpt lat="37.842574729934796" lon="112.00736709287888">
        <ele>1179.199951171875</ele>
        <time>2022-05-10T08:56:26Z</time>
        <extensions>
          <gpxtpx:TrackPointExtension>
            <gpxtpx:hr>152</gpxtpx:hr>
          </gpxtpx:TrackPointExtension>
        </extensions>
      </trkpt>
      <trkpt lat="37.84247651601235" lon="112.00743386915988">
        <ele>1180.199951171875</ele>
        <time>2022-05-10T08:56:30Z</time>
        <extensions>
          <gpxtpx:TrackPointExtension>
            <gpxtpx:hr>154</gpxtpx:hr>
          </gpxtpx:TrackPointExtension>
        </extensions>
      </trkpt>
      <trkpt lat="37.84236424075492" lon="112.00752057693947">
        <ele>1180.199951171875</ele>
        <time>2022-05-10T08:56:35Z</time>
        <extensions>
          <gpxtpx:TrackPointExtension>
            <gpxtpx:hr>155</gpxtpx:hr>
          </gpxtpx:TrackPointExtension>
        </extensions>
      </trkpt>
      <trkpt lat="37.84219885365628" lon="112.00764216829937">
        <ele>1180.4000244140625</ele>
        <time>2022-05-10T08:56:42Z</time>
        <extensions>
          <gpxtpx:TrackPointExtension>
            <gpxtpx:hr>156</gpxtpx:hr>
          </gpxtpx:TrackPointExtension>
        </extensions>
      </trkpt>
      <trkpt lat="37.84204653678867" lon="112.00774083902503">
        <ele>1180.199951171875</ele>
        <time>2022-05-10T08:56:49Z</time>
        <extensions>
          <gpxtpx:TrackPointExtension>
            <gpxtpx:hr>156</gpxtpx:hr>
          </gpxtpx:TrackPointExtension>
        </extensions>
      </trkpt>
      <trkpt lat="37.841884188918655" lon="112.00784947602553">
        <ele>1181.0</ele>
        <time>2022-05-10T08:56:56Z</time>
        <extensions>
          <gpxtpx:TrackPointExtension>
            <gpxtpx:hr>158</gpxtpx:hr>
          </gpxtpx:TrackPointExtension>
        </extensions>
      </trkpt>
      <trkpt lat="37.84179700079765" lon="112.00790827953384">
        <ele>1181.199951171875</ele>
        <time>2022-05-10T08:57:00Z</time>
        <extensions>
          <gpxtpx:TrackPointExtension>
            <gpxtpx:hr>158</gpxtpx:hr>
          </gpxtpx:TrackPointExtension>
        </extensions>
      </trkpt>
      <trkpt lat="37.841681802359176" lon="112.00796907942778">
        <ele>1181.800048828125</ele>
        <time>2022-05-10T08:57:05Z</time>
        <extensions>
          <gpxtpx:TrackPointExtension>
            <gpxtpx:hr>158</gpxtpx:hr>
          </gpxtpx:TrackPointExtension>
        </extensions>
      </trkpt>
      <trkpt lat="37.84151254520252" lon="112.00804682625878">
        <ele>1182.0</ele>
        <time>2022-05-10T08:57:12Z</time>
        <extensions>
          <gpxtpx:TrackPointExtension>
            <gpxtpx:hr>157</gpxtpx:hr>
          </gpxtpx:TrackPointExtension>
        </extensions>
      </trkpt>
      <trkpt lat="37.84134140585204" lon="112.00808471353686">
        <ele>1182.199951171875</ele>
        <time>2022-05-10T08:57:19Z</time>
        <extensions>
          <gpxtpx:TrackPointExtension>
            <gpxtpx:hr>155</gpxtpx:hr>
          </gpxtpx:TrackPointExtension>
        </extensions>
      </trkpt>
      <trkpt lat="37.84112435365412" lon="112.008090718417">
        <ele>1183.0</ele>
        <time>2022-05-10T08:57:28Z</time>
        <extensions>
          <gpxtpx:TrackPointExtension>
            <gpxtpx:hr>155</gpxtpx:hr>
          </gpxtpx:TrackPointExtension>
        </extensions>
      </trkpt>
      <trkpt lat="37.84092341026768" lon="112.0080608475035">
        <ele>1183.199951171875</ele>
        <time>2022-05-10T08:57:36Z</time>
        <extensions>
          <gpxtpx:TrackPointExtension>
            <gpxtpx:hr>155</gpxtpx:hr>
          </gpxtpx:TrackPointExtension>
        </extensions>
      </trkpt>
      <trkpt lat="37.84070551145098" lon="112.00801503469705">
        <ele>1183.5999755859375</ele>
        <time>2022-05-10T08:57:45Z</time>
        <extensions>
          <gpxtpx:TrackPointExtension>
            <gpxtpx:hr>154</gpxtpx:hr>
          </gpxtpx:TrackPointExtension>
        </extensions>
      </trkpt>
      <trkpt lat="37.840485606469166" lon="112.00797121515103">
        <ele>1184.199951171875</ele>
        <time>2022-05-10T08:57:54Z</time>
        <extensions>
          <gpxtpx:TrackPointExtension>
            <gpxtpx:hr>155</gpxtpx:hr>
          </gpxtpx:TrackPointExtension>
        </extensions>
      </trkpt>
      <trkpt lat="37.84038469971596" lon="112.00793435689435">
        <ele>1184.5999755859375</ele>
        <time>2022-05-10T08:57:58Z</time>
        <extensions>
          <gpxtpx:TrackPointExtension>
            <gpxtpx:hr>155</gpxtpx:hr>
          </gpxtpx:TrackPointExtension>
        </extensions>
      </trkpt>
      <trkpt lat="37.840205730434086" lon="112.0079144483669">
        <ele>1185.0</ele>
        <time>2022-05-10T08:58:05Z</time>
        <extensions>
          <gpxtpx:TrackPointExtension>
            <gpxtpx:hr>155</gpxtpx:hr>
          </gpxtpx:TrackPointExtension>
        </extensions>
      </trkpt>
      <trkpt lat="37.84010369362222" lon="112.00792143599936">
        <ele>1185.4000244140625</ele>
        <time>2022-05-10T08:58:09Z</time>
        <extensions>
          <gpxtpx:TrackPointExtension>
            <gpxtpx:hr>154</gpxtpx:hr>
          </gpxtpx:TrackPointExtension>
        </extensions>
      </trkpt>
      <trkpt lat="37.840002624494396" lon="112.00793938495373">
        <ele>1186.5999755859375</ele>
        <time>2022-05-10T08:58:13Z</time>
        <extensions>
          <gpxtpx:TrackPointExtension>
            <gpxtpx:hr>154</gpxtpx:hr>
          </gpxtpx:TrackPointExtension>
        </extensions>
      </trkpt>
      <trkpt lat="37.83979250272099" lon="112.00796930486133">
        <ele>1187.199951171875</ele>
        <time>2022-05-10T08:58:21Z</time>
        <extensions>
          <gpxtpx:TrackPointExtension>
            <gpxtpx:hr>152</gpxtpx:hr>
          </gpxtpx:TrackPointExtension>
        </extensions>
      </trkpt>
      <trkpt lat="37.83961939568515" lon="112.00799623088099">
        <ele>1187.0</ele>
        <time>2022-05-10T08:58:28Z</time>
        <extensions>
          <gpxtpx:TrackPointExtension>
            <gpxtpx:hr>149</gpxtpx:hr>
          </gpxtpx:TrackPointExtension>
        </extensions>
      </trkpt>
      <trkpt lat="37.83939427457103" lon="112.00802515610971">
        <ele>1187.199951171875</ele>
        <time>2022-05-10T08:58:37Z</time>
        <extensions>
          <gpxtpx:TrackPointExtension>
            <gpxtpx:hr>149</gpxtpx:hr>
          </gpxtpx:TrackPointExtension>
        </extensions>
      </trkpt>
      <trkpt lat="37.83929620303445" lon="112.00804410123203">
        <ele>1187.5999755859375</ele>
        <time>2022-05-10T08:58:41Z</time>
        <extensions>
          <gpxtpx:TrackPointExtension>
            <gpxtpx:hr>152</gpxtpx:hr>
          </gpxtpx:TrackPointExtension>
        </extensions>
      </trkpt>
      <trkpt lat="37.839180149331234" lon="112.00805607303211">
        <ele>1187.800048828125</ele>
        <time>2022-05-10T08:58:46Z</time>
        <extensions>
          <gpxtpx:TrackPointExtension>
            <gpxtpx:hr>154</gpxtpx:hr>
          </gpxtpx:TrackPointExtension>
        </extensions>
      </trkpt>
      <trkpt lat="37.83897497538484" lon="112.00810392934721">
        <ele>1188.4000244140625</ele>
        <time>2022-05-10T08:58:54Z</time>
        <extensions>
          <gpxtpx:TrackPointExtension>
            <gpxtpx:hr>154</gpxtpx:hr>
          </gpxtpx:TrackPointExtension>
        </extensions>
      </trkpt>
      <trkpt lat="37.83876281514428" lon="112.00814680404429">
        <ele>1188.800048828125</ele>
        <time>2022-05-10T08:59:03Z</time>
        <extensions>
          <gpxtpx:TrackPointExtension>
            <gpxtpx:hr>154</gpxtpx:hr>
          </gpxtpx:TrackPointExtension>
        </extensions>
      </trkpt>
      <trkpt lat="37.838567687126464" lon="112.00817971175651">
        <ele>1189.800048828125</ele>
        <time>2022-05-10T08:59:11Z</time>
        <extensions>
          <gpxtpx:TrackPointExtension>
            <gpxtpx:hr>154</gpxtpx:hr>
          </gpxtpx:TrackPointExtension>
        </extensions>
      </trkpt>
      <trkpt lat="37.8383216809275" lon="112.00816877963129">
        <ele>1190.4000244140625</ele>
        <time>2022-05-10T08:59:21Z</time>
        <extensions>
          <gpxtpx:TrackPointExtension>
            <gpxtpx:hr>153</gpxtpx:hr>
          </gpxtpx:TrackPointExtension>
        </extensions>
      </trkpt>
      <trkpt lat="37.838101903096295" lon="112.00808211058963">
        <ele>1191.199951171875</ele>
        <time>2022-05-10T08:59:30Z</time>
        <extensions>
          <gpxtpx:TrackPointExtension>
            <gpxtpx:hr>152</gpxtpx:hr>
          </gpxtpx:TrackPointExtension>
        </extensions>
      </trkpt>
      <trkpt lat="37.83791007368919" lon="112.00801437174216">
        <ele>1191.800048828125</ele>
        <time>2022-05-10T08:59:38Z</time>
        <extensions>
          <gpxtpx:TrackPointExtension>
            <gpxtpx:hr>154</gpxtpx:hr>
          </gpxtpx:TrackPointExtension>
        </extensions>
      </trkpt>
      <trkpt lat="37.83766928393347" lon="112.00793069489528">
        <ele>1193.0</ele>
        <time>2022-05-10T08:59:48Z</time>
        <extensions>
          <gpxtpx:TrackPointExtension>
            <gpxtpx:hr>155</gpxtpx:hr>
          </gpxtpx:TrackPointExtension>
        </extensions>
      </trkpt>
      <trkpt lat="37.83745147131422" lon="112.00785598385129">
        <ele>1193.5999755859375</ele>
        <time>2022-05-10T08:59:58Z</time>
        <extensions>
          <gpxtpx:TrackPointExtension>
            <gpxtpx:hr>156</gpxtpx:hr>
          </gpxtpx:TrackPointExtension>
        </extensions>
      </trkpt>
      <trkpt lat="37.83719271148209" lon="112.0077613479389">
        <ele>1194.199951171875</ele>
        <time>2022-05-10T09:00:09Z</time>
        <extensions>
          <gpxtpx:TrackPointExtension>
            <gpxtpx:hr>157</gpxtpx:hr>
          </gpxtpx:TrackPointExtension>
        </extensions>
      </trkpt>
      <trkpt lat="37.83696892179361" lon="112.00767866587411">
        <ele>1195.0</ele>
        <time>2022-05-10T09:00:18Z</time>
        <extensions>
          <gpxtpx:TrackPointExtension>
            <gpxtpx:hr>157</gpxtpx:hr>
          </gpxtpx:TrackPointExtension>
        </extensions>
      </trkpt>
      <trkpt lat="37.83680306439229" lon="112.0076218857261">
        <ele>1195.199951171875</ele>
        <time>2022-05-10T09:00:25Z</time>
        <extensions>
          <gpxtpx:TrackPointExtension>
            <gpxtpx:hr>158</gpxtpx:hr>
          </gpxtpx:TrackPointExtension>
        </extensions>
      </trkpt>
      <trkpt lat="37.836537345253085" lon="112.00751330014158">
        <ele>1195.4000244140625</ele>
        <time>2022-05-10T09:00:36Z</time>
        <extensions>
          <gpxtpx:TrackPointExtension>
            <gpxtpx:hr>158</gpxtpx:hr>
          </gpxtpx:TrackPointExtension>
        </extensions>
      </trkpt>
      <trkpt lat="37.83641245297735" lon="112.00747046606818">
        <ele>1195.5999755859375</ele>
        <time>2022-05-10T09:00:41Z</time>
        <extensions>
          <gpxtpx:TrackPointExtension>
            <gpxtpx:hr>157</gpxtpx:hr>
          </gpxtpx:TrackPointExtension>
        </extensions>
      </trkpt>
      <trkpt lat="37.83631153192312" lon="112.00743859051751">
        <ele>1195.800048828125</ele>
        <time>2022-05-10T09:00:45Z</time>
        <extensions>
          <gpxtpx:TrackPointExtension>
            <gpxtpx:hr>156</gpxtpx:hr>
          </gpxtpx:TrackPointExtension>
        </extensions>
      </trkpt>
      <trkpt lat="37.83613364625423" lon="112.00739078038049">
        <ele>1195.800048828125</ele>
        <time>2022-05-10T09:00:52Z</time>
        <extensions>
          <gpxtpx:TrackPointExtension>
            <gpxtpx:hr>155</gpxtpx:hr>
          </gpxtpx:TrackPointExtension>
        </extensions>
      </trkpt>
      <trkpt lat="37.83594376764747" lon="112.00733998225064">
        <ele>1196.800048828125</ele>
        <time>2022-05-10T09:01:00Z</time>
        <extensions>
          <gpxtpx:TrackPointExtension>
            <gpxtpx:hr>155</gpxtpx:hr>
          </gpxtpx:TrackPointExtension>
        </extensions>
      </trkpt>
      <trkpt lat="37.83584280819151" lon="112.00732106107093">
        <ele>1197.4000244140625</ele>
        <time>2022-05-10T09:01:04Z</time>
        <extensions>
          <gpxtpx:TrackPointExtension>
            <gpxtpx:hr>155</gpxtpx:hr>
          </gpxtpx:TrackPointExtension>
        </extensions>
      </trkpt>
      <trkpt lat="37.835618838531175" lon="112.00729916511223">
        <ele>1197.800048828125</ele>
        <time>2022-05-10T09:01:13Z</time>
        <extensions>
          <gpxtpx:TrackPointExtension>
            <gpxtpx:hr>157</gpxtpx:hr>
          </gpxtpx:TrackPointExtension>
        </extensions>
      </trkpt>
      <trkpt lat="37.83544499805725" lon="112.00723640732812">
        <ele>1197.5999755859375</ele>
        <time>2022-05-10T09:01:20Z</time>
        <extensions>
          <gpxtpx:TrackPointExtension>
            <gpxtpx:hr>155</gpxtpx:hr>
          </gpxtpx:TrackPointExtension>
        </extensions>
      </trkpt>
      <trkpt lat="37.835329637700795" lon="112.00701520201221">
        <ele>1197.5999755859375</ele>
        <time>2022-05-10T09:01:28Z</time>
        <extensions>
          <gpxtpx:TrackPointExtension>
            <gpxtpx:hr>156</gpxtpx:hr>
          </gpxtpx:TrackPointExtension>
        </extensions>
      </trkpt>
      <trkpt lat="37.835205045195714" lon="112.00687172379693">
        <ele>1197.5999755859375</ele>
        <time>2022-05-10T09:01:35Z</time>
        <extensions>
          <gpxtpx:TrackPointExtension>
            <gpxtpx:hr>157</gpxtpx:hr>
          </gpxtpx:TrackPointExtension>
        </extensions>
      </trkpt>
      <trkpt lat="37.835006079613585" lon="112.00684982499456">
        <ele>1197.800048828125</ele>
        <time>2022-05-10T09:01:43Z</time>
        <extensions>
          <gpxtpx:TrackPointExtension>
            <gpxtpx:hr>158</gpxtpx:hr>
          </gpxtpx:TrackPointExtension>
        </extensions>
      </trkpt>
      <trkpt lat="37.83483591691117" lon="112.00689568330299">
        <ele>1198.199951171875</ele>
        <time>2022-05-10T09:01:50Z</time>
        <extensions>
          <gpxtpx:TrackPointExtension>
            <gpxtpx:hr>157</gpxtpx:hr>
          </gpxtpx:TrackPointExtension>
        </extensions>
      </trkpt>
      <trkpt lat="37.83463779142658" lon="112.00692759426268">
        <ele>1198.0</ele>
        <time>2022-05-10T09:01:58Z</time>
        <extensions>
          <gpxtpx:TrackPointExtension>
            <gpxtpx:hr>156</gpxtpx:hr>
          </gpxtpx:TrackPointExtension>
        </extensions>
      </trkpt>
      <trkpt lat="37.83452080299494" lon="112.00691764341822">
        <ele>1198.5999755859375</ele>
        <time>2022-05-10T09:02:03Z</time>
        <extensions>
          <gpxtpx:TrackPointExtension>
            <gpxtpx:hr>153</gpxtpx:hr>
          </gpxtpx:TrackPointExtension>
        </extensions>
      </trkpt>
      <trkpt lat="37.83428503638762" lon="112.00682699196969">
        <ele>1199.800048828125</ele>
        <time>2022-05-10T09:02:13Z</time>
        <extensions>
          <gpxtpx:TrackPointExtension>
            <gpxtpx:hr>151</gpxtpx:hr>
          </gpxtpx:TrackPointExtension>
        </extensions>
      </trkpt>
      <trkpt lat="37.83419110492819" lon="112.0067991017897">
        <ele>1199.800048828125</ele>
        <time>2022-05-10T09:02:17Z</time>
        <extensions>
          <gpxtpx:TrackPointExtension>
            <gpxtpx:hr>151</gpxtpx:hr>
          </gpxtpx:TrackPointExtension>
        </extensions>
      </trkpt>
      <trkpt lat="37.834034234965024" lon="112.00674730367459">
        <ele>1200.199951171875</ele>
        <time>2022-05-10T09:02:24Z</time>
        <extensions>
          <gpxtpx:TrackPointExtension>
            <gpxtpx:hr>151</gpxtpx:hr>
          </gpxtpx:TrackPointExtension>
        </extensions>
      </trkpt>
      <trkpt lat="37.83383643884944" lon="112.00666860562434">
        <ele>1201.0</ele>
        <time>2022-05-10T09:02:33Z</time>
        <extensions>
          <gpxtpx:TrackPointExtension>
            <gpxtpx:hr>150</gpxtpx:hr>
          </gpxtpx:TrackPointExtension>
        </extensions>
      </trkpt>
      <trkpt lat="37.83366457262645" lon="112.00661481644106">
        <ele>1201.800048828125</ele>
        <time>2022-05-10T09:02:41Z</time>
        <extensions>
          <gpxtpx:TrackPointExtension>
            <gpxtpx:hr>152</gpxtpx:hr>
          </gpxtpx:TrackPointExtension>
        </extensions>
      </trkpt>
      <trkpt lat="37.83348675006261" lon="112.0065460808947">
        <ele>1202.199951171875</ele>
        <time>2022-05-10T09:02:48Z</time>
        <extensions>
          <gpxtpx:TrackPointExtension>
            <gpxtpx:hr>154</gpxtpx:hr>
          </gpxtpx:TrackPointExtension>
        </extensions>
      </trkpt>
      <trkpt lat="37.833377846126155" lon="112.00650822787176">
        <ele>1203.0</ele>
        <time>2022-05-10T09:02:52Z</time>
        <extensions>
          <gpxtpx:TrackPointExtension>
            <gpxtpx:hr>155</gpxtpx:hr>
          </gpxtpx:TrackPointExtension>
        </extensions>
      </trkpt>
      <trkpt lat="37.83324093791243" lon="112.00647037820684">
        <ele>1203.4000244140625</ele>
        <time>2022-05-10T09:02:58Z</time>
        <extensions>
          <gpxtpx:TrackPointExtension>
            <gpxtpx:hr>156</gpxtpx:hr>
          </gpxtpx:TrackPointExtension>
        </extensions>
      </trkpt>
      <trkpt lat="37.83312503592076" lon="112.00643152958479">
        <ele>1204.0</ele>
        <time>2022-05-10T09:03:03Z</time>
        <extensions>
          <gpxtpx:TrackPointExtension>
            <gpxtpx:hr>157</gpxtpx:hr>
          </gpxtpx:TrackPointExtension>
        </extensions>
      </trkpt>
      <trkpt lat="37.8329851540358" lon="112.00638471206638">
        <ele>1204.199951171875</ele>
        <time>2022-05-10T09:03:09Z</time>
        <extensions>
          <gpxtpx:TrackPointExtension>
            <gpxtpx:hr>158</gpxtpx:hr>
          </gpxtpx:TrackPointExtension>
        </extensions>
      </trkpt>
      <trkpt lat="37.83284434334119" lon="112.00631397938284">
        <ele>1204.4000244140625</ele>
        <time>2022-05-10T09:03:15Z</time>
        <extensions>
          <gpxtpx:TrackPointExtension>
            <gpxtpx:hr>158</gpxtpx:hr>
          </gpxtpx:TrackPointExtension>
        </extensions>
      </trkpt>
      <trkpt lat="37.83267050982591" lon="112.0062492295235">
        <ele>1204.5999755859375</ele>
        <time>2022-05-10T09:03:22Z</time>
        <extensions>
          <gpxtpx:TrackPointExtension>
            <gpxtpx:hr>157</gpxtpx:hr>
          </gpxtpx:TrackPointExtension>
        </extensions>
      </trkpt>
      <trkpt lat="37.83257964746907" lon="112.00619842040041">
        <ele>1204.5999755859375</ele>
        <time>2022-05-10T09:03:26Z</time>
        <extensions>
          <gpxtpx:TrackPointExtension>
            <gpxtpx:hr>158</gpxtpx:hr>
          </gpxtpx:TrackPointExtension>
        </extensions>
      </trkpt>
      <trkpt lat="37.83243584541485" lon="112.00612469884695">
        <ele>1205.0</ele>
        <time>2022-05-10T09:03:32Z</time>
        <extensions>
          <gpxtpx:TrackPointExtension>
            <gpxtpx:hr>157</gpxtpx:hr>
          </gpxtpx:TrackPointExtension>
        </extensions>
      </trkpt>
      <trkpt lat="37.83223490386879" lon="112.00609482875264">
        <ele>1205.199951171875</ele>
        <time>2022-05-10T09:03:40Z</time>
        <extensions>
          <gpxtpx:TrackPointExtension>
            <gpxtpx:hr>157</gpxtpx:hr>
          </gpxtpx:TrackPointExtension>
        </extensions>
      </trkpt>
      <trkpt lat="37.83207989207083" lon="112.00609086135613">
        <ele>1205.0</ele>
        <time>2022-05-10T09:03:46Z</time>
        <extensions>
          <gpxtpx:TrackPointExtension>
            <gpxtpx:hr>156</gpxtpx:hr>
          </gpxtpx:TrackPointExtension>
        </extensions>
      </trkpt>
      <trkpt lat="37.83189785237829" lon="112.00609486892414">
        <ele>1205.199951171875</ele>
        <time>2022-05-10T09:03:53Z</time>
        <extensions>
          <gpxtpx:TrackPointExtension>
            <gpxtpx:hr>155</gpxtpx:hr>
          </gpxtpx:TrackPointExtension>
        </extensions>
      </trkpt>
      <trkpt lat="37.83168676071014" lon="112.00611482344475">
        <ele>1205.4000244140625</ele>
        <time>2022-05-10T09:04:01Z</time>
        <extensions>
          <gpxtpx:TrackPointExtension>
            <gpxtpx:hr>153</gpxtpx:hr>
          </gpxtpx:TrackPointExtension>
        </extensions>
      </trkpt>
      <trkpt lat="37.83146770056296" lon="112.00612381776784">
        <ele>1205.5999755859375</ele>
        <time>2022-05-10T09:04:09Z</time>
        <extensions>
          <gpxtpx:TrackPointExtension>
            <gpxtpx:hr>154</gpxtpx:hr>
          </gpxtpx:TrackPointExtension>
        </extensions>
      </trkpt>
      <trkpt lat="37.83137067686577" lon="112.0061268187366">
        <ele>1206.4000244140625</ele>
        <time>2022-05-10T09:04:13Z</time>
        <extensions>
          <gpxtpx:TrackPointExtension>
            <gpxtpx:hr>154</gpxtpx:hr>
          </gpxtpx:TrackPointExtension>
        </extensions>
      </trkpt>
      <trkpt lat="37.83123060500561" lon="112.00614377539578">
        <ele>1206.199951171875</ele>
        <time>2022-05-10T09:04:19Z</time>
        <extensions>
          <gpxtpx:TrackPointExtension>
            <gpxtpx:hr>155</gpxtpx:hr>
          </gpxtpx:TrackPointExtension>
        </extensions>
      </trkpt>
      <trkpt lat="37.831025579762134" lon="112.00614180689394">
        <ele>1206.4000244140625</ele>
        <time>2022-05-10T09:04:27Z</time>
        <extensions>
          <gpxtpx:TrackPointExtension>
            <gpxtpx:hr>155</gpxtpx:hr>
          </gpxtpx:TrackPointExtension>
        </extensions>
      </trkpt>
      <trkpt lat="37.830844537382966" lon="112.00614681081422">
        <ele>1206.800048828125</ele>
        <time>2022-05-10T09:04:34Z</time>
        <extensions>
          <gpxtpx:TrackPointExtension>
            <gpxtpx:hr>155</gpxtpx:hr>
          </gpxtpx:TrackPointExtension>
        </extensions>
      </trkpt>
      <trkpt lat="37.83069348768996" lon="112.00615579703543">
        <ele>1207.4000244140625</ele>
        <time>2022-05-10T09:04:40Z</time>
        <extensions>
          <gpxtpx:TrackPointExtension>
            <gpxtpx:hr>155</gpxtpx:hr>
          </gpxtpx:TrackPointExtension>
        </extensions>
      </trkpt>
      <trkpt lat="37.83054546522466" lon="112.00615581467684">
        <ele>1207.800048828125</ele>
        <time>2022-05-10T09:04:46Z</time>
        <extensions>
          <gpxtpx:TrackPointExtension>
            <gpxtpx:hr>155</gpxtpx:hr>
          </gpxtpx:TrackPointExtension>
        </extensions>
      </trkpt>
      <trkpt lat="37.83034649450233" lon="112.00613590901577">
        <ele>1208.4000244140625</ele>
        <time>2022-05-10T09:04:55Z</time>
        <extensions>
          <gpxtpx:TrackPointExtension>
            <gpxtpx:hr>154</gpxtpx:hr>
          </gpxtpx:TrackPointExtension>
        </extensions>
      </trkpt>
      <trkpt lat="37.83017353667004" lon="112.00611301085452">
        <ele>1210.0</ele>
        <time>2022-05-10T09:05:03Z</time>
        <extensions>
          <gpxtpx:TrackPointExtension>
            <gpxtpx:hr>153</gpxtpx:hr>
          </gpxtpx:TrackPointExtension>
        </extensions>
      </trkpt>
      <trkpt lat="37.82993347654742" lon="112.0061210112106">
        <ele>1210.800048828125</ele>
        <time>2022-05-10T09:05:13Z</time>
        <extensions>
          <gpxtpx:TrackPointExtension>
            <gpxtpx:hr>155</gpxtpx:hr>
          </gpxtpx:TrackPointExtension>
        </extensions>
      </trkpt>
      <trkpt lat="37.829704400289174" lon="112.00613498906976">
        <ele>1212.4000244140625</ele>
        <time>2022-05-10T09:05:23Z</time>
        <extensions>
          <gpxtpx:TrackPointExtension>
            <gpxtpx:hr>157</gpxtpx:hr>
          </gpxtpx:TrackPointExtension>
        </extensions>
      </trkpt>
      <trkpt lat="37.82955536588197" lon="112.0061389927054">
        <ele>1213.4000244140625</ele>
        <time>2022-05-10T09:05:29Z</time>
        <extensions>
          <gpxtpx:TrackPointExtension>
            <gpxtpx:hr>158</gpxtpx:hr>
          </gpxtpx:TrackPointExtension>
        </extensions>
      </trkpt>
      <trkpt lat="37.82945934246479" lon="112.00614199355496">
        <ele>1213.5999755859375</ele>
        <time>2022-05-10T09:05:33Z</time>
        <extensions>
          <gpxtpx:TrackPointExtension>
            <gpxtpx:hr>158</gpxtpx:hr>
          </gpxtpx:TrackPointExtension>
        </extensions>
      </trkpt>
      <trkpt lat="37.829343324955" lon="112.0061420073812">
        <ele>1214.5999755859375</ele>
        <time>2022-05-10T09:05:38Z</time>
        <extensions>
          <gpxtpx:TrackPointExtension>
            <gpxtpx:hr>161</gpxtpx:hr>
          </gpxtpx:TrackPointExtension>
        </extensions>
      </trkpt>
      <trkpt lat="37.82924227404102" lon="112.00615397704932">
        <ele>1214.5999755859375</ele>
        <time>2022-05-10T09:05:42Z</time>
        <extensions>
          <gpxtpx:TrackPointExtension>
            <gpxtpx:hr>161</gpxtpx:hr>
          </gpxtpx:TrackPointExtension>
        </extensions>
      </trkpt>
      <trkpt lat="37.82905026590428" lon="112.00614702464961">
        <ele>1214.800048828125</ele>
        <time>2022-05-10T09:05:50Z</time>
        <extensions>
          <gpxtpx:TrackPointExtension>
            <gpxtpx:hr>162</gpxtpx:hr>
          </gpxtpx:TrackPointExtension>
        </extensions>
      </trkpt>
      <trkpt lat="37.82885617127758" lon="112.00616897009714">
        <ele>1214.5999755859375</ele>
        <time>2022-05-10T09:05:58Z</time>
        <extensions>
          <gpxtpx:TrackPointExtension>
            <gpxtpx:hr>160</gpxtpx:hr>
          </gpxtpx:TrackPointExtension>
        </extensions>
      </trkpt>
      <trkpt lat="37.8286720900769" lon="112.0061869284806">
        <ele>1215.199951171875</ele>
        <time>2022-05-10T09:06:05Z</time>
        <extensions>
          <gpxtpx:TrackPointExtension>
            <gpxtpx:hr>159</gpxtpx:hr>
          </gpxtpx:TrackPointExtension>
        </extensions>
      </trkpt>
      <trkpt lat="37.82857608455594" lon="112.00618395051374">
        <ele>1215.800048828125</ele>
        <time>2022-05-10T09:06:09Z</time>
        <extensions>
          <gpxtpx:TrackPointExtension>
            <gpxtpx:hr>159</gpxtpx:hr>
          </gpxtpx:TrackPointExtension>
        </extensions>
      </trkpt>
      <trkpt lat="37.82847708750863" lon="112.00617798349565">
        <ele>1216.0</ele>
        <time>2022-05-10T09:06:13Z</time>
        <extensions>
          <gpxtpx:TrackPointExtension>
            <gpxtpx:hr>158</gpxtpx:hr>
          </gpxtpx:TrackPointExtension>
        </extensions>
      </trkpt>
      <trkpt lat="37.8283080561724" lon="112.00617999657769">
        <ele>1216.800048828125</ele>
        <time>2022-05-10T09:06:20Z</time>
        <extensions>
          <gpxtpx:TrackPointExtension>
            <gpxtpx:hr>158</gpxtpx:hr>
          </gpxtpx:TrackPointExtension>
        </extensions>
      </trkpt>
      <trkpt lat="37.828137932559265" lon="112.00621290034509">
        <ele>1217.4000244140625</ele>
        <time>2022-05-10T09:06:28Z</time>
        <extensions>
          <gpxtpx:TrackPointExtension>
            <gpxtpx:hr>160</gpxtpx:hr>
          </gpxtpx:TrackPointExtension>
        </extensions>
      </trkpt>
      <trkpt lat="37.82791781336952" lon="112.00624182420508">
        <ele>1218.5999755859375</ele>
        <time>2022-05-10T09:06:37Z</time>
        <extensions>
          <gpxtpx:TrackPointExtension>
            <gpxtpx:hr>161</gpxtpx:hr>
          </gpxtpx:TrackPointExtension>
        </extensions>
      </trkpt>
      <trkpt lat="37.82779873609721" lon="112.00626176780129">
        <ele>1219.0</ele>
        <time>2022-05-10T09:06:42Z</time>
        <extensions>
          <gpxtpx:TrackPointExtension>
            <gpxtpx:hr>162</gpxtpx:hr>
          </gpxtpx:TrackPointExtension>
        </extensions>
      </trkpt>
      <trkpt lat="37.82770369214949" lon="112.00627174383271">
        <ele>1219.4000244140625</ele>
        <time>2022-05-10T09:06:46Z</time>
        <extensions>
          <gpxtpx:TrackPointExtension>
            <gpxtpx:hr>162</gpxtpx:hr>
          </gpxtpx:TrackPointExtension>
        </extensions>
      </trkpt>
      <trkpt lat="37.82751660769662" lon="112.00629069907106">
        <ele>1220.0</ele>
        <time>2022-05-10T09:06:54Z</time>
        <extensions>
          <gpxtpx:TrackPointExtension>
            <gpxtpx:hr>162</gpxtpx:hr>
          </gpxtpx:TrackPointExtension>
        </extensions>
      </trkpt>
      <trkpt lat="37.82733147900306" lon="112.00632460114952">
        <ele>1221.0</ele>
        <time>2022-05-10T09:07:01Z</time>
        <extensions>
          <gpxtpx:TrackPointExtension>
            <gpxtpx:hr>162</gpxtpx:hr>
          </gpxtpx:TrackPointExtension>
        </extensions>
      </trkpt>
      <trkpt lat="37.827248422031474" lon="112.00633955811878">
        <ele>1221.5999755859375</ele>
        <time>2022-05-10T09:07:05Z</time>
        <extensions>
          <gpxtpx:TrackPointExtension>
            <gpxtpx:hr>163</gpxtpx:hr>
          </gpxtpx:TrackPointExtension>
        </extensions>
      </trkpt>
      <trkpt lat="37.82711238388869" lon="112.00634555316012">
        <ele>1222.0</ele>
        <time>2022-05-10T09:07:11Z</time>
        <extensions>
          <gpxtpx:TrackPointExtension>
            <gpxtpx:hr>163</gpxtpx:hr>
          </gpxtpx:TrackPointExtension>
        </extensions>
      </trkpt>
      <trkpt lat="37.8269082435212" lon="112.00638244694704">
        <ele>1223.4000244140625</ele>
        <time>2022-05-10T09:07:19Z</time>
        <extensions>
          <gpxtpx:TrackPointExtension>
            <gpxtpx:hr>161</gpxtpx:hr>
          </gpxtpx:TrackPointExtension>
        </extensions>
      </trkpt>
      <trkpt lat="37.826701182947545" lon="112.00639243634495">
        <ele>1224.4000244140625</ele>
        <time>2022-05-10T09:07:27Z</time>
        <extensions>
          <gpxtpx:TrackPointExtension>
            <gpxtpx:hr>162</gpxtpx:hr>
          </gpxtpx:TrackPointExtension>
        </extensions>
      </trkpt>
      <trkpt lat="37.82644302867781" lon="112.0064313295393">
        <ele>1225.199951171875</ele>
        <time>2022-05-10T09:07:37Z</time>
        <extensions>
          <gpxtpx:TrackPointExtension>
            <gpxtpx:hr>163</gpxtpx:hr>
          </gpxtpx:TrackPointExtension>
        </extensions>
      </trkpt>
      <trkpt lat="37.82625485815573" lon="112.0064791826761">
        <ele>1227.0</ele>
        <time>2022-05-10T09:07:45Z</time>
        <extensions>
          <gpxtpx:TrackPointExtension>
            <gpxtpx:hr>165</gpxtpx:hr>
          </gpxtpx:TrackPointExtension>
        </extensions>
      </trkpt>
      <trkpt lat="37.82601880525673" lon="112.00648518964866">
        <ele>1227.800048828125</ele>
        <time>2022-05-10T09:07:55Z</time>
        <extensions>
          <gpxtpx:TrackPointExtension>
            <gpxtpx:hr>166</gpxtpx:hr>
          </gpxtpx:TrackPointExtension>
        </extensions>
      </trkpt>
      <trkpt lat="37.82588181460379" lon="112.00647524123887">
        <ele>1228.0</ele>
        <time>2022-05-10T09:08:01Z</time>
        <extensions>
          <gpxtpx:TrackPointExtension>
            <gpxtpx:hr>164</gpxtpx:hr>
          </gpxtpx:TrackPointExtension>
        </extensions>
      </trkpt>
      <trkpt lat="37.82560883645907" lon="112.00645434783002">
        <ele>1228.5999755859375</ele>
        <time>2022-05-10T09:08:12Z</time>
        <extensions>
          <gpxtpx:TrackPointExtension>
            <gpxtpx:hr>164</gpxtpx:hr>
          </gpxtpx:TrackPointExtension>
        </extensions>
      </trkpt>
      <trkpt lat="37.82538581231959" lon="112.00645138498803">
        <ele>1228.800048828125</ele>
        <time>2022-05-10T09:08:22Z</time>
        <extensions>
          <gpxtpx:TrackPointExtension>
            <gpxtpx:hr>163</gpxtpx:hr>
          </gpxtpx:TrackPointExtension>
        </extensions>
      </trkpt>
      <trkpt lat="37.825244862719096" lon="112.00642748643276">
        <ele>1229.0</ele>
        <time>2022-05-10T09:08:28Z</time>
        <extensions>
          <gpxtpx:TrackPointExtension>
            <gpxtpx:hr>162</gpxtpx:hr>
          </gpxtpx:TrackPointExtension>
        </extensions>
      </trkpt>
      <trkpt lat="37.82512690466024" lon="112.0064075710354">
        <ele>1229.199951171875</ele>
        <time>2022-05-10T09:08:33Z</time>
        <extensions>
          <gpxtpx:TrackPointExtension>
            <gpxtpx:hr>162</gpxtpx:hr>
          </gpxtpx:TrackPointExtension>
        </extensions>
      </trkpt>
      <trkpt lat="37.824980957328364" lon="112.00638267661726">
        <ele>1230.199951171875</ele>
        <time>2022-05-10T09:08:40Z</time>
        <extensions>
          <gpxtpx:TrackPointExtension>
            <gpxtpx:hr>161</gpxtpx:hr>
          </gpxtpx:TrackPointExtension>
        </extensions>
      </trkpt>
      <trkpt lat="37.82477604883735" lon="112.00634184568473">
        <ele>1230.800048828125</ele>
        <time>2022-05-10T09:08:49Z</time>
        <extensions>
          <gpxtpx:TrackPointExtension>
            <gpxtpx:hr>160</gpxtpx:hr>
          </gpxtpx:TrackPointExtension>
        </extensions>
      </trkpt>
      <trkpt lat="37.824545142501165" lon="112.0062990249299">
        <ele>1231.199951171875</ele>
        <time>2022-05-10T09:08:58Z</time>
        <extensions>
          <gpxtpx:TrackPointExtension>
            <gpxtpx:hr>160</gpxtpx:hr>
          </gpxtpx:TrackPointExtension>
        </extensions>
      </trkpt>
      <trkpt lat="37.824316224630046" lon="112.0062601898444">
        <ele>1231.0</ele>
        <time>2022-05-10T09:09:07Z</time>
        <extensions>
          <gpxtpx:TrackPointExtension>
            <gpxtpx:hr>160</gpxtpx:hr>
          </gpxtpx:TrackPointExtension>
        </extensions>
      </trkpt>
      <trkpt lat="37.82411735284096" lon="112.00620740061933">
        <ele>1230.5999755859375</ele>
        <time>2022-05-10T09:09:15Z</time>
        <extensions>
          <gpxtpx:TrackPointExtension>
            <gpxtpx:hr>159</gpxtpx:hr>
          </gpxtpx:TrackPointExtension>
        </extensions>
      </trkpt>
      <trkpt lat="37.82396345502722" lon="112.00616556723413">
        <ele>1230.800048828125</ele>
        <time>2022-05-10T09:09:21Z</time>
        <extensions>
          <gpxtpx:TrackPointExtension>
            <gpxtpx:hr>158</gpxtpx:hr>
          </gpxtpx:TrackPointExtension>
        </extensions>
      </trkpt>
      <trkpt lat="37.82380856007527" lon="112.00612273752225">
        <ele>1230.800048828125</ele>
        <time>2022-05-10T09:09:27Z</time>
        <extensions>
          <gpxtpx:TrackPointExtension>
            <gpxtpx:hr>157</gpxtpx:hr>
          </gpxtpx:TrackPointExtension>
        </extensions>
      </trkpt>
      <trkpt lat="37.82358962305043" lon="112.00609087661499">
        <ele>1231.199951171875</ele>
        <time>2022-05-10T09:09:36Z</time>
        <extensions>
          <gpxtpx:TrackPointExtension>
            <gpxtpx:hr>157</gpxtpx:hr>
          </gpxtpx:TrackPointExtension>
        </extensions>
      </trkpt>
      <trkpt lat="37.82340558712343" lon="112.00609388794614">
        <ele>1231.4000244140625</ele>
        <time>2022-05-10T09:09:44Z</time>
        <extensions>
          <gpxtpx:TrackPointExtension>
            <gpxtpx:hr>156</gpxtpx:hr>
          </gpxtpx:TrackPointExtension>
        </extensions>
      </trkpt>
      <trkpt lat="37.823174523518034" lon="112.0061038801592">
        <ele>1232.0</ele>
        <time>2022-05-10T09:09:53Z</time>
        <extensions>
          <gpxtpx:TrackPointExtension>
            <gpxtpx:hr>157</gpxtpx:hr>
          </gpxtpx:TrackPointExtension>
        </extensions>
      </trkpt>
      <trkpt lat="37.82298743666007" lon="112.00612383182118">
        <ele>1232.0</ele>
        <time>2022-05-10T09:10:01Z</time>
        <extensions>
          <gpxtpx:TrackPointExtension>
            <gpxtpx:hr>156</gpxtpx:hr>
          </gpxtpx:TrackPointExtension>
        </extensions>
      </trkpt>
      <trkpt lat="37.82289639955428" lon="112.00613181441788">
        <ele>1232.5999755859375</ele>
        <time>2022-05-10T09:10:05Z</time>
        <extensions>
          <gpxtpx:TrackPointExtension>
            <gpxtpx:hr>155</gpxtpx:hr>
          </gpxtpx:TrackPointExtension>
        </extensions>
      </trkpt>
      <trkpt lat="37.822697418018784" lon="112.00611589462395">
        <ele>1233.4000244140625</ele>
        <time>2022-05-10T09:10:14Z</time>
        <extensions>
          <gpxtpx:TrackPointExtension>
            <gpxtpx:hr>156</gpxtpx:hr>
          </gpxtpx:TrackPointExtension>
        </extensions>
      </trkpt>
      <trkpt lat="37.82254658626658" lon="112.00605213862596">
        <ele>1235.0</ele>
        <time>2022-05-10T09:10:21Z</time>
        <extensions>
          <gpxtpx:TrackPointExtension>
            <gpxtpx:hr>156</gpxtpx:hr>
          </gpxtpx:TrackPointExtension>
        </extensions>
      </trkpt>
      <trkpt lat="37.82245368867784" lon="112.00601328745852">
        <ele>1236.199951171875</ele>
        <time>2022-05-10T09:10:25Z</time>
        <extensions>
          <gpxtpx:TrackPointExtension>
            <gpxtpx:hr>157</gpxtpx:hr>
          </gpxtpx:TrackPointExtension>
        </extensions>
      </trkpt>
      <trkpt lat="37.82230392857168" lon="112.00592561622896">
        <ele>1237.199951171875</ele>
        <time>2022-05-10T09:10:32Z</time>
        <extensions>
          <gpxtpx:TrackPointExtension>
            <gpxtpx:hr>158</gpxtpx:hr>
          </gpxtpx:TrackPointExtension>
        </extensions>
      </trkpt>
      <trkpt lat="37.822187128731265" lon="112.00585288815088">
        <ele>1237.5999755859375</ele>
        <time>2022-05-10T09:10:38Z</time>
        <extensions>
          <gpxtpx:TrackPointExtension>
            <gpxtpx:hr>160</gpxtpx:hr>
          </gpxtpx:TrackPointExtension>
        </extensions>
      </trkpt>
      <trkpt lat="37.82208331894293" lon="112.00578414445208">
        <ele>1238.4000244140625</ele>
        <time>2022-05-10T09:10:43Z</time>
        <extensions>
          <gpxtpx:TrackPointExtension>
            <gpxtpx:hr>162</gpxtpx:hr>
          </gpxtpx:TrackPointExtension>
        </extensions>
      </trkpt>
      <trkpt lat="37.82193259467192" lon="112.00568451604595">
        <ele>1239.199951171875</ele>
        <time>2022-05-10T09:10:50Z</time>
        <extensions>
          <gpxtpx:TrackPointExtension>
            <gpxtpx:hr>163</gpxtpx:hr>
          </gpxtpx:TrackPointExtension>
        </extensions>
      </trkpt>
      <trkpt lat="37.821755009583995" lon="112.0055370608241">
        <ele>1240.5999755859375</ele>
        <time>2022-05-10T09:11:00Z</time>
        <extensions>
          <gpxtpx:TrackPointExtension>
            <gpxtpx:hr>164</gpxtpx:hr>
          </gpxtpx:TrackPointExtension>
        </extensions>
      </trkpt>
      <trkpt lat="37.82162732470725" lon="112.00542547247693">
        <ele>1241.0</ele>
        <time>2022-05-10T09:11:07Z</time>
        <extensions>
          <gpxtpx:TrackPointExtension>
            <gpxtpx:hr>165</gpxtpx:hr>
          </gpxtpx:TrackPointExtension>
        </extensions>
      </trkpt>
      <trkpt lat="37.821466703748584" lon="112.00529096967698">
        <ele>1241.199951171875</ele>
        <time>2022-05-10T09:11:15Z</time>
        <extensions>
          <gpxtpx:TrackPointExtension>
            <gpxtpx:hr>165</gpxtpx:hr>
          </gpxtpx:TrackPointExtension>
        </extensions>
      </trkpt>
      <trkpt lat="37.82136494837936" lon="112.00520429000713">
        <ele>1241.800048828125</ele>
        <time>2022-05-10T09:11:20Z</time>
        <extensions>
          <gpxtpx:TrackPointExtension>
            <gpxtpx:hr>165</gpxtpx:hr>
          </gpxtpx:TrackPointExtension>
        </extensions>
      </trkpt>
      <trkpt lat="37.82124824461739" lon="112.00509967601123">
        <ele>1242.4000244140625</ele>
        <time>2022-05-10T09:11:26Z</time>
        <extensions>
          <gpxtpx:TrackPointExtension>
            <gpxtpx:hr>164</gpxtpx:hr>
          </gpxtpx:TrackPointExtension>
        </extensions>
      </trkpt>
      <trkpt lat="37.821148513592206" lon="112.00500502467304">
        <ele>1243.0</ele>
        <time>2022-05-10T09:11:31Z</time>
        <extensions>
          <gpxtpx:TrackPointExtension>
            <gpxtpx:hr>165</gpxtpx:hr>
          </gpxtpx:TrackPointExtension>
        </extensions>
      </trkpt>
      <trkpt lat="37.82106570452278" lon="112.00493727566972">
        <ele>1243.5999755859375</ele>
        <time>2022-05-10T09:11:35Z</time>
        <extensions>
          <gpxtpx:TrackPointExtension>
            <gpxtpx:hr>165</gpxtpx:hr>
          </gpxtpx:TrackPointExtension>
        </extensions>
      </trkpt>
      <trkpt lat="37.820909998390206" lon="112.00483167021129">
        <ele>1244.5999755859375</ele>
        <time>2022-05-10T09:11:42Z</time>
        <extensions>
          <gpxtpx:TrackPointExtension>
            <gpxtpx:hr>166</gpxtpx:hr>
          </gpxtpx:TrackPointExtension>
        </extensions>
      </trkpt>
      <trkpt lat="37.82073246545514" lon="112.00466727690565">
        <ele>1245.5999755859375</ele>
        <time>2022-05-10T09:11:50Z</time>
        <extensions>
          <gpxtpx:TrackPointExtension>
            <gpxtpx:hr>166</gpxtpx:hr>
          </gpxtpx:TrackPointExtension>
        </extensions>
      </trkpt>
      <trkpt lat="37.82062077794992" lon="112.00455768075551">
        <ele>1247.0</ele>
        <time>2022-05-10T09:11:55Z</time>
        <extensions>
          <gpxtpx:TrackPointExtension>
            <gpxtpx:hr>167</gpxtpx:hr>
          </gpxtpx:TrackPointExtension>
        </extensions>
      </trkpt>
      <trkpt lat="37.82049520813765" lon="112.00440822850798">
        <ele>1248.4000244140625</ele>
        <time>2022-05-10T09:12:02Z</time>
        <extensions>
          <gpxtpx:TrackPointExtension>
            <gpxtpx:hr>169</gpxtpx:hr>
          </gpxtpx:TrackPointExtension>
        </extensions>
      </trkpt>
      <trkpt lat="37.820502137389944" lon="112.00443214241668">
        <ele>1248.5999755859375</ele>
        <time>2022-05-10T09:12:07Z</time>
        <extensions>
          <gpxtpx:TrackPointExtension>
            <gpxtpx:hr>171</gpxtpx:hr>
          </gpxtpx:TrackPointExtension>
        </extensions>
      </trkpt>
      <trkpt lat="37.82059168110776" lon="112.00458857414002">
        <ele>1248.0</ele>
        <time>2022-05-10T09:12:20Z</time>
        <extensions>
          <gpxtpx:TrackPointExtension>
            <gpxtpx:hr>171</gpxtpx:hr>
          </gpxtpx:TrackPointExtension>
        </extensions>
      </trkpt>
      <trkpt lat="37.82062552765221" lon="112.00464138193666">
        <ele>1248.0</ele>
        <time>2022-05-10T09:12:24Z</time>
        <extensions>
          <gpxtpx:TrackPointExtension>
            <gpxtpx:hr>168</gpxtpx:hr>
          </gpxtpx:TrackPointExtension>
        </extensions>
      </trkpt>
      <trkpt lat="37.820657394846585" lon="112.0046872148493">
        <ele>1247.800048828125</ele>
        <time>2022-05-10T09:12:28Z</time>
        <extensions>
          <gpxtpx:TrackPointExtension>
            <gpxtpx:hr>165</gpxtpx:hr>
          </gpxtpx:TrackPointExtension>
        </extensions>
      </trkpt>
      <trkpt lat="37.82068528537956" lon="112.00472507665336">
        <ele>1247.4000244140625</ele>
        <time>2022-05-10T09:12:32Z</time>
        <extensions>
          <gpxtpx:TrackPointExtension>
            <gpxtpx:hr>162</gpxtpx:hr>
          </gpxtpx:TrackPointExtension>
        </extensions>
      </trkpt>
      <trkpt lat="37.820738164611846" lon="112.00476791775641">
        <ele>1246.199951171875</ele>
        <time>2022-05-10T09:12:36Z</time>
        <extensions>
          <gpxtpx:TrackPointExtension>
            <gpxtpx:hr>157</gpxtpx:hr>
          </gpxtpx:TrackPointExtension>
        </extensions>
      </trkpt>
      <trkpt lat="37.82079702681437" lon="112.00481673688107">
        <ele>1246.0</ele>
        <time>2022-05-10T09:12:41Z</time>
        <extensions>
          <gpxtpx:TrackPointExtension>
            <gpxtpx:hr>148</gpxtpx:hr>
          </gpxtpx:TrackPointExtension>
        </extensions>
      </trkpt>
      <trkpt lat="37.82086089872394" lon="112.0048625660805">
        <ele>1245.0</ele>
        <time>2022-05-10T09:12:47Z</time>
        <extensions>
          <gpxtpx:TrackPointExtension>
            <gpxtpx:hr>141</gpxtpx:hr>
          </gpxtpx:TrackPointExtension>
        </extensions>
      </trkpt>
      <trkpt lat="37.820916784424554" lon="112.00490341399106">
        <ele>1245.0</ele>
        <time>2022-05-10T09:12:51Z</time>
        <extensions>
          <gpxtpx:TrackPointExtension>
            <gpxtpx:hr>138</gpxtpx:hr>
          </gpxtpx:TrackPointExtension>
        </extensions>
      </trkpt>
      <trkpt lat="37.82101460757706" lon="112.00496717536335">
        <ele>1245.0</ele>
        <time>2022-05-10T09:12:59Z</time>
        <extensions>
          <gpxtpx:TrackPointExtension>
            <gpxtpx:hr>131</gpxtpx:hr>
          </gpxtpx:TrackPointExtension>
        </extensions>
      </trkpt>
      <trkpt lat="37.82107152629988" lon="112.00499706220631">
        <ele>1244.800048828125</ele>
        <time>2022-05-10T09:13:04Z</time>
        <extensions>
          <gpxtpx:TrackPointExtension>
            <gpxtpx:hr>129</gpxtpx:hr>
          </gpxtpx:TrackPointExtension>
        </extensions>
      </trkpt>
      <trkpt lat="37.82111240690173" lon="112.00503890842576">
        <ele>1244.4000244140625</ele>
        <time>2022-05-10T09:13:09Z</time>
        <extensions>
          <gpxtpx:TrackPointExtension>
            <gpxtpx:hr>124</gpxtpx:hr>
          </gpxtpx:TrackPointExtension>
        </extensions>
      </trkpt>
      <trkpt lat="37.82118325606968" lon="112.00509270856207">
        <ele>1243.5999755859375</ele>
        <time>2022-05-10T09:13:16Z</time>
        <extensions>
          <gpxtpx:TrackPointExtension>
            <gpxtpx:hr>120</gpxtpx:hr>
          </gpxtpx:TrackPointExtension>
        </extensions>
      </trkpt>
      <trkpt lat="37.8212281760775" lon="112.00512160042446">
        <ele>1243.199951171875</ele>
        <time>2022-05-10T09:13:21Z</time>
        <extensions>
          <gpxtpx:TrackPointExtension>
            <gpxtpx:hr>118</gpxtpx:hr>
          </gpxtpx:TrackPointExtension>
        </extensions>
      </trkpt>
      <trkpt lat="37.82131997167094" lon="112.005194330796">
        <ele>1242.5999755859375</ele>
        <time>2022-05-10T09:13:31Z</time>
        <extensions>
          <gpxtpx:TrackPointExtension>
            <gpxtpx:hr>118</gpxtpx:hr>
          </gpxtpx:TrackPointExtension>
        </extensions>
      </trkpt>
      <trkpt lat="37.82140579925305" lon="112.00525610091206">
        <ele>1241.5999755859375</ele>
        <time>2022-05-10T09:13:40Z</time>
        <extensions>
          <gpxtpx:TrackPointExtension>
            <gpxtpx:hr>115</gpxtpx:hr>
          </gpxtpx:TrackPointExtension>
        </extensions>
      </trkpt>
      <trkpt lat="37.8214606820048" lon="112.0052979455996">
        <ele>1241.4000244140625</ele>
        <time>2022-05-10T09:13:46Z</time>
        <extensions>
          <gpxtpx:TrackPointExtension>
            <gpxtpx:hr>119</gpxtpx:hr>
          </gpxtpx:TrackPointExtension>
        </extensions>
      </trkpt>
      <trkpt lat="37.8215015627413" lon="112.0053397919768">
        <ele>1241.0</ele>
        <time>2022-05-10T09:13:51Z</time>
        <extensions>
          <gpxtpx:TrackPointExtension>
            <gpxtpx:hr>118</gpxtpx:hr>
          </gpxtpx:TrackPointExtension>
        </extensions>
      </trkpt>
      <trkpt lat="37.821580338736204" lon="112.00541850285603">
        <ele>1240.800048828125</ele>
        <time>2022-05-10T09:14:01Z</time>
        <extensions>
          <gpxtpx:TrackPointExtension>
            <gpxtpx:hr>117</gpxtpx:hr>
          </gpxtpx:TrackPointExtension>
        </extensions>
      </trkpt>
      <trkpt lat="37.821618245911154" lon="112.00545138151195">
        <ele>1240.800048828125</ele>
        <time>2022-05-10T09:14:05Z</time>
        <extensions>
          <gpxtpx:TrackPointExtension>
            <gpxtpx:hr>114</gpxtpx:hr>
          </gpxtpx:TrackPointExtension>
        </extensions>
      </trkpt>
      <trkpt lat="37.82167510222635" lon="112.00550219421321">
        <ele>1240.800048828125</ele>
        <time>2022-05-10T09:14:11Z</time>
        <extensions>
          <gpxtpx:TrackPointExtension>
            <gpxtpx:hr>111</gpxtpx:hr>
          </gpxtpx:TrackPointExtension>
        </extensions>
      </trkpt>
      <trkpt lat="37.82177987022755" lon="112.0055848880073">
        <ele>1239.5999755859375</ele>
        <time>2022-05-10T09:14:23Z</time>
        <extensions>
          <gpxtpx:TrackPointExtension>
            <gpxtpx:hr>111</gpxtpx:hr>
          </gpxtpx:TrackPointExtension>
        </extensions>
      </trkpt>
      <trkpt lat="37.82190159313505" lon="112.00568352327568">
        <ele>1239.800048828125</ele>
        <time>2022-05-10T09:14:38Z</time>
        <extensions>
          <gpxtpx:TrackPointExtension>
            <gpxtpx:hr>113</gpxtpx:hr>
          </gpxtpx:TrackPointExtension>
        </extensions>
      </trkpt>
      <trkpt lat="37.82202536407421" lon="112.00576621500113">
        <ele>1239.4000244140625</ele>
        <time>2022-05-10T09:14:50Z</time>
        <extensions>
          <gpxtpx:TrackPointExtension>
            <gpxtpx:hr>113</gpxtpx:hr>
          </gpxtpx:TrackPointExtension>
        </extensions>
      </trkpt>
      <trkpt lat="37.822110209767985" lon="112.00582200689995">
        <ele>1238.5999755859375</ele>
        <time>2022-05-10T09:14:59Z</time>
        <extensions>
          <gpxtpx:TrackPointExtension>
            <gpxtpx:hr>114</gpxtpx:hr>
          </gpxtpx:TrackPointExtension>
        </extensions>
      </trkpt>
      <trkpt lat="37.822226030262584" lon="112.00588775980546">
        <ele>1238.0</ele>
        <time>2022-05-10T09:15:11Z</time>
        <extensions>
          <gpxtpx:TrackPointExtension>
            <gpxtpx:hr>111</gpxtpx:hr>
          </gpxtpx:TrackPointExtension>
        </extensions>
      </trkpt>
      <trkpt lat="37.822302898672966" lon="112.00593558101355">
        <ele>1236.5999755859375</ele>
        <time>2022-05-10T09:15:19Z</time>
        <extensions>
          <gpxtpx:TrackPointExtension>
            <gpxtpx:hr>111</gpxtpx:hr>
          </gpxtpx:TrackPointExtension>
        </extensions>
      </trkpt>
      <trkpt lat="37.8223438511036" lon="112.00595351252977">
        <ele>1236.5999755859375</ele>
        <time>2022-05-10T09:15:23Z</time>
        <extensions>
          <gpxtpx:TrackPointExtension>
            <gpxtpx:hr>111</gpxtpx:hr>
          </gpxtpx:TrackPointExtension>
        </extensions>
      </trkpt>
      <trkpt lat="37.82234883695825" lon="112.00595849426846">
        <ele>1236.800048828125</ele>
        <time>2022-05-10T09:15:28Z</time>
        <extensions>
          <gpxtpx:TrackPointExtension>
            <gpxtpx:hr>110</gpxtpx:hr>
          </gpxtpx:TrackPointExtension>
        </extensions>
      </trkpt>
      <trkpt lat="37.82242468146908" lon="112.00601428738149">
        <ele>1236.4000244140625</ele>
        <time>2022-05-10T09:15:33Z</time>
        <extensions>
          <gpxtpx:TrackPointExtension>
            <gpxtpx:hr>108</gpxtpx:hr>
          </gpxtpx:TrackPointExtension>
        </extensions>
      </trkpt>
      <trkpt lat="37.82253751357847" lon="112.00607605493825">
        <ele>1235.5999755859375</ele>
        <time>2022-05-10T09:15:38Z</time>
        <extensions>
          <gpxtpx:TrackPointExtension>
            <gpxtpx:hr>110</gpxtpx:hr>
          </gpxtpx:TrackPointExtension>
        </extensions>
      </trkpt>
      <trkpt lat="37.822716334574075" lon="112.00614478996737">
        <ele>1234.199951171875</ele>
        <time>2022-05-10T09:15:45Z</time>
        <extensions>
          <gpxtpx:TrackPointExtension>
            <gpxtpx:hr>113</gpxtpx:hr>
          </gpxtpx:TrackPointExtension>
        </extensions>
      </trkpt>
      <trkpt lat="37.822883260896845" lon="112.00617765356596">
        <ele>1233.4000244140625</ele>
        <time>2022-05-10T09:15:51Z</time>
        <extensions>
          <gpxtpx:TrackPointExtension>
            <gpxtpx:hr>116</gpxtpx:hr>
          </gpxtpx:TrackPointExtension>
        </extensions>
      </trkpt>
      <trkpt lat="37.82298829707479" lon="112.00617066576557">
        <ele>1231.800048828125</ele>
        <time>2022-05-10T09:15:55Z</time>
        <extensions>
          <gpxtpx:TrackPointExtension>
            <gpxtpx:hr>121</gpxtpx:hr>
          </gpxtpx:TrackPointExtension>
        </extensions>
      </trkpt>
      <trkpt lat="37.8231023702544" lon="112.00615171925854">
        <ele>1231.5999755859375</ele>
        <time>2022-05-10T09:15:59Z</time>
        <extensions>
          <gpxtpx:TrackPointExtension>
            <gpxtpx:hr>124</gpxtpx:hr>
          </gpxtpx:TrackPointExtension>
        </extensions>
      </trkpt>
      <trkpt lat="37.82320442384952" lon="112.00613875300209">
        <ele>1231.4000244140625</ele>
        <time>2022-05-10T09:16:03Z</time>
        <extensions>
          <gpxtpx:TrackPointExtension>
            <gpxtpx:hr>128</gpxtpx:hr>
          </gpxtpx:TrackPointExtension>
        </extensions>
      </trkpt>
      <trkpt lat="37.8233895015202" lon="112.00612179098138">
        <ele>1231.800048828125</ele>
        <time>2022-05-10T09:16:10Z</time>
        <extensions>
          <gpxtpx:TrackPointExtension>
            <gpxtpx:hr>131</gpxtpx:hr>
          </gpxtpx:TrackPointExtension>
        </extensions>
      </trkpt>
      <trkpt lat="37.823543544933045" lon="112.00611479734766">
        <ele>1231.199951171875</ele>
        <time>2022-05-10T09:16:16Z</time>
        <extensions>
          <gpxtpx:TrackPointExtension>
            <gpxtpx:hr>134</gpxtpx:hr>
          </gpxtpx:TrackPointExtension>
        </extensions>
      </trkpt>
      <trkpt lat="37.82372953657183" lon="112.00612673281236">
        <ele>1230.0</ele>
        <time>2022-05-10T09:16:23Z</time>
        <extensions>
          <gpxtpx:TrackPointExtension>
            <gpxtpx:hr>137</gpxtpx:hr>
          </gpxtpx:TrackPointExtension>
        </extensions>
      </trkpt>
      <trkpt lat="37.82390842910069" lon="112.00617155260628">
        <ele>1230.199951171875</ele>
        <time>2022-05-10T09:16:30Z</time>
        <extensions>
          <gpxtpx:TrackPointExtension>
            <gpxtpx:hr>139</gpxtpx:hr>
          </gpxtpx:TrackPointExtension>
        </extensions>
      </trkpt>
      <trkpt lat="37.824131334095675" lon="112.00621437424275">
        <ele>1230.4000244140625</ele>
        <time>2022-05-10T09:16:39Z</time>
        <extensions>
          <gpxtpx:TrackPointExtension>
            <gpxtpx:hr>140</gpxtpx:hr>
          </gpxtpx:TrackPointExtension>
        </extensions>
      </trkpt>
      <trkpt lat="37.82437720984608" lon="112.00626815434273">
        <ele>1230.4000244140625</ele>
        <time>2022-05-10T09:16:49Z</time>
        <extensions>
          <gpxtpx:TrackPointExtension>
            <gpxtpx:hr>142</gpxtpx:hr>
          </gpxtpx:TrackPointExtension>
        </extensions>
      </trkpt>
      <trkpt lat="37.824624103645334" lon="112.00631595553155">
        <ele>1230.800048828125</ele>
        <time>2022-05-10T09:16:59Z</time>
        <extensions>
          <gpxtpx:TrackPointExtension>
            <gpxtpx:hr>145</gpxtpx:hr>
          </gpxtpx:TrackPointExtension>
        </extensions>
      </trkpt>
      <trkpt lat="37.82477202447937" lon="112.00634981793804">
        <ele>1230.5999755859375</ele>
        <time>2022-05-10T09:17:05Z</time>
        <extensions>
          <gpxtpx:TrackPointExtension>
            <gpxtpx:hr>145</gpxtpx:hr>
          </gpxtpx:TrackPointExtension>
        </extensions>
      </trkpt>
      <trkpt lat="37.82494993492301" lon="112.00638865914756">
        <ele>1229.800048828125</ele>
        <time>2022-05-10T09:17:12Z</time>
        <extensions>
          <gpxtpx:TrackPointExtension>
            <gpxtpx:hr>146</gpxtpx:hr>
          </gpxtpx:TrackPointExtension>
        </extensions>
      </trkpt>
      <trkpt lat="37.825154840490036" lon="112.00643048657892">
        <ele>1229.0</ele>
        <time>2022-05-10T09:17:20Z</time>
        <extensions>
          <gpxtpx:TrackPointExtension>
            <gpxtpx:hr>147</gpxtpx:hr>
          </gpxtpx:TrackPointExtension>
        </extensions>
      </trkpt>
      <trkpt lat="37.8252837586088" lon="112.00646435130183">
        <ele>1228.4000244140625</ele>
        <time>2022-05-10T09:17:25Z</time>
        <extensions>
          <gpxtpx:TrackPointExtension>
            <gpxtpx:hr>147</gpxtpx:hr>
          </gpxtpx:TrackPointExtension>
        </extensions>
      </trkpt>
      <trkpt lat="37.82541168551153" lon="112.00649522673702">
        <ele>1228.4000244140625</ele>
        <time>2022-05-10T09:17:30Z</time>
        <extensions>
          <gpxtpx:TrackPointExtension>
            <gpxtpx:hr>147</gpxtpx:hr>
          </gpxtpx:TrackPointExtension>
        </extensions>
      </trkpt>
      <trkpt lat="37.82561067046721" lon="112.0065101501317">
        <ele>1228.800048828125</ele>
        <time>2022-05-10T09:17:38Z</time>
        <extensions>
          <gpxtpx:TrackPointExtension>
            <gpxtpx:hr>148</gpxtpx:hr>
          </gpxtpx:TrackPointExtension>
        </extensions>
      </trkpt>
      <trkpt lat="37.825793682769024" lon="112.0065151106916">
        <ele>1228.4000244140625</ele>
        <time>2022-05-10T09:17:45Z</time>
        <extensions>
          <gpxtpx:TrackPointExtension>
            <gpxtpx:hr>148</gpxtpx:hr>
          </gpxtpx:TrackPointExtension>
        </extensions>
      </trkpt>
      <trkpt lat="37.82602070460037" lon="112.00651906953267">
        <ele>1227.5999755859375</ele>
        <time>2022-05-10T09:17:54Z</time>
        <extensions>
          <gpxtpx:TrackPointExtension>
            <gpxtpx:hr>147</gpxtpx:hr>
          </gpxtpx:TrackPointExtension>
        </extensions>
      </trkpt>
      <trkpt lat="37.826121686951" lon="112.00653001871366">
        <ele>1227.199951171875</ele>
        <time>2022-05-10T09:17:58Z</time>
        <extensions>
          <gpxtpx:TrackPointExtension>
            <gpxtpx:hr>146</gpxtpx:hr>
          </gpxtpx:TrackPointExtension>
        </extensions>
      </trkpt>
      <trkpt lat="37.8262737362737" lon="112.00652103232567">
        <ele>1225.800048828125</ele>
        <time>2022-05-10T09:18:04Z</time>
        <extensions>
          <gpxtpx:TrackPointExtension>
            <gpxtpx:hr>144</gpxtpx:hr>
          </gpxtpx:TrackPointExtension>
        </extensions>
      </trkpt>
      <trkpt lat="37.826373837258345" lon="112.0064921226535">
        <ele>1225.4000244140625</ele>
        <time>2022-05-10T09:18:08Z</time>
        <extensions>
          <gpxtpx:TrackPointExtension>
            <gpxtpx:hr>144</gpxtpx:hr>
          </gpxtpx:TrackPointExtension>
        </extensions>
      </trkpt>
      <trkpt lat="37.82651798638712" lon="112.00644925711944">
        <ele>1224.5999755859375</ele>
        <time>2022-05-10T09:18:14Z</time>
        <extensions>
          <gpxtpx:TrackPointExtension>
            <gpxtpx:hr>143</gpxtpx:hr>
          </gpxtpx:TrackPointExtension>
        </extensions>
      </trkpt>
      <trkpt lat="37.826760135307175" lon="112.00641136229514">
        <ele>1224.5999755859375</ele>
        <time>2022-05-10T09:18:23Z</time>
        <extensions>
          <gpxtpx:TrackPointExtension>
            <gpxtpx:hr>144</gpxtpx:hr>
          </gpxtpx:TrackPointExtension>
        </extensions>
      </trkpt>
      <trkpt lat="37.82701825696687" lon="112.00638343030856">
        <ele>1223.800048828125</ele>
        <time>2022-05-10T09:18:33Z</time>
        <extensions>
          <gpxtpx:TrackPointExtension>
            <gpxtpx:hr>145</gpxtpx:hr>
          </gpxtpx:TrackPointExtension>
        </extensions>
      </trkpt>
      <trkpt lat="37.827237360970436" lon="112.00635948887007">
        <ele>1221.800048828125</ele>
        <time>2022-05-10T09:18:41Z</time>
        <extensions>
          <gpxtpx:TrackPointExtension>
            <gpxtpx:hr>145</gpxtpx:hr>
          </gpxtpx:TrackPointExtension>
        </extensions>
      </trkpt>
      <trkpt lat="37.82737443789539" lon="112.00634053957266">
        <ele>1221.5999755859375</ele>
        <time>2022-05-10T09:18:46Z</time>
        <extensions>
          <gpxtpx:TrackPointExtension>
            <gpxtpx:hr>145</gpxtpx:hr>
          </gpxtpx:TrackPointExtension>
        </extensions>
      </trkpt>
      <trkpt lat="37.82756652009661" lon="112.00632258019648">
        <ele>1220.5999755859375</ele>
        <time>2022-05-10T09:18:53Z</time>
        <extensions>
          <gpxtpx:TrackPointExtension>
            <gpxtpx:hr>144</gpxtpx:hr>
          </gpxtpx:TrackPointExtension>
        </extensions>
      </trkpt>
      <trkpt lat="37.82783756662331" lon="112.00632055495237">
        <ele>1219.5999755859375</ele>
        <time>2022-05-10T09:19:03Z</time>
        <extensions>
          <gpxtpx:TrackPointExtension>
            <gpxtpx:hr>143</gpxtpx:hr>
          </gpxtpx:TrackPointExtension>
        </extensions>
      </trkpt>
      <trkpt lat="37.82807776306702" lon="112.0062667169013">
        <ele>1218.4000244140625</ele>
        <time>2022-05-10T09:19:12Z</time>
        <extensions>
          <gpxtpx:TrackPointExtension>
            <gpxtpx:hr>143</gpxtpx:hr>
          </gpxtpx:TrackPointExtension>
        </extensions>
      </trkpt>
      <trkpt lat="37.82829485507522" lon="112.00624676162309">
        <ele>1217.0</ele>
        <time>2022-05-10T09:19:20Z</time>
        <extensions>
          <gpxtpx:TrackPointExtension>
            <gpxtpx:hr>144</gpxtpx:hr>
          </gpxtpx:TrackPointExtension>
        </extensions>
      </trkpt>
      <trkpt lat="37.828498918417374" lon="112.00623577613295">
        <ele>1217.4000244140625</ele>
        <time>2022-05-10T09:19:27Z</time>
        <extensions>
          <gpxtpx:TrackPointExtension>
            <gpxtpx:hr>143</gpxtpx:hr>
          </gpxtpx:TrackPointExtension>
        </extensions>
      </trkpt>
      <trkpt lat="37.82866896181392" lon="112.00622977704829">
        <ele>1215.800048828125</ele>
        <time>2022-05-10T09:19:33Z</time>
        <extensions>
          <gpxtpx:TrackPointExtension>
            <gpxtpx:hr>144</gpxtpx:hr>
          </gpxtpx:TrackPointExtension>
        </extensions>
      </trkpt>
      <trkpt lat="37.82881501647909" lon="112.00621879847384">
        <ele>1215.4000244140625</ele>
        <time>2022-05-10T09:19:38Z</time>
        <extensions>
          <gpxtpx:TrackPointExtension>
            <gpxtpx:hr>145</gpxtpx:hr>
          </gpxtpx:TrackPointExtension>
        </extensions>
      </trkpt>
      <trkpt lat="37.82900709889744" lon="112.0062008391287">
        <ele>1214.800048828125</ele>
        <time>2022-05-10T09:19:45Z</time>
        <extensions>
          <gpxtpx:TrackPointExtension>
            <gpxtpx:hr>147</gpxtpx:hr>
          </gpxtpx:TrackPointExtension>
        </extensions>
      </trkpt>
      <trkpt lat="37.82922214319782" lon="112.0061968276228">
        <ele>1214.4000244140625</ele>
        <time>2022-05-10T09:19:53Z</time>
        <extensions>
          <gpxtpx:TrackPointExtension>
            <gpxtpx:hr>148</gpxtpx:hr>
          </gpxtpx:TrackPointExtension>
        </extensions>
      </trkpt>
      <trkpt lat="37.829412157004214" lon="112.00620178732517">
        <ele>1213.800048828125</ele>
        <time>2022-05-10T09:20:00Z</time>
        <extensions>
          <gpxtpx:TrackPointExtension>
            <gpxtpx:hr>148</gpxtpx:hr>
          </gpxtpx:TrackPointExtension>
        </extensions>
      </trkpt>
      <trkpt lat="37.829692249831545" lon="112.00618481396475">
        <ele>1212.800048828125</ele>
        <time>2022-05-10T09:20:10Z</time>
        <extensions>
          <gpxtpx:TrackPointExtension>
            <gpxtpx:hr>147</gpxtpx:hr>
          </gpxtpx:TrackPointExtension>
        </extensions>
      </trkpt>
      <trkpt lat="37.82994834503003" lon="112.00616585053025">
        <ele>1211.5999755859375</ele>
        <time>2022-05-10T09:20:19Z</time>
        <extensions>
          <gpxtpx:TrackPointExtension>
            <gpxtpx:hr>148</gpxtpx:hr>
          </gpxtpx:TrackPointExtension>
        </extensions>
      </trkpt>
      <trkpt lat="37.83019937411662" lon="112.00616881002007">
        <ele>1210.4000244140625</ele>
        <time>2022-05-10T09:20:28Z</time>
        <extensions>
          <gpxtpx:TrackPointExtension>
            <gpxtpx:hr>149</gpxtpx:hr>
          </gpxtpx:TrackPointExtension>
        </extensions>
      </trkpt>
      <trkpt lat="37.830319347711246" lon="112.00618374275868">
        <ele>1208.800048828125</ele>
        <time>2022-05-10T09:20:32Z</time>
        <extensions>
          <gpxtpx:TrackPointExtension>
            <gpxtpx:hr>149</gpxtpx:hr>
          </gpxtpx:TrackPointExtension>
        </extensions>
      </trkpt>
      <trkpt lat="37.8304643399726" lon="112.00619369017134">
        <ele>1208.199951171875</ele>
        <time>2022-05-10T09:20:37Z</time>
        <extensions>
          <gpxtpx:TrackPointExtension>
            <gpxtpx:hr>149</gpxtpx:hr>
          </gpxtpx:TrackPointExtension>
        </extensions>
      </trkpt>
      <trkpt lat="37.83057936633858" lon="112.00619068705426">
        <ele>1207.5999755859375</ele>
        <time>2022-05-10T09:20:41Z</time>
        <extensions>
          <gpxtpx:TrackPointExtension>
            <gpxtpx:hr>149</gpxtpx:hr>
          </gpxtpx:TrackPointExtension>
        </extensions>
      </trkpt>
      <trkpt lat="37.83075438993549" lon="112.00619166266381">
        <ele>1206.199951171875</ele>
        <time>2022-05-10T09:20:47Z</time>
        <extensions>
          <gpxtpx:TrackPointExtension>
            <gpxtpx:hr>149</gpxtpx:hr>
          </gpxtpx:TrackPointExtension>
        </extensions>
      </trkpt>
      <trkpt lat="37.830958420934635" lon="112.00619163834666">
        <ele>1205.5999755859375</ele>
        <time>2022-05-10T09:20:54Z</time>
        <extensions>
          <gpxtpx:TrackPointExtension>
            <gpxtpx:hr>149</gpxtpx:hr>
          </gpxtpx:TrackPointExtension>
        </extensions>
      </trkpt>
      <trkpt lat="37.83123347465848" lon="112.00618761968735">
        <ele>1205.199951171875</ele>
        <time>2022-05-10T09:21:04Z</time>
        <extensions>
          <gpxtpx:TrackPointExtension>
            <gpxtpx:hr>149</gpxtpx:hr>
          </gpxtpx:TrackPointExtension>
        </extensions>
      </trkpt>
      <trkpt lat="37.8315015749312" lon="112.00616765835164">
        <ele>1204.800048828125</ele>
        <time>2022-05-10T09:21:14Z</time>
        <extensions>
          <gpxtpx:TrackPointExtension>
            <gpxtpx:hr>150</gpxtpx:hr>
          </gpxtpx:TrackPointExtension>
        </extensions>
      </trkpt>
      <trkpt lat="37.83174265032732" lon="112.00615467552358">
        <ele>1204.5999755859375</ele>
        <time>2022-05-10T09:21:23Z</time>
        <extensions>
          <gpxtpx:TrackPointExtension>
            <gpxtpx:hr>151</gpxtpx:hr>
          </gpxtpx:TrackPointExtension>
        </extensions>
      </trkpt>
      <trkpt lat="37.831878674055886" lon="112.00615366284259">
        <ele>1204.0</ele>
        <time>2022-05-10T09:21:28Z</time>
        <extensions>
          <gpxtpx:TrackPointExtension>
            <gpxtpx:hr>152</gpxtpx:hr>
          </gpxtpx:TrackPointExtension>
        </extensions>
      </trkpt>
      <trkpt lat="37.8320737514064" lon="112.0061376960937">
        <ele>1204.0</ele>
        <time>2022-05-10T09:21:35Z</time>
        <extensions>
          <gpxtpx:TrackPointExtension>
            <gpxtpx:hr>152</gpxtpx:hr>
          </gpxtpx:TrackPointExtension>
        </extensions>
      </trkpt>
      <trkpt lat="37.83236166463357" lon="112.00618150640548">
        <ele>1203.4000244140625</ele>
        <time>2022-05-10T09:21:46Z</time>
        <extensions>
          <gpxtpx:TrackPointExtension>
            <gpxtpx:hr>152</gpxtpx:hr>
          </gpxtpx:TrackPointExtension>
        </extensions>
      </trkpt>
      <trkpt lat="37.832591441260085" lon="112.00626817188103">
        <ele>1203.199951171875</ele>
        <time>2022-05-10T09:21:55Z</time>
        <extensions>
          <gpxtpx:TrackPointExtension>
            <gpxtpx:hr>155</gpxtpx:hr>
          </gpxtpx:TrackPointExtension>
        </extensions>
      </trkpt>
      <trkpt lat="37.83280120602471" lon="112.00635782925785">
        <ele>1202.5999755859375</ele>
        <time>2022-05-10T09:22:03Z</time>
        <extensions>
          <gpxtpx:TrackPointExtension>
            <gpxtpx:hr>155</gpxtpx:hr>
          </gpxtpx:TrackPointExtension>
        </extensions>
      </trkpt>
      <trkpt lat="37.83299601315276" lon="112.00643254143768">
        <ele>1202.199951171875</ele>
        <time>2022-05-10T09:22:12Z</time>
        <extensions>
          <gpxtpx:TrackPointExtension>
            <gpxtpx:hr>153</gpxtpx:hr>
          </gpxtpx:TrackPointExtension>
        </extensions>
      </trkpt>
      <trkpt lat="37.83322779338939" lon="112.00651821049628">
        <ele>1201.199951171875</ele>
        <time>2022-05-10T09:22:21Z</time>
        <extensions>
          <gpxtpx:TrackPointExtension>
            <gpxtpx:hr>153</gpxtpx:hr>
          </gpxtpx:TrackPointExtension>
        </extensions>
      </trkpt>
      <trkpt lat="37.83335766492308" lon="112.00656801871715">
        <ele>1201.0</ele>
        <time>2022-05-10T09:22:26Z</time>
        <extensions>
          <gpxtpx:TrackPointExtension>
            <gpxtpx:hr>154</gpxtpx:hr>
          </gpxtpx:TrackPointExtension>
        </extensions>
      </trkpt>
      <trkpt lat="37.83354451854998" lon="112.00662678845546">
        <ele>1200.4000244140625</ele>
        <time>2022-05-10T09:22:33Z</time>
        <extensions>
          <gpxtpx:TrackPointExtension>
            <gpxtpx:hr>155</gpxtpx:hr>
          </gpxtpx:TrackPointExtension>
        </extensions>
      </trkpt>
      <trkpt lat="37.83373434599598" lon="112.00669452617193">
        <ele>1200.199951171875</ele>
        <time>2022-05-10T09:22:40Z</time>
        <extensions>
          <gpxtpx:TrackPointExtension>
            <gpxtpx:hr>155</gpxtpx:hr>
          </gpxtpx:TrackPointExtension>
        </extensions>
      </trkpt>
      <trkpt lat="37.83398316184379" lon="112.00676923225947">
        <ele>1198.800048828125</ele>
        <time>2022-05-10T09:22:49Z</time>
        <extensions>
          <gpxtpx:TrackPointExtension>
            <gpxtpx:hr>153</gpxtpx:hr>
          </gpxtpx:TrackPointExtension>
        </extensions>
      </trkpt>
      <trkpt lat="37.83421496627685" lon="112.006846929888">
        <ele>1198.0</ele>
        <time>2022-05-10T09:22:58Z</time>
        <extensions>
          <gpxtpx:TrackPointExtension>
            <gpxtpx:hr>151</gpxtpx:hr>
          </gpxtpx:TrackPointExtension>
        </extensions>
      </trkpt>
      <trkpt lat="37.83441378647065" lon="112.00691765617862">
        <ele>1197.5999755859375</ele>
        <time>2022-05-10T09:23:05Z</time>
        <extensions>
          <gpxtpx:TrackPointExtension>
            <gpxtpx:hr>149</gpxtpx:hr>
          </gpxtpx:TrackPointExtension>
        </extensions>
      </trkpt>
      <trkpt lat="37.83469261614827" lon="112.00698936947985">
        <ele>1196.800048828125</ele>
        <time>2022-05-10T09:23:15Z</time>
        <extensions>
          <gpxtpx:TrackPointExtension>
            <gpxtpx:hr>151</gpxtpx:hr>
          </gpxtpx:TrackPointExtension>
        </extensions>
      </trkpt>
      <trkpt lat="37.8349117596885" lon="112.0069524735856">
        <ele>1195.5999755859375</ele>
        <time>2022-05-10T09:23:23Z</time>
        <extensions>
          <gpxtpx:TrackPointExtension>
            <gpxtpx:hr>151</gpxtpx:hr>
          </gpxtpx:TrackPointExtension>
        </extensions>
      </trkpt>
      <trkpt lat="37.83501984754903" lon="112.00692854518574">
        <ele>1195.4000244140625</ele>
        <time>2022-05-10T09:23:27Z</time>
        <extensions>
          <gpxtpx:TrackPointExtension>
            <gpxtpx:hr>151</gpxtpx:hr>
          </gpxtpx:TrackPointExtension>
        </extensions>
      </trkpt>
      <trkpt lat="37.83517689261405" lon="112.00692155110362">
        <ele>1195.199951171875</ele>
        <time>2022-05-10T09:23:33Z</time>
        <extensions>
          <gpxtpx:TrackPointExtension>
            <gpxtpx:hr>151</gpxtpx:hr>
          </gpxtpx:TrackPointExtension>
        </extensions>
      </trkpt>
      <trkpt lat="37.83534567870824" lon="112.0070022458515">
        <ele>1194.4000244140625</ele>
        <time>2022-05-10T09:23:40Z</time>
        <extensions>
          <gpxtpx:TrackPointExtension>
            <gpxtpx:hr>151</gpxtpx:hr>
          </gpxtpx:TrackPointExtension>
        </extensions>
      </trkpt>
      <trkpt lat="37.835445089854964" lon="112.00720551632243">
        <ele>1195.5999755859375</ele>
        <time>2022-05-10T09:23:47Z</time>
        <extensions>
          <gpxtpx:TrackPointExtension>
            <gpxtpx:hr>152</gpxtpx:hr>
          </gpxtpx:TrackPointExtension>
        </extensions>
      </trkpt>
      <trkpt lat="37.83557272186805" lon="112.00733604056168">
        <ele>1196.0</ele>
        <time>2022-05-10T09:23:54Z</time>
        <extensions>
          <gpxtpx:TrackPointExtension>
            <gpxtpx:hr>153</gpxtpx:hr>
          </gpxtpx:TrackPointExtension>
        </extensions>
      </trkpt>
      <trkpt lat="37.83576066226241" lon="112.00736591271534">
        <ele>1195.5999755859375</ele>
        <time>2022-05-10T09:24:01Z</time>
        <extensions>
          <gpxtpx:TrackPointExtension>
            <gpxtpx:hr>154</gpxtpx:hr>
          </gpxtpx:TrackPointExtension>
        </extensions>
      </trkpt>
      <trkpt lat="37.835942622473084" lon="112.00738881019133">
        <ele>1195.5999755859375</ele>
        <time>2022-05-10T09:24:08Z</time>
        <extensions>
          <gpxtpx:TrackPointExtension>
            <gpxtpx:hr>154</gpxtpx:hr>
          </gpxtpx:TrackPointExtension>
        </extensions>
      </trkpt>
      <trkpt lat="37.836170483351" lon="112.00744757572332">
        <ele>1195.0</ele>
        <time>2022-05-10T09:24:17Z</time>
        <extensions>
          <gpxtpx:TrackPointExtension>
            <gpxtpx:hr>155</gpxtpx:hr>
          </gpxtpx:TrackPointExtension>
        </extensions>
      </trkpt>
      <trkpt lat="37.83626737419458" lon="112.00748941663498">
        <ele>1194.199951171875</ele>
        <time>2022-05-10T09:24:21Z</time>
        <extensions>
          <gpxtpx:TrackPointExtension>
            <gpxtpx:hr>155</gpxtpx:hr>
          </gpxtpx:TrackPointExtension>
        </extensions>
      </trkpt>
      <trkpt lat="37.83642631021303" lon="112.00751929231379">
        <ele>1193.800048828125</ele>
        <time>2022-05-10T09:24:27Z</time>
        <extensions>
          <gpxtpx:TrackPointExtension>
            <gpxtpx:hr>155</gpxtpx:hr>
          </gpxtpx:TrackPointExtension>
        </extensions>
      </trkpt>
      <trkpt lat="37.836625122378614" lon="112.00759300875885">
        <ele>1193.5999755859375</ele>
        <time>2022-05-10T09:24:35Z</time>
        <extensions>
          <gpxtpx:TrackPointExtension>
            <gpxtpx:hr>155</gpxtpx:hr>
          </gpxtpx:TrackPointExtension>
        </extensions>
      </trkpt>
      <trkpt lat="37.836786985029256" lon="112.00764779637927">
        <ele>1193.4000244140625</ele>
        <time>2022-05-10T09:24:41Z</time>
        <extensions>
          <gpxtpx:TrackPointExtension>
            <gpxtpx:hr>152</gpxtpx:hr>
          </gpxtpx:TrackPointExtension>
        </extensions>
      </trkpt>
      <trkpt lat="37.83703373983395" lon="112.00774343005443">
        <ele>1193.800048828125</ele>
        <time>2022-05-10T09:24:50Z</time>
        <extensions>
          <gpxtpx:TrackPointExtension>
            <gpxtpx:hr>152</gpxtpx:hr>
          </gpxtpx:TrackPointExtension>
        </extensions>
      </trkpt>
      <trkpt lat="37.83726949306864" lon="112.00783906517941">
        <ele>1192.199951171875</ele>
        <time>2022-05-10T09:24:59Z</time>
        <extensions>
          <gpxtpx:TrackPointExtension>
            <gpxtpx:hr>153</gpxtpx:hr>
          </gpxtpx:TrackPointExtension>
        </extensions>
      </trkpt>
      <trkpt lat="37.837558204547584" lon="112.0079516345311">
        <ele>1191.199951171875</ele>
        <time>2022-05-10T09:25:09Z</time>
        <extensions>
          <gpxtpx:TrackPointExtension>
            <gpxtpx:hr>154</gpxtpx:hr>
          </gpxtpx:TrackPointExtension>
        </extensions>
      </trkpt>
      <trkpt lat="37.837761035581245" lon="112.0080193720018">
        <ele>1190.800048828125</ele>
        <time>2022-05-10T09:25:16Z</time>
        <extensions>
          <gpxtpx:TrackPointExtension>
            <gpxtpx:hr>154</gpxtpx:hr>
          </gpxtpx:TrackPointExtension>
        </extensions>
      </trkpt>
      <trkpt lat="37.837960869178666" lon="112.00808611340342">
        <ele>1189.5999755859375</ele>
        <time>2022-05-10T09:25:23Z</time>
        <extensions>
          <gpxtpx:TrackPointExtension>
            <gpxtpx:hr>154</gpxtpx:hr>
          </gpxtpx:TrackPointExtension>
        </extensions>
      </trkpt>
      <trkpt lat="37.83806574695956" lon="112.0081329362516">
        <ele>1189.0</ele>
        <time>2022-05-10T09:25:27Z</time>
        <extensions>
          <gpxtpx:TrackPointExtension>
            <gpxtpx:hr>154</gpxtpx:hr>
          </gpxtpx:TrackPointExtension>
        </extensions>
      </trkpt>
      <trkpt lat="37.83817864077962" lon="112.0081747756867">
        <ele>1188.5999755859375</ele>
        <time>2022-05-10T09:25:31Z</time>
        <extensions>
          <gpxtpx:TrackPointExtension>
            <gpxtpx:hr>154</gpxtpx:hr>
          </gpxtpx:TrackPointExtension>
        </extensions>
      </trkpt>
      <trkpt lat="37.838287542849976" lon="112.00821362612903">
        <ele>1188.0</ele>
        <time>2022-05-10T09:25:35Z</time>
        <extensions>
          <gpxtpx:TrackPointExtension>
            <gpxtpx:hr>154</gpxtpx:hr>
          </gpxtpx:TrackPointExtension>
        </extensions>
      </trkpt>
      <trkpt lat="37.83841146794632" lon="112.00824549930758">
        <ele>1187.5999755859375</ele>
        <time>2022-05-10T09:25:40Z</time>
        <extensions>
          <gpxtpx:TrackPointExtension>
            <gpxtpx:hr>154</gpxtpx:hr>
          </gpxtpx:TrackPointExtension>
        </extensions>
      </trkpt>
      <trkpt lat="37.83854350638224" lon="112.00823950455765">
        <ele>1186.4000244140625</ele>
        <time>2022-05-10T09:25:45Z</time>
        <extensions>
          <gpxtpx:TrackPointExtension>
            <gpxtpx:hr>153</gpxtpx:hr>
          </gpxtpx:TrackPointExtension>
        </extensions>
      </trkpt>
      <trkpt lat="37.83872460562506" lon="112.00821556697534">
        <ele>1185.800048828125</ele>
        <time>2022-05-10T09:25:52Z</time>
        <extensions>
          <gpxtpx:TrackPointExtension>
            <gpxtpx:hr>152</gpxtpx:hr>
          </gpxtpx:TrackPointExtension>
        </extensions>
      </trkpt>
      <trkpt lat="37.83893973974725" lon="112.00818166035897">
        <ele>1185.800048828125</ele>
        <time>2022-05-10T09:26:00Z</time>
        <extensions>
          <gpxtpx:TrackPointExtension>
            <gpxtpx:hr>151</gpxtpx:hr>
          </gpxtpx:TrackPointExtension>
        </extensions>
      </trkpt>
      <trkpt lat="37.83907885013898" lon="112.00815174882297">
        <ele>1185.4000244140625</ele>
        <time>2022-05-10T09:26:05Z</time>
        <extensions>
          <gpxtpx:TrackPointExtension>
            <gpxtpx:hr>150</gpxtpx:hr>
          </gpxtpx:TrackPointExtension>
        </extensions>
      </trkpt>
      <trkpt lat="37.8392839680083" lon="112.00812282592243">
        <ele>1185.4000244140625</ele>
        <time>2022-05-10T09:26:12Z</time>
        <extensions>
          <gpxtpx:TrackPointExtension>
            <gpxtpx:hr>151</gpxtpx:hr>
          </gpxtpx:TrackPointExtension>
        </extensions>
      </trkpt>
      <trkpt lat="37.839525088645956" lon="112.00809489523621">
        <ele>1185.199951171875</ele>
        <time>2022-05-10T09:26:20Z</time>
        <extensions>
          <gpxtpx:TrackPointExtension>
            <gpxtpx:hr>152</gpxtpx:hr>
          </gpxtpx:TrackPointExtension>
        </extensions>
      </trkpt>
      <trkpt lat="37.83963213504682" lon="112.00808491749655">
        <ele>1184.0</ele>
        <time>2022-05-10T09:26:24Z</time>
        <extensions>
          <gpxtpx:TrackPointExtension>
            <gpxtpx:hr>152</gpxtpx:hr>
          </gpxtpx:TrackPointExtension>
        </extensions>
      </trkpt>
      <trkpt lat="37.83981423462328" lon="112.00806097985453">
        <ele>1184.0</ele>
        <time>2022-05-10T09:26:30Z</time>
        <extensions>
          <gpxtpx:TrackPointExtension>
            <gpxtpx:hr>153</gpxtpx:hr>
          </gpxtpx:TrackPointExtension>
        </extensions>
      </trkpt>
      <trkpt lat="37.83992831167048" lon="112.00804103632164">
        <ele>1184.4000244140625</ele>
        <time>2022-05-10T09:26:34Z</time>
        <extensions>
          <gpxtpx:TrackPointExtension>
            <gpxtpx:hr>154</gpxtpx:hr>
          </gpxtpx:TrackPointExtension>
        </extensions>
      </trkpt>
      <trkpt lat="37.84015147387006" lon="112.00799816038482">
        <ele>1183.800048828125</ele>
        <time>2022-05-10T09:26:42Z</time>
        <extensions>
          <gpxtpx:TrackPointExtension>
            <gpxtpx:hr>154</gpxtpx:hr>
          </gpxtpx:TrackPointExtension>
        </extensions>
      </trkpt>
      <trkpt lat="37.840262491438516" lon="112.00799814713821">
        <ele>1182.800048828125</ele>
        <time>2022-05-10T09:26:46Z</time>
        <extensions>
          <gpxtpx:TrackPointExtension>
            <gpxtpx:hr>154</gpxtpx:hr>
          </gpxtpx:TrackPointExtension>
        </extensions>
      </trkpt>
      <trkpt lat="37.84037145851444" lon="112.00801507455705">
        <ele>1181.800048828125</ele>
        <time>2022-05-10T09:26:50Z</time>
        <extensions>
          <gpxtpx:TrackPointExtension>
            <gpxtpx:hr>154</gpxtpx:hr>
          </gpxtpx:TrackPointExtension>
        </extensions>
      </trkpt>
      <trkpt lat="37.840559393847684" lon="112.00804693999504">
        <ele>1182.199951171875</ele>
        <time>2022-05-10T09:26:57Z</time>
        <extensions>
          <gpxtpx:TrackPointExtension>
            <gpxtpx:hr>155</gpxtpx:hr>
          </gpxtpx:TrackPointExtension>
        </extensions>
      </trkpt>
      <trkpt lat="37.84078826784832" lon="112.00810171998542">
        <ele>1182.0</ele>
        <time>2022-05-10T09:27:05Z</time>
        <extensions>
          <gpxtpx:TrackPointExtension>
            <gpxtpx:hr>155</gpxtpx:hr>
          </gpxtpx:TrackPointExtension>
        </extensions>
      </trkpt>
      <trkpt lat="37.84088118228462" lon="112.00813558979829">
        <ele>1181.4000244140625</ele>
        <time>2022-05-10T09:27:09Z</time>
        <extensions>
          <gpxtpx:TrackPointExtension>
            <gpxtpx:hr>155</gpxtpx:hr>
          </gpxtpx:TrackPointExtension>
        </extensions>
      </trkpt>
      <trkpt lat="37.84097013445675" lon="112.00815650563085">
        <ele>1180.5999755859375</ele>
        <time>2022-05-10T09:27:13Z</time>
        <extensions>
          <gpxtpx:TrackPointExtension>
            <gpxtpx:hr>155</gpxtpx:hr>
          </gpxtpx:TrackPointExtension>
        </extensions>
      </trkpt>
      <trkpt lat="37.84109309794006" lon="112.00817542441548">
        <ele>1180.5999755859375</ele>
        <time>2022-05-10T09:27:18Z</time>
        <extensions>
          <gpxtpx:TrackPointExtension>
            <gpxtpx:hr>154</gpxtpx:hr>
          </gpxtpx:TrackPointExtension>
        </extensions>
      </trkpt>
      <trkpt lat="37.84127810669053" lon="112.00818237782364">
        <ele>1180.4000244140625</ele>
        <time>2022-05-10T09:27:25Z</time>
        <extensions>
          <gpxtpx:TrackPointExtension>
            <gpxtpx:hr>152</gpxtpx:hr>
          </gpxtpx:TrackPointExtension>
        </extensions>
      </trkpt>
      <trkpt lat="37.84155431285422" lon="112.00812753749454">
        <ele>1180.5999755859375</ele>
        <time>2022-05-10T09:27:35Z</time>
        <extensions>
          <gpxtpx:TrackPointExtension>
            <gpxtpx:hr>152</gpxtpx:hr>
          </gpxtpx:TrackPointExtension>
        </extensions>
      </trkpt>
      <trkpt lat="37.84169449153788" lon="112.00807470643866">
        <ele>1180.4000244140625</ele>
        <time>2022-05-10T09:27:41Z</time>
        <extensions>
          <gpxtpx:TrackPointExtension>
            <gpxtpx:hr>152</gpxtpx:hr>
          </gpxtpx:TrackPointExtension>
        </extensions>
      </trkpt>
      <trkpt lat="37.84184776975594" lon="112.00798898952041">
        <ele>1180.0</ele>
        <time>2022-05-10T09:27:52Z</time>
        <extensions>
          <gpxtpx:TrackPointExtension>
            <gpxtpx:hr>152</gpxtpx:hr>
          </gpxtpx:TrackPointExtension>
        </extensions>
      </trkpt>
      <trkpt lat="37.84190890348066" lon="112.00794712944912">
        <ele>1179.4000244140625</ele>
        <time>2022-05-10T09:27:57Z</time>
        <extensions>
          <gpxtpx:TrackPointExtension>
            <gpxtpx:hr>147</gpxtpx:hr>
          </gpxtpx:TrackPointExtension>
        </extensions>
      </trkpt>
      <trkpt lat="37.84196203595349" lon="112.00790527035997">
        <ele>1179.4000244140625</ele>
        <time>2022-05-10T09:28:01Z</time>
        <extensions>
          <gpxtpx:TrackPointExtension>
            <gpxtpx:hr>144</gpxtpx:hr>
          </gpxtpx:TrackPointExtension>
        </extensions>
      </trkpt>
      <trkpt lat="37.84206324404248" lon="112.00784048622542">
        <ele>1178.4000244140625</ele>
        <time>2022-05-10T09:28:05Z</time>
        <extensions>
          <gpxtpx:TrackPointExtension>
            <gpxtpx:hr>139</gpxtpx:hr>
          </gpxtpx:TrackPointExtension>
        </extensions>
      </trkpt>
      <trkpt lat="37.84215144420463" lon="112.00777769669159">
        <ele>1178.4000244140625</ele>
        <time>2022-05-10T09:28:09Z</time>
        <extensions>
          <gpxtpx:TrackPointExtension>
            <gpxtpx:hr>136</gpxtpx:hr>
          </gpxtpx:TrackPointExtension>
        </extensions>
      </trkpt>
      <trkpt lat="37.84224564537644" lon="112.00771490650267">
        <ele>1177.800048828125</ele>
        <time>2022-05-10T09:28:13Z</time>
        <extensions>
          <gpxtpx:TrackPointExtension>
            <gpxtpx:hr>133</gpxtpx:hr>
          </gpxtpx:TrackPointExtension>
        </extensions>
      </trkpt>
      <trkpt lat="37.8423588969355" lon="112.00763617026637">
        <ele>1177.4000244140625</ele>
        <time>2022-05-10T09:28:18Z</time>
        <extensions>
          <gpxtpx:TrackPointExtension>
            <gpxtpx:hr>133</gpxtpx:hr>
          </gpxtpx:TrackPointExtension>
        </extensions>
      </trkpt>
      <trkpt lat="37.84253930420397" lon="112.00750859820018">
        <ele>1177.199951171875</ele>
        <time>2022-05-10T09:28:26Z</time>
        <extensions>
          <gpxtpx:TrackPointExtension>
            <gpxtpx:hr>134</gpxtpx:hr>
          </gpxtpx:TrackPointExtension>
        </extensions>
      </trkpt>
      <trkpt lat="37.84272875455536" lon="112.00736707450348">
        <ele>1176.800048828125</ele>
        <time>2022-05-10T09:28:34Z</time>
        <extensions>
          <gpxtpx:TrackPointExtension>
            <gpxtpx:hr>135</gpxtpx:hr>
          </gpxtpx:TrackPointExtension>
        </extensions>
      </trkpt>
      <trkpt lat="37.84281897022591" lon="112.00729930275963">
        <ele>1176.0</ele>
        <time>2022-05-10T09:28:38Z</time>
        <extensions>
          <gpxtpx:TrackPointExtension>
            <gpxtpx:hr>135</gpxtpx:hr>
          </gpxtpx:TrackPointExtension>
        </extensions>
      </trkpt>
      <trkpt lat="37.842922229491585" lon="112.00721757876082">
        <ele>1175.5999755859375</ele>
        <time>2022-05-10T09:28:43Z</time>
        <extensions>
          <gpxtpx:TrackPointExtension>
            <gpxtpx:hr>142</gpxtpx:hr>
          </gpxtpx:TrackPointExtension>
        </extensions>
      </trkpt>
      <trkpt lat="37.84300947443022" lon="112.00713984270023">
        <ele>1175.4000244140625</ele>
        <time>2022-05-10T09:28:47Z</time>
        <extensions>
          <gpxtpx:TrackPointExtension>
            <gpxtpx:hr>144</gpxtpx:hr>
          </gpxtpx:TrackPointExtension>
        </extensions>
      </trkpt>
      <trkpt lat="37.84318292880223" lon="112.0069963287297">
        <ele>1175.5999755859375</ele>
        <time>2022-05-10T09:28:55Z</time>
        <extensions>
          <gpxtpx:TrackPointExtension>
            <gpxtpx:hr>146</gpxtpx:hr>
          </gpxtpx:TrackPointExtension>
        </extensions>
      </trkpt>
      <trkpt lat="37.84334535793969" lon="112.00686078820014">
        <ele>1174.800048828125</ele>
        <time>2022-05-10T09:29:02Z</time>
        <extensions>
          <gpxtpx:TrackPointExtension>
            <gpxtpx:hr>148</gpxtpx:hr>
          </gpxtpx:TrackPointExtension>
        </extensions>
      </trkpt>
      <trkpt lat="37.843446632155825" lon="112.00677408257998">
        <ele>1174.5999755859375</ele>
        <time>2022-05-10T09:29:07Z</time>
        <extensions>
          <gpxtpx:TrackPointExtension>
            <gpxtpx:hr>147</gpxtpx:hr>
          </gpxtpx:TrackPointExtension>
        </extensions>
      </trkpt>
      <trkpt lat="37.84355790806651" lon="112.00668737587525">
        <ele>1174.199951171875</ele>
        <time>2022-05-10T09:29:12Z</time>
        <extensions>
          <gpxtpx:TrackPointExtension>
            <gpxtpx:hr>147</gpxtpx:hr>
          </gpxtpx:TrackPointExtension>
        </extensions>
      </trkpt>
      <trkpt lat="37.84372331147173" lon="112.00656080385835">
        <ele>1174.199951171875</ele>
        <time>2022-05-10T09:29:19Z</time>
        <extensions>
          <gpxtpx:TrackPointExtension>
            <gpxtpx:hr>147</gpxtpx:hr>
          </gpxtpx:TrackPointExtension>
        </extensions>
      </trkpt>
      <trkpt lat="37.84397282361182" lon="112.00640233493971">
        <ele>1173.5999755859375</ele>
        <time>2022-05-10T09:29:29Z</time>
        <extensions>
          <gpxtpx:TrackPointExtension>
            <gpxtpx:hr>147</gpxtpx:hr>
          </gpxtpx:TrackPointExtension>
        </extensions>
      </trkpt>
      <trkpt lat="37.84419819253055" lon="112.0062907033304">
        <ele>1173.199951171875</ele>
        <time>2022-05-10T09:29:38Z</time>
        <extensions>
          <gpxtpx:TrackPointExtension>
            <gpxtpx:hr>146</gpxtpx:hr>
          </gpxtpx:TrackPointExtension>
        </extensions>
      </trkpt>
      <trkpt lat="37.84444258548352" lon="112.00617209434745">
        <ele>1172.5999755859375</ele>
        <time>2022-05-10T09:29:47Z</time>
        <extensions>
          <gpxtpx:TrackPointExtension>
            <gpxtpx:hr>148</gpxtpx:hr>
          </gpxtpx:TrackPointExtension>
        </extensions>
      </trkpt>
      <trkpt lat="37.844653678932154" lon="112.00615213980863">
        <ele>1172.199951171875</ele>
        <time>2022-05-10T09:29:55Z</time>
        <extensions>
          <gpxtpx:TrackPointExtension>
            <gpxtpx:hr>149</gpxtpx:hr>
          </gpxtpx:TrackPointExtension>
        </extensions>
      </trkpt>
      <trkpt lat="37.84483156791323" lon="112.00619895261138">
        <ele>1171.5999755859375</ele>
        <time>2022-05-10T09:30:02Z</time>
        <extensions>
          <gpxtpx:TrackPointExtension>
            <gpxtpx:hr>151</gpxtpx:hr>
          </gpxtpx:TrackPointExtension>
        </extensions>
      </trkpt>
      <trkpt lat="37.84503046924332" lon="112.00624277352922">
        <ele>1171.5999755859375</ele>
        <time>2022-05-10T09:30:09Z</time>
        <extensions>
          <gpxtpx:TrackPointExtension>
            <gpxtpx:hr>151</gpxtpx:hr>
          </gpxtpx:TrackPointExtension>
        </extensions>
      </trkpt>
      <trkpt lat="37.84527933412535" lon="112.00630153556429">
        <ele>1171.4000244140625</ele>
        <time>2022-05-10T09:30:18Z</time>
        <extensions>
          <gpxtpx:TrackPointExtension>
            <gpxtpx:hr>151</gpxtpx:hr>
          </gpxtpx:TrackPointExtension>
        </extensions>
      </trkpt>
      <trkpt lat="37.84539625795521" lon="112.006333408671">
        <ele>1171.199951171875</ele>
        <time>2022-05-10T09:30:22Z</time>
        <extensions>
          <gpxtpx:TrackPointExtension>
            <gpxtpx:hr>151</gpxtpx:hr>
          </gpxtpx:TrackPointExtension>
        </extensions>
      </trkpt>
      <trkpt lat="37.845554114172145" lon="112.00639018868901">
        <ele>1171.0</ele>
        <time>2022-05-10T09:30:28Z</time>
        <extensions>
          <gpxtpx:TrackPointExtension>
            <gpxtpx:hr>152</gpxtpx:hr>
          </gpxtpx:TrackPointExtension>
        </extensions>
      </trkpt>
      <trkpt lat="37.84574592545792" lon="112.00646390472932">
        <ele>1170.5999755859375</ele>
        <time>2022-05-10T09:30:35Z</time>
        <extensions>
          <gpxtpx:TrackPointExtension>
            <gpxtpx:hr>153</gpxtpx:hr>
          </gpxtpx:TrackPointExtension>
        </extensions>
      </trkpt>
      <trkpt lat="37.845847829134094" lon="112.00650175853485">
        <ele>1170.0</ele>
        <time>2022-05-10T09:30:39Z</time>
        <extensions>
          <gpxtpx:TrackPointExtension>
            <gpxtpx:hr>153</gpxtpx:hr>
          </gpxtpx:TrackPointExtension>
        </extensions>
      </trkpt>
      <trkpt lat="37.84602268231772" lon="112.00656052960358">
        <ele>1169.199951171875</ele>
        <time>2022-05-10T09:30:46Z</time>
        <extensions>
          <gpxtpx:TrackPointExtension>
            <gpxtpx:hr>153</gpxtpx:hr>
          </gpxtpx:TrackPointExtension>
        </extensions>
      </trkpt>
      <trkpt lat="37.846241521918884" lon="112.00662627079502">
        <ele>1168.4000244140625</ele>
        <time>2022-05-10T09:30:55Z</time>
        <extensions>
          <gpxtpx:TrackPointExtension>
            <gpxtpx:hr>153</gpxtpx:hr>
          </gpxtpx:TrackPointExtension>
        </extensions>
      </trkpt>
      <trkpt lat="37.846329491677025" lon="112.0066412074225">
        <ele>1168.199951171875</ele>
        <time>2022-05-10T09:31:02Z</time>
        <extensions>
          <gpxtpx:TrackPointExtension>
            <gpxtpx:hr>153</gpxtpx:hr>
          </gpxtpx:TrackPointExtension>
        </extensions>
      </trkpt>
      <trkpt lat="37.84642748087088" lon="112.00665016400782">
        <ele>1167.800048828125</ele>
        <time>2022-05-10T09:31:09Z</time>
        <extensions>
          <gpxtpx:TrackPointExtension>
            <gpxtpx:hr>151</gpxtpx:hr>
          </gpxtpx:TrackPointExtension>
        </extensions>
      </trkpt>
      <trkpt lat="37.84650743154016" lon="112.00667108044784">
        <ele>1167.5999755859375</ele>
        <time>2022-05-10T09:31:14Z</time>
        <extensions>
          <gpxtpx:TrackPointExtension>
            <gpxtpx:hr>147</gpxtpx:hr>
          </gpxtpx:TrackPointExtension>
        </extensions>
      </trkpt>
      <trkpt lat="37.84657541290863" lon="112.00668103709164">
        <ele>1167.800048828125</ele>
        <time>2022-05-10T09:31:18Z</time>
        <extensions>
          <gpxtpx:TrackPointExtension>
            <gpxtpx:hr>141</gpxtpx:hr>
          </gpxtpx:TrackPointExtension>
        </extensions>
      </trkpt>
      <trkpt lat="37.84668241248544" lon="112.0066870031803">
        <ele>1167.199951171875</ele>
        <time>2022-05-10T09:31:25Z</time>
        <extensions>
          <gpxtpx:TrackPointExtension>
            <gpxtpx:hr>135</gpxtpx:hr>
          </gpxtpx:TrackPointExtension>
        </extensions>
      </trkpt>
      <trkpt lat="37.84672742869862" lon="112.00668400838403">
        <ele>1167.199951171875</ele>
        <time>2022-05-10T09:31:29Z</time>
        <extensions>
          <gpxtpx:TrackPointExtension>
            <gpxtpx:hr>129</gpxtpx:hr>
          </gpxtpx:TrackPointExtension>
        </extensions>
      </trkpt>
      <trkpt lat="37.846779386708015" lon="112.00670094227009">
        <ele>1167.199951171875</ele>
        <time>2022-05-10T09:31:33Z</time>
        <extensions>
          <gpxtpx:TrackPointExtension>
            <gpxtpx:hr>125</gpxtpx:hr>
          </gpxtpx:TrackPointExtension>
        </extensions>
      </trkpt>
      <trkpt lat="37.84692235655103" lon="112.00671886177908">
        <ele>1166.800048828125</ele>
        <time>2022-05-10T09:31:43Z</time>
        <extensions>
          <gpxtpx:TrackPointExtension>
            <gpxtpx:hr>119</gpxtpx:hr>
          </gpxtpx:TrackPointExtension>
        </extensions>
      </trkpt>
      <trkpt lat="37.84708633872758" lon="112.00673378935724">
        <ele>1166.4000244140625</ele>
        <time>2022-05-10T09:31:55Z</time>
        <extensions>
          <gpxtpx:TrackPointExtension>
            <gpxtpx:hr>118</gpxtpx:hr>
          </gpxtpx:TrackPointExtension>
        </extensions>
      </trkpt>
      <trkpt lat="37.84717333805355" lon="112.00673876135944">
        <ele>1166.4000244140625</ele>
        <time>2022-05-10T09:32:02Z</time>
        <extensions>
          <gpxtpx:TrackPointExtension>
            <gpxtpx:hr>117</gpxtpx:hr>
          </gpxtpx:TrackPointExtension>
        </extensions>
      </trkpt>
      <trkpt lat="37.847315325575686" lon="112.0067507021361">
        <ele>1165.4000244140625</ele>
        <time>2022-05-10T09:32:08Z</time>
        <extensions>
          <gpxtpx:TrackPointExtension>
            <gpxtpx:hr>116</gpxtpx:hr>
          </gpxtpx:TrackPointExtension>
        </extensions>
      </trkpt>
      <trkpt lat="37.847441292707025" lon="112.00676862368499">
        <ele>1165.0</ele>
        <time>2022-05-10T09:32:13Z</time>
        <extensions>
          <gpxtpx:TrackPointExtension>
            <gpxtpx:hr>120</gpxtpx:hr>
          </gpxtpx:TrackPointExtension>
        </extensions>
      </trkpt>
      <trkpt lat="37.84770622616513" lon="112.00680546172197">
        <ele>1164.0</ele>
        <time>2022-05-10T09:32:23Z</time>
        <extensions>
          <gpxtpx:TrackPointExtension>
            <gpxtpx:hr>126</gpxtpx:hr>
          </gpxtpx:TrackPointExtension>
        </extensions>
      </trkpt>
      <trkpt lat="37.84789217347511" lon="112.00683334090243">
        <ele>1164.0</ele>
        <time>2022-05-10T09:32:30Z</time>
        <extensions>
          <gpxtpx:TrackPointExtension>
            <gpxtpx:hr>129</gpxtpx:hr>
          </gpxtpx:TrackPointExtension>
        </extensions>
      </trkpt>
      <trkpt lat="37.84813506785957" lon="112.00688213933793">
        <ele>1163.199951171875</ele>
        <time>2022-05-10T09:32:39Z</time>
        <extensions>
          <gpxtpx:TrackPointExtension>
            <gpxtpx:hr>134</gpxtpx:hr>
          </gpxtpx:TrackPointExtension>
        </extensions>
      </trkpt>
      <trkpt lat="37.8483257729922" lon="112.00699172927102">
        <ele>1164.199951171875</ele>
        <time>2022-05-10T09:32:47Z</time>
        <extensions>
          <gpxtpx:TrackPointExtension>
            <gpxtpx:hr>138</gpxtpx:hr>
          </gpxtpx:TrackPointExtension>
        </extensions>
      </trkpt>
      <trkpt lat="37.848423463068684" lon="112.00710133047494">
        <ele>1163.199951171875</ele>
        <time>2022-05-10T09:32:52Z</time>
        <extensions>
          <gpxtpx:TrackPointExtension>
            <gpxtpx:hr>140</gpxtpx:hr>
          </gpxtpx:TrackPointExtension>
        </extensions>
      </trkpt>
      <trkpt lat="37.8485987397411" lon="112.00735441629102">
        <ele>1163.199951171875</ele>
        <time>2022-05-10T09:33:02Z</time>
        <extensions>
          <gpxtpx:TrackPointExtension>
            <gpxtpx:hr>143</gpxtpx:hr>
          </gpxtpx:TrackPointExtension>
        </extensions>
      </trkpt>
      <trkpt lat="37.848705212873654" lon="112.00753775708651">
        <ele>1162.5999755859375</ele>
        <time>2022-05-10T09:33:09Z</time>
        <extensions>
          <gpxtpx:TrackPointExtension>
            <gpxtpx:hr>145</gpxtpx:hr>
          </gpxtpx:TrackPointExtension>
        </extensions>
      </trkpt>
      <trkpt lat="37.84877191041161" lon="112.00764337691673">
        <ele>1162.5999755859375</ele>
        <time>2022-05-10T09:33:13Z</time>
        <extensions>
          <gpxtpx:TrackPointExtension>
            <gpxtpx:hr>146</gpxtpx:hr>
          </gpxtpx:TrackPointExtension>
        </extensions>
      </trkpt>
      <trkpt lat="37.84889840222692" lon="112.00782173366152">
        <ele>1162.0</ele>
        <time>2022-05-10T09:33:20Z</time>
        <extensions>
          <gpxtpx:TrackPointExtension>
            <gpxtpx:hr>146</gpxtpx:hr>
          </gpxtpx:TrackPointExtension>
        </extensions>
      </trkpt>
      <trkpt lat="37.84905969060486" lon="112.00807083791233">
        <ele>1161.4000244140625</ele>
        <time>2022-05-10T09:33:29Z</time>
        <extensions>
          <gpxtpx:TrackPointExtension>
            <gpxtpx:hr>147</gpxtpx:hr>
          </gpxtpx:TrackPointExtension>
        </extensions>
      </trkpt>
      <trkpt lat="37.84912837441066" lon="112.00818144085807">
        <ele>1161.4000244140625</ele>
        <time>2022-05-10T09:33:33Z</time>
        <extensions>
          <gpxtpx:TrackPointExtension>
            <gpxtpx:hr>148</gpxtpx:hr>
          </gpxtpx:TrackPointExtension>
        </extensions>
      </trkpt>
      <trkpt lat="37.849251819761605" lon="112.00837574346345">
        <ele>1161.199951171875</ele>
        <time>2022-05-10T09:33:40Z</time>
        <extensions>
          <gpxtpx:TrackPointExtension>
            <gpxtpx:hr>149</gpxtpx:hr>
          </gpxtpx:TrackPointExtension>
        </extensions>
      </trkpt>
      <trkpt lat="37.849342425116106" lon="112.00851424640018">
        <ele>1160.5999755859375</ele>
        <time>2022-05-10T09:33:45Z</time>
        <extensions>
          <gpxtpx:TrackPointExtension>
            <gpxtpx:hr>150</gpxtpx:hr>
          </gpxtpx:TrackPointExtension>
        </extensions>
      </trkpt>
      <trkpt lat="37.849479826496705" lon="112.0087244924699">
        <ele>1161.0</ele>
        <time>2022-05-10T09:33:52Z</time>
        <extensions>
          <gpxtpx:TrackPointExtension>
            <gpxtpx:hr>151</gpxtpx:hr>
          </gpxtpx:TrackPointExtension>
        </extensions>
      </trkpt>
      <trkpt lat="37.84960424395653" lon="112.00892876174963">
        <ele>1160.4000244140625</ele>
        <time>2022-05-10T09:33:59Z</time>
        <extensions>
          <gpxtpx:TrackPointExtension>
            <gpxtpx:hr>152</gpxtpx:hr>
          </gpxtpx:TrackPointExtension>
        </extensions>
      </trkpt>
      <trkpt lat="37.849705734570875" lon="112.00910712512061">
        <ele>1159.4000244140625</ele>
        <time>2022-05-10T09:34:05Z</time>
        <extensions>
          <gpxtpx:TrackPointExtension>
            <gpxtpx:hr>152</gpxtpx:hr>
          </gpxtpx:TrackPointExtension>
        </extensions>
      </trkpt>
      <trkpt lat="37.8497841924646" lon="112.00929545692823">
        <ele>1159.4000244140625</ele>
        <time>2022-05-10T09:34:11Z</time>
        <extensions>
          <gpxtpx:TrackPointExtension>
            <gpxtpx:hr>152</gpxtpx:hr>
          </gpxtpx:TrackPointExtension>
        </extensions>
      </trkpt>
      <trkpt lat="37.849823814567635" lon="112.00942599590243">
        <ele>1159.4000244140625</ele>
        <time>2022-05-10T09:34:15Z</time>
        <extensions>
          <gpxtpx:TrackPointExtension>
            <gpxtpx:hr>152</gpxtpx:hr>
          </gpxtpx:TrackPointExtension>
        </extensions>
      </trkpt>
      <trkpt lat="37.8498355261337" lon="112.0095246498632">
        <ele>1159.4000244140625</ele>
        <time>2022-05-10T09:34:20Z</time>
        <extensions>
          <gpxtpx:TrackPointExtension>
            <gpxtpx:hr>152</gpxtpx:hr>
          </gpxtpx:TrackPointExtension>
        </extensions>
      </trkpt>
      <trkpt lat="37.8498521448526" lon="112.00965519209488">
        <ele>1158.800048828125</ele>
        <time>2022-05-10T09:34:28Z</time>
        <extensions>
          <gpxtpx:TrackPointExtension>
            <gpxtpx:hr>152</gpxtpx:hr>
          </gpxtpx:TrackPointExtension>
        </extensions>
      </trkpt>
      <trkpt lat="37.84986471627619" lon="112.00980167949163">
        <ele>1158.199951171875</ele>
        <time>2022-05-10T09:34:35Z</time>
        <extensions>
          <gpxtpx:TrackPointExtension>
            <gpxtpx:hr>149</gpxtpx:hr>
          </gpxtpx:TrackPointExtension>
        </extensions>
      </trkpt>
      <trkpt lat="37.84986752055384" lon="112.0098684463292">
        <ele>1158.199951171875</ele>
        <time>2022-05-10T09:34:39Z</time>
        <extensions>
          <gpxtpx:TrackPointExtension>
            <gpxtpx:hr>145</gpxtpx:hr>
          </gpxtpx:TrackPointExtension>
        </extensions>
      </trkpt>
      <trkpt lat="37.84986027934037" lon="112.00995016234721">
        <ele>1158.199951171875</ele>
        <time>2022-05-10T09:34:44Z</time>
        <extensions>
          <gpxtpx:TrackPointExtension>
            <gpxtpx:hr>142</gpxtpx:hr>
          </gpxtpx:TrackPointExtension>
        </extensions>
      </trkpt>
      <trkpt lat="37.84985407642071" lon="112.01001892349063">
        <ele>1158.4000244140625</ele>
        <time>2022-05-10T09:34:48Z</time>
        <extensions>
          <gpxtpx:TrackPointExtension>
            <gpxtpx:hr>133</gpxtpx:hr>
          </gpxtpx:TrackPointExtension>
        </extensions>
      </trkpt>
      <trkpt lat="37.8498546816871" lon="112.01015345488152">
        <ele>1158.0</ele>
        <time>2022-05-10T09:34:55Z</time>
        <extensions>
          <gpxtpx:TrackPointExtension>
            <gpxtpx:hr>127</gpxtpx:hr>
          </gpxtpx:TrackPointExtension>
        </extensions>
      </trkpt>
      <trkpt lat="37.84985815912565" lon="112.01033183371662">
        <ele>1157.800048828125</ele>
        <time>2022-05-10T09:35:00Z</time>
        <extensions>
          <gpxtpx:TrackPointExtension>
            <gpxtpx:hr>121</gpxtpx:hr>
          </gpxtpx:TrackPointExtension>
        </extensions>
      </trkpt>
      <trkpt lat="37.84984974305807" lon="112.0104733426896">
        <ele>1157.0</ele>
        <time>2022-05-10T09:35:04Z</time>
        <extensions>
          <gpxtpx:TrackPointExtension>
            <gpxtpx:hr>119</gpxtpx:hr>
          </gpxtpx:TrackPointExtension>
        </extensions>
      </trkpt>
      <trkpt lat="37.849839306519414" lon="112.01062182803803">
        <ele>1157.0</ele>
        <time>2022-05-10T09:35:08Z</time>
        <extensions>
          <gpxtpx:TrackPointExtension>
            <gpxtpx:hr>124</gpxtpx:hr>
          </gpxtpx:TrackPointExtension>
        </extensions>
      </trkpt>
      <trkpt lat="37.849818652934594" lon="112.010844059141">
        <ele>1156.5999755859375</ele>
        <time>2022-05-10T09:35:14Z</time>
        <extensions>
          <gpxtpx:TrackPointExtension>
            <gpxtpx:hr>131</gpxtpx:hr>
          </gpxtpx:TrackPointExtension>
        </extensions>
      </trkpt>
      <trkpt lat="37.84981020586231" lon="112.01099653144409">
        <ele>1156.0</ele>
        <time>2022-05-10T09:35:18Z</time>
        <extensions>
          <gpxtpx:TrackPointExtension>
            <gpxtpx:hr>132</gpxtpx:hr>
          </gpxtpx:TrackPointExtension>
        </extensions>
      </trkpt>
      <trkpt lat="37.84979956676145" lon="112.01121477669298">
        <ele>1156.0</ele>
        <time>2022-05-10T09:35:24Z</time>
        <extensions>
          <gpxtpx:TrackPointExtension>
            <gpxtpx:hr>135</gpxtpx:hr>
          </gpxtpx:TrackPointExtension>
        </extensions>
      </trkpt>
      <trkpt lat="37.84978504685877" lon="112.01139216460408">
        <ele>1155.800048828125</ele>
        <time>2022-05-10T09:35:29Z</time>
        <extensions>
          <gpxtpx:TrackPointExtension>
            <gpxtpx:hr>138</gpxtpx:hr>
          </gpxtpx:TrackPointExtension>
        </extensions>
      </trkpt>
      <trkpt lat="37.849780276481106" lon="112.01165625244327">
        <ele>1155.4000244140625</ele>
        <time>2022-05-10T09:35:36Z</time>
        <extensions>
          <gpxtpx:TrackPointExtension>
            <gpxtpx:hr>142</gpxtpx:hr>
          </gpxtpx:TrackPointExtension>
        </extensions>
      </trkpt>
      <trkpt lat="37.84976860456362" lon="112.01188645930758">
        <ele>1155.4000244140625</ele>
        <time>2022-05-10T09:35:42Z</time>
        <extensions>
          <gpxtpx:TrackPointExtension>
            <gpxtpx:hr>144</gpxtpx:hr>
          </gpxtpx:TrackPointExtension>
        </extensions>
      </trkpt>
      <trkpt lat="37.84974258088859" lon="112.01223725369478">
        <ele>1154.5999755859375</ele>
        <time>2022-05-10T09:35:51Z</time>
        <extensions>
          <gpxtpx:TrackPointExtension>
            <gpxtpx:hr>146</gpxtpx:hr>
          </gpxtpx:TrackPointExtension>
        </extensions>
      </trkpt>
      <trkpt lat="37.84972291259971" lon="112.01246646757103">
        <ele>1154.4000244140625</ele>
        <time>2022-05-10T09:35:57Z</time>
        <extensions>
          <gpxtpx:TrackPointExtension>
            <gpxtpx:hr>148</gpxtpx:hr>
          </gpxtpx:TrackPointExtension>
        </extensions>
      </trkpt>
      <trkpt lat="37.84969591789422" lon="112.01280829690394">
        <ele>1154.199951171875</ele>
        <time>2022-05-10T09:36:06Z</time>
        <extensions>
          <gpxtpx:TrackPointExtension>
            <gpxtpx:hr>151</gpxtpx:hr>
          </gpxtpx:TrackPointExtension>
        </extensions>
      </trkpt>
      <trkpt lat="37.84965812772041" lon="112.01307937221429">
        <ele>1154.0</ele>
        <time>2022-05-10T09:36:13Z</time>
        <extensions>
          <gpxtpx:TrackPointExtension>
            <gpxtpx:hr>154</gpxtpx:hr>
          </gpxtpx:TrackPointExtension>
        </extensions>
      </trkpt>
      <trkpt lat="37.84964483473334" lon="112.01318002915264">
        <ele>1154.199951171875</ele>
        <time>2022-05-10T09:36:20Z</time>
        <extensions>
          <gpxtpx:TrackPointExtension>
            <gpxtpx:hr>155</gpxtpx:hr>
          </gpxtpx:TrackPointExtension>
        </extensions>
      </trkpt>
      <trkpt lat="37.84964184287708" lon="112.01317703974466">
        <ele>1154.4000244140625</ele>
        <time>2022-05-10T09:36:36Z</time>
        <extensions>
          <gpxtpx:TrackPointExtension>
            <gpxtpx:hr>152</gpxtpx:hr>
          </gpxtpx:TrackPointExtension>
        </extensions>
      </trkpt>
      <trkpt lat="37.84964184287708" lon="112.01317703974466">
        <ele>1154.4000244140625</ele>
        <time>2022-05-10T09:36:41Z</time>
        <extensions>
          <gpxtpx:TrackPointExtension>
            <gpxtpx:hr>151</gpxtpx:hr>
          </gpxtpx:TrackPointExtension>
        </extensions>
      </trkpt>
      <trkpt lat="37.849639828153876" lon="112.01318202292885">
        <ele>1154.199951171875</ele>
        <time>2022-05-10T09:36:56Z</time>
        <extensions>
          <gpxtpx:TrackPointExtension>
            <gpxtpx:hr>148</gpxtpx:hr>
          </gpxtpx:TrackPointExtension>
        </extensions>
      </trkpt>
      <trkpt lat="37.84963782206751" lon="112.01318401634622">
        <ele>1154.0</ele>
        <time>2022-05-10T09:37:00Z</time>
        <extensions>
          <gpxtpx:TrackPointExtension>
            <gpxtpx:hr>145</gpxtpx:hr>
          </gpxtpx:TrackPointExtension>
        </extensions>
      </trkpt>
      <trkpt lat="37.8496358159812" lon="112.0131860097637">
        <ele>1153.5999755859375</ele>
        <time>2022-05-10T09:37:04Z</time>
        <extensions>
          <gpxtpx:TrackPointExtension>
            <gpxtpx:hr>138</gpxtpx:hr>
          </gpxtpx:TrackPointExtension>
        </extensions>
      </trkpt>
      <trkpt lat="37.8496348043018" lon="112.01318999623994">
        <ele>1153.800048828125</ele>
        <time>2022-05-10T09:37:09Z</time>
        <extensions>
          <gpxtpx:TrackPointExtension>
            <gpxtpx:hr>132</gpxtpx:hr>
          </gpxtpx:TrackPointExtension>
        </extensions>
      </trkpt>
      <trkpt lat="37.84959678078534" lon="112.01319598032174">
        <ele>1154.5999755859375</ele>
        <time>2022-05-10T09:37:16Z</time>
        <extensions>
          <gpxtpx:TrackPointExtension>
            <gpxtpx:hr>129</gpxtpx:hr>
          </gpxtpx:TrackPointExtension>
        </extensions>
      </trkpt>
      <trkpt lat="37.849578777827816" lon="112.01319598247522">
        <ele>1153.5999755859375</ele>
        <time>2022-05-10T09:37:21Z</time>
        <extensions>
          <gpxtpx:TrackPointExtension>
            <gpxtpx:hr>126</gpxtpx:hr>
          </gpxtpx:TrackPointExtension>
        </extensions>
      </trkpt>
      <trkpt lat="37.849576777499216" lon="112.01319598271449">
        <ele>1154.0</ele>
        <time>2022-05-10T09:37:27Z</time>
        <extensions>
          <gpxtpx:TrackPointExtension>
            <gpxtpx:hr>120</gpxtpx:hr>
          </gpxtpx:TrackPointExtension>
        </extensions>
      </trkpt>
      <trkpt lat="37.849576777499216" lon="112.01319598271449">
        <ele>1154.0</ele>
        <time>2022-05-10T09:37:36Z</time>
        <extensions>
          <gpxtpx:TrackPointExtension>
            <gpxtpx:hr>117</gpxtpx:hr>
          </gpxtpx:TrackPointExtension>
        </extensions>
      </trkpt>
      <trkpt lat="37.84961462256471" lon="112.01325178720273">
        <ele>1154.0</ele>
        <time>2022-05-10T09:37:43Z</time>
        <extensions>
          <gpxtpx:TrackPointExtension>
            <gpxtpx:hr>113</gpxtpx:hr>
          </gpxtpx:TrackPointExtension>
        </extensions>
      </trkpt>
      <trkpt lat="37.849622086027054" lon="112.01343814902822">
        <ele>1154.0</ele>
        <time>2022-05-10T09:37:56Z</time>
        <extensions>
          <gpxtpx:TrackPointExtension>
            <gpxtpx:hr>111</gpxtpx:hr>
          </gpxtpx:TrackPointExtension>
        </extensions>
      </trkpt>
      <trkpt lat="37.84961246686765" lon="112.01365241837802">
        <ele>1154.0</ele>
        <time>2022-05-10T09:38:10Z</time>
        <extensions>
          <gpxtpx:TrackPointExtension>
            <gpxtpx:hr>113</gpxtpx:hr>
          </gpxtpx:TrackPointExtension>
        </extensions>
      </trkpt>
      <trkpt lat="37.84960814761277" lon="112.01376304146218">
        <ele>1154.0</ele>
        <time>2022-05-10T09:38:18Z</time>
        <extensions>
          <gpxtpx:TrackPointExtension>
            <gpxtpx:hr>114</gpxtpx:hr>
          </gpxtpx:TrackPointExtension>
        </extensions>
      </trkpt>
      <trkpt lat="37.849608972778825" lon="112.01382383405667">
        <ele>1154.0</ele>
        <time>2022-05-10T09:38:22Z</time>
        <extensions>
          <gpxtpx:TrackPointExtension>
            <gpxtpx:hr>114</gpxtpx:hr>
          </gpxtpx:TrackPointExtension>
        </extensions>
      </trkpt>
      <trkpt lat="37.849591293527254" lon="112.01405903487957">
        <ele>1154.0</ele>
        <time>2022-05-10T09:38:37Z</time>
        <extensions>
          <gpxtpx:TrackPointExtension>
            <gpxtpx:hr>113</gpxtpx:hr>
          </gpxtpx:TrackPointExtension>
        </extensions>
      </trkpt>
      <trkpt lat="37.84956872881947" lon="112.01425437300871">
        <ele>1154.0</ele>
        <time>2022-05-10T09:38:50Z</time>
        <extensions>
          <gpxtpx:TrackPointExtension>
            <gpxtpx:hr>112</gpxtpx:hr>
          </gpxtpx:TrackPointExtension>
        </extensions>
      </trkpt>
      <trkpt lat="37.849549153825635" lon="112.01445369807614">
        <ele>1154.0</ele>
        <time>2022-05-10T09:39:03Z</time>
        <extensions>
          <gpxtpx:TrackPointExtension>
            <gpxtpx:hr>113</gpxtpx:hr>
          </gpxtpx:TrackPointExtension>
        </extensions>
      </trkpt>
      <trkpt lat="37.84952946821529" lon="112.0146918922364">
        <ele>1154.0</ele>
        <time>2022-05-10T09:39:18Z</time>
        <extensions>
          <gpxtpx:TrackPointExtension>
            <gpxtpx:hr>113</gpxtpx:hr>
          </gpxtpx:TrackPointExtension>
        </extensions>
      </trkpt>
      <trkpt lat="37.849520275588354" lon="112.01475866699734">
        <ele>1154.0</ele>
        <time>2022-05-10T09:39:22Z</time>
        <extensions>
          <gpxtpx:TrackPointExtension>
            <gpxtpx:hr>113</gpxtpx:hr>
          </gpxtpx:TrackPointExtension>
        </extensions>
      </trkpt>
      <trkpt lat="37.84950906560384" lon="112.01483142184388">
        <ele>1154.0</ele>
        <time>2022-05-10T09:39:26Z</time>
        <extensions>
          <gpxtpx:TrackPointExtension>
            <gpxtpx:hr>110</gpxtpx:hr>
          </gpxtpx:TrackPointExtension>
        </extensions>
      </trkpt>
      <trkpt lat="37.84949074058275" lon="112.01494404271013">
        <ele>1154.0</ele>
        <time>2022-05-10T09:39:33Z</time>
        <extensions>
          <gpxtpx:TrackPointExtension>
            <gpxtpx:hr>110</gpxtpx:hr>
          </gpxtpx:TrackPointExtension>
        </extensions>
      </trkpt>
      <trkpt lat="37.84949354167849" lon="112.01501380629747">
        <ele>1154.0</ele>
        <time>2022-05-10T09:39:37Z</time>
        <extensions>
          <gpxtpx:TrackPointExtension>
            <gpxtpx:hr>110</gpxtpx:hr>
          </gpxtpx:TrackPointExtension>
        </extensions>
      </trkpt>
      <trkpt lat="37.84948011539913" lon="112.01516230576328">
        <ele>1154.0</ele>
        <time>2022-05-10T09:39:46Z</time>
        <extensions>
          <gpxtpx:TrackPointExtension>
            <gpxtpx:hr>110</gpxtpx:hr>
          </gpxtpx:TrackPointExtension>
        </extensions>
      </trkpt>
      <trkpt lat="37.849454562481746" lon="112.01535465914256">
        <ele>1154.0</ele>
        <time>2022-05-10T09:39:58Z</time>
        <extensions>
          <gpxtpx:TrackPointExtension>
            <gpxtpx:hr>107</gpxtpx:hr>
          </gpxtpx:TrackPointExtension>
        </extensions>
      </trkpt>
      <trkpt lat="37.84944836544987" lon="112.01542342782078">
        <ele>1154.0</ele>
        <time>2022-05-10T09:40:03Z</time>
        <extensions>
          <gpxtpx:TrackPointExtension>
            <gpxtpx:hr>105</gpxtpx:hr>
          </gpxtpx:TrackPointExtension>
        </extensions>
      </trkpt>
      <trkpt lat="37.84942575151397" lon="112.01563770812913">
        <ele>1154.0</ele>
        <time>2022-05-10T09:40:17Z</time>
        <extensions>
          <gpxtpx:TrackPointExtension>
            <gpxtpx:hr>106</gpxtpx:hr>
          </gpxtpx:TrackPointExtension>
        </extensions>
      </trkpt>
      <trkpt lat="37.84941533306038" lon="112.01578421606901">
        <ele>1150.5999755859375</ele>
        <time>2022-05-10T09:40:27Z</time>
        <extensions>
          <gpxtpx:TrackPointExtension>
            <gpxtpx:hr>106</gpxtpx:hr>
          </gpxtpx:TrackPointExtension>
        </extensions>
      </trkpt>
      <trkpt lat="37.849403138411674" lon="112.0158519895016">
        <ele>1150.5999755859375</ele>
        <time>2022-05-10T09:40:31Z</time>
        <extensions>
          <gpxtpx:TrackPointExtension>
            <gpxtpx:hr>108</gpxtpx:hr>
          </gpxtpx:TrackPointExtension>
        </extensions>
      </trkpt>
      <trkpt lat="37.849379554276894" lon="112.0160563055407">
        <ele>1149.800048828125</ele>
        <time>2022-05-10T09:40:44Z</time>
        <extensions>
          <gpxtpx:TrackPointExtension>
            <gpxtpx:hr>108</gpxtpx:hr>
          </gpxtpx:TrackPointExtension>
        </extensions>
      </trkpt>
      <trkpt lat="37.84936024571744" lon="112.01616394642988">
        <ele>1149.5999755859375</ele>
        <time>2022-05-10T09:40:51Z</time>
        <extensions>
          <gpxtpx:TrackPointExtension>
            <gpxtpx:hr>105</gpxtpx:hr>
          </gpxtpx:TrackPointExtension>
        </extensions>
      </trkpt>
      <trkpt lat="37.84935097856885" lon="112.01625763319106">
        <ele>1149.5999755859375</ele>
        <time>2022-05-10T09:40:57Z</time>
        <extensions>
          <gpxtpx:TrackPointExtension>
            <gpxtpx:hr>105</gpxtpx:hr>
          </gpxtpx:TrackPointExtension>
        </extensions>
      </trkpt>
      <trkpt lat="37.84933141920214" lon="112.01645397741687">
        <ele>1149.0</ele>
        <time>2022-05-10T09:41:09Z</time>
        <extensions>
          <gpxtpx:TrackPointExtension>
            <gpxtpx:hr>107</gpxtpx:hr>
          </gpxtpx:TrackPointExtension>
        </extensions>
      </trkpt>
      <trkpt lat="37.8493138017124" lon="112.01667125233261">
        <ele>1148.800048828125</ele>
        <time>2022-05-10T09:41:22Z</time>
        <extensions>
          <gpxtpx:TrackPointExtension>
            <gpxtpx:hr>106</gpxtpx:hr>
          </gpxtpx:TrackPointExtension>
        </extensions>
      </trkpt>
      <trkpt lat="37.84931062374374" lon="112.01673404277284">
        <ele>1148.5999755859375</ele>
        <time>2022-05-10T09:41:26Z</time>
        <extensions>
          <gpxtpx:TrackPointExtension>
            <gpxtpx:hr>106</gpxtpx:hr>
          </gpxtpx:TrackPointExtension>
        </extensions>
      </trkpt>
      <trkpt lat="37.84930340296606" lon="112.01681178384389">
        <ele>1148.5999755859375</ele>
        <time>2022-05-10T09:41:31Z</time>
        <extensions>
          <gpxtpx:TrackPointExtension>
            <gpxtpx:hr>106</gpxtpx:hr>
          </gpxtpx:TrackPointExtension>
        </extensions>
      </trkpt>
      <trkpt lat="37.84928298326883" lon="112.01695929375185">
        <ele>1148.4000244140625</ele>
        <time>2022-05-10T09:41:40Z</time>
        <extensions>
          <gpxtpx:TrackPointExtension>
            <gpxtpx:hr>105</gpxtpx:hr>
          </gpxtpx:TrackPointExtension>
        </extensions>
      </trkpt>
      <trkpt lat="37.84927368099475" lon="112.0170659391056">
        <ele>1148.4000244140625</ele>
        <time>2022-05-10T09:41:46Z</time>
        <extensions>
          <gpxtpx:TrackPointExtension>
            <gpxtpx:hr>105</gpxtpx:hr>
          </gpxtpx:TrackPointExtension>
        </extensions>
      </trkpt>
      <trkpt lat="37.84925625970279" lon="112.01721444625305">
        <ele>1148.0</ele>
        <time>2022-05-10T09:41:55Z</time>
        <extensions>
          <gpxtpx:TrackPointExtension>
            <gpxtpx:hr>105</gpxtpx:hr>
          </gpxtpx:TrackPointExtension>
        </extensions>
      </trkpt>
      <trkpt lat="37.849222732461605" lon="112.01739983319031">
        <ele>1147.4000244140625</ele>
        <time>2022-05-10T09:42:06Z</time>
        <extensions>
          <gpxtpx:TrackPointExtension>
            <gpxtpx:hr>104</gpxtpx:hr>
          </gpxtpx:TrackPointExtension>
        </extensions>
      </trkpt>
      <trkpt lat="37.84919628545018" lon="112.01755731284435">
        <ele>1147.199951171875</ele>
        <time>2022-05-10T09:42:15Z</time>
        <extensions>
          <gpxtpx:TrackPointExtension>
            <gpxtpx:hr>109</gpxtpx:hr>
          </gpxtpx:TrackPointExtension>
        </extensions>
      </trkpt>
      <trkpt lat="37.84917283382276" lon="112.01771678614519">
        <ele>1147.0</ele>
        <time>2022-05-10T09:42:23Z</time>
        <extensions>
          <gpxtpx:TrackPointExtension>
            <gpxtpx:hr>110</gpxtpx:hr>
          </gpxtpx:TrackPointExtension>
        </extensions>
      </trkpt>
      <trkpt lat="37.849161546773075" lon="112.01781845026943">
        <ele>1147.0</ele>
        <time>2022-05-10T09:42:28Z</time>
        <extensions>
          <gpxtpx:TrackPointExtension>
            <gpxtpx:hr>105</gpxtpx:hr>
          </gpxtpx:TrackPointExtension>
        </extensions>
      </trkpt>
      <trkpt lat="37.84914004883053" lon="112.01799486827572">
        <ele>1146.800048828125</ele>
        <time>2022-05-10T09:42:38Z</time>
        <extensions>
          <gpxtpx:TrackPointExtension>
            <gpxtpx:hr>104</gpxtpx:hr>
          </gpxtpx:TrackPointExtension>
        </extensions>
      </trkpt>
      <trkpt lat="37.84914687412071" lon="112.01805765958123">
        <ele>1146.800048828125</ele>
        <time>2022-05-10T09:42:42Z</time>
        <extensions>
          <gpxtpx:TrackPointExtension>
            <gpxtpx:hr>107</gpxtpx:hr>
          </gpxtpx:TrackPointExtension>
        </extensions>
      </trkpt>
      <trkpt lat="37.849127572505324" lon="112.0181643090647">
        <ele>1146.4000244140625</ele>
        <time>2022-05-10T09:42:48Z</time>
        <extensions>
          <gpxtpx:TrackPointExtension>
            <gpxtpx:hr>108</gpxtpx:hr>
          </gpxtpx:TrackPointExtension>
        </extensions>
      </trkpt>
      <trkpt lat="37.84914626341919" lon="112.01827593781925">
        <ele>1146.800048828125</ele>
        <time>2022-05-10T09:42:54Z</time>
        <extensions>
          <gpxtpx:TrackPointExtension>
            <gpxtpx:hr>111</gpxtpx:hr>
          </gpxtpx:TrackPointExtension>
        </extensions>
      </trkpt>
      <trkpt lat="37.849147015672656" lon="112.01836464472986">
        <ele>1147.0</ele>
        <time>2022-05-10T09:42:58Z</time>
        <extensions>
          <gpxtpx:TrackPointExtension>
            <gpxtpx:hr>117</gpxtpx:hr>
          </gpxtpx:TrackPointExtension>
        </extensions>
      </trkpt>
      <trkpt lat="37.84915481097824" lon="112.01843840033256">
        <ele>1147.0</ele>
        <time>2022-05-10T09:43:03Z</time>
        <extensions>
          <gpxtpx:TrackPointExtension>
            <gpxtpx:hr>118</gpxtpx:hr>
          </gpxtpx:TrackPointExtension>
        </extensions>
      </trkpt>
      <trkpt lat="37.84912451393982" lon="112.01854305875129">
        <ele>1146.4000244140625</ele>
        <time>2022-05-10T09:43:09Z</time>
        <extensions>
          <gpxtpx:TrackPointExtension>
            <gpxtpx:hr>116</gpxtpx:hr>
          </gpxtpx:TrackPointExtension>
        </extensions>
      </trkpt>
      <trkpt lat="37.849110097498" lon="112.0186915710942">
        <ele>1146.0</ele>
        <time>2022-05-10T09:43:13Z</time>
        <extensions>
          <gpxtpx:TrackPointExtension>
            <gpxtpx:hr>113</gpxtpx:hr>
          </gpxtpx:TrackPointExtension>
        </extensions>
      </trkpt>
      <trkpt lat="37.84911068674297" lon="112.01883908549247">
        <ele>1146.0</ele>
        <time>2022-05-10T09:43:17Z</time>
        <extensions>
          <gpxtpx:TrackPointExtension>
            <gpxtpx:hr>114</gpxtpx:hr>
          </gpxtpx:TrackPointExtension>
        </extensions>
      </trkpt>
      <trkpt lat="37.84910419491029" lon="112.01901550635144">
        <ele>1146.0</ele>
        <time>2022-05-10T09:43:22Z</time>
        <extensions>
          <gpxtpx:TrackPointExtension>
            <gpxtpx:hr>120</gpxtpx:hr>
          </gpxtpx:TrackPointExtension>
        </extensions>
      </trkpt>
      <trkpt lat="37.84910061289214" lon="112.01922481980687">
        <ele>1146.0</ele>
        <time>2022-05-10T09:43:28Z</time>
        <extensions>
          <gpxtpx:TrackPointExtension>
            <gpxtpx:hr>123</gpxtpx:hr>
          </gpxtpx:TrackPointExtension>
        </extensions>
      </trkpt>
      <trkpt lat="37.849061042460704" lon="112.01942815832068">
        <ele>1146.0</ele>
        <time>2022-05-10T09:43:34Z</time>
        <extensions>
          <gpxtpx:TrackPointExtension>
            <gpxtpx:hr>127</gpxtpx:hr>
          </gpxtpx:TrackPointExtension>
        </extensions>
      </trkpt>
      <trkpt lat="37.84907936381516" lon="112.01967435094473">
        <ele>1145.5999755859375</ele>
        <time>2022-05-10T09:43:41Z</time>
        <extensions>
          <gpxtpx:TrackPointExtension>
            <gpxtpx:hr>130</gpxtpx:hr>
          </gpxtpx:TrackPointExtension>
        </extensions>
      </trkpt>
      <trkpt lat="37.8490739440879" lon="112.01982585691258">
        <ele>1145.5999755859375</ele>
        <time>2022-05-10T09:43:45Z</time>
        <extensions>
          <gpxtpx:TrackPointExtension>
            <gpxtpx:hr>133</gpxtpx:hr>
          </gpxtpx:TrackPointExtension>
        </extensions>
      </trkpt>
      <trkpt lat="37.849047466387944" lon="112.01999730106797">
        <ele>1145.199951171875</ele>
        <time>2022-05-10T09:43:50Z</time>
        <extensions>
          <gpxtpx:TrackPointExtension>
            <gpxtpx:hr>138</gpxtpx:hr>
          </gpxtpx:TrackPointExtension>
        </extensions>
      </trkpt>
      <trkpt lat="37.84904198726808" lon="112.02017073702173">
        <ele>1145.0</ele>
        <time>2022-05-10T09:43:55Z</time>
        <extensions>
          <gpxtpx:TrackPointExtension>
            <gpxtpx:hr>139</gpxtpx:hr>
          </gpxtpx:TrackPointExtension>
        </extensions>
      </trkpt>
      <trkpt lat="37.84903744861495" lon="112.02036610245332">
        <ele>1145.0</ele>
        <time>2022-05-10T09:44:00Z</time>
        <extensions>
          <gpxtpx:TrackPointExtension>
            <gpxtpx:hr>140</gpxtpx:hr>
          </gpxtpx:TrackPointExtension>
        </extensions>
      </trkpt>
      <trkpt lat="37.849053812923565" lon="112.02059834685738">
        <ele>1144.800048828125</ele>
        <time>2022-05-10T09:44:06Z</time>
        <extensions>
          <gpxtpx:TrackPointExtension>
            <gpxtpx:hr>142</gpxtpx:hr>
          </gpxtpx:TrackPointExtension>
        </extensions>
      </trkpt>
      <trkpt lat="37.84906489078707" lon="112.0209352549499">
        <ele>1144.4000244140625</ele>
        <time>2022-05-10T09:44:15Z</time>
        <extensions>
          <gpxtpx:TrackPointExtension>
            <gpxtpx:hr>145</gpxtpx:hr>
          </gpxtpx:TrackPointExtension>
        </extensions>
      </trkpt>
      <trkpt lat="37.849064268844295" lon="112.02116252117212">
        <ele>1144.199951171875</ele>
        <time>2022-05-10T09:44:21Z</time>
        <extensions>
          <gpxtpx:TrackPointExtension>
            <gpxtpx:hr>147</gpxtpx:hr>
          </gpxtpx:TrackPointExtension>
        </extensions>
      </trkpt>
      <trkpt lat="37.84908933692155" lon="112.02150541372627">
        <ele>1144.0</ele>
        <time>2022-05-10T09:44:30Z</time>
        <extensions>
          <gpxtpx:TrackPointExtension>
            <gpxtpx:hr>148</gpxtpx:hr>
          </gpxtpx:TrackPointExtension>
        </extensions>
      </trkpt>
      <trkpt lat="37.84908860398002" lon="112.02177454932054">
        <ele>1144.4000244140625</ele>
        <time>2022-05-10T09:44:37Z</time>
        <extensions>
          <gpxtpx:TrackPointExtension>
            <gpxtpx:hr>149</gpxtpx:hr>
          </gpxtpx:TrackPointExtension>
        </extensions>
      </trkpt>
      <trkpt lat="37.84908687252247" lon="112.0220436871313">
        <ele>1143.800048828125</ele>
        <time>2022-05-10T09:44:44Z</time>
        <extensions>
          <gpxtpx:TrackPointExtension>
            <gpxtpx:hr>151</gpxtpx:hr>
          </gpxtpx:TrackPointExtension>
        </extensions>
      </trkpt>
      <trkpt lat="37.849093495134746" lon="112.0221832399989">
        <ele>1143.5999755859375</ele>
        <time>2022-05-10T09:44:48Z</time>
        <extensions>
          <gpxtpx:TrackPointExtension>
            <gpxtpx:hr>151</gpxtpx:hr>
          </gpxtpx:TrackPointExtension>
        </extensions>
      </trkpt>
    </trkseg>
  </trk>
</gpx>